State,Date,Year,Month,Unemployment_Rate,Information,Professional_and_Tech_Services,Leisure_and_Hospitality,Total_Tech_Employment_Thousands
Alabama,2016-01-01,2016,1,5.9,1584.3,351.2,1611.6,1935.5
Alabama,2016-02-01,2016,2,5.9,1593.1,351.2,1623.6,1944.3
Alabama,2016-03-01,2016,3,5.9,1601.8,352.8,1632.0,1954.6
Alabama,2016-04-01,2016,4,5.8,1617.9,354.6,1646.8,1972.5
Alabama,2016-05-01,2016,5,5.8,1619.0,353.6,1650.0,1972.6
Alabama,2016-06-01,2016,6,5.8,1620.3,354.5,1649.4,1974.8
Alabama,2016-07-01,2016,7,5.8,1618.9,355.0,1636.6,1973.9
Alabama,2016-08-01,2016,8,5.8,1621.6,354.2,1643.8,1975.8
Alabama,2016-09-01,2016,9,5.8,1623.5,356.4,1650.6,1979.9
Alabama,2016-10-01,2016,10,5.8,1620.5,354.9,1650.9,1975.4
Alabama,2016-11-01,2016,11,5.7,1627.1,354.5,1659.1,1981.6
Alabama,2016-12-01,2016,12,5.6,1628.9,356.1,1660.0,1985.0
Alabama,2017-01-01,2017,1,5.4,1602.9,354.3,1630.2,1957.2
Alabama,2017-02-01,2017,2,5.2,1614.2,356.4,1642.6,1970.6
Alabama,2017-03-01,2017,3,5.0,1624.3,357.8,1652.8,1982.1
Alabama,2017-04-01,2017,4,4.8,1630.2,356.8,1659.9,1987.0
Alabama,2017-05-01,2017,5,4.6,1635.3,357.6,1665.4,1992.9
Alabama,2017-06-01,2017,6,4.5,1641.2,358.2,1669.8,1999.4
Alabama,2017-07-01,2017,7,4.3,1635.9,358.0,1653.3,1993.9
Alabama,2017-08-01,2017,8,4.2,1641.6,358.7,1661.0,2000.3
Alabama,2017-09-01,2017,9,4.1,1639.5,359.9,1664.7,1999.4
Alabama,2017-10-01,2017,10,4.0,1643.4,361.7,1669.0,2005.1000000000001
Alabama,2017-11-01,2017,11,4.0,1651.4,361.2,1678.4,2012.6000000000001
Alabama,2017-12-01,2017,12,4.0,1651.1,362.1,1676.7,2013.1999999999998
Alabama,2018-01-01,2018,1,4.0,1622.0,358.2,1645.5,1980.2
Alabama,2018-02-01,2018,2,4.0,1634.8,361.7,1658.4,1996.5
Alabama,2018-03-01,2018,3,4.0,1644.2,363.1,1668.0,2007.3000000000002
Alabama,2018-04-01,2018,4,4.0,1653.7,363.3,1678.7,2017.0
Alabama,2018-05-01,2018,5,4.0,1656.1,363.9,1682.1,2020.0
Alabama,2018-06-01,2018,6,4.0,1665.5,366.0,1689.6,2031.5
Alabama,2018-07-01,2018,7,3.9,1663.2,366.8,1674.5,2030.0
Alabama,2018-08-01,2018,8,3.9,1667.9,368.0,1681.4,2035.9
Alabama,2018-09-01,2018,9,3.9,1664.4,368.8,1683.2,2033.2
Alabama,2018-10-01,2018,10,3.8,1672.7,369.7,1692.7,2042.4
Alabama,2018-11-01,2018,11,3.8,1685.6,370.5,1705.9,2056.1
Alabama,2018-12-01,2018,12,3.8,1683.9,371.6,1703.8,2055.5
Alabama,2019-01-01,2019,1,3.7,1656.9,367.4,1675.8,2024.3000000000002
Alabama,2019-02-01,2019,2,3.6,1666.6,369.3,1687.1,2035.8999999999999
Alabama,2019-03-01,2019,3,3.4,1672.6,371.7,1692.1,2044.3
Alabama,2019-04-01,2019,4,3.3,1684.2,371.8,1704.7,2056.0
Alabama,2019-05-01,2019,5,3.2,1687.9,372.4,1709.2,2060.3
Alabama,2019-06-01,2019,6,3.0,1691.3,373.5,1711.7,2064.8
Alabama,2019-07-01,2019,7,3.0,1689.4,373.2,1700.9,2062.6
Alabama,2019-08-01,2019,8,3.0,1693.0,373.9,1707.1,2066.9
Alabama,2019-09-01,2019,9,3.0,1685.5,373.4,1706.0,2058.9
Alabama,2019-10-01,2019,10,3.0,1691.4,374.2,1712.4,2065.6
Alabama,2019-11-01,2019,11,3.0,1705.7,374.6,1727.6,2080.3
Alabama,2019-12-01,2019,12,3.1,1703.7,375.7,1724.7,2079.4
Alabama,2020-01-01,2020,1,3.2,1673.4,371.9,1694.1,2045.3000000000002
Alabama,2020-02-01,2020,2,3.3,1682.3,373.8,1703.4,2056.1
Alabama,2020-03-01,2020,3,3.4,1677.8,374.5,1699.2,2052.3
Alabama,2020-04-01,2020,4,13.8,1458.1,332.0,1512.7,1790.1
Alabama,2020-05-01,2020,5,10.4,1521.3,343.6,1552.0,1864.9
Alabama,2020-06-01,2020,6,8.6,1576.1,357.0,1590.5,1933.1
Alabama,2020-07-01,2020,7,7.5,1589.6,358.3,1600.9,1947.8999999999999
Alabama,2020-08-01,2020,8,6.3,1603.8,359.0,1622.9,1962.8
Alabama,2020-09-01,2020,9,5.9,1606.4,361.0,1631.1,1967.4
Alabama,2020-10-01,2020,10,5.2,1634.9,364.7,1656.6,1999.6000000000001
Alabama,2020-11-01,2020,11,4.8,1646.0,364.9,1668.0,2010.9
Alabama,2020-12-01,2020,12,4.5,1652.1,366.6,1673.7,2018.6999999999998
Alabama,2021-01-01,2021,1,4.2,1619.5,363.2,1639.9,1982.7
Alabama,2021-02-01,2021,2,3.9,1631.1,364.7,1652.7,1995.8
Alabama,2021-03-01,2021,3,3.8,1637.3,366.3,1658.8,2003.6
Alabama,2021-04-01,2021,4,3.7,1642.6,364.3,1667.3,2006.8999999999999
Alabama,2021-05-01,2021,5,3.6,1649.9,364.3,1675.2,2014.2
Alabama,2021-06-01,2021,6,3.5,1659.9,366.0,1683.2,2025.9
Alabama,2021-07-01,2021,7,3.4,1668.7,367.7,1683.0,2036.4
Alabama,2021-08-01,2021,8,3.2,1665.8,366.5,1684.0,2032.3
Alabama,2021-09-01,2021,9,3.0,1666.6,367.9,1687.9,2034.5
Alabama,2021-10-01,2021,10,2.9,1687.5,371.4,1706.5,2058.9
Alabama,2021-11-01,2021,11,2.8,1701.7,372.4,1720.9,2074.1
Alabama,2021-12-01,2021,12,2.7,1706.8,374.7,1723.4,2081.5
Alabama,2022-01-01,2022,1,2.6,1675.3,370.9,1690.9,2046.1999999999998
Alabama,2022-02-01,2022,2,2.6,1696.5,376.3,1708.6,2072.8
Alabama,2022-03-01,2022,3,2.6,1696.5,379.0,1707.1,2075.5
Alabama,2022-04-01,2022,4,2.6,1709.8,380.4,1721.3,2090.2
Alabama,2022-05-01,2022,5,2.6,1713.2,381.3,1724.4,2094.5
Alabama,2022-06-01,2022,6,2.6,1717.7,382.6,1727.6,2100.3
Alabama,2022-07-01,2022,7,2.6,1728.5,385.1,1728.1,2113.6
Alabama,2022-08-01,2022,8,2.6,1727.4,385.1,1729.9,2112.5
Alabama,2022-09-01,2022,9,2.5,1733.3,386.6,1740.4,2119.9
Alabama,2022-10-01,2022,10,2.5,1736.7,387.5,1745.3,2124.2
Alabama,2022-11-01,2022,11,2.4,1746.2,387.8,1755.7,2134.0
Alabama,2022-12-01,2022,12,2.3,1749.2,389.4,1758.3,2138.6
Alabama,2023-01-01,2023,1,2.3,1728.9,386.5,1737.2,2115.4
Alabama,2023-02-01,2023,2,2.3,1741.3,388.5,1750.6,2129.8
Alabama,2023-03-01,2023,3,2.3,1742.8,389.2,1753.9,2132.0
Alabama,2023-04-01,2023,4,2.3,1752.2,390.1,1763.3,2142.3
Alabama,2023-05-01,2023,5,2.3,1756.4,390.5,1768.2,2146.9
Alabama,2023-06-01,2023,6,2.4,1767.2,394.1,1776.5,2161.3
Alabama,2023-07-01,2023,7,2.4,1761.4,393.6,1764.0,2155.0
Alabama,2023-08-01,2023,8,2.5,1762.7,394.1,1769.2,2156.8
Alabama,2023-09-01,2023,9,2.6,1765.1,395.2,1777.2,2160.2999999999997
Alabama,2023-10-01,2023,10,2.7,1768.7,395.4,1785.9,2164.1
Alabama,2023-11-01,2023,11,2.8,1774.9,395.6,1793.5,2170.5
Alabama,2023-12-01,2023,12,2.8,1776.4,397.1,1794.2,2173.5
Alabama,2024-01-01,2024,1,2.9,1745.9,394.0,1762.4,2139.9
Alabama,2024-02-01,2024,2,2.9,1762.2,398.3,1778.2,2160.5
Alabama,2024-03-01,2024,3,2.9,1764.4,399.2,1782.0,2163.6
Alabama,2024-04-01,2024,4,2.9,1771.9,399.7,1789.6,2171.6
Alabama,2024-05-01,2024,5,2.9,1777.1,400.8,1794.9,2177.9
Alabama,2024-06-01,2024,6,2.9,1781.4,404.7,1795.6,2186.1
Alabama,2024-07-01,2024,7,3.0,1775.2,403.3,1780.6,2178.5
Alabama,2024-08-01,2024,8,3.0,1777.8,403.5,1786.8,2181.3
Alabama,2024-09-01,2024,9,3.1,1772.1,404.5,1785.1,2176.6
Alabama,2024-10-01,2024,10,3.1,1779.1,403.2,1796.3,2182.2999999999997
Alabama,2024-11-01,2024,11,3.1,1780.7,402.7,1804.9,2183.4
Alabama,2024-12-01,2024,12,3.1,1778.1,402.6,1803.1,2180.7
Alabama,2025-01-01,2025,1,3.1,1749.7,399.7,1773.9,2149.4
Alabama,2025-02-01,2025,2,3.0,1762.1,402.3,1786.1,2164.4
Alabama,2025-03-01,2025,3,3.0,1759.1,402.2,1784.7,2161.2999999999997
Alabama,2025-04-01,2025,4,2.9,1771.1,402.7,1795.4,2173.7999999999997
Alabama,2025-05-01,2025,5,2.9,1775.7,402.9,1800.9,2178.6
Alabama,2025-06-01,2025,6,2.9,1776.3,404.4,1798.7,2180.7
Alabama,2025-07-01,2025,7,2.8,1772.8,403.4,1785.7,2176.2
Alabama,2025-08-01,2025,8,2.8,1773.1,402.9,1791.2,2176.0
Alabama,2025-09-01,2025,9,2.8,1768.2,402.5,1792.0,2170.7
Alabama,2025-10-01,2025,10,,1774.0,404.1,1797.6,2178.1
Alabama,2025-11-01,2025,11,2.7,1777.5,404.5,1802.9,2182.0
Alabama,2025-12-01,2025,12,2.7,1776.8,403.5,1803.1,2180.3
Alabama,2026-01-01,2026,1,2.7,1756.8,400.9,1782.4,2157.7
Alabama,2026-02-01,2026,2,2.7,1765.5,403.1,1792.2,2168.6
Alaska,2016-01-01,2016,1,6.4,236.6,41.0,276.7,277.6
Alaska,2016-02-01,2016,2,6.5,239.9,43.2,278.9,283.1
Alaska,2016-03-01,2016,3,6.5,241.3,43.7,280.0,285.0
Alaska,2016-04-01,2016,4,6.6,246.1,43.2,286.8,289.3
Alaska,2016-05-01,2016,5,6.6,256.5,43.0,297.2,299.5
Alaska,2016-06-01,2016,6,6.7,269.3,49.7,302.1,319.0
Alaska,2016-07-01,2016,7,6.7,281.4,59.0,299.1,340.4
Alaska,2016-08-01,2016,8,6.7,276.3,54.1,299.9,330.40000000000003
Alaska,2016-09-01,2016,9,6.7,260.2,45.5,297.0,305.7
Alaska,2016-10-01,2016,10,6.7,245.2,41.3,286.8,286.5
Alaska,2016-11-01,2016,11,6.7,235.2,36.4,281.6,271.59999999999997
Alaska,2016-12-01,2016,12,6.7,233.9,34.4,281.6,268.3
Alaska,2017-01-01,2017,1,6.7,229.6,34.9,275.6,264.5
Alaska,2017-02-01,2017,2,6.6,235.0,38.6,278.6,273.6
Alaska,2017-03-01,2017,3,6.6,235.9,39.0,279.2,274.9
Alaska,2017-04-01,2017,4,6.6,239.2,38.5,283.4,277.7
Alaska,2017-05-01,2017,5,6.6,251.6,39.1,296.2,290.7
Alaska,2017-06-01,2017,6,6.6,267.9,47.4,302.3,315.29999999999995
Alaska,2017-07-01,2017,7,6.6,277.9,55.5,298.1,333.4
Alaska,2017-08-01,2017,8,6.6,274.4,52.5,298.7,326.9
Alaska,2017-09-01,2017,9,6.6,259.0,44.8,295.7,303.8
Alaska,2017-10-01,2017,10,6.6,243.5,39.9,285.3,283.4
Alaska,2017-11-01,2017,11,6.6,233.2,34.6,280.1,267.8
Alaska,2017-12-01,2017,12,6.6,230.7,32.6,279.5,263.3
Alaska,2018-01-01,2018,1,6.5,228.1,33.8,274.2,261.9
Alaska,2018-02-01,2018,2,6.4,233.3,37.4,277.3,270.7
Alaska,2018-03-01,2018,3,6.3,234.8,37.8,278.5,272.6
Alaska,2018-04-01,2018,4,6.1,237.4,38.1,281.4,275.5
Alaska,2018-05-01,2018,5,6.0,250.1,38.9,293.9,289.0
Alaska,2018-06-01,2018,6,6.0,266.3,46.9,300.4,313.2
Alaska,2018-07-01,2018,7,5.9,275.9,54.9,296.5,330.79999999999995
Alaska,2018-08-01,2018,8,5.9,272.4,51.0,298.3,323.4
Alaska,2018-09-01,2018,9,5.9,257.6,44.4,294.1,302.0
Alaska,2018-10-01,2018,10,6.0,244.9,40.5,285.6,285.4
Alaska,2018-11-01,2018,11,6.0,234.7,35.6,280.2,270.3
Alaska,2018-12-01,2018,12,6.1,232.7,34.2,279.0,266.9
Alaska,2019-01-01,2019,1,6.0,229.7,35.1,274.4,264.8
Alaska,2019-02-01,2019,2,5.9,235.2,38.9,277.5,274.09999999999997
Alaska,2019-03-01,2019,3,5.8,236.6,39.0,278.9,275.6
Alaska,2019-04-01,2019,4,5.7,240.7,40.0,282.4,280.7
Alaska,2019-05-01,2019,5,5.6,253.2,40.6,294.0,293.8
Alaska,2019-06-01,2019,6,5.6,268.5,48.5,300.9,317.0
Alaska,2019-07-01,2019,7,5.6,280.1,57.2,298.2,337.3
Alaska,2019-08-01,2019,8,5.6,276.3,53.3,298.9,329.6
Alaska,2019-09-01,2019,9,5.5,263.0,47.9,295.4,310.9
Alaska,2019-10-01,2019,10,5.4,247.0,41.8,285.9,288.8
Alaska,2019-11-01,2019,11,5.3,236.7,36.7,280.5,273.4
Alaska,2019-12-01,2019,12,5.2,234.5,35.2,279.3,269.7
Alaska,2020-01-01,2020,1,5.3,232.2,36.3,274.6,268.5
Alaska,2020-02-01,2020,2,5.4,237.3,40.0,277.3,277.3
Alaska,2020-03-01,2020,3,5.4,236.6,39.6,277.3,276.2
Alaska,2020-04-01,2020,4,11.6,202.0,35.1,243.0,237.1
Alaska,2020-05-01,2020,5,11.7,213.6,36.6,251.9,250.2
Alaska,2020-06-01,2020,6,11.2,227.8,42.5,258.9,270.3
Alaska,2020-07-01,2020,7,11.1,236.0,48.1,258.9,284.1
Alaska,2020-08-01,2020,8,8.6,233.0,44.8,263.6,277.8
Alaska,2020-09-01,2020,9,7.8,228.3,40.7,265.7,269.0
Alaska,2020-10-01,2020,10,7.2,224.3,37.1,266.1,261.40000000000003
Alaska,2020-11-01,2020,11,7.0,219.0,32.9,263.8,251.9
Alaska,2020-12-01,2020,12,7.1,216.4,31.5,262.7,247.9
Alaska,2021-01-01,2021,1,6.9,215.1,32.2,259.4,247.3
Alaska,2021-02-01,2021,2,6.9,219.1,33.7,263.0,252.8
Alaska,2021-03-01,2021,3,7.0,221.4,34.6,264.6,256.0
Alaska,2021-04-01,2021,4,7.0,225.4,35.9,268.2,261.3
Alaska,2021-05-01,2021,5,6.8,232.4,37.3,273.2,269.7
Alaska,2021-06-01,2021,6,6.8,245.6,43.8,277.9,289.4
Alaska,2021-07-01,2021,7,6.5,258.1,51.9,279.5,310.0
Alaska,2021-08-01,2021,8,6.3,253.7,48.0,280.6,301.7
Alaska,2021-09-01,2021,9,6.0,243.3,42.7,278.5,286.0
Alaska,2021-10-01,2021,10,5.8,232.1,37.6,273.2,269.7
Alaska,2021-11-01,2021,11,5.5,225.9,33.2,271.3,259.1
Alaska,2021-12-01,2021,12,5.4,224.7,32.0,271.3,256.7
Alaska,2022-01-01,2022,1,5.3,222.2,33.3,266.2,255.5
Alaska,2022-02-01,2022,2,5.0,227.3,35.5,270.1,262.8
Alaska,2022-03-01,2022,3,4.7,229.3,35.9,272.2,265.2
Alaska,2022-04-01,2022,4,4.5,234.0,36.8,275.7,270.8
Alaska,2022-05-01,2022,5,4.4,244.8,38.2,284.9,283.0
Alaska,2022-06-01,2022,6,4.2,259.2,45.0,289.0,304.2
Alaska,2022-07-01,2022,7,4.1,270.1,52.5,289.4,322.6
Alaska,2022-08-01,2022,8,3.9,265.0,48.1,290.7,313.1
Alaska,2022-09-01,2022,9,4.0,250.7,41.1,288.0,291.8
Alaska,2022-10-01,2022,10,4.1,237.4,37.7,278.3,275.1
Alaska,2022-11-01,2022,11,4.1,230.9,34.1,275.6,265.0
Alaska,2022-12-01,2022,12,4.1,229.8,32.6,275.9,262.40000000000003
Alaska,2023-01-01,2023,1,4.1,229.4,35.2,271.6,264.6
Alaska,2023-02-01,2023,2,4.1,234.4,37.5,276.3,271.9
Alaska,2023-03-01,2023,3,4.1,235.7,38.1,277.1,273.8
Alaska,2023-04-01,2023,4,4.1,239.8,38.0,281.9,277.8
Alaska,2023-05-01,2023,5,4.1,249.9,38.8,291.2,288.7
Alaska,2023-06-01,2023,6,4.2,270.9,48.7,298.3,319.59999999999997
Alaska,2023-07-01,2023,7,4.2,278.3,55.0,296.2,333.3
Alaska,2023-08-01,2023,8,4.3,274.2,51.1,297.9,325.3
Alaska,2023-09-01,2023,9,4.4,261.8,45.9,295.5,307.7
Alaska,2023-10-01,2023,10,4.4,245.2,40.6,284.6,285.8
Alaska,2023-11-01,2023,11,4.5,236.7,35.9,281.0,272.59999999999997
Alaska,2023-12-01,2023,12,4.5,236.2,34.6,281.9,270.8
Alaska,2024-01-01,2024,1,4.5,234.3,36.6,276.3,270.90000000000003
Alaska,2024-02-01,2024,2,4.5,239.8,39.8,280.7,279.6
Alaska,2024-03-01,2024,3,4.5,242.4,40.6,282.7,283.0
Alaska,2024-04-01,2024,4,4.5,246.0,40.8,286.6,286.8
Alaska,2024-05-01,2024,5,4.5,257.4,41.0,298.0,298.4
Alaska,2024-06-01,2024,6,4.5,274.1,49.3,301.7,323.40000000000003
Alaska,2024-07-01,2024,7,4.6,282.4,55.0,301.9,337.4
Alaska,2024-08-01,2024,8,4.6,277.1,49.6,303.8,326.70000000000005
Alaska,2024-09-01,2024,9,4.6,266.2,46.2,300.8,312.4
Alaska,2024-10-01,2024,10,4.6,250.5,42.1,289.4,292.6
Alaska,2024-11-01,2024,11,4.6,242.1,37.7,285.5,279.8
Alaska,2024-12-01,2024,12,4.5,241.4,37.0,285.7,278.4
Alaska,2025-01-01,2025,1,4.5,241.5,39.9,281.6,281.4
Alaska,2025-02-01,2025,2,4.6,245.0,42.7,283.2,287.7
Alaska,2025-03-01,2025,3,4.6,246.7,43.2,284.9,289.9
Alaska,2025-04-01,2025,4,4.6,250.7,43.4,288.9,294.09999999999997
Alaska,2025-05-01,2025,5,4.6,262.2,42.7,300.9,304.9
Alaska,2025-06-01,2025,6,4.6,277.3,50.5,304.4,327.8
Alaska,2025-07-01,2025,7,4.6,286.4,57.2,302.8,343.59999999999997
Alaska,2025-08-01,2025,8,4.6,280.6,52.2,304.8,332.8
Alaska,2025-09-01,2025,9,4.7,266.9,46.9,299.8,313.79999999999995
Alaska,2025-10-01,2025,10,,254.2,43.9,289.5,298.09999999999997
Alaska,2025-11-01,2025,11,4.8,246.7,39.4,286.3,286.09999999999997
Alaska,2025-12-01,2025,12,4.8,245.5,37.9,286.7,283.4
Alaska,2026-01-01,2026,1,4.8,245.1,40.7,282.1,285.8
Alaska,2026-02-01,2026,2,4.7,248.2,42.5,284.4,290.7
Arizona,2016-01-01,2016,1,5.7,2253.1,300.3,2363.5,2553.4
Arizona,2016-02-01,2016,2,5.7,2269.4,303.4,2389.7,2572.8
Arizona,2016-03-01,2016,3,5.6,2277.5,304.2,2397.8,2581.7
Arizona,2016-04-01,2016,4,5.6,2293.1,305.3,2412.3,2598.4
Arizona,2016-05-01,2016,5,5.6,2289.2,305.9,2398.1,2595.1
Arizona,2016-06-01,2016,6,5.5,2273.5,309.1,2338.2,2582.6
Arizona,2016-07-01,2016,7,5.5,2278.2,310.6,2331.4,2588.7999999999997
Arizona,2016-08-01,2016,8,5.4,2295.6,310.8,2380.0,2606.4
Arizona,2016-09-01,2016,9,5.4,2306.5,309.8,2420.7,2616.3
Arizona,2016-10-01,2016,10,5.4,2328.0,309.3,2445.4,2637.3
Arizona,2016-11-01,2016,11,5.3,2349.5,309.2,2469.2,2658.7
Arizona,2016-12-01,2016,12,5.3,2357.5,311.2,2471.3,2668.7
Arizona,2017-01-01,2017,1,5.2,2318.3,309.1,2422.2,2627.4
Arizona,2017-02-01,2017,2,5.2,2333.0,312.1,2446.8,2645.1
Arizona,2017-03-01,2017,3,5.1,2343.3,313.7,2455.7,2657.0
Arizona,2017-04-01,2017,4,5.0,2355.6,315.8,2466.5,2671.4
Arizona,2017-05-01,2017,5,5.0,2353.0,318.6,2450.5,2671.6
Arizona,2017-06-01,2017,6,4.9,2348.6,323.7,2403.3,2672.2999999999997
Arizona,2017-07-01,2017,7,4.9,2337.9,325.0,2378.8,2662.9
Arizona,2017-08-01,2017,8,4.8,2357.6,326.1,2432.4,2683.7
Arizona,2017-09-01,2017,9,4.8,2368.6,326.5,2468.1,2695.1
Arizona,2017-10-01,2017,10,4.8,2395.0,329.2,2494.0,2724.2
Arizona,2017-11-01,2017,11,4.9,2422.7,330.8,2521.3,2753.5
Arizona,2017-12-01,2017,12,4.9,2432.6,332.5,2524.6,2765.1
Arizona,2018-01-01,2018,1,4.9,2393.4,329.2,2478.5,2722.6
Arizona,2018-02-01,2018,2,4.8,2413.1,333.0,2506.4,2746.1
Arizona,2018-03-01,2018,3,4.8,2424.7,335.8,2514.7,2760.5
Arizona,2018-04-01,2018,4,4.7,2427.3,336.7,2516.6,2764.0
Arizona,2018-05-01,2018,5,4.7,2425.7,337.8,2507.4,2763.5
Arizona,2018-06-01,2018,6,4.7,2417.2,343.2,2454.6,2760.3999999999996
Arizona,2018-07-01,2018,7,4.7,2415.2,344.8,2438.5,2760.0
Arizona,2018-08-01,2018,8,4.7,2438.6,346.0,2500.5,2784.6
Arizona,2018-09-01,2018,9,4.8,2447.7,346.6,2529.8,2794.2999999999997
Arizona,2018-10-01,2018,10,4.9,2474.9,347.9,2558.8,2822.8
Arizona,2018-11-01,2018,11,5.0,2508.8,350.5,2591.1,2859.3
Arizona,2018-12-01,2018,12,5.0,2515.3,352.7,2590.9,2868.0
Arizona,2019-01-01,2019,1,5.0,2476.2,350.4,2549.3,2826.6
Arizona,2019-02-01,2019,2,5.0,2491.3,353.5,2569.1,2844.8
Arizona,2019-03-01,2019,3,4.9,2498.0,355.1,2574.4,2853.1
Arizona,2019-04-01,2019,4,4.9,2507.2,358.0,2580.3,2865.2
Arizona,2019-05-01,2019,5,4.8,2503.4,360.1,2568.7,2863.5
Arizona,2019-06-01,2019,6,4.8,2494.6,363.9,2515.2,2858.5
Arizona,2019-07-01,2019,7,4.8,2491.2,365.1,2498.7,2856.2999999999997
Arizona,2019-08-01,2019,8,4.8,2518.3,365.7,2574.8,2884.0
Arizona,2019-09-01,2019,9,4.7,2523.6,365.2,2593.4,2888.7999999999997
Arizona,2019-10-01,2019,10,4.7,2553.9,366.8,2624.2,2920.7000000000003
Arizona,2019-11-01,2019,11,4.7,2588.3,367.0,2659.6,2955.3
Arizona,2019-12-01,2019,12,4.7,2597.1,368.4,2665.9,2965.5
Arizona,2020-01-01,2020,1,4.8,2559.8,366.2,2619.1,2926.0
Arizona,2020-02-01,2020,2,4.8,2569.5,368.4,2639.2,2937.9
Arizona,2020-03-01,2020,3,4.9,2553.5,367.7,2620.1,2921.2
Arizona,2020-04-01,2020,4,13.8,2241.7,357.6,2310.1,2599.2999999999997
Arizona,2020-05-01,2020,5,11.2,2319.1,361.1,2375.7,2680.2
Arizona,2020-06-01,2020,6,9.8,2386.6,363.3,2390.7,2749.9
Arizona,2020-07-01,2020,7,9.0,2360.2,359.1,2363.5,2719.2999999999997
Arizona,2020-08-01,2020,8,7.9,2391.3,361.1,2440.9,2752.4
Arizona,2020-09-01,2020,9,7.5,2416.2,360.9,2472.9,2777.1
Arizona,2020-10-01,2020,10,7.0,2475.2,364.8,2527.9,2840.0
Arizona,2020-11-01,2020,11,6.7,2510.8,366.5,2561.7,2877.3
Arizona,2020-12-01,2020,12,6.5,2522.4,368.0,2567.1,2890.4
Arizona,2021-01-01,2021,1,6.3,2483.0,363.8,2526.8,2846.8
Arizona,2021-02-01,2021,2,6.2,2506.6,365.8,2552.3,2872.4
Arizona,2021-03-01,2021,3,6.0,2518.2,368.6,2561.9,2886.7999999999997
Arizona,2021-04-01,2021,4,5.8,2529.0,368.7,2574.1,2897.7
Arizona,2021-05-01,2021,5,5.6,2534.7,369.2,2574.5,2903.8999999999996
Arizona,2021-06-01,2021,6,5.3,2536.6,372.5,2540.3,2909.1
Arizona,2021-07-01,2021,7,4.9,2548.7,375.3,2545.0,2924.0
Arizona,2021-08-01,2021,8,4.6,2571.0,375.4,2598.0,2946.4
Arizona,2021-09-01,2021,9,4.2,2585.8,377.5,2625.2,2963.3
Arizona,2021-10-01,2021,10,4.0,2628.9,380.7,2667.1,3009.6
Arizona,2021-11-01,2021,11,3.8,2655.2,382.2,2694.3,3037.3999999999996
Arizona,2021-12-01,2021,12,3.7,2671.5,386.6,2702.6,3058.1
Arizona,2022-01-01,2022,1,3.6,2629.0,383.1,2659.0,3012.1
Arizona,2022-02-01,2022,2,3.6,2663.3,388.7,2693.4,3052.0
Arizona,2022-03-01,2022,3,3.7,2663.5,391.6,2690.1,3055.1
Arizona,2022-04-01,2022,4,3.7,2691.7,395.8,2716.3,3087.5
Arizona,2022-05-01,2022,5,3.7,2689.9,398.2,2707.6,3088.1
Arizona,2022-06-01,2022,6,3.7,2673.8,401.4,2651.4,3075.2000000000003
Arizona,2022-07-01,2022,7,3.8,2678.9,405.2,2650.2,3084.1
Arizona,2022-08-01,2022,8,3.8,2700.3,406.7,2702.2,3107.0
Arizona,2022-09-01,2022,9,3.8,2710.1,407.7,2727.2,3117.7999999999997
Arizona,2022-10-01,2022,10,3.8,2740.5,411.5,2756.5,3152.0
Arizona,2022-11-01,2022,11,3.8,2767.7,413.6,2785.2,3181.2999999999997
Arizona,2022-12-01,2022,12,3.7,2768.4,415.2,2775.3,3183.6
Arizona,2023-01-01,2023,1,3.7,2728.0,411.0,2739.5,3139.0
Arizona,2023-02-01,2023,2,3.7,2749.1,413.3,2765.5,3162.4
Arizona,2023-03-01,2023,3,3.6,2749.5,414.6,2764.7,3164.1
Arizona,2023-04-01,2023,4,3.7,2773.1,420.9,2785.5,3194.0
Arizona,2023-05-01,2023,5,3.7,2767.9,422.2,2776.4,3190.1
Arizona,2023-06-01,2023,6,3.7,2763.0,427.4,2727.7,3190.4
Arizona,2023-07-01,2023,7,3.7,2751.6,426.5,2715.0,3178.1
Arizona,2023-08-01,2023,8,3.7,2774.6,427.3,2770.4,3201.9
Arizona,2023-09-01,2023,9,3.8,2790.5,429.2,2799.6,3219.7
Arizona,2023-10-01,2023,10,3.7,2778.9,421.0,2797.1,3199.9
Arizona,2023-11-01,2023,11,3.7,2813.3,422.9,2832.3,3236.2000000000003
Arizona,2023-12-01,2023,12,3.6,2826.1,424.6,2836.4,3250.7
Arizona,2024-01-01,2024,1,3.5,2811.9,434.7,2815.8,3246.6
Arizona,2024-02-01,2024,2,3.4,2826.3,438.5,2833.8,3264.8
Arizona,2024-03-01,2024,3,3.4,2832.8,440.9,2836.9,3273.7000000000003
Arizona,2024-04-01,2024,4,3.5,2827.1,435.1,2838.4,3262.2
Arizona,2024-05-01,2024,5,3.5,2817.7,435.9,2819.0,3253.6
Arizona,2024-06-01,2024,6,3.6,2800.1,440.2,2759.4,3240.2999999999997
Arizona,2024-07-01,2024,7,3.7,2790.2,438.5,2746.9,3228.7
Arizona,2024-08-01,2024,8,3.8,2811.1,439.1,2794.8,3250.2
Arizona,2024-09-01,2024,9,3.9,2818.3,437.4,2823.9,3255.7000000000003
Arizona,2024-10-01,2024,10,4.0,2839.6,438.2,2845.1,3277.7999999999997
Arizona,2024-11-01,2024,11,4.0,2866.6,437.9,2877.6,3304.5
Arizona,2024-12-01,2024,12,4.1,2865.9,437.9,2870.3,3303.8
Arizona,2025-01-01,2025,1,4.2,2834.7,433.4,2840.9,3268.1
Arizona,2025-02-01,2025,2,4.2,2845.5,435.2,2856.9,3280.7
Arizona,2025-03-01,2025,3,4.2,2849.0,435.8,2857.8,3284.8
Arizona,2025-04-01,2025,4,4.2,2841.4,434.0,2854.3,3275.4
Arizona,2025-05-01,2025,5,4.3,2832.4,433.8,2831.6,3266.2000000000003
Arizona,2025-06-01,2025,6,4.3,2804.8,434.5,2768.9,3239.3
Arizona,2025-07-01,2025,7,4.3,2796.7,433.8,2757.7,3230.5
Arizona,2025-08-01,2025,8,4.4,2813.4,432.6,2800.1,3246.0
Arizona,2025-09-01,2025,9,4.4,2810.9,430.8,2821.1,3241.7000000000003
Arizona,2025-10-01,2025,10,,2837.6,432.9,2842.4,3270.5
Arizona,2025-11-01,2025,11,4.4,2859.5,432.6,2868.0,3292.1
Arizona,2025-12-01,2025,12,4.4,2865.6,432.4,2868.7,3298.0
Arizona,2026-01-01,2026,1,4.5,2827.0,429.1,2826.4,3256.1
Arizona,2026-02-01,2026,2,4.6,2848.5,432.8,2853.9,3281.3
Arkansas,2016-01-01,2016,1,4.2,988.6,209.7,986.3,1198.3
Arkansas,2016-02-01,2016,2,4.1,995.7,209.8,996.2,1205.5
Arkansas,2016-03-01,2016,3,4.0,1002.0,209.9,1004.4,1211.9
Arkansas,2016-04-01,2016,4,4.0,1009.8,210.3,1011.4,1220.1
Arkansas,2016-05-01,2016,5,4.0,1012.4,210.7,1013.6,1223.1
Arkansas,2016-06-01,2016,6,4.0,1011.5,212.7,1005.1,1224.2
Arkansas,2016-07-01,2016,7,4.0,1010.7,213.2,990.2,1223.9
Arkansas,2016-08-01,2016,8,3.9,1014.8,212.7,1000.7,1227.5
Arkansas,2016-09-01,2016,9,3.9,1022.4,213.4,1018.6,1235.8
Arkansas,2016-10-01,2016,10,3.9,1022.7,212.6,1019.3,1235.3
Arkansas,2016-11-01,2016,11,3.9,1024.1,211.7,1022.0,1235.8
Arkansas,2016-12-01,2016,12,3.8,1023.7,211.8,1021.4,1235.5
Arkansas,2017-01-01,2017,1,3.8,1004.9,210.4,999.7,1215.3
Arkansas,2017-02-01,2017,2,3.7,1013.2,211.6,1010.1,1224.8
Arkansas,2017-03-01,2017,3,3.7,1020.4,213.2,1016.8,1233.6
Arkansas,2017-04-01,2017,4,3.7,1025.6,213.0,1022.0,1238.6
Arkansas,2017-05-01,2017,5,3.7,1029.5,213.8,1025.7,1243.3
Arkansas,2017-06-01,2017,6,3.7,1028.5,215.8,1016.9,1244.3
Arkansas,2017-07-01,2017,7,3.7,1023.5,215.6,1000.6,1239.1
Arkansas,2017-08-01,2017,8,3.7,1028.9,215.8,1012.5,1244.7
Arkansas,2017-09-01,2017,9,3.8,1034.0,216.5,1029.1,1250.5
Arkansas,2017-10-01,2017,10,3.8,1034.8,215.9,1029.5,1250.7
Arkansas,2017-11-01,2017,11,3.8,1038.3,216.4,1032.9,1254.7
Arkansas,2017-12-01,2017,12,3.8,1038.2,216.4,1032.4,1254.6000000000001
Arkansas,2018-01-01,2018,1,3.8,1018.4,213.2,1012.0,1231.6
Arkansas,2018-02-01,2018,2,3.8,1025.6,214.9,1020.0,1240.5
Arkansas,2018-03-01,2018,3,3.7,1031.1,215.5,1025.8,1246.6
Arkansas,2018-04-01,2018,4,3.7,1036.6,215.3,1030.8,1251.8999999999999
Arkansas,2018-05-01,2018,5,3.6,1042.3,216.7,1035.2,1259.0
Arkansas,2018-06-01,2018,6,3.6,1037.7,218.2,1023.9,1255.9
Arkansas,2018-07-01,2018,7,3.5,1037.1,218.7,1011.0,1255.8
Arkansas,2018-08-01,2018,8,3.5,1042.8,218.8,1023.1,1261.6
Arkansas,2018-09-01,2018,9,3.6,1046.2,219.4,1037.6,1265.6000000000001
Arkansas,2018-10-01,2018,10,3.6,1048.7,219.6,1039.7,1268.3
Arkansas,2018-11-01,2018,11,3.7,1051.9,219.5,1043.8,1271.4
Arkansas,2018-12-01,2018,12,3.7,1051.9,220.3,1041.5,1272.2
Arkansas,2019-01-01,2019,1,3.7,1036.4,218.3,1024.1,1254.7
Arkansas,2019-02-01,2019,2,3.6,1041.5,219.2,1030.7,1260.7
Arkansas,2019-03-01,2019,3,3.5,1044.5,219.7,1034.1,1264.2
Arkansas,2019-04-01,2019,4,3.4,1050.0,220.2,1038.9,1270.2
Arkansas,2019-05-01,2019,5,3.4,1052.1,220.8,1040.3,1272.8999999999999
Arkansas,2019-06-01,2019,6,3.4,1047.9,221.9,1028.8,1269.8000000000002
Arkansas,2019-07-01,2019,7,3.4,1044.8,221.3,1013.9,1266.1
Arkansas,2019-08-01,2019,8,3.5,1049.4,221.7,1025.0,1271.1000000000001
Arkansas,2019-09-01,2019,9,3.5,1051.4,221.2,1037.7,1272.6000000000001
Arkansas,2019-10-01,2019,10,3.5,1057.3,222.1,1044.7,1279.3999999999999
Arkansas,2019-11-01,2019,11,3.5,1062.8,221.2,1051.4,1284.0
Arkansas,2019-12-01,2019,12,3.5,1062.6,221.0,1050.8,1283.6
Arkansas,2020-01-01,2020,1,3.5,1047.4,218.6,1034.3,1266.0
Arkansas,2020-02-01,2020,2,3.6,1050.5,218.4,1039.2,1268.9
Arkansas,2020-03-01,2020,3,4.8,1049.3,218.3,1039.2,1267.6
Arkansas,2020-04-01,2020,4,10.1,938.9,206.3,937.5,1145.2
Arkansas,2020-05-01,2020,5,8.9,973.1,209.7,965.2,1182.8
Arkansas,2020-06-01,2020,6,7.9,991.2,211.4,978.4,1202.6000000000001
Arkansas,2020-07-01,2020,7,7.3,993.6,210.1,969.9,1203.7
Arkansas,2020-08-01,2020,8,6.4,1005.7,212.5,988.8,1218.2
Arkansas,2020-09-01,2020,9,5.9,1011.4,213.7,1002.1,1225.1
Arkansas,2020-10-01,2020,10,5.4,1023.4,214.7,1013.7,1238.1
Arkansas,2020-11-01,2020,11,5.1,1030.3,215.1,1019.5,1245.3999999999999
Arkansas,2020-12-01,2020,12,5.0,1024.4,215.9,1012.5,1240.3000000000002
Arkansas,2021-01-01,2021,1,4.9,1016.2,213.8,1003.4,1230.0
Arkansas,2021-02-01,2021,2,4.8,1013.6,213.0,1002.7,1226.6
Arkansas,2021-03-01,2021,3,4.7,1028.0,216.6,1014.8,1244.6
Arkansas,2021-04-01,2021,4,4.6,1033.2,216.7,1019.6,1249.9
Arkansas,2021-05-01,2021,5,4.4,1036.6,216.4,1022.4,1253.0
Arkansas,2021-06-01,2021,6,4.2,1037.4,218.2,1015.8,1255.6000000000001
Arkansas,2021-07-01,2021,7,4.0,1034.7,218.8,1000.0,1253.5
Arkansas,2021-08-01,2021,8,3.7,1040.9,218.5,1012.7,1259.4
Arkansas,2021-09-01,2021,9,3.5,1040.5,218.9,1022.9,1259.4
Arkansas,2021-10-01,2021,10,3.3,1057.4,220.4,1039.9,1277.8000000000002
Arkansas,2021-11-01,2021,11,3.2,1061.9,220.4,1044.2,1282.3000000000002
Arkansas,2021-12-01,2021,12,3.2,1062.6,221.5,1043.1,1284.1
Arkansas,2022-01-01,2022,1,3.2,1047.7,218.5,1029.8,1266.2
Arkansas,2022-02-01,2022,2,3.2,1060.2,221.2,1040.8,1281.4
Arkansas,2022-03-01,2022,3,3.2,1063.7,222.0,1044.2,1285.7
Arkansas,2022-04-01,2022,4,3.2,1072.9,223.0,1052.6,1295.9
Arkansas,2022-05-01,2022,5,3.2,1078.9,224.6,1056.7,1303.5
Arkansas,2022-06-01,2022,6,3.2,1079.6,226.5,1050.0,1306.1
Arkansas,2022-07-01,2022,7,3.2,1082.0,228.0,1040.3,1310.0
Arkansas,2022-08-01,2022,8,3.2,1089.4,228.2,1053.7,1317.6000000000001
Arkansas,2022-09-01,2022,9,3.2,1095.0,229.5,1069.0,1324.5
Arkansas,2022-10-01,2022,10,3.2,1097.8,229.7,1073.8,1327.5
Arkansas,2022-11-01,2022,11,3.1,1101.8,228.9,1079.1,1330.7
Arkansas,2022-12-01,2022,12,3.0,1101.0,229.0,1077.7,1330.0
Arkansas,2023-01-01,2023,1,2.9,1089.2,227.9,1064.6,1317.1000000000001
Arkansas,2023-02-01,2023,2,2.9,1093.5,228.7,1070.0,1322.2
Arkansas,2023-03-01,2023,3,2.9,1099.8,229.3,1077.2,1329.1
Arkansas,2023-04-01,2023,4,2.9,1103.4,230.0,1080.2,1333.4
Arkansas,2023-05-01,2023,5,3.0,1108.4,231.0,1084.5,1339.4
Arkansas,2023-06-01,2023,6,3.0,1108.7,233.9,1076.3,1342.6000000000001
Arkansas,2023-07-01,2023,7,3.2,1100.9,232.4,1058.7,1333.3000000000002
Arkansas,2023-08-01,2023,8,3.3,1106.8,232.6,1069.3,1339.3999999999999
Arkansas,2023-09-01,2023,9,3.4,1112.5,233.2,1086.5,1345.7
Arkansas,2023-10-01,2023,10,3.4,1116.0,233.0,1091.0,1349.0
Arkansas,2023-11-01,2023,11,3.5,1118.3,232.9,1093.7,1351.2
Arkansas,2023-12-01,2023,12,3.5,1121.0,233.3,1096.0,1354.3
Arkansas,2024-01-01,2024,1,3.4,1101.1,230.4,1076.3,1331.5
Arkansas,2024-02-01,2024,2,3.4,1110.1,231.9,1085.9,1342.0
Arkansas,2024-03-01,2024,3,3.4,1118.0,234.0,1093.6,1352.0
Arkansas,2024-04-01,2024,4,3.4,1120.1,233.5,1095.3,1353.6
Arkansas,2024-05-01,2024,5,3.4,1123.5,234.0,1098.5,1357.5
Arkansas,2024-06-01,2024,6,3.4,1122.3,236.0,1090.2,1358.3
Arkansas,2024-07-01,2024,7,3.5,1118.6,235.5,1075.4,1354.1
Arkansas,2024-08-01,2024,8,3.5,1125.0,235.6,1087.5,1360.6
Arkansas,2024-09-01,2024,9,3.5,1128.9,235.9,1101.8,1364.8000000000002
Arkansas,2024-10-01,2024,10,3.6,1132.0,234.4,1108.3,1366.4
Arkansas,2024-11-01,2024,11,3.7,1135.5,233.6,1113.0,1369.1
Arkansas,2024-12-01,2024,12,3.7,1135.8,233.9,1111.6,1369.7
Arkansas,2025-01-01,2025,1,3.8,1117.6,230.5,1093.7,1348.1
Arkansas,2025-02-01,2025,2,3.8,1123.5,231.0,1101.0,1354.5
Arkansas,2025-03-01,2025,3,3.9,1129.2,231.7,1106.7,1360.9
Arkansas,2025-04-01,2025,4,3.9,1134.3,230.7,1113.2,1365.0
Arkansas,2025-05-01,2025,5,4.0,1136.2,230.9,1115.1,1367.1000000000001
Arkansas,2025-06-01,2025,6,4.0,1132.7,231.8,1104.2,1364.5
Arkansas,2025-07-01,2025,7,4.1,1128.8,230.8,1089.8,1359.6
Arkansas,2025-08-01,2025,8,4.2,1134.1,230.3,1101.6,1364.3999999999999
Arkansas,2025-09-01,2025,9,4.2,1135.7,230.2,1113.1,1365.9
Arkansas,2025-10-01,2025,10,,1140.8,230.6,1118.0,1371.3999999999999
Arkansas,2025-11-01,2025,11,4.3,1140.3,229.5,1119.1,1369.8
Arkansas,2025-12-01,2025,12,4.3,1143.8,230.0,1121.2,1373.8
Arkansas,2026-01-01,2026,1,4.4,1128.3,227.7,1105.2,1356.0
Arkansas,2026-02-01,2026,2,4.4,1130.6,228.2,1108.9,1358.8
California,2016-01-01,2016,1,5.7,13659.3,2032.4,14117.7,15691.699999999999
California,2016-02-01,2016,2,5.6,13748.3,2047.3,14214.0,15795.599999999999
California,2016-03-01,2016,3,5.6,13742.2,2042.3,14240.7,15784.5
California,2016-04-01,2016,4,5.5,13882.8,2063.3,14366.8,15946.099999999999
California,2016-05-01,2016,5,5.5,13920.5,2073.7,14407.0,15994.2
California,2016-06-01,2016,6,5.5,13922.9,2087.6,14380.1,16010.5
California,2016-07-01,2016,7,5.5,14011.6,2117.8,14275.5,16129.400000000001
California,2016-08-01,2016,8,5.5,14056.1,2125.2,14344.1,16181.3
California,2016-09-01,2016,9,5.5,14057.6,2118.4,14432.5,16176.0
California,2016-10-01,2016,10,5.5,14135.7,2107.3,14585.5,16243.0
California,2016-11-01,2016,11,5.4,14208.5,2094.8,14690.9,16303.3
California,2016-12-01,2016,12,5.4,14223.6,2084.7,14708.1,16308.3
California,2017-01-01,2017,1,5.3,13918.4,2039.2,14422.7,15957.6
California,2017-02-01,2017,2,5.1,14016.3,2056.6,14525.0,16072.9
California,2017-03-01,2017,3,5.0,14084.5,2074.9,14595.7,16159.4
California,2017-04-01,2017,4,5.0,14138.7,2085.8,14642.3,16224.5
California,2017-05-01,2017,5,4.9,14219.7,2106.7,14716.3,16326.400000000001
California,2017-06-01,2017,6,4.8,14278.9,2131.2,14741.7,16410.1
California,2017-07-01,2017,7,4.8,14309.0,2149.9,14571.2,16458.9
California,2017-08-01,2017,8,4.8,14368.7,2163.1,14639.8,16531.8
California,2017-09-01,2017,9,4.7,14365.4,2159.9,14728.7,16525.3
California,2017-10-01,2017,10,4.6,14451.3,2154.3,14887.0,16605.6
California,2017-11-01,2017,11,4.5,14541.2,2144.5,15006.0,16685.7
California,2017-12-01,2017,12,4.5,14575.6,2142.7,15033.1,16718.3
California,2018-01-01,2018,1,4.4,14293.4,2110.8,14756.6,16404.2
California,2018-02-01,2018,2,4.3,14400.9,2139.5,14856.1,16540.4
California,2018-03-01,2018,3,4.3,14432.3,2136.3,14910.7,16568.6
California,2018-04-01,2018,4,4.2,14464.5,2148.4,14937.6,16612.9
California,2018-05-01,2018,5,4.2,14515.2,2163.2,14982.7,16678.4
California,2018-06-01,2018,6,4.2,14574.9,2184.6,15016.5,16759.5
California,2018-07-01,2018,7,4.2,14610.1,2206.0,14833.4,16816.1
California,2018-08-01,2018,8,4.2,14681.4,2217.0,14930.2,16898.4
California,2018-09-01,2018,9,4.2,14648.8,2212.2,14985.3,16861.0
California,2018-10-01,2018,10,4.3,14758.1,2209.0,15160.9,16967.1
California,2018-11-01,2018,11,4.3,14838.8,2194.0,15278.9,17032.8
California,2018-12-01,2018,12,4.3,14860.8,2183.8,15304.5,17044.6
California,2019-01-01,2019,1,4.3,14548.0,2143.2,14999.4,16691.2
California,2019-02-01,2019,2,4.3,14635.3,2154.8,15095.2,16790.1
California,2019-03-01,2019,3,4.2,14671.8,2169.8,15138.5,16841.6
California,2019-04-01,2019,4,4.1,14701.6,2178.6,15163.1,16880.2
California,2019-05-01,2019,5,4.0,14754.4,2193.5,15211.0,16947.9
California,2019-06-01,2019,6,4.0,14810.0,2214.4,15232.6,17024.4
California,2019-07-01,2019,7,4.0,14847.4,2230.2,15083.5,17077.6
California,2019-08-01,2019,8,4.0,14918.8,2243.3,15166.5,17162.1
California,2019-09-01,2019,9,4.0,14880.7,2234.2,15201.0,17114.9
California,2019-10-01,2019,10,4.0,14991.6,2228.2,15381.7,17219.8
California,2019-11-01,2019,11,4.1,15119.0,2219.5,15539.8,17338.5
California,2019-12-01,2019,12,4.1,15111.7,2201.2,15535.9,17312.9
California,2020-01-01,2020,1,4.3,14861.4,2175.6,15306.1,17037.0
California,2020-02-01,2020,2,4.4,14968.0,2197.8,15405.7,17165.8
California,2020-03-01,2020,3,5.5,14787.7,2178.9,15260.2,16966.600000000002
California,2020-04-01,2020,4,16.1,12359.0,1919.4,13001.6,14278.4
California,2020-05-01,2020,5,15.8,12648.9,2033.9,13094.3,14682.8
California,2020-06-01,2020,6,13.8,13180.3,2094.3,13540.6,15274.599999999999
California,2020-07-01,2020,7,13.1,13258.8,2096.3,13475.8,15355.099999999999
California,2020-08-01,2020,8,11.8,13317.5,2110.8,13593.8,15428.3
California,2020-09-01,2020,9,9.9,13425.8,2107.0,13761.2,15532.8
California,2020-10-01,2020,10,9.3,13778.5,2122.5,14117.0,15901.0
California,2020-11-01,2020,11,9.0,13920.5,2112.6,14270.1,16033.1
California,2020-12-01,2020,12,9.0,13810.8,2105.9,14154.9,15916.699999999999
California,2021-01-01,2021,1,8.7,13407.8,2068.2,13767.2,15476.0
California,2021-02-01,2021,2,8.6,13709.3,2095.5,14048.5,15804.8
California,2021-03-01,2021,3,8.5,13833.4,2109.3,14178.6,15942.7
California,2021-04-01,2021,4,8.4,14021.2,2126.2,14369.8,16147.400000000001
California,2021-05-01,2021,5,8.0,14147.8,2135.0,14507.7,16282.8
California,2021-06-01,2021,6,7.9,14205.3,2144.5,14553.8,16349.8
California,2021-07-01,2021,7,7.4,14402.2,2171.7,14595.9,16573.9
California,2021-08-01,2021,8,7.0,14494.7,2176.0,14729.9,16670.7
California,2021-09-01,2021,9,6.5,14440.4,2163.0,14762.1,16603.4
California,2021-10-01,2021,10,6.1,14801.5,2186.3,15137.7,16987.8
California,2021-11-01,2021,11,5.7,14932.5,2183.6,15288.1,17116.1
California,2021-12-01,2021,12,5.4,14974.0,2173.2,15332.6,17147.2
California,2022-01-01,2022,1,5.2,14672.6,2148.0,15034.5,16820.6
California,2022-02-01,2022,2,4.8,14902.6,2187.8,15235.5,17090.4
California,2022-03-01,2022,3,4.5,14952.8,2201.9,15297.4,17154.7
California,2022-04-01,2022,4,4.3,15060.6,2214.6,15403.1,17275.2
California,2022-05-01,2022,5,4.1,15111.4,2225.2,15456.0,17336.6
California,2022-06-01,2022,6,4.0,15136.1,2242.9,15462.1,17379.0
California,2022-07-01,2022,7,3.9,15211.9,2263.2,15365.6,17475.1
California,2022-08-01,2022,8,3.8,15267.6,2268.8,15444.0,17536.4
California,2022-09-01,2022,9,4.0,15238.9,2263.0,15491.6,17501.9
California,2022-10-01,2022,10,4.1,15335.7,2253.9,15637.7,17589.600000000002
California,2022-11-01,2022,11,4.3,15382.9,2229.5,15754.8,17612.4
California,2022-12-01,2022,12,4.4,15365.9,2219.3,15741.0,17585.2
California,2023-01-01,2023,1,4.4,15012.5,2160.7,15424.9,17173.2
California,2023-02-01,2023,2,4.5,15115.0,2203.2,15498.5,17318.2
California,2023-03-01,2023,3,4.5,15102.1,2192.2,15520.2,17294.3
California,2023-04-01,2023,4,4.5,15145.5,2207.1,15558.9,17352.6
California,2023-05-01,2023,5,4.6,15221.6,2219.6,15647.6,17441.2
California,2023-06-01,2023,6,4.6,15219.8,2236.7,15628.3,17456.5
California,2023-07-01,2023,7,4.7,15220.5,2242.1,15453.9,17462.6
California,2023-08-01,2023,8,4.8,15263.5,2249.5,15528.3,17513.0
California,2023-09-01,2023,9,4.9,15253.3,2246.5,15596.7,17499.8
California,2023-10-01,2023,10,5.0,15322.1,2237.5,15719.2,17559.6
California,2023-11-01,2023,11,5.0,15364.7,2211.4,15831.1,17576.100000000002
California,2023-12-01,2023,12,5.1,15377.3,2201.3,15853.9,17578.6
California,2024-01-01,2024,1,5.1,15199.2,2176.9,15682.6,17376.100000000002
California,2024-02-01,2024,2,5.1,15191.5,2166.9,15700.6,17358.4
California,2024-03-01,2024,3,5.2,15198.4,2169.6,15735.6,17368.0
California,2024-04-01,2024,4,5.2,15226.7,2179.2,15764.7,17405.9
California,2024-05-01,2024,5,5.2,15255.1,2184.1,15804.1,17439.2
California,2024-06-01,2024,6,5.3,15223.2,2197.8,15745.1,17421.0
California,2024-07-01,2024,7,5.4,15296.6,2210.9,15626.7,17507.5
California,2024-08-01,2024,8,5.4,15330.8,2208.6,15699.0,17539.399999999998
California,2024-09-01,2024,9,5.4,15266.4,2196.1,15742.5,17462.5
California,2024-10-01,2024,10,5.4,15441.3,2188.3,15976.7,17629.6
California,2024-11-01,2024,11,5.4,15486.6,2168.7,16065.3,17655.3
California,2024-12-01,2024,12,5.4,15413.3,2146.7,16003.3,17560.0
California,2025-01-01,2025,1,5.4,15122.8,2111.8,15746.2,17234.6
California,2025-02-01,2025,2,5.4,15189.9,2114.6,15798.2,17304.5
California,2025-03-01,2025,3,5.4,15191.5,2111.6,15833.5,17303.1
California,2025-04-01,2025,4,5.4,15309.2,2132.6,15938.6,17441.8
California,2025-05-01,2025,5,5.5,15356.1,2139.9,15981.9,17496.0
California,2025-06-01,2025,6,5.5,15302.2,2146.6,15905.1,17448.8
California,2025-07-01,2025,7,5.5,15342.2,2154.5,15752.7,17496.7
California,2025-08-01,2025,8,5.5,15411.6,2158.2,15824.1,17569.8
California,2025-09-01,2025,9,5.5,15338.5,2141.8,15824.7,17480.3
California,2025-10-01,2025,10,,15479.5,2138.9,16013.7,17618.4
California,2025-11-01,2025,11,5.5,15533.9,2121.3,16105.6,17655.2
California,2025-12-01,2025,12,5.5,15527.1,2108.6,16104.3,17635.7
California,2026-01-01,2026,1,5.4,15331.5,2087.9,15904.7,17419.4
California,2026-02-01,2026,2,5.4,15352.4,2089.7,15939.9,17442.1
Colorado,2016-01-01,2016,1,3.3,2126.2,312.2,2231.0,2438.3999999999996
Colorado,2016-02-01,2016,2,3.3,2130.4,312.2,2246.2,2442.6
Colorado,2016-03-01,2016,3,3.3,2138.6,314.3,2255.7,2452.9
Colorado,2016-04-01,2016,4,3.3,2152.5,317.4,2269.6,2469.9
Colorado,2016-05-01,2016,5,3.3,2150.7,319.6,2262.6,2470.2999999999997
Colorado,2016-06-01,2016,6,3.2,2189.9,324.9,2289.5,2514.8
Colorado,2016-07-01,2016,7,3.2,2210.0,327.8,2287.6,2537.8
Colorado,2016-08-01,2016,8,3.1,2211.1,327.4,2294.5,2538.5
Colorado,2016-09-01,2016,9,3.0,2191.0,326.2,2301.2,2517.2
Colorado,2016-10-01,2016,10,2.9,2187.9,327.2,2297.4,2515.1
Colorado,2016-11-01,2016,11,2.8,2189.3,325.9,2305.2,2515.2000000000003
Colorado,2016-12-01,2016,12,2.7,2206.3,324.1,2321.2,2530.4
Colorado,2017-01-01,2017,1,2.6,2168.4,317.6,2273.2,2486.0
Colorado,2017-02-01,2017,2,2.5,2175.6,319.9,2292.5,2495.5
Colorado,2017-03-01,2017,3,2.4,2189.3,324.1,2306.8,2513.4
Colorado,2017-04-01,2017,4,2.4,2200.0,328.1,2313.6,2528.1
Colorado,2017-05-01,2017,5,2.4,2201.3,331.3,2315.8,2532.6000000000004
Colorado,2017-06-01,2017,6,2.5,2247.2,338.9,2339.4,2586.1
Colorado,2017-07-01,2017,7,2.6,2255.9,340.6,2331.1,2596.5
Colorado,2017-08-01,2017,8,2.7,2256.1,341.2,2338.0,2597.2999999999997
Colorado,2017-09-01,2017,9,2.8,2237.0,339.7,2341.1,2576.7
Colorado,2017-10-01,2017,10,2.8,2238.7,341.9,2344.5,2580.6
Colorado,2017-11-01,2017,11,2.8,2248.2,341.6,2351.1,2589.7999999999997
Colorado,2017-12-01,2017,12,2.9,2265.6,340.6,2371.1,2606.2
Colorado,2018-01-01,2018,1,2.9,2230.0,335.0,2326.2,2565.0
Colorado,2018-02-01,2018,2,2.9,2235.4,337.2,2342.5,2572.6
Colorado,2018-03-01,2018,3,2.9,2247.8,340.9,2355.5,2588.7000000000003
Colorado,2018-04-01,2018,4,3.0,2261.1,345.1,2365.8,2606.2
Colorado,2018-05-01,2018,5,3.0,2261.3,347.9,2368.9,2609.2000000000003
Colorado,2018-06-01,2018,6,3.1,2305.4,355.1,2394.7,2660.5
Colorado,2018-07-01,2018,7,3.1,2317.7,356.1,2387.7,2673.7999999999997
Colorado,2018-08-01,2018,8,3.1,2316.1,356.4,2396.4,2672.5
Colorado,2018-09-01,2018,9,3.1,2288.4,354.4,2381.9,2642.8
Colorado,2018-10-01,2018,10,3.1,2294.1,354.9,2393.7,2649.0
Colorado,2018-11-01,2018,11,3.1,2304.4,354.3,2406.0,2658.7000000000003
Colorado,2018-12-01,2018,12,3.0,2318.9,353.2,2417.9,2672.1
Colorado,2019-01-01,2019,1,3.0,2283.6,347.1,2376.4,2630.7
Colorado,2019-02-01,2019,2,2.9,2291.1,349.7,2393.9,2640.7999999999997
Colorado,2019-03-01,2019,3,2.8,2293.5,351.0,2398.5,2644.5
Colorado,2019-04-01,2019,4,2.6,2310.1,355.1,2413.2,2665.2
Colorado,2019-05-01,2019,5,2.6,2315.4,358.5,2424.9,2673.9
Colorado,2019-06-01,2019,6,2.5,2359.3,364.7,2445.1,2724.0
Colorado,2019-07-01,2019,7,2.5,2375.5,366.5,2445.3,2742.0
Colorado,2019-08-01,2019,8,2.5,2375.4,365.8,2456.0,2741.2000000000003
Colorado,2019-09-01,2019,9,2.5,2343.4,362.6,2441.0,2706.0
Colorado,2019-10-01,2019,10,2.6,2348.0,362.0,2451.0,2710.0
Colorado,2019-11-01,2019,11,2.7,2355.7,360.3,2461.7,2716.0
Colorado,2019-12-01,2019,12,2.8,2368.6,357.7,2472.8,2726.2999999999997
Colorado,2020-01-01,2020,1,3.0,2335.1,351.0,2435.6,2686.1
Colorado,2020-02-01,2020,2,3.2,2334.8,350.3,2447.2,2685.1000000000004
Colorado,2020-03-01,2020,3,3.4,2322.3,351.5,2437.0,2673.8
Colorado,2020-04-01,2020,4,11.2,1986.3,332.0,2106.6,2318.3
Colorado,2020-05-01,2020,5,11.7,2070.9,339.7,2175.7,2410.6
Colorado,2020-06-01,2020,6,11.2,2162.0,343.9,2243.2,2505.9
Colorado,2020-07-01,2020,7,6.5,2200.4,343.5,2268.1,2543.9
Colorado,2020-08-01,2020,8,6.2,2216.2,342.9,2295.5,2559.1
Colorado,2020-09-01,2020,9,6.3,2211.4,340.8,2305.2,2552.2000000000003
Colorado,2020-10-01,2020,10,6.2,2238.8,343.6,2335.1,2582.4
Colorado,2020-11-01,2020,11,6.2,2240.8,341.7,2337.0,2582.5
Colorado,2020-12-01,2020,12,6.4,2231.8,340.6,2324.9,2572.4
Colorado,2021-01-01,2021,1,6.3,2217.3,334.6,2302.9,2551.9
Colorado,2021-02-01,2021,2,6.3,2238.9,336.3,2335.5,2575.2000000000003
Colorado,2021-03-01,2021,3,6.2,2252.1,338.8,2351.4,2590.9
Colorado,2021-04-01,2021,4,6.2,2272.0,342.7,2371.1,2614.7
Colorado,2021-05-01,2021,5,6.0,2284.7,345.6,2384.1,2630.2999999999997
Colorado,2021-06-01,2021,6,5.9,2330.4,349.7,2418.4,2680.1
Colorado,2021-07-01,2021,7,5.7,2356.0,352.3,2427.5,2708.3
Colorado,2021-08-01,2021,8,5.4,2355.5,351.0,2431.4,2706.5
Colorado,2021-09-01,2021,9,4.9,2331.2,349.6,2425.6,2680.7999999999997
Colorado,2021-10-01,2021,10,4.6,2357.3,353.1,2454.5,2710.4
Colorado,2021-11-01,2021,11,4.4,2367.0,352.3,2466.9,2719.3
Colorado,2021-12-01,2021,12,4.2,2386.3,351.6,2484.3,2737.9
Colorado,2022-01-01,2022,1,4.0,2352.3,344.7,2444.1,2697.0
Colorado,2022-02-01,2022,2,3.6,2370.8,347.6,2469.4,2718.4
Colorado,2022-03-01,2022,3,3.3,2377.8,348.8,2478.9,2726.6000000000004
Colorado,2022-04-01,2022,4,3.1,2412.2,355.6,2509.0,2767.7999999999997
Colorado,2022-05-01,2022,5,3.0,2412.9,358.0,2510.4,2770.9
Colorado,2022-06-01,2022,6,2.9,2439.4,363.1,2522.3,2802.5
Colorado,2022-07-01,2022,7,2.7,2454.1,363.6,2521.7,2817.7
Colorado,2022-08-01,2022,8,2.6,2452.5,362.8,2530.3,2815.3
Colorado,2022-09-01,2022,9,2.8,2423.4,360.4,2520.5,2783.8
Colorado,2022-10-01,2022,10,2.9,2438.0,361.2,2537.3,2799.2
Colorado,2022-11-01,2022,11,2.9,2444.1,359.8,2547.2,2803.9
Colorado,2022-12-01,2022,12,3.0,2457.4,356.6,2562.7,2814.0
Colorado,2023-01-01,2023,1,3.0,2422.1,348.9,2525.7,2771.0
Colorado,2023-02-01,2023,2,3.0,2429.2,349.7,2541.6,2778.8999999999996
Colorado,2023-03-01,2023,3,3.1,2435.9,352.0,2550.5,2787.9
Colorado,2023-04-01,2023,4,3.1,2451.0,356.7,2567.3,2807.7
Colorado,2023-05-01,2023,5,3.2,2457.5,359.5,2574.9,2817.0
Colorado,2023-06-01,2023,6,3.2,2500.5,364.9,2605.9,2865.4
Colorado,2023-07-01,2023,7,3.3,2503.4,365.2,2592.3,2868.6
Colorado,2023-08-01,2023,8,3.3,2499.5,364.2,2598.2,2863.7
Colorado,2023-09-01,2023,9,3.4,2472.1,360.4,2589.3,2832.5
Colorado,2023-10-01,2023,10,3.5,2476.1,358.6,2596.1,2834.7
Colorado,2023-11-01,2023,11,3.6,2472.9,353.8,2602.2,2826.7000000000003
Colorado,2023-12-01,2023,12,3.7,2490.0,352.9,2619.1,2842.9
Colorado,2024-01-01,2024,1,3.8,2448.2,345.4,2574.6,2793.6
Colorado,2024-02-01,2024,2,3.9,2462.8,350.8,2594.7,2813.6000000000004
Colorado,2024-03-01,2024,3,3.9,2466.1,351.5,2601.7,2817.6
Colorado,2024-04-01,2024,4,4.0,2472.0,354.4,2605.3,2826.4
Colorado,2024-05-01,2024,5,4.1,2480.7,360.9,2612.3,2841.6
Colorado,2024-06-01,2024,6,4.1,2522.4,365.3,2637.2,2887.7000000000003
Colorado,2024-07-01,2024,7,4.2,2513.1,364.4,2618.0,2877.5
Colorado,2024-08-01,2024,8,4.3,2505.6,362.9,2619.3,2868.5
Colorado,2024-09-01,2024,9,4.3,2477.9,360.6,2611.0,2838.5
Colorado,2024-10-01,2024,10,4.3,2479.8,360.1,2617.2,2839.9
Colorado,2024-11-01,2024,11,4.3,2478.1,358.0,2620.2,2836.1
Colorado,2024-12-01,2024,12,4.3,2489.8,356.8,2632.8,2846.6000000000004
Colorado,2025-01-01,2025,1,4.3,2458.5,349.6,2591.8,2808.1
Colorado,2025-02-01,2025,2,4.3,2446.6,348.8,2589.9,2795.4
Colorado,2025-03-01,2025,3,4.2,2447.9,350.1,2592.2,2798.0
Colorado,2025-04-01,2025,4,4.2,2463.7,351.1,2606.4,2814.7999999999997
Colorado,2025-05-01,2025,5,4.1,2467.3,353.4,2612.8,2820.7000000000003
Colorado,2025-06-01,2025,6,4.0,2480.0,355.3,2609.0,2835.3
Colorado,2025-07-01,2025,7,3.9,2505.5,356.7,2621.2,2862.2
Colorado,2025-08-01,2025,8,3.9,2502.4,355.8,2623.9,2858.2000000000003
Colorado,2025-09-01,2025,9,3.8,2468.4,353.0,2608.9,2821.4
Colorado,2025-10-01,2025,10,,2479.7,355.8,2616.6,2835.5
Colorado,2025-11-01,2025,11,3.8,2470.9,350.8,2614.1,2821.7000000000003
Colorado,2025-12-01,2025,12,3.8,2484.2,350.3,2625.1,2834.5
Colorado,2026-01-01,2026,1,3.9,2448.2,343.0,2583.6,2791.2
Colorado,2026-02-01,2026,2,3.9,2444.3,346.4,2585.6,2790.7000000000003
Connecticut,2016-01-01,2016,1,5.3,1421.8,211.0,1452.3,1632.8
Connecticut,2016-02-01,2016,2,5.2,1420.3,209.5,1457.0,1629.8
Connecticut,2016-03-01,2016,3,5.1,1429.5,211.2,1466.0,1640.7
Connecticut,2016-04-01,2016,4,5.0,1443.0,214.8,1475.8,1657.8
Connecticut,2016-05-01,2016,5,5.0,1456.4,217.1,1488.0,1673.5
Connecticut,2016-06-01,2016,6,4.9,1471.1,220.0,1488.4,1691.1
Connecticut,2016-07-01,2016,7,4.8,1465.6,220.9,1466.5,1686.5
Connecticut,2016-08-01,2016,8,4.7,1459.2,220.7,1459.0,1679.9
Connecticut,2016-09-01,2016,9,4.7,1457.8,218.5,1480.2,1676.3
Connecticut,2016-10-01,2016,10,4.6,1461.0,218.2,1487.8,1679.2
Connecticut,2016-11-01,2016,11,4.6,1466.1,217.6,1496.2,1683.6999999999998
Connecticut,2016-12-01,2016,12,4.6,1468.0,215.9,1497.9,1683.9
Connecticut,2017-01-01,2017,1,4.6,1431.1,210.6,1460.1,1641.6999999999998
Connecticut,2017-02-01,2017,2,4.5,1427.3,209.8,1461.9,1637.1
Connecticut,2017-03-01,2017,3,4.5,1432.3,211.1,1466.2,1643.3999999999999
Connecticut,2017-04-01,2017,4,4.5,1448.6,215.2,1477.6,1663.8
Connecticut,2017-05-01,2017,5,4.4,1464.2,218.4,1489.6,1682.6000000000001
Connecticut,2017-06-01,2017,6,4.4,1481.8,222.4,1495.1,1704.2
Connecticut,2017-07-01,2017,7,4.4,1469.5,223.0,1467.0,1692.5
Connecticut,2017-08-01,2017,8,4.4,1463.9,222.7,1461.7,1686.6000000000001
Connecticut,2017-09-01,2017,9,4.3,1463.0,220.5,1481.6,1683.5
Connecticut,2017-10-01,2017,10,4.3,1465.4,220.8,1486.9,1686.2
Connecticut,2017-11-01,2017,11,4.3,1474.3,219.7,1498.5,1694.0
Connecticut,2017-12-01,2017,12,4.3,1475.6,217.9,1500.4,1693.5
Connecticut,2018-01-01,2018,1,4.2,1432.9,211.5,1457.2,1644.4
Connecticut,2018-02-01,2018,2,4.2,1433.5,211.8,1463.1,1645.3
Connecticut,2018-03-01,2018,3,4.1,1435.3,212.8,1465.0,1648.1
Connecticut,2018-04-01,2018,4,4.0,1449.8,216.8,1473.7,1666.6
Connecticut,2018-05-01,2018,5,3.9,1467.9,220.3,1488.1,1688.2
Connecticut,2018-06-01,2018,6,3.9,1486.1,224.1,1496.3,1710.1999999999998
Connecticut,2018-07-01,2018,7,3.8,1474.4,225.0,1468.7,1699.4
Connecticut,2018-08-01,2018,8,3.8,1469.9,224.6,1464.6,1694.5
Connecticut,2018-09-01,2018,9,3.8,1467.7,223.0,1482.8,1690.7
Connecticut,2018-10-01,2018,10,3.7,1474.4,224.2,1490.2,1698.6000000000001
Connecticut,2018-11-01,2018,11,3.7,1481.6,223.8,1500.6,1705.3999999999999
Connecticut,2018-12-01,2018,12,3.7,1484.4,222.6,1503.3,1707.0
Connecticut,2019-01-01,2019,1,3.7,1432.4,215.8,1453.3,1648.2
Connecticut,2019-02-01,2019,2,3.6,1431.8,215.4,1458.1,1647.2
Connecticut,2019-03-01,2019,3,3.5,1434.7,216.8,1459.9,1651.5
Connecticut,2019-04-01,2019,4,3.5,1452.6,221.4,1471.8,1674.0
Connecticut,2019-05-01,2019,5,3.5,1464.8,223.6,1481.8,1688.3999999999999
Connecticut,2019-06-01,2019,6,3.5,1477.8,226.4,1483.7,1704.2
Connecticut,2019-07-01,2019,7,3.5,1472.6,227.7,1463.0,1700.3
Connecticut,2019-08-01,2019,8,3.6,1464.9,226.1,1456.0,1691.0
Connecticut,2019-09-01,2019,9,3.6,1463.0,224.3,1477.4,1687.3
Connecticut,2019-10-01,2019,10,3.6,1470.5,224.4,1487.3,1694.9
Connecticut,2019-11-01,2019,11,3.7,1479.2,223.7,1499.0,1702.9
Connecticut,2019-12-01,2019,12,3.7,1476.3,219.8,1496.1,1696.1
Connecticut,2020-01-01,2020,1,3.8,1438.2,214.2,1462.5,1652.4
Connecticut,2020-02-01,2020,2,3.8,1434.2,213.8,1461.9,1648.0
Connecticut,2020-03-01,2020,3,3.9,1424.1,214.9,1449.6,1639.0
Connecticut,2020-04-01,2020,4,8.3,1184.5,197.5,1204.9,1382.0
Connecticut,2020-05-01,2020,5,11.9,1234.2,206.4,1242.2,1440.6000000000001
Connecticut,2020-06-01,2020,6,11.5,1296.4,212.3,1298.7,1508.7
Connecticut,2020-07-01,2020,7,11.7,1322.4,213.0,1311.2,1535.4
Connecticut,2020-08-01,2020,8,9.6,1338.6,213.9,1330.3,1552.5
Connecticut,2020-09-01,2020,9,8.8,1353.3,212.8,1369.5,1566.1
Connecticut,2020-10-01,2020,10,7.9,1373.4,213.5,1390.9,1586.9
Connecticut,2020-11-01,2020,11,7.5,1376.7,212.5,1397.3,1589.2
Connecticut,2020-12-01,2020,12,7.4,1375.9,210.9,1393.1,1586.8000000000002
Connecticut,2021-01-01,2021,1,7.2,1337.5,204.8,1356.6,1542.3
Connecticut,2021-02-01,2021,2,7.2,1340.2,204.2,1362.0,1544.4
Connecticut,2021-03-01,2021,3,7.1,1350.8,207.3,1371.3,1558.1
Connecticut,2021-04-01,2021,4,7.2,1367.0,210.8,1383.1,1577.8
Connecticut,2021-05-01,2021,5,7.0,1388.4,213.2,1401.6,1601.6000000000001
Connecticut,2021-06-01,2021,6,6.9,1403.8,215.4,1410.1,1619.2
Connecticut,2021-07-01,2021,7,6.6,1412.3,217.0,1404.6,1629.3
Connecticut,2021-08-01,2021,8,6.3,1407.9,216.8,1396.9,1624.7
Connecticut,2021-09-01,2021,9,5.9,1402.8,216.0,1415.1,1618.8
Connecticut,2021-10-01,2021,10,5.6,1424.5,217.0,1437.9,1641.5
Connecticut,2021-11-01,2021,11,5.3,1433.5,216.6,1449.8,1650.1
Connecticut,2021-12-01,2021,12,5.0,1436.9,215.6,1451.7,1652.5
Connecticut,2022-01-01,2022,1,4.8,1391.4,208.3,1411.1,1599.7
Connecticut,2022-02-01,2022,2,4.5,1405.8,210.2,1426.1,1616.0
Connecticut,2022-03-01,2022,3,4.3,1415.0,213.3,1433.1,1628.3
Connecticut,2022-04-01,2022,4,4.2,1432.3,218.2,1444.9,1650.5
Connecticut,2022-05-01,2022,5,4.1,1445.9,219.5,1457.0,1665.4
Connecticut,2022-06-01,2022,6,4.0,1459.7,222.2,1460.3,1681.9
Connecticut,2022-07-01,2022,7,3.9,1460.6,223.6,1446.7,1684.1999999999998
Connecticut,2022-08-01,2022,8,3.7,1452.3,223.3,1440.1,1675.6
Connecticut,2022-09-01,2022,9,3.7,1449.7,221.8,1457.6,1671.5
Connecticut,2022-10-01,2022,10,3.7,1454.9,222.3,1465.2,1677.2
Connecticut,2022-11-01,2022,11,3.6,1461.1,221.6,1476.4,1682.6999999999998
Connecticut,2022-12-01,2022,12,3.5,1461.4,219.9,1475.9,1681.3000000000002
Connecticut,2023-01-01,2023,1,3.4,1431.5,215.2,1448.6,1646.7
Connecticut,2023-02-01,2023,2,3.3,1430.8,215.2,1450.2,1646.0
Connecticut,2023-03-01,2023,3,3.2,1436.0,217.2,1454.3,1653.2
Connecticut,2023-04-01,2023,4,3.1,1445.3,219.0,1460.5,1664.3
Connecticut,2023-05-01,2023,5,3.1,1465.8,221.0,1481.4,1686.8
Connecticut,2023-06-01,2023,6,3.1,1486.3,224.0,1494.0,1710.3
Connecticut,2023-07-01,2023,7,3.1,1479.0,224.8,1470.7,1703.8
Connecticut,2023-08-01,2023,8,3.1,1470.5,224.1,1463.6,1694.6
Connecticut,2023-09-01,2023,9,3.2,1469.3,221.9,1482.4,1691.2
Connecticut,2023-10-01,2023,10,3.2,1475.4,221.7,1492.1,1697.1000000000001
Connecticut,2023-11-01,2023,11,3.3,1481.5,220.6,1501.2,1702.1
Connecticut,2023-12-01,2023,12,3.3,1479.8,219.3,1498.4,1699.1
Connecticut,2024-01-01,2024,1,3.3,1442.1,214.1,1464.6,1656.1999999999998
Connecticut,2024-02-01,2024,2,3.2,1444.1,212.9,1469.0,1657.0
Connecticut,2024-03-01,2024,3,3.2,1450.0,215.2,1474.1,1665.2
Connecticut,2024-04-01,2024,4,3.2,1461.8,218.8,1483.4,1680.6
Connecticut,2024-05-01,2024,5,3.2,1479.3,220.7,1498.4,1700.0
Connecticut,2024-06-01,2024,6,3.2,1494.4,223.1,1506.5,1717.5
Connecticut,2024-07-01,2024,7,3.3,1489.8,224.0,1486.4,1713.8
Connecticut,2024-08-01,2024,8,3.3,1478.2,222.7,1475.0,1700.9
Connecticut,2024-09-01,2024,9,3.4,1479.6,221.2,1495.0,1700.8
Connecticut,2024-10-01,2024,10,3.4,1485.8,220.9,1506.4,1706.7
Connecticut,2024-11-01,2024,11,3.5,1491.4,219.8,1516.0,1711.2
Connecticut,2024-12-01,2024,12,3.5,1490.9,218.5,1512.9,1709.4
Connecticut,2025-01-01,2025,1,3.6,1453.7,212.9,1479.6,1666.6000000000001
Connecticut,2025-02-01,2025,2,3.7,1454.4,211.6,1481.8,1666.0
Connecticut,2025-03-01,2025,3,3.7,1459.6,213.5,1486.4,1673.1
Connecticut,2025-04-01,2025,4,3.8,1476.3,216.9,1499.7,1693.2
Connecticut,2025-05-01,2025,5,3.8,1488.7,216.1,1513.8,1704.8
Connecticut,2025-06-01,2025,6,3.9,1499.0,221.0,1514.3,1720.0
Connecticut,2025-07-01,2025,7,3.9,1494.4,220.9,1493.9,1715.3000000000002
Connecticut,2025-08-01,2025,8,4.1,1483.7,220.3,1482.0,1704.0
Connecticut,2025-09-01,2025,9,4.2,1482.6,218.6,1500.4,1701.1999999999998
Connecticut,2025-10-01,2025,10,,1490.6,219.3,1511.0,1709.8999999999999
Connecticut,2025-11-01,2025,11,4.3,1492.9,219.4,1515.3,1712.3000000000002
Connecticut,2025-12-01,2025,12,4.3,1491.0,216.5,1513.2,1707.5
Connecticut,2026-01-01,2026,1,4.5,1461.5,212.2,1486.8,1673.7
Connecticut,2026-02-01,2026,2,4.7,1457.5,210.8,1485.2,1668.3
Delaware,2016-01-01,2016,1,4.5,375.8,45.6,394.0,421.40000000000003
Delaware,2016-02-01,2016,2,4.5,375.9,45.8,394.2,421.7
Delaware,2016-03-01,2016,3,4.5,379.0,46.5,398.2,425.5
Delaware,2016-04-01,2016,4,4.5,383.3,46.3,403.3,429.6
Delaware,2016-05-01,2016,5,4.5,387.1,46.6,406.7,433.70000000000005
Delaware,2016-06-01,2016,6,4.5,392.7,47.2,408.6,439.9
Delaware,2016-07-01,2016,7,4.5,394.9,47.6,409.7,442.5
Delaware,2016-08-01,2016,8,4.5,393.8,47.9,406.4,441.7
Delaware,2016-09-01,2016,9,4.6,389.3,47.6,406.2,436.90000000000003
Delaware,2016-10-01,2016,10,4.6,388.0,47.8,406.4,435.8
Delaware,2016-11-01,2016,11,4.6,390.3,47.8,409.3,438.1
Delaware,2016-12-01,2016,12,4.6,391.0,47.8,409.5,438.8
Delaware,2017-01-01,2017,1,4.6,380.3,46.9,398.1,427.2
Delaware,2017-02-01,2017,2,4.6,380.4,47.2,398.1,427.59999999999997
Delaware,2017-03-01,2017,3,4.5,381.8,47.7,401.0,429.5
Delaware,2017-04-01,2017,4,4.5,386.2,47.8,405.2,434.0
Delaware,2017-05-01,2017,5,4.5,389.3,47.6,408.5,436.90000000000003
Delaware,2017-06-01,2017,6,4.4,396.7,48.2,412.6,444.9
Delaware,2017-07-01,2017,7,4.4,397.1,48.3,411.4,445.40000000000003
Delaware,2017-08-01,2017,8,4.3,396.5,48.0,409.3,444.5
Delaware,2017-09-01,2017,9,4.3,392.5,48.1,409.8,440.6
Delaware,2017-10-01,2017,10,4.3,390.8,48.0,408.8,438.8
Delaware,2017-11-01,2017,11,4.2,394.7,48.4,412.5,443.09999999999997
Delaware,2017-12-01,2017,12,4.2,394.8,48.5,412.3,443.3
Delaware,2018-01-01,2018,1,4.1,383.5,47.4,400.0,430.9
Delaware,2018-02-01,2018,2,4.0,384.6,47.9,401.8,432.5
Delaware,2018-03-01,2018,3,3.9,386.9,48.3,404.8,435.2
Delaware,2018-04-01,2018,4,3.8,391.9,48.9,409.5,440.79999999999995
Delaware,2018-05-01,2018,5,3.7,397.7,49.2,415.3,446.9
Delaware,2018-06-01,2018,6,3.7,402.9,50.0,416.8,452.9
Delaware,2018-07-01,2018,7,3.6,402.2,50.0,415.1,452.2
Delaware,2018-08-01,2018,8,3.5,400.9,50.1,412.2,451.0
Delaware,2018-09-01,2018,9,3.5,395.6,49.9,411.2,445.5
Delaware,2018-10-01,2018,10,3.5,397.3,50.1,413.7,447.40000000000003
Delaware,2018-11-01,2018,11,3.5,398.8,50.0,415.7,448.8
Delaware,2018-12-01,2018,12,3.5,399.0,50.6,415.3,449.6
Delaware,2019-01-01,2019,1,3.5,389.2,49.5,404.1,438.7
Delaware,2019-02-01,2019,2,3.5,389.4,49.5,405.6,438.9
Delaware,2019-03-01,2019,3,3.5,393.2,50.1,410.0,443.3
Delaware,2019-04-01,2019,4,3.5,397.0,50.4,413.7,447.4
Delaware,2019-05-01,2019,5,3.5,401.1,50.5,417.0,451.6
Delaware,2019-06-01,2019,6,3.5,405.8,50.8,419.7,456.6
Delaware,2019-07-01,2019,7,3.6,407.0,50.7,420.3,457.7
Delaware,2019-08-01,2019,8,3.6,406.6,50.8,418.6,457.40000000000003
Delaware,2019-09-01,2019,9,3.6,400.5,50.3,416.1,450.8
Delaware,2019-10-01,2019,10,3.6,400.0,50.5,417.0,450.5
Delaware,2019-11-01,2019,11,3.6,402.8,50.4,420.5,453.2
Delaware,2019-12-01,2019,12,3.6,402.2,50.2,419.5,452.4
Delaware,2020-01-01,2020,1,3.6,391.5,49.7,407.0,441.2
Delaware,2020-02-01,2020,2,3.6,391.4,49.5,408.5,440.9
Delaware,2020-03-01,2020,3,5.0,390.5,49.9,408.4,440.4
Delaware,2020-04-01,2020,4,13.1,334.2,44.7,353.8,378.9
Delaware,2020-05-01,2020,5,13.4,344.8,46.3,361.9,391.1
Delaware,2020-06-01,2020,6,12.8,369.0,47.6,383.4,416.6
Delaware,2020-07-01,2020,7,7.6,376.9,48.1,390.6,425.0
Delaware,2020-08-01,2020,8,7.4,378.9,48.2,393.0,427.09999999999997
Delaware,2020-09-01,2020,9,7.6,378.4,47.7,395.5,426.09999999999997
Delaware,2020-10-01,2020,10,5.2,381.2,48.1,398.8,429.3
Delaware,2020-11-01,2020,11,5.4,382.4,48.1,400.2,430.5
Delaware,2020-12-01,2020,12,5.6,381.3,48.3,398.6,429.6
Delaware,2021-01-01,2021,1,5.8,370.9,47.1,386.8,418.0
Delaware,2021-02-01,2021,2,5.9,371.0,46.8,388.7,417.8
Delaware,2021-03-01,2021,3,6.0,375.2,47.7,393.2,422.9
Delaware,2021-04-01,2021,4,6.0,381.0,48.1,399.4,429.1
Delaware,2021-05-01,2021,5,5.9,385.4,48.1,402.9,433.5
Delaware,2021-06-01,2021,6,5.8,389.8,48.3,405.9,438.1
Delaware,2021-07-01,2021,7,5.6,395.4,49.0,410.0,444.4
Delaware,2021-08-01,2021,8,5.4,393.1,49.1,406.7,442.20000000000005
Delaware,2021-09-01,2021,9,5.1,388.2,48.8,405.1,437.0
Delaware,2021-10-01,2021,10,4.9,392.2,48.8,410.2,441.0
Delaware,2021-11-01,2021,11,4.8,395.2,48.7,413.7,443.9
Delaware,2021-12-01,2021,12,4.6,397.0,48.8,415.1,445.8
Delaware,2022-01-01,2022,1,4.5,386.7,47.8,403.4,434.5
Delaware,2022-02-01,2022,2,4.4,390.5,48.6,408.0,439.1
Delaware,2022-03-01,2022,3,4.3,393.1,48.8,411.2,441.90000000000003
Delaware,2022-04-01,2022,4,4.2,400.8,49.8,418.8,450.6
Delaware,2022-05-01,2022,5,4.2,403.5,49.3,421.6,452.8
Delaware,2022-06-01,2022,6,4.2,407.8,49.8,423.1,457.6
Delaware,2022-07-01,2022,7,4.1,411.7,50.1,425.9,461.8
Delaware,2022-08-01,2022,8,4.1,411.2,50.1,424.3,461.3
Delaware,2022-09-01,2022,9,4.1,407.3,49.8,424.9,457.1
Delaware,2022-10-01,2022,10,4.2,408.8,50.1,426.9,458.90000000000003
Delaware,2022-11-01,2022,11,4.1,410.2,50.1,428.8,460.3
Delaware,2022-12-01,2022,12,4.1,409.9,50.1,428.9,460.0
Delaware,2023-01-01,2023,1,4.0,403.2,49.6,419.6,452.8
Delaware,2023-02-01,2023,2,3.9,404.3,49.8,422.8,454.1
Delaware,2023-03-01,2023,3,3.9,406.7,50.0,425.9,456.7
Delaware,2023-04-01,2023,4,3.8,411.8,51.4,429.6,463.2
Delaware,2023-05-01,2023,5,3.8,417.4,51.6,434.4,469.0
Delaware,2023-06-01,2023,6,3.8,422.4,51.4,438.7,473.79999999999995
Delaware,2023-07-01,2023,7,3.9,423.7,51.4,438.1,475.09999999999997
Delaware,2023-08-01,2023,8,3.9,422.1,51.3,436.0,473.40000000000003
Delaware,2023-09-01,2023,9,3.9,417.4,51.1,435.2,468.5
Delaware,2023-10-01,2023,10,4.0,417.3,50.9,436.9,468.2
Delaware,2023-11-01,2023,11,3.9,418.3,51.0,437.9,469.3
Delaware,2023-12-01,2023,12,3.9,417.4,50.7,437.8,468.09999999999997
Delaware,2024-01-01,2024,1,3.9,408.2,49.8,426.2,458.0
Delaware,2024-02-01,2024,2,3.8,408.6,50.0,428.6,458.6
Delaware,2024-03-01,2024,3,3.8,413.0,50.7,433.7,463.7
Delaware,2024-04-01,2024,4,3.9,418.7,51.1,439.1,469.8
Delaware,2024-05-01,2024,5,3.9,422.4,51.0,442.5,473.4
Delaware,2024-06-01,2024,6,4.0,426.4,51.4,444.5,477.79999999999995
Delaware,2024-07-01,2024,7,4.0,429.0,51.5,444.4,480.5
Delaware,2024-08-01,2024,8,3.9,428.7,51.4,443.5,480.09999999999997
Delaware,2024-09-01,2024,9,3.9,424.8,51.2,444.0,476.0
Delaware,2024-10-01,2024,10,3.9,424.3,51.4,445.2,475.7
Delaware,2024-11-01,2024,11,4.0,426.0,51.5,447.4,477.5
Delaware,2024-12-01,2024,12,4.0,423.6,51.1,445.2,474.70000000000005
Delaware,2025-01-01,2025,1,4.1,414.0,49.9,435.0,463.9
Delaware,2025-02-01,2025,2,4.3,415.3,50.1,436.9,465.40000000000003
Delaware,2025-03-01,2025,3,4.4,417.6,50.7,440.1,468.3
Delaware,2025-04-01,2025,4,4.5,423.1,51.5,445.0,474.6
Delaware,2025-05-01,2025,5,4.5,427.6,51.7,448.9,479.3
Delaware,2025-06-01,2025,6,4.7,430.6,52.3,449.6,482.90000000000003
Delaware,2025-07-01,2025,7,4.8,431.2,52.2,448.6,483.4
Delaware,2025-08-01,2025,8,5.0,429.6,52.0,446.3,481.6
Delaware,2025-09-01,2025,9,5.2,423.1,51.5,443.9,474.6
Delaware,2025-10-01,2025,10,,421.2,50.9,443.2,472.09999999999997
Delaware,2025-11-01,2025,11,5.3,421.5,50.7,444.0,472.2
Delaware,2025-12-01,2025,12,5.3,422.6,51.0,444.4,473.6
Delaware,2026-01-01,2026,1,5.4,415.1,50.3,435.8,465.40000000000003
Delaware,2026-02-01,2026,2,5.4,414.2,49.1,437.7,463.3
Florida,2016-01-01,2016,1,5.1,7143.0,806.4,7436.7,7949.4
Florida,2016-02-01,2016,2,5.0,7207.9,815.4,7503.9,8023.299999999999
Florida,2016-03-01,2016,3,4.9,7250.5,821.1,7544.1,8071.6
Florida,2016-04-01,2016,4,4.9,7285.4,829.0,7573.1,8114.4
Florida,2016-05-01,2016,5,4.9,7280.9,833.9,7557.4,8114.799999999999
Florida,2016-06-01,2016,6,4.9,7254.7,839.9,7439.0,8094.599999999999
Florida,2016-07-01,2016,7,4.9,7258.3,844.9,7434.9,8103.2
Florida,2016-08-01,2016,8,4.9,7281.0,847.4,7528.6,8128.4
Florida,2016-09-01,2016,9,4.9,7300.2,852.8,7560.5,8153.0
Florida,2016-10-01,2016,10,4.9,7354.1,855.3,7617.4,8209.4
Florida,2016-11-01,2016,11,4.8,7449.0,860.7,7712.0,8309.7
Florida,2016-12-01,2016,12,4.8,7479.7,863.0,7737.7,8342.7
Florida,2017-01-01,2017,1,4.7,7378.4,855.1,7637.8,8233.5
Florida,2017-02-01,2017,2,4.6,7427.8,864.2,7691.5,8292.0
Florida,2017-03-01,2017,3,4.5,7465.1,870.7,7725.1,8335.800000000001
Florida,2017-04-01,2017,4,4.4,7473.8,870.6,7728.3,8344.4
Florida,2017-05-01,2017,5,4.3,7479.8,876.3,7723.5,8356.1
Florida,2017-06-01,2017,6,4.2,7468.4,883.8,7614.7,8352.199999999999
Florida,2017-07-01,2017,7,4.2,7434.9,882.1,7579.5,8317.0
Florida,2017-08-01,2017,8,4.2,7457.7,885.8,7669.8,8343.5
Florida,2017-09-01,2017,9,4.1,7285.2,852.4,7544.2,8137.599999999999
Florida,2017-10-01,2017,10,4.1,7516.7,889.3,7753.5,8406.0
Florida,2017-11-01,2017,11,4.1,7622.3,894.0,7858.7,8516.3
Florida,2017-12-01,2017,12,4.0,7653.3,897.6,7883.9,8550.9
Florida,2018-01-01,2018,1,3.9,7538.9,890.8,7771.1,8429.699999999999
Florida,2018-02-01,2018,2,3.9,7609.1,904.6,7837.3,8513.7
Florida,2018-03-01,2018,3,3.8,7647.9,911.9,7871.8,8559.8
Florida,2018-04-01,2018,4,3.7,7653.6,913.9,7872.8,8567.5
Florida,2018-05-01,2018,5,3.7,7654.6,917.3,7862.8,8571.9
Florida,2018-06-01,2018,6,3.6,7642.2,926.7,7756.5,8568.9
Florida,2018-07-01,2018,7,3.6,7621.5,926.7,7726.1,8548.2
Florida,2018-08-01,2018,8,3.5,7664.6,932.2,7843.7,8596.800000000001
Florida,2018-09-01,2018,9,3.5,7660.5,934.1,7852.1,8594.6
Florida,2018-10-01,2018,10,3.5,7730.1,939.8,7927.8,8669.9
Florida,2018-11-01,2018,11,3.5,7827.7,943.0,8028.5,8770.7
Florida,2018-12-01,2018,12,3.5,7843.3,945.4,8037.3,8788.7
Florida,2019-01-01,2019,1,3.5,7742.0,938.2,7932.1,8680.2
Florida,2019-02-01,2019,2,3.4,7807.5,946.4,8001.9,8753.9
Florida,2019-03-01,2019,3,3.4,7829.6,950.4,8022.7,8780.0
Florida,2019-04-01,2019,4,3.3,7835.7,950.0,8028.3,8785.7
Florida,2019-05-01,2019,5,3.3,7830.3,954.3,8010.1,8784.6
Florida,2019-06-01,2019,6,3.2,7803.7,959.8,7896.3,8763.5
Florida,2019-07-01,2019,7,3.2,7795.0,959.6,7874.9,8754.6
Florida,2019-08-01,2019,8,3.2,7831.3,963.5,7988.0,8794.8
Florida,2019-09-01,2019,9,3.2,7801.7,962.5,7976.4,8764.2
Florida,2019-10-01,2019,10,3.1,7898.5,968.6,8079.8,8867.1
Florida,2019-11-01,2019,11,3.1,7999.3,973.1,8182.4,8972.4
Florida,2019-12-01,2019,12,3.0,8019.3,972.1,8200.2,8991.4
Florida,2020-01-01,2020,1,3.0,7909.8,963.8,8092.0,8873.6
Florida,2020-02-01,2020,2,3.0,7965.8,972.0,8147.7,8937.8
Florida,2020-03-01,2020,3,4.0,7904.7,968.5,8089.2,8873.2
Florida,2020-04-01,2020,4,13.3,6734.4,906.3,6938.5,7640.7
Florida,2020-05-01,2020,5,14.1,6956.6,935.5,7117.8,7892.1
Florida,2020-06-01,2020,6,11.6,7209.4,949.5,7286.8,8158.9
Florida,2020-07-01,2020,7,11.6,7232.0,942.2,7317.7,8174.2
Florida,2020-08-01,2020,8,8.6,7284.0,944.7,7420.5,8228.7
Florida,2020-09-01,2020,9,8.0,7300.2,941.9,7474.6,8242.1
Florida,2020-10-01,2020,10,6.9,7472.8,951.6,7639.9,8424.4
Florida,2020-11-01,2020,11,6.5,7576.3,952.2,7736.7,8528.5
Florida,2020-12-01,2020,12,6.2,7629.6,957.6,7777.3,8587.2
Florida,2021-01-01,2021,1,5.8,7553.9,950.9,7704.3,8504.8
Florida,2021-02-01,2021,2,5.5,7633.0,960.3,7783.0,8593.3
Florida,2021-03-01,2021,3,5.4,7680.5,968.4,7823.7,8648.9
Florida,2021-04-01,2021,4,5.2,7701.1,965.9,7845.1,8667.0
Florida,2021-05-01,2021,5,5.0,7740.3,966.8,7874.4,8707.1
Florida,2021-06-01,2021,6,5.0,7761.3,968.9,7815.2,8730.2
Florida,2021-07-01,2021,7,4.7,7840.8,976.4,7880.6,8817.2
Florida,2021-08-01,2021,8,4.5,7861.4,974.0,7968.1,8835.4
Florida,2021-09-01,2021,9,4.2,7878.7,975.3,8008.9,8854.0
Florida,2021-10-01,2021,10,4.0,8059.6,986.3,8180.8,9045.9
Florida,2021-11-01,2021,11,3.8,8161.9,990.9,8283.2,9152.8
Florida,2021-12-01,2021,12,3.6,8196.0,993.2,8307.3,9189.2
Florida,2022-01-01,2022,1,3.5,8095.2,984.0,8209.0,9079.2
Florida,2022-02-01,2022,2,3.3,8205.0,999.3,8310.9,9204.3
Florida,2022-03-01,2022,3,3.2,8222.4,1002.8,8325.0,9225.199999999999
Florida,2022-04-01,2022,4,3.1,8304.8,1009.3,8401.9,9314.099999999999
Florida,2022-05-01,2022,5,3.0,8311.9,1013.0,8398.3,9324.9
Florida,2022-06-01,2022,6,2.9,8293.3,1018.6,8294.3,9311.9
Florida,2022-07-01,2022,7,2.9,8342.2,1023.7,8337.2,9365.900000000001
Florida,2022-08-01,2022,8,2.8,8381.1,1025.1,8443.2,9406.2
Florida,2022-09-01,2022,9,2.8,8398.3,1027.8,8482.1,9426.099999999999
Florida,2022-10-01,2022,10,2.9,8471.5,1033.3,8558.0,9504.8
Florida,2022-11-01,2022,11,2.9,8542.7,1035.5,8632.2,9578.2
Florida,2022-12-01,2022,12,2.8,8574.4,1041.1,8653.6,9615.5
Florida,2023-01-01,2023,1,2.8,8497.8,1033.1,8585.7,9530.9
Florida,2023-02-01,2023,2,2.8,8559.4,1041.2,8651.7,9600.6
Florida,2023-03-01,2023,3,2.8,8585.9,1046.6,8673.7,9632.5
Florida,2023-04-01,2023,4,2.8,8624.1,1051.4,8711.0,9675.5
Florida,2023-05-01,2023,5,2.8,8631.0,1055.6,8703.9,9686.6
Florida,2023-06-01,2023,6,2.9,8622.5,1061.9,8616.5,9684.4
Florida,2023-07-01,2023,7,2.9,8596.1,1061.2,8585.9,9657.300000000001
Florida,2023-08-01,2023,8,3.0,8617.1,1063.6,8673.2,9680.7
Florida,2023-09-01,2023,9,3.0,8625.1,1066.6,8703.3,9691.7
Florida,2023-10-01,2023,10,3.1,8718.1,1075.2,8800.7,9793.300000000001
Florida,2023-11-01,2023,11,3.1,8793.9,1075.3,8880.5,9869.199999999999
Florida,2023-12-01,2023,12,3.1,8807.1,1077.6,8886.5,9884.7
Florida,2024-01-01,2024,1,3.1,8702.1,1065.8,8792.8,9767.9
Florida,2024-02-01,2024,2,3.2,8757.7,1074.7,8850.6,9832.400000000001
Florida,2024-03-01,2024,3,3.2,8779.5,1079.5,8869.9,9859.0
Florida,2024-04-01,2024,4,3.3,8804.2,1082.4,8894.8,9886.6
Florida,2024-05-01,2024,5,3.3,8795.8,1086.7,8871.5,9882.5
Florida,2024-06-01,2024,6,3.4,8750.7,1089.6,8747.4,9840.300000000001
Florida,2024-07-01,2024,7,3.4,8728.0,1090.9,8717.5,9818.9
Florida,2024-08-01,2024,8,3.4,8753.2,1092.3,8811.3,9845.5
Florida,2024-09-01,2024,9,3.5,8752.6,1091.4,8837.2,9844.0
Florida,2024-10-01,2024,10,3.5,8720.2,1077.2,8825.0,9797.400000000001
Florida,2024-11-01,2024,11,3.5,8903.1,1094.4,8981.2,9997.5
Florida,2024-12-01,2024,12,3.5,8906.5,1093.2,8979.4,9999.7
Florida,2025-01-01,2025,1,3.5,8815.5,1083.2,8895.5,9898.7
Florida,2025-02-01,2025,2,3.6,8868.7,1091.8,8950.3,9960.5
Florida,2025-03-01,2025,3,3.6,8880.0,1094.7,8960.1,9974.7
Florida,2025-04-01,2025,4,3.7,8903.1,1093.6,8980.7,9996.7
Florida,2025-05-01,2025,5,3.7,8880.3,1094.0,8948.2,9974.3
Florida,2025-06-01,2025,6,3.8,8820.4,1093.3,8809.3,9913.699999999999
Florida,2025-07-01,2025,7,3.9,8784.3,1087.7,8768.9,9872.0
Florida,2025-08-01,2025,8,4.0,8795.6,1087.1,8846.2,9882.7
Florida,2025-09-01,2025,9,4.2,8764.1,1083.4,8842.6,9847.5
Florida,2025-10-01,2025,10,,8813.3,1083.6,8890.1,9896.9
Florida,2025-11-01,2025,11,4.3,8876.8,1083.3,8955.8,9960.099999999999
Florida,2025-12-01,2025,12,4.3,8892.8,1082.3,8966.7,9975.099999999999
Florida,2026-01-01,2026,1,4.5,8799.1,1074.0,8875.9,9873.1
Florida,2026-02-01,2026,2,4.6,8836.8,1081.3,8917.6,9918.099999999999
Georgia,2016-01-01,2016,1,5.7,3603.8,562.9,3717.3,4166.7
Georgia,2016-02-01,2016,2,5.6,3622.6,566.6,3738.4,4189.2
Georgia,2016-03-01,2016,3,5.5,3639.6,569.0,3749.2,4208.6
Georgia,2016-04-01,2016,4,5.5,3680.0,572.5,3791.5,4252.5
Georgia,2016-05-01,2016,5,5.4,3693.7,573.9,3802.8,4267.599999999999
Georgia,2016-06-01,2016,6,5.4,3697.4,577.5,3795.5,4274.9
Georgia,2016-07-01,2016,7,5.4,3706.1,580.8,3775.5,4286.9
Georgia,2016-08-01,2016,8,5.4,3716.2,582.0,3808.4,4298.2
Georgia,2016-09-01,2016,9,5.4,3718.4,583.0,3819.5,4301.4
Georgia,2016-10-01,2016,10,5.4,3734.6,583.0,3839.5,4317.6
Georgia,2016-11-01,2016,11,5.4,3763.3,585.8,3871.5,4349.1
Georgia,2016-12-01,2016,12,5.3,3772.2,587.7,3872.8,4359.9
Georgia,2017-01-01,2017,1,5.2,3694.4,582.7,3790.2,4277.1
Georgia,2017-02-01,2017,2,5.1,3713.9,586.5,3812.4,4300.4
Georgia,2017-03-01,2017,3,5.0,3738.4,588.6,3836.9,4327.0
Georgia,2017-04-01,2017,4,4.9,3753.6,587.3,3855.1,4340.9
Georgia,2017-05-01,2017,5,4.9,3769.8,590.0,3866.4,4359.8
Georgia,2017-06-01,2017,6,4.8,3783.6,594.7,3869.0,4378.3
Georgia,2017-07-01,2017,7,4.7,3778.4,594.0,3841.6,4372.4
Georgia,2017-08-01,2017,8,4.6,3795.6,594.8,3880.9,4390.4
Georgia,2017-09-01,2017,9,4.6,3775.0,594.0,3869.3,4369.0
Georgia,2017-10-01,2017,10,4.5,3815.6,596.4,3911.2,4412.0
Georgia,2017-11-01,2017,11,4.4,3842.8,597.3,3940.6,4440.1
Georgia,2017-12-01,2017,12,4.4,3843.7,600.5,3934.8,4444.2
Georgia,2018-01-01,2018,1,4.3,3764.4,595.1,3855.6,4359.5
Georgia,2018-02-01,2018,2,4.2,3792.3,602.2,3881.2,4394.5
Georgia,2018-03-01,2018,3,4.2,3818.4,605.0,3905.8,4423.4
Georgia,2018-04-01,2018,4,4.1,3830.5,604.5,3917.8,4435.0
Georgia,2018-05-01,2018,5,4.0,3846.6,607.9,3933.5,4454.5
Georgia,2018-06-01,2018,6,4.0,3860.8,612.7,3931.7,4473.5
Georgia,2018-07-01,2018,7,3.9,3862.0,612.1,3913.5,4474.1
Georgia,2018-08-01,2018,8,3.9,3880.5,613.9,3954.4,4494.4
Georgia,2018-09-01,2018,9,3.9,3873.5,615.3,3950.8,4488.8
Georgia,2018-10-01,2018,10,3.9,3892.9,615.2,3974.6,4508.1
Georgia,2018-11-01,2018,11,3.9,3922.7,613.7,4009.9,4536.4
Georgia,2018-12-01,2018,12,3.9,3920.7,616.7,4002.2,4537.4
Georgia,2019-01-01,2019,1,3.9,3873.0,612.5,3946.7,4485.5
Georgia,2019-02-01,2019,2,3.8,3894.2,616.5,3969.9,4510.7
Georgia,2019-03-01,2019,3,3.7,3909.5,618.3,3985.3,4527.8
Georgia,2019-04-01,2019,4,3.7,3916.8,617.4,3993.3,4534.2
Georgia,2019-05-01,2019,5,3.6,3933.7,620.2,4007.1,4553.9
Georgia,2019-06-01,2019,6,3.6,3945.6,623.7,4002.4,4569.3
Georgia,2019-07-01,2019,7,3.6,3939.7,623.8,3979.3,4563.5
Georgia,2019-08-01,2019,8,3.5,3954.7,623.1,4024.5,4577.8
Georgia,2019-09-01,2019,9,3.5,3944.5,621.7,4019.3,4566.2
Georgia,2019-10-01,2019,10,3.4,3970.3,621.6,4047.9,4591.900000000001
Georgia,2019-11-01,2019,11,3.4,4002.7,622.0,4082.7,4624.7
Georgia,2019-12-01,2019,12,3.5,4010.5,623.0,4085.9,4633.5
Georgia,2020-01-01,2020,1,3.6,3946.5,616.2,4024.4,4562.7
Georgia,2020-02-01,2020,2,3.6,3962.7,620.8,4039.6,4583.5
Georgia,2020-03-01,2020,3,3.7,3944.0,620.3,4022.9,4564.3
Georgia,2020-04-01,2020,4,12.5,3382.7,563.4,3500.0,3946.1
Georgia,2020-05-01,2020,5,9.8,3525.6,578.0,3620.1,4103.6
Georgia,2020-06-01,2020,6,8.4,3639.8,589.6,3715.0,4229.400000000001
Georgia,2020-07-01,2020,7,7.7,3655.0,588.1,3721.2,4243.1
Georgia,2020-08-01,2020,8,6.8,3701.0,591.3,3789.9,4292.3
Georgia,2020-09-01,2020,9,6.5,3715.9,594.2,3799.8,4310.1
Georgia,2020-10-01,2020,10,5.6,3786.7,595.8,3870.7,4382.5
Georgia,2020-11-01,2020,11,5.3,3827.8,595.9,3911.8,4423.7
Georgia,2020-12-01,2020,12,5.1,3855.2,598.1,3933.8,4453.3
Georgia,2021-01-01,2021,1,4.9,3788.4,595.5,3866.6,4383.9
Georgia,2021-02-01,2021,2,4.6,3823.6,600.7,3892.8,4424.3
Georgia,2021-03-01,2021,3,4.5,3844.6,604.4,3912.3,4449.0
Georgia,2021-04-01,2021,4,4.3,3853.2,603.6,3922.3,4456.8
Georgia,2021-05-01,2021,5,4.1,3886.6,604.0,3953.2,4490.6
Georgia,2021-06-01,2021,6,4.0,3911.9,608.9,3964.4,4520.8
Georgia,2021-07-01,2021,7,3.8,3954.9,614.7,3989.3,4569.6
Georgia,2021-08-01,2021,8,3.6,3954.5,613.5,4011.8,4568.0
Georgia,2021-09-01,2021,9,3.5,3949.0,614.8,4010.2,4563.8
Georgia,2021-10-01,2021,10,3.3,4027.7,622.5,4083.7,4650.2
Georgia,2021-11-01,2021,11,3.2,4064.9,625.3,4121.1,4690.2
Georgia,2021-12-01,2021,12,3.2,4077.3,627.2,4126.0,4704.5
Georgia,2022-01-01,2022,1,3.1,4010.6,621.3,4060.9,4631.9
Georgia,2022-02-01,2022,2,3.1,4061.7,631.4,4105.3,4693.099999999999
Georgia,2022-03-01,2022,3,3.0,4074.3,633.6,4115.6,4707.900000000001
Georgia,2022-04-01,2022,4,3.0,4110.0,635.9,4150.7,4745.9
Georgia,2022-05-01,2022,5,3.0,4124.5,638.5,4163.4,4763.0
Georgia,2022-06-01,2022,6,3.1,4130.4,642.4,4157.7,4772.799999999999
Georgia,2022-07-01,2022,7,3.1,4157.7,644.5,4166.9,4802.2
Georgia,2022-08-01,2022,8,3.2,4156.4,643.7,4190.9,4800.099999999999
Georgia,2022-09-01,2022,9,3.2,4160.3,647.3,4196.5,4807.6
Georgia,2022-10-01,2022,10,3.2,4190.9,648.3,4230.2,4839.2
Georgia,2022-11-01,2022,11,3.2,4219.0,648.2,4263.4,4867.2
Georgia,2022-12-01,2022,12,3.2,4218.8,649.7,4260.5,4868.5
Georgia,2023-01-01,2023,1,3.2,4161.2,646.5,4203.2,4807.7
Georgia,2023-02-01,2023,2,3.2,4186.0,652.0,4226.3,4838.0
Georgia,2023-03-01,2023,3,3.2,4193.2,655.1,4232.0,4848.3
Georgia,2023-04-01,2023,4,3.2,4198.6,654.4,4236.0,4853.0
Georgia,2023-05-01,2023,5,3.2,4209.3,657.1,4244.6,4866.400000000001
Georgia,2023-06-01,2023,6,3.2,4224.1,662.5,4246.7,4886.6
Georgia,2023-07-01,2023,7,3.2,4212.2,661.4,4221.2,4873.599999999999
Georgia,2023-08-01,2023,8,3.3,4218.5,661.5,4254.8,4880.0
Georgia,2023-09-01,2023,9,3.3,4218.5,663.5,4260.6,4882.0
Georgia,2023-10-01,2023,10,3.3,4237.2,663.5,4281.8,4900.7
Georgia,2023-11-01,2023,11,3.2,4267.7,664.2,4315.9,4931.9
Georgia,2023-12-01,2023,12,3.2,4270.8,664.3,4315.8,4935.1
Georgia,2024-01-01,2024,1,3.2,4196.0,657.7,4243.0,4853.7
Georgia,2024-02-01,2024,2,3.2,4216.1,663.4,4262.5,4879.5
Georgia,2024-03-01,2024,3,3.3,4236.1,667.2,4283.5,4903.3
Georgia,2024-04-01,2024,4,3.4,4253.0,666.2,4298.5,4919.2
Georgia,2024-05-01,2024,5,3.4,4269.0,667.6,4317.4,4936.6
Georgia,2024-06-01,2024,6,3.5,4274.5,671.4,4306.1,4945.9
Georgia,2024-07-01,2024,7,3.5,4260.9,671.0,4276.0,4931.9
Georgia,2024-08-01,2024,8,3.5,4258.4,671.1,4300.1,4929.5
Georgia,2024-09-01,2024,9,3.5,4247.9,669.9,4295.7,4917.799999999999
Georgia,2024-10-01,2024,10,3.5,4269.8,670.4,4321.7,4940.2
Georgia,2024-11-01,2024,11,3.4,4301.1,670.1,4355.4,4971.200000000001
Georgia,2024-12-01,2024,12,3.4,4303.4,670.5,4352.9,4973.9
Georgia,2025-01-01,2025,1,3.4,4216.5,663.0,4270.6,4879.5
Georgia,2025-02-01,2025,2,3.4,4244.2,670.0,4293.6,4914.2
Georgia,2025-03-01,2025,3,3.4,4246.9,671.6,4294.5,4918.5
Georgia,2025-04-01,2025,4,3.3,4274.0,673.2,4320.4,4947.2
Georgia,2025-05-01,2025,5,3.3,4285.2,675.2,4328.3,4960.4
Georgia,2025-06-01,2025,6,3.3,4275.2,675.4,4308.6,4950.599999999999
Georgia,2025-07-01,2025,7,3.3,4279.3,671.9,4298.2,4951.2
Georgia,2025-08-01,2025,8,3.4,4281.5,673.8,4318.5,4955.3
Georgia,2025-09-01,2025,9,3.4,4257.4,672.2,4301.8,4929.599999999999
Georgia,2025-10-01,2025,10,,4273.5,672.5,4316.4,4946.0
Georgia,2025-11-01,2025,11,3.5,4295.6,670.8,4341.7,4966.400000000001
Georgia,2025-12-01,2025,12,3.5,4307.5,673.5,4346.9,4981.0
Georgia,2026-01-01,2026,1,3.5,4239.4,666.5,4281.4,4905.9
Georgia,2026-02-01,2026,2,3.6,4243.0,665.7,4289.6,4908.7
Hawaii,2016-01-01,2016,1,3.1,514.2,52.8,584.3,567.0
Hawaii,2016-02-01,2016,2,3.1,516.6,53.3,591.2,569.9
Hawaii,2016-03-01,2016,3,3.0,518.3,53.6,593.7,571.9
Hawaii,2016-04-01,2016,4,3.0,519.2,53.5,592.3,572.7
Hawaii,2016-05-01,2016,5,3.0,519.4,53.8,594.7,573.1999999999999
Hawaii,2016-06-01,2016,6,3.0,519.1,54.0,591.3,573.1
Hawaii,2016-07-01,2016,7,2.9,522.3,54.6,586.5,576.9
Hawaii,2016-08-01,2016,8,2.9,524.6,54.6,589.7,579.2
Hawaii,2016-09-01,2016,9,2.8,524.2,53.9,595.7,578.1
Hawaii,2016-10-01,2016,10,2.8,522.8,53.3,597.2,576.0999999999999
Hawaii,2016-11-01,2016,11,2.7,527.1,53.3,605.7,580.4
Hawaii,2016-12-01,2016,12,2.6,530.6,53.1,604.6,583.7
Hawaii,2017-01-01,2017,1,2.6,522.2,51.4,595.5,573.6
Hawaii,2017-02-01,2017,2,2.5,524.2,51.7,601.7,575.9000000000001
Hawaii,2017-03-01,2017,3,2.5,527.8,52.1,605.1,579.9
Hawaii,2017-04-01,2017,4,2.4,526.5,51.9,603.6,578.4
Hawaii,2017-05-01,2017,5,2.3,528.0,52.1,605.4,580.1
Hawaii,2017-06-01,2017,6,2.2,529.3,52.5,602.8,581.8
Hawaii,2017-07-01,2017,7,2.2,529.9,52.3,594.7,582.1999999999999
Hawaii,2017-08-01,2017,8,2.1,531.5,52.5,593.6,584.0
Hawaii,2017-09-01,2017,9,2.0,531.1,52.3,603.1,583.4
Hawaii,2017-10-01,2017,10,2.0,530.2,51.7,604.8,581.9000000000001
Hawaii,2017-11-01,2017,11,2.0,533.8,52.0,609.4,585.8
Hawaii,2017-12-01,2017,12,2.0,538.6,52.2,615.0,590.8000000000001
Hawaii,2018-01-01,2018,1,2.1,528.3,51.0,599.6,579.3
Hawaii,2018-02-01,2018,2,2.1,530.1,51.3,606.6,581.4
Hawaii,2018-03-01,2018,3,2.2,533.5,51.6,609.7,585.1
Hawaii,2018-04-01,2018,4,2.2,531.0,51.9,606.0,582.9
Hawaii,2018-05-01,2018,5,2.3,531.0,51.9,607.9,582.9
Hawaii,2018-06-01,2018,6,2.4,533.2,52.3,606.2,585.5
Hawaii,2018-07-01,2018,7,2.4,530.6,52.6,595.6,583.2
Hawaii,2018-08-01,2018,8,2.5,533.0,52.6,599.7,585.6
Hawaii,2018-09-01,2018,9,2.6,531.4,52.5,602.9,583.9
Hawaii,2018-10-01,2018,10,2.6,532.5,52.6,606.4,585.1
Hawaii,2018-11-01,2018,11,2.7,535.8,52.4,614.8,588.1999999999999
Hawaii,2018-12-01,2018,12,2.7,540.6,52.4,618.0,593.0
Hawaii,2019-01-01,2019,1,2.8,528.3,50.9,601.1,579.1999999999999
Hawaii,2019-02-01,2019,2,2.7,530.3,51.1,608.4,581.4
Hawaii,2019-03-01,2019,3,2.7,531.6,51.9,608.8,583.5
Hawaii,2019-04-01,2019,4,2.6,529.8,51.7,605.8,581.5
Hawaii,2019-05-01,2019,5,2.6,530.7,51.8,608.8,582.5
Hawaii,2019-06-01,2019,6,2.5,529.7,51.6,604.4,581.3000000000001
Hawaii,2019-07-01,2019,7,2.5,531.6,51.9,598.2,583.5
Hawaii,2019-08-01,2019,8,2.4,533.5,52.0,598.7,585.5
Hawaii,2019-09-01,2019,9,2.4,532.4,51.8,606.7,584.1999999999999
Hawaii,2019-10-01,2019,10,2.4,532.7,51.6,609.1,584.3000000000001
Hawaii,2019-11-01,2019,11,2.3,537.9,52.0,615.1,589.9
Hawaii,2019-12-01,2019,12,2.2,539.8,52.0,617.6,591.8
Hawaii,2020-01-01,2020,1,2.2,533.4,50.6,608.8,584.0
Hawaii,2020-02-01,2020,2,2.2,534.0,50.8,613.0,584.8
Hawaii,2020-03-01,2020,3,2.1,527.4,50.8,606.9,578.1999999999999
Hawaii,2020-04-01,2020,4,22.5,393.2,45.1,465.3,438.3
Hawaii,2020-05-01,2020,5,20.7,394.7,48.3,462.3,443.0
Hawaii,2020-06-01,2020,6,17.3,408.0,49.1,475.7,457.1
Hawaii,2020-07-01,2020,7,15.6,404.8,48.2,473.9,453.0
Hawaii,2020-08-01,2020,8,13.0,404.8,48.6,473.9,453.40000000000003
Hawaii,2020-09-01,2020,9,13.3,389.1,47.8,461.1,436.90000000000003
Hawaii,2020-10-01,2020,10,11.3,411.0,48.3,482.5,459.3
Hawaii,2020-11-01,2020,11,10.5,427.6,48.7,499.4,476.3
Hawaii,2020-12-01,2020,12,10.2,439.4,49.5,511.9,488.9
Hawaii,2021-01-01,2021,1,9.5,432.6,48.0,502.5,480.6
Hawaii,2021-02-01,2021,2,9.1,438.2,48.6,509.8,486.8
Hawaii,2021-03-01,2021,3,8.4,445.4,48.9,517.2,494.29999999999995
Hawaii,2021-04-01,2021,4,7.8,456.5,49.2,530.2,505.7
Hawaii,2021-05-01,2021,5,6.9,463.1,49.3,537.3,512.4
Hawaii,2021-06-01,2021,6,6.3,470.6,49.5,541.0,520.1
Hawaii,2021-07-01,2021,7,5.4,478.2,49.9,546.4,528.1
Hawaii,2021-08-01,2021,8,4.7,479.3,49.5,544.7,528.8
Hawaii,2021-09-01,2021,9,3.9,476.0,49.1,546.1,525.1
Hawaii,2021-10-01,2021,10,3.3,481.2,49.5,552.4,530.7
Hawaii,2021-11-01,2021,11,3.2,487.2,49.6,558.9,536.8
Hawaii,2021-12-01,2021,12,3.1,492.3,49.4,565.3,541.7
Hawaii,2022-01-01,2022,1,3.1,481.9,47.8,552.1,529.6999999999999
Hawaii,2022-02-01,2022,2,3.2,487.8,48.8,560.7,536.6
Hawaii,2022-03-01,2022,3,3.2,490.4,49.4,562.6,539.8
Hawaii,2022-04-01,2022,4,3.3,493.3,49.8,565.8,543.1
Hawaii,2022-05-01,2022,5,3.3,492.6,49.4,566.0,542.0
Hawaii,2022-06-01,2022,6,3.3,493.9,49.5,564.3,543.4
Hawaii,2022-07-01,2022,7,3.3,499.6,50.1,566.8,549.7
Hawaii,2022-08-01,2022,8,3.3,499.8,50.2,565.8,550.0
Hawaii,2022-09-01,2022,9,3.3,500.8,50.4,571.0,551.2
Hawaii,2022-10-01,2022,10,3.3,504.9,50.3,576.3,555.1999999999999
Hawaii,2022-11-01,2022,11,3.2,509.2,50.5,581.7,559.7
Hawaii,2022-12-01,2022,12,3.1,512.6,50.7,586.0,563.3000000000001
Hawaii,2023-01-01,2023,1,3.1,506.4,49.9,573.4,556.3
Hawaii,2023-02-01,2023,2,3.0,510.4,50.5,584.1,560.9
Hawaii,2023-03-01,2023,3,2.9,509.1,50.4,583.3,559.5
Hawaii,2023-04-01,2023,4,2.8,509.2,50.7,584.2,559.9
Hawaii,2023-05-01,2023,5,2.8,509.5,50.6,585.1,560.1
Hawaii,2023-06-01,2023,6,2.8,511.2,51.2,582.2,562.4
Hawaii,2023-07-01,2023,7,2.8,512.0,51.2,580.0,563.2
Hawaii,2023-08-01,2023,8,2.8,509.4,50.9,574.2,560.3
Hawaii,2023-09-01,2023,9,2.8,503.1,51.0,575.4,554.1
Hawaii,2023-10-01,2023,10,2.8,504.5,51.0,578.8,555.5
Hawaii,2023-11-01,2023,11,2.9,510.2,51.3,585.4,561.5
Hawaii,2023-12-01,2023,12,2.9,515.4,51.3,591.6,566.6999999999999
Hawaii,2024-01-01,2024,1,2.8,507.2,50.6,579.2,557.8
Hawaii,2024-02-01,2024,2,2.8,511.1,51.1,587.8,562.2
Hawaii,2024-03-01,2024,3,2.8,511.5,51.6,588.1,563.1
Hawaii,2024-04-01,2024,4,2.8,510.7,52.0,585.0,562.7
Hawaii,2024-05-01,2024,5,2.8,512.3,52.0,589.3,564.3
Hawaii,2024-06-01,2024,6,2.8,509.9,52.2,582.6,562.1
Hawaii,2024-07-01,2024,7,2.8,511.4,52.4,580.6,563.8
Hawaii,2024-08-01,2024,8,2.8,513.6,52.7,578.6,566.3000000000001
Hawaii,2024-09-01,2024,9,2.8,512.9,52.7,584.8,565.6
Hawaii,2024-10-01,2024,10,2.7,512.8,52.6,587.6,565.4
Hawaii,2024-11-01,2024,11,2.7,518.6,52.9,594.6,571.5
Hawaii,2024-12-01,2024,12,2.6,521.2,52.9,597.3,574.1
Hawaii,2025-01-01,2025,1,2.6,514.3,52.4,588.0,566.6999999999999
Hawaii,2025-02-01,2025,2,2.6,514.7,52.7,591.6,567.4000000000001
Hawaii,2025-03-01,2025,3,2.5,514.3,53.0,593.4,567.3
Hawaii,2025-04-01,2025,4,2.5,515.1,53.0,591.1,568.1
Hawaii,2025-05-01,2025,5,2.4,514.3,53.2,591.6,567.5
Hawaii,2025-06-01,2025,6,2.3,511.9,53.0,585.2,564.9
Hawaii,2025-07-01,2025,7,2.2,515.5,53.4,584.7,568.9
Hawaii,2025-08-01,2025,8,2.1,515.6,53.7,580.7,569.3000000000001
Hawaii,2025-09-01,2025,9,2.1,513.4,53.7,584.5,567.1
Hawaii,2025-10-01,2025,10,,517.6,53.4,589.6,571.0
Hawaii,2025-11-01,2025,11,2.2,519.2,53.9,593.1,573.1
Hawaii,2025-12-01,2025,12,2.2,522.9,54.0,595.9,576.9
Hawaii,2026-01-01,2026,1,2.2,516.3,53.7,585.8,570.0
Hawaii,2026-02-01,2026,2,2.3,517.1,54.2,590.3,571.3000000000001
Idaho,2016-01-01,2016,1,3.8,549.3,104.1,562.6,653.4
Idaho,2016-02-01,2016,2,3.8,553.7,105.0,570.4,658.7
Idaho,2016-03-01,2016,3,3.8,559.6,106.9,575.5,666.5
Idaho,2016-04-01,2016,4,3.8,565.5,109.1,578.7,674.6
Idaho,2016-05-01,2016,5,3.7,570.9,110.7,583.8,681.6
Idaho,2016-06-01,2016,6,3.7,579.5,113.0,587.8,692.5
Idaho,2016-07-01,2016,7,3.7,587.4,115.0,587.8,702.4
Idaho,2016-08-01,2016,8,3.7,586.7,115.2,586.0,701.9000000000001
Idaho,2016-09-01,2016,9,3.7,583.9,114.3,592.4,698.1999999999999
Idaho,2016-10-01,2016,10,3.7,581.0,112.8,593.0,693.8
Idaho,2016-11-01,2016,11,3.6,581.3,112.3,593.1,693.5999999999999
Idaho,2016-12-01,2016,12,3.5,578.7,110.8,590.7,689.5
Idaho,2017-01-01,2017,1,3.5,568.6,108.2,580.6,676.8000000000001
Idaho,2017-02-01,2017,2,3.4,572.2,109.1,586.3,681.3000000000001
Idaho,2017-03-01,2017,3,3.3,579.4,111.5,592.1,690.9
Idaho,2017-04-01,2017,4,3.2,582.5,112.9,594.3,695.4
Idaho,2017-05-01,2017,5,3.1,590.4,115.5,601.3,705.9
Idaho,2017-06-01,2017,6,3.1,601.1,118.8,606.4,719.9
Idaho,2017-07-01,2017,7,3.1,604.1,119.7,601.1,723.8000000000001
Idaho,2017-08-01,2017,8,3.1,604.2,120.2,600.1,724.4000000000001
Idaho,2017-09-01,2017,9,3.1,600.9,119.5,605.7,720.4
Idaho,2017-10-01,2017,10,3.1,598.7,119.7,605.9,718.4000000000001
Idaho,2017-11-01,2017,11,3.1,598.8,119.1,605.9,717.9
Idaho,2017-12-01,2017,12,3.1,597.5,117.8,605.3,715.3
Idaho,2018-01-01,2018,1,3.0,588.7,115.0,595.2,703.7
Idaho,2018-02-01,2018,2,2.9,593.9,116.4,603.3,710.3
Idaho,2018-03-01,2018,3,2.9,598.1,117.6,607.0,715.7
Idaho,2018-04-01,2018,4,2.8,604.1,119.0,612.0,723.1
Idaho,2018-05-01,2018,5,2.8,612.3,122.1,618.0,734.4
Idaho,2018-06-01,2018,6,2.8,623.3,125.1,623.8,748.4
Idaho,2018-07-01,2018,7,2.8,628.1,126.3,620.7,754.4
Idaho,2018-08-01,2018,8,2.8,627.6,126.5,619.8,754.1
Idaho,2018-09-01,2018,9,2.8,620.6,125.4,621.2,746.0
Idaho,2018-10-01,2018,10,2.9,622.0,125.4,625.4,747.4
Idaho,2018-11-01,2018,11,3.0,621.7,125.1,624.5,746.8000000000001
Idaho,2018-12-01,2018,12,3.0,620.0,123.4,624.0,743.4
Idaho,2019-01-01,2019,1,3.0,610.9,121.0,612.7,731.9
Idaho,2019-02-01,2019,2,3.0,613.9,121.2,620.3,735.1
Idaho,2019-03-01,2019,3,2.9,617.2,122.2,623.2,739.4000000000001
Idaho,2019-04-01,2019,4,2.9,624.3,123.9,629.0,748.1999999999999
Idaho,2019-05-01,2019,5,2.8,633.0,126.9,635.8,759.9
Idaho,2019-06-01,2019,6,2.8,642.5,129.8,639.5,772.3
Idaho,2019-07-01,2019,7,2.9,647.4,130.6,636.3,778.0
Idaho,2019-08-01,2019,8,2.9,647.3,130.9,636.1,778.1999999999999
Idaho,2019-09-01,2019,9,2.9,639.9,129.4,638.1,769.3
Idaho,2019-10-01,2019,10,2.9,641.7,128.8,643.3,770.5
Idaho,2019-11-01,2019,11,2.8,642.7,129.0,643.5,771.7
Idaho,2019-12-01,2019,12,2.8,641.1,127.4,642.6,768.5
Idaho,2020-01-01,2020,1,2.8,632.2,124.6,632.7,756.8000000000001
Idaho,2020-02-01,2020,2,2.8,634.9,125.4,638.5,760.3
Idaho,2020-03-01,2020,3,2.8,636.9,126.7,639.8,763.6
Idaho,2020-04-01,2020,4,11.8,568.4,122.4,569.9,690.8
Idaho,2020-05-01,2020,5,9.1,601.6,127.2,595.6,728.8000000000001
Idaho,2020-06-01,2020,6,7.5,630.6,130.7,619.2,761.3
Idaho,2020-07-01,2020,7,6.6,639.4,131.5,626.5,770.9
Idaho,2020-08-01,2020,8,5.4,642.1,132.0,628.7,774.1
Idaho,2020-09-01,2020,9,5.0,640.5,131.7,632.8,772.2
Idaho,2020-10-01,2020,10,4.4,647.8,133.0,641.0,780.8
Idaho,2020-11-01,2020,11,4.2,647.7,133.3,640.0,781.0
Idaho,2020-12-01,2020,12,4.2,650.3,132.9,641.1,783.1999999999999
Idaho,2021-01-01,2021,1,4.1,641.4,129.5,633.1,770.9
Idaho,2021-02-01,2021,2,4.1,648.1,130.9,642.0,779.0
Idaho,2021-03-01,2021,3,4.0,654.1,132.7,647.0,786.8
Idaho,2021-04-01,2021,4,3.9,662.4,136.1,652.4,798.5
Idaho,2021-05-01,2021,5,3.7,669.4,137.6,658.5,807.0
Idaho,2021-06-01,2021,6,3.6,680.2,140.1,665.6,820.3000000000001
Idaho,2021-07-01,2021,7,3.5,690.0,141.4,668.0,831.4
Idaho,2021-08-01,2021,8,3.4,687.4,140.9,665.1,828.3
Idaho,2021-09-01,2021,9,3.3,679.8,139.3,665.9,819.0999999999999
Idaho,2021-10-01,2021,10,3.1,683.6,140.5,670.6,824.1
Idaho,2021-11-01,2021,11,3.0,685.5,141.1,671.7,826.6
Idaho,2021-12-01,2021,12,2.9,686.2,140.1,671.7,826.3000000000001
Idaho,2022-01-01,2022,1,2.8,675.7,137.3,662.4,813.0
Idaho,2022-02-01,2022,2,2.7,684.2,139.4,671.6,823.6
Idaho,2022-03-01,2022,3,2.7,689.1,140.8,675.1,829.9000000000001
Idaho,2022-04-01,2022,4,2.7,692.2,141.8,677.9,834.0
Idaho,2022-05-01,2022,5,2.8,697.4,143.4,682.0,840.8
Idaho,2022-06-01,2022,6,2.8,707.8,146.8,687.7,854.5999999999999
Idaho,2022-07-01,2022,7,2.9,717.0,150.0,687.5,867.0
Idaho,2022-08-01,2022,8,2.9,714.3,149.5,686.0,863.8
Idaho,2022-09-01,2022,9,3.0,709.4,148.3,688.8,857.7
Idaho,2022-10-01,2022,10,3.0,709.6,148.3,690.6,857.9000000000001
Idaho,2022-11-01,2022,11,3.0,710.9,148.3,692.2,859.2
Idaho,2022-12-01,2022,12,3.0,708.5,145.4,690.1,853.9
Idaho,2023-01-01,2023,1,3.0,695.8,141.8,680.6,837.5999999999999
Idaho,2023-02-01,2023,2,3.0,698.8,142.5,686.7,841.3
Idaho,2023-03-01,2023,3,3.0,698.4,142.9,685.7,841.3
Idaho,2023-04-01,2023,4,3.0,712.4,144.7,698.6,857.0999999999999
Idaho,2023-05-01,2023,5,3.1,718.5,147.0,702.4,865.5
Idaho,2023-06-01,2023,6,3.1,729.7,150.2,709.7,879.9000000000001
Idaho,2023-07-01,2023,7,3.2,730.2,149.9,701.8,880.1
Idaho,2023-08-01,2023,8,3.3,728.1,150.0,701.4,878.1
Idaho,2023-09-01,2023,9,3.3,722.0,149.5,703.7,871.5
Idaho,2023-10-01,2023,10,3.4,731.2,151.2,713.1,882.4000000000001
Idaho,2023-11-01,2023,11,3.4,732.5,151.7,714.1,884.2
Idaho,2023-12-01,2023,12,3.4,733.2,150.9,714.3,884.1
Idaho,2024-01-01,2024,1,3.4,712.1,143.8,694.6,855.9000000000001
Idaho,2024-02-01,2024,2,3.5,715.0,144.9,699.2,859.9
Idaho,2024-03-01,2024,3,3.5,717.3,146.7,700.6,864.0
Idaho,2024-04-01,2024,4,3.5,730.0,148.6,711.9,878.6
Idaho,2024-05-01,2024,5,3.6,736.8,150.7,715.2,887.5
Idaho,2024-06-01,2024,6,3.6,745.5,153.7,720.6,899.2
Idaho,2024-07-01,2024,7,3.6,753.3,154.8,720.1,908.0999999999999
Idaho,2024-08-01,2024,8,3.6,749.8,155.3,718.5,905.0999999999999
Idaho,2024-09-01,2024,9,3.6,741.8,154.1,717.3,895.9
Idaho,2024-10-01,2024,10,3.6,747.5,155.0,723.7,902.5
Idaho,2024-11-01,2024,11,3.6,744.4,154.7,720.8,899.0999999999999
Idaho,2024-12-01,2024,12,3.7,741.4,152.2,718.3,893.5999999999999
Idaho,2025-01-01,2025,1,3.7,728.2,148.3,709.6,876.5
Idaho,2025-02-01,2025,2,3.7,728.0,148.3,711.1,876.3
Idaho,2025-03-01,2025,3,3.6,728.3,149.5,710.4,877.8
Idaho,2025-04-01,2025,4,3.6,746.4,153.0,725.1,899.4
Idaho,2025-05-01,2025,5,3.6,751.9,155.2,728.0,907.0999999999999
Idaho,2025-06-01,2025,6,3.6,758.5,156.9,731.9,915.4
Idaho,2025-07-01,2025,7,3.6,766.9,157.9,734.0,924.8
Idaho,2025-08-01,2025,8,3.6,762.3,157.5,730.7,919.8
Idaho,2025-09-01,2025,9,3.6,751.8,156.4,726.0,908.1999999999999
Idaho,2025-10-01,2025,10,,751.2,157.5,725.7,908.7
Idaho,2025-11-01,2025,11,3.6,750.4,158.3,723.8,908.7
Idaho,2025-12-01,2025,12,3.6,749.1,155.8,723.0,904.9000000000001
Idaho,2026-01-01,2026,1,3.7,734.1,151.0,711.7,885.1
Idaho,2026-02-01,2026,2,3.7,735.0,152.6,713.4,887.6
Illinois,2016-01-01,2016,1,6.2,5064.5,776.6,5095.6,5841.1
Illinois,2016-02-01,2016,2,6.2,5068.7,777.1,5119.5,5845.8
Illinois,2016-03-01,2016,3,6.2,5095.9,786.7,5142.6,5882.599999999999
Illinois,2016-04-01,2016,4,6.1,5170.6,800.4,5204.4,5971.0
Illinois,2016-05-01,2016,5,6.0,5202.7,808.0,5231.2,6010.7
Illinois,2016-06-01,2016,6,5.9,5231.9,818.6,5239.8,6050.5
Illinois,2016-07-01,2016,7,5.8,5234.3,819.1,5198.6,6053.400000000001
Illinois,2016-08-01,2016,8,5.8,5243.7,818.4,5204.0,6062.099999999999
Illinois,2016-09-01,2016,9,5.7,5222.7,814.1,5242.0,6036.8
Illinois,2016-10-01,2016,10,5.7,5251.2,812.7,5269.6,6063.9
Illinois,2016-11-01,2016,11,5.6,5262.1,809.0,5285.5,6071.1
Illinois,2016-12-01,2016,12,5.4,5238.2,793.8,5283.5,6032.0
Illinois,2017-01-01,2017,1,5.3,5098.4,768.0,5131.9,5866.4
Illinois,2017-02-01,2017,2,5.1,5104.8,769.5,5159.9,5874.3
Illinois,2017-03-01,2017,3,5.0,5145.7,780.0,5194.6,5925.7
Illinois,2017-04-01,2017,4,5.0,5197.5,794.2,5233.6,5991.7
Illinois,2017-05-01,2017,5,4.9,5249.3,807.9,5275.9,6057.2
Illinois,2017-06-01,2017,6,4.9,5294.6,822.3,5294.0,6116.900000000001
Illinois,2017-07-01,2017,7,5.0,5280.0,823.7,5235.4,6103.7
Illinois,2017-08-01,2017,8,5.0,5296.0,824.8,5252.6,6120.8
Illinois,2017-09-01,2017,9,4.9,5269.5,821.8,5278.1,6091.3
Illinois,2017-10-01,2017,10,4.9,5289.0,821.8,5299.3,6110.8
Illinois,2017-11-01,2017,11,4.8,5306.7,818.7,5321.0,6125.4
Illinois,2017-12-01,2017,12,4.7,5297.9,809.9,5322.1,6107.799999999999
Illinois,2018-01-01,2018,1,4.5,5151.6,784.5,5166.8,5936.1
Illinois,2018-02-01,2018,2,4.4,5164.2,788.4,5197.6,5952.599999999999
Illinois,2018-03-01,2018,3,4.4,5211.4,802.9,5238.4,6014.299999999999
Illinois,2018-04-01,2018,4,4.3,5238.0,812.2,5254.3,6050.2
Illinois,2018-05-01,2018,5,4.3,5291.6,827.2,5299.9,6118.8
Illinois,2018-06-01,2018,6,4.3,5339.8,840.7,5320.9,6180.5
Illinois,2018-07-01,2018,7,4.3,5336.1,840.7,5275.3,6176.8
Illinois,2018-08-01,2018,8,4.3,5344.6,840.6,5287.2,6185.200000000001
Illinois,2018-09-01,2018,9,4.4,5311.7,837.3,5306.0,6149.0
Illinois,2018-10-01,2018,10,4.4,5325.4,836.8,5321.8,6162.2
Illinois,2018-11-01,2018,11,4.5,5342.4,832.1,5348.1,6174.5
Illinois,2018-12-01,2018,12,4.6,5325.1,823.6,5336.4,6148.700000000001
Illinois,2019-01-01,2019,1,4.6,5186.7,797.3,5194.0,5984.0
Illinois,2019-02-01,2019,2,4.5,5182.0,796.4,5209.4,5978.4
Illinois,2019-03-01,2019,3,4.4,5216.6,807.8,5240.5,6024.400000000001
Illinois,2019-04-01,2019,4,4.2,5273.9,821.5,5285.5,6095.4
Illinois,2019-05-01,2019,5,4.0,5322.7,832.3,5330.0,6155.0
Illinois,2019-06-01,2019,6,3.9,5367.3,841.8,5351.0,6209.1
Illinois,2019-07-01,2019,7,3.8,5357.9,842.8,5299.9,6200.7
Illinois,2019-08-01,2019,8,3.7,5361.5,840.3,5307.0,6201.8
Illinois,2019-09-01,2019,9,3.7,5320.8,834.9,5319.6,6155.7
Illinois,2019-10-01,2019,10,3.7,5338.7,832.2,5344.2,6170.9
Illinois,2019-11-01,2019,11,3.6,5350.2,822.0,5367.6,6172.2
Illinois,2019-12-01,2019,12,3.6,5341.9,814.4,5362.8,6156.299999999999
Illinois,2020-01-01,2020,1,3.7,5210.2,790.4,5242.2,6000.599999999999
Illinois,2020-02-01,2020,2,3.8,5211.9,789.5,5255.2,6001.4
Illinois,2020-03-01,2020,3,5.1,5182.5,792.6,5227.6,5975.1
Illinois,2020-04-01,2020,4,18.3,4521.6,735.1,4575.2,5256.700000000001
Illinois,2020-05-01,2020,5,14.7,4592.5,758.8,4603.9,5351.3
Illinois,2020-06-01,2020,6,12.6,4762.5,785.0,4717.9,5547.5
Illinois,2020-07-01,2020,7,11.4,4864.3,785.7,4798.8,5650.0
Illinois,2020-08-01,2020,8,9.7,4907.0,789.1,4866.9,5696.1
Illinois,2020-09-01,2020,9,9.1,4902.9,786.5,4902.0,5689.4
Illinois,2020-10-01,2020,10,8.2,4968.4,787.7,4966.4,5756.099999999999
Illinois,2020-11-01,2020,11,7.8,4941.5,781.2,4942.8,5722.7
Illinois,2020-12-01,2020,12,7.6,4922.6,777.4,4925.1,5700.0
Illinois,2021-01-01,2021,1,7.2,4820.7,753.0,4826.5,5573.7
Illinois,2021-02-01,2021,2,7.0,4855.0,748.2,4878.5,5603.2
Illinois,2021-03-01,2021,3,6.8,4910.9,766.3,4923.5,5677.2
Illinois,2021-04-01,2021,4,6.7,4964.8,776.9,4973.8,5741.7
Illinois,2021-05-01,2021,5,6.6,5004.6,782.4,5007.6,5787.0
Illinois,2021-06-01,2021,6,6.4,5068.1,797.7,5040.3,5865.8
Illinois,2021-07-01,2021,7,6.2,5092.4,796.2,5041.2,5888.599999999999
Illinois,2021-08-01,2021,8,5.9,5094.9,800.6,5040.7,5895.5
Illinois,2021-09-01,2021,9,5.5,5068.9,798.0,5065.7,5866.9
Illinois,2021-10-01,2021,10,5.2,5147.3,800.4,5143.5,5947.7
Illinois,2021-11-01,2021,11,4.9,5183.8,799.0,5179.4,5982.8
Illinois,2021-12-01,2021,12,4.8,5197.1,793.8,5199.3,5990.900000000001
Illinois,2022-01-01,2022,1,4.7,5053.9,765.1,5072.7,5819.0
Illinois,2022-02-01,2022,2,4.7,5092.7,771.5,5110.0,5864.2
Illinois,2022-03-01,2022,3,4.6,5136.7,784.8,5144.8,5921.5
Illinois,2022-04-01,2022,4,4.6,5197.9,800.0,5193.3,5997.9
Illinois,2022-05-01,2022,5,4.6,5240.1,810.4,5226.9,6050.5
Illinois,2022-06-01,2022,6,4.5,5287.1,821.2,5258.2,6108.3
Illinois,2022-07-01,2022,7,4.5,5317.3,829.9,5252.7,6147.2
Illinois,2022-08-01,2022,8,4.5,5322.5,828.8,5253.9,6151.3
Illinois,2022-09-01,2022,9,4.5,5296.4,825.6,5273.4,6122.0
Illinois,2022-10-01,2022,10,4.6,5310.5,826.9,5288.1,6137.4
Illinois,2022-11-01,2022,11,4.5,5326.5,821.0,5314.1,6147.5
Illinois,2022-12-01,2022,12,4.5,5305.1,812.3,5297.0,6117.400000000001
Illinois,2023-01-01,2023,1,4.4,5205.0,794.1,5200.8,5999.1
Illinois,2023-02-01,2023,2,4.3,5206.7,793.7,5219.2,6000.4
Illinois,2023-03-01,2023,3,4.2,5243.4,803.5,5252.7,6046.9
Illinois,2023-04-01,2023,4,4.2,5282.3,817.9,5272.9,6100.2
Illinois,2023-05-01,2023,5,4.2,5319.6,824.0,5312.7,6143.6
Illinois,2023-06-01,2023,6,4.3,5389.9,839.6,5369.6,6229.5
Illinois,2023-07-01,2023,7,4.4,5362.0,836.4,5310.8,6198.4
Illinois,2023-08-01,2023,8,4.6,5357.5,836.1,5303.0,6193.6
Illinois,2023-09-01,2023,9,4.7,5337.0,835.4,5325.6,6172.4
Illinois,2023-10-01,2023,10,4.8,5329.1,829.7,5328.8,6158.8
Illinois,2023-11-01,2023,11,4.8,5342.6,829.1,5347.9,6171.700000000001
Illinois,2023-12-01,2023,12,4.8,5324.7,819.9,5336.7,6144.599999999999
Illinois,2024-01-01,2024,1,4.9,5182.8,792.4,5209.3,5975.2
Illinois,2024-02-01,2024,2,4.9,5191.4,795.7,5231.9,5987.099999999999
Illinois,2024-03-01,2024,3,5.0,5235.0,808.4,5270.2,6043.4
Illinois,2024-04-01,2024,4,5.1,5274.6,818.3,5301.3,6092.900000000001
Illinois,2024-05-01,2024,5,5.1,5322.7,828.4,5349.2,6151.099999999999
Illinois,2024-06-01,2024,6,5.1,5365.5,839.9,5363.7,6205.4
Illinois,2024-07-01,2024,7,5.1,5355.4,841.3,5335.6,6196.7
Illinois,2024-08-01,2024,8,5.1,5349.2,838.2,5336.8,6187.4
Illinois,2024-09-01,2024,9,5.0,5336.3,835.3,5349.1,6171.6
Illinois,2024-10-01,2024,10,4.9,5337.1,831.8,5362.6,6168.900000000001
Illinois,2024-11-01,2024,11,4.8,5347.0,826.8,5380.4,6173.8
Illinois,2024-12-01,2024,12,4.8,5332.9,816.3,5376.2,6149.2
Illinois,2025-01-01,2025,1,4.7,5196.8,785.2,5254.7,5982.0
Illinois,2025-02-01,2025,2,4.7,5205.6,789.0,5271.5,5994.6
Illinois,2025-03-01,2025,3,4.6,5231.3,803.8,5286.7,6035.1
Illinois,2025-04-01,2025,4,4.5,5282.8,815.1,5330.3,6097.900000000001
Illinois,2025-05-01,2025,5,4.4,5333.1,821.4,5379.7,6154.5
Illinois,2025-06-01,2025,6,4.3,5360.7,832.6,5381.5,6193.3
Illinois,2025-07-01,2025,7,4.3,5366.8,835.2,5352.1,6202.0
Illinois,2025-08-01,2025,8,4.3,5355.6,831.7,5348.6,6187.3
Illinois,2025-09-01,2025,9,4.5,5321.7,825.7,5353.2,6147.4
Illinois,2025-10-01,2025,10,,5340.4,824.2,5379.1,6164.599999999999
Illinois,2025-11-01,2025,11,4.7,5323.8,818.8,5370.8,6142.6
Illinois,2025-12-01,2025,12,4.7,5315.7,800.0,5379.8,6115.7
Illinois,2026-01-01,2026,1,4.9,5193.0,795.8,5236.0,5988.8
Illinois,2026-02-01,2026,2,5.0,5186.2,792.3,5255.7,5978.5
Indiana,2016-01-01,2016,1,4.6,2574.9,641.9,2363.5,3216.8
Indiana,2016-02-01,2016,2,4.7,2585.6,642.9,2382.1,3228.5
Indiana,2016-03-01,2016,3,4.6,2603.9,648.2,2397.6,3252.1000000000004
Indiana,2016-04-01,2016,4,4.6,2634.3,656.9,2415.1,3291.2000000000003
Indiana,2016-05-01,2016,5,4.5,2652.7,661.8,2424.7,3314.5
Indiana,2016-06-01,2016,6,4.5,2665.4,670.0,2403.9,3335.4
Indiana,2016-07-01,2016,7,4.4,2668.9,671.3,2372.4,3340.2
Indiana,2016-08-01,2016,8,4.3,2673.6,671.1,2414.7,3344.7
Indiana,2016-09-01,2016,9,4.2,2666.3,668.9,2439.9,3335.2000000000003
Indiana,2016-10-01,2016,10,4.2,2667.0,668.9,2436.7,3335.9
Indiana,2016-11-01,2016,11,4.1,2677.8,669.0,2449.8,3346.8
Indiana,2016-12-01,2016,12,4.0,2672.4,666.4,2445.6,3338.8
Indiana,2017-01-01,2017,1,3.9,2608.8,655.7,2384.6,3264.5
Indiana,2017-02-01,2017,2,3.7,2619.4,657.7,2397.7,3277.1000000000004
Indiana,2017-03-01,2017,3,3.6,2637.7,663.6,2413.5,3301.2999999999997
Indiana,2017-04-01,2017,4,3.5,2664.4,670.5,2432.5,3334.9
Indiana,2017-05-01,2017,5,3.4,2686.9,677.2,2448.8,3364.1000000000004
Indiana,2017-06-01,2017,6,3.5,2707.8,686.3,2436.0,3394.1000000000004
Indiana,2017-07-01,2017,7,3.5,2694.5,685.5,2385.4,3380.0
Indiana,2017-08-01,2017,8,3.5,2699.6,684.1,2430.6,3383.7
Indiana,2017-09-01,2017,9,3.5,2691.3,683.6,2451.3,3374.9
Indiana,2017-10-01,2017,10,3.5,2696.3,683.0,2455.2,3379.3
Indiana,2017-11-01,2017,11,3.4,2707.2,683.8,2467.4,3391.0
Indiana,2017-12-01,2017,12,3.3,2707.9,683.2,2470.3,3391.1000000000004
Indiana,2018-01-01,2018,1,3.3,2640.4,670.0,2403.2,3310.4
Indiana,2018-02-01,2018,2,3.3,2652.3,672.8,2417.4,3325.1000000000004
Indiana,2018-03-01,2018,3,3.3,2672.5,678.8,2433.4,3351.3
Indiana,2018-04-01,2018,4,3.4,2690.7,683.7,2446.3,3374.3999999999996
Indiana,2018-05-01,2018,5,3.4,2715.9,689.8,2466.1,3405.7
Indiana,2018-06-01,2018,6,3.4,2736.4,700.4,2452.5,3436.8
Indiana,2018-07-01,2018,7,3.4,2727.7,698.6,2407.7,3426.2999999999997
Indiana,2018-08-01,2018,8,3.5,2733.2,699.0,2454.2,3432.2
Indiana,2018-09-01,2018,9,3.5,2722.7,696.4,2466.2,3419.1
Indiana,2018-10-01,2018,10,3.5,2728.4,697.4,2473.3,3425.8
Indiana,2018-11-01,2018,11,3.6,2736.6,695.2,2484.4,3431.8
Indiana,2018-12-01,2018,12,3.6,2734.1,693.4,2483.7,3427.5
Indiana,2019-01-01,2019,1,3.5,2688.7,684.2,2436.4,3372.8999999999996
Indiana,2019-02-01,2019,2,3.5,2697.2,686.0,2446.5,3383.2
Indiana,2019-03-01,2019,3,3.4,2706.2,689.1,2454.7,3395.2999999999997
Indiana,2019-04-01,2019,4,3.3,2723.3,690.8,2464.3,3414.1000000000004
Indiana,2019-05-01,2019,5,3.2,2745.8,696.3,2472.2,3442.1000000000004
Indiana,2019-06-01,2019,6,3.2,2760.0,703.6,2461.5,3463.6
Indiana,2019-07-01,2019,7,3.2,2743.1,694.1,2422.8,3437.2
Indiana,2019-08-01,2019,8,3.3,2749.9,699.5,2466.9,3449.4
Indiana,2019-09-01,2019,9,3.3,2736.1,695.9,2474.7,3432.0
Indiana,2019-10-01,2019,10,3.3,2746.5,694.1,2488.7,3440.6
Indiana,2019-11-01,2019,11,3.3,2758.6,692.1,2506.9,3450.7
Indiana,2019-12-01,2019,12,3.3,2756.3,691.2,2506.6,3447.5
Indiana,2020-01-01,2020,1,3.4,2689.1,679.9,2440.4,3369.0
Indiana,2020-02-01,2020,2,3.5,2695.4,680.3,2451.5,3375.7
Indiana,2020-03-01,2020,3,3.6,2681.5,680.7,2438.0,3362.2
Indiana,2020-04-01,2020,4,16.9,2254.2,556.8,2113.6,2811.0
Indiana,2020-05-01,2020,5,12.5,2404.1,606.7,2210.1,3010.8
Indiana,2020-06-01,2020,6,10.3,2541.4,654.3,2266.1,3195.7
Indiana,2020-07-01,2020,7,8.9,2579.7,657.6,2282.3,3237.2999999999997
Indiana,2020-08-01,2020,8,7.2,2604.1,662.7,2341.3,3266.8
Indiana,2020-09-01,2020,9,6.5,2600.9,664.3,2353.5,3265.2
Indiana,2020-10-01,2020,10,5.6,2635.9,666.5,2390.6,3302.4
Indiana,2020-11-01,2020,11,5.2,2646.9,666.6,2399.9,3313.5
Indiana,2020-12-01,2020,12,5.0,2648.3,670.9,2395.1,3319.2000000000003
Indiana,2021-01-01,2021,1,4.7,2601.4,660.9,2347.4,3262.3
Indiana,2021-02-01,2021,2,4.6,2602.0,659.1,2351.2,3261.1
Indiana,2021-03-01,2021,3,4.5,2623.4,668.0,2370.4,3291.4
Indiana,2021-04-01,2021,4,4.4,2637.1,671.1,2381.0,3308.2
Indiana,2021-05-01,2021,5,4.2,2661.5,675.3,2404.7,3336.8
Indiana,2021-06-01,2021,6,4.1,2682.9,684.1,2394.1,3367.0
Indiana,2021-07-01,2021,7,3.9,2708.7,686.8,2388.2,3395.5
Indiana,2021-08-01,2021,8,3.7,2704.5,683.7,2418.5,3388.2
Indiana,2021-09-01,2021,9,3.5,2682.8,685.3,2405.4,3368.1000000000004
Indiana,2021-10-01,2021,10,3.3,2725.0,690.0,2450.8,3415.0
Indiana,2021-11-01,2021,11,3.1,2748.7,693.1,2475.6,3441.7999999999997
Indiana,2021-12-01,2021,12,3.0,2750.4,693.0,2477.1,3443.4
Indiana,2022-01-01,2022,1,3.0,2697.6,680.3,2429.5,3377.8999999999996
Indiana,2022-02-01,2022,2,2.9,2717.6,686.7,2442.6,3404.3
Indiana,2022-03-01,2022,3,2.9,2734.5,692.3,2458.7,3426.8
Indiana,2022-04-01,2022,4,3.0,2761.3,698.2,2480.7,3459.5
Indiana,2022-05-01,2022,5,3.0,2782.2,703.6,2495.3,3485.7999999999997
Indiana,2022-06-01,2022,6,3.0,2797.5,710.7,2467.6,3508.2
Indiana,2022-07-01,2022,7,3.1,2819.0,715.0,2465.0,3534.0
Indiana,2022-08-01,2022,8,3.1,2816.4,713.6,2500.1,3530.0
Indiana,2022-09-01,2022,9,3.1,2803.5,711.5,2505.8,3515.0
Indiana,2022-10-01,2022,10,3.2,2809.6,709.8,2520.3,3519.3999999999996
Indiana,2022-11-01,2022,11,3.2,2822.5,708.9,2541.2,3531.4
Indiana,2022-12-01,2022,12,3.3,2816.4,706.4,2533.4,3522.8
Indiana,2023-01-01,2023,1,3.3,2761.1,689.5,2488.3,3450.6
Indiana,2023-02-01,2023,2,3.3,2778.9,696.6,2506.5,3475.5
Indiana,2023-03-01,2023,3,3.3,2787.6,698.6,2518.6,3486.2
Indiana,2023-04-01,2023,4,3.3,2804.0,700.6,2530.3,3504.6
Indiana,2023-05-01,2023,5,3.3,2828.1,702.9,2557.5,3531.0
Indiana,2023-06-01,2023,6,3.4,2842.1,710.5,2534.7,3552.6
Indiana,2023-07-01,2023,7,3.4,2835.5,706.7,2505.0,3542.2
Indiana,2023-08-01,2023,8,3.4,2841.5,706.3,2547.0,3547.8
Indiana,2023-09-01,2023,9,3.5,2831.5,704.2,2551.0,3535.7
Indiana,2023-10-01,2023,10,3.5,2834.9,700.0,2567.0,3534.9
Indiana,2023-11-01,2023,11,3.6,2844.5,699.1,2582.6,3543.6
Indiana,2023-12-01,2023,12,3.7,2840.1,698.7,2580.2,3538.8
Indiana,2024-01-01,2024,1,3.7,2777.4,686.3,2518.1,3463.7
Indiana,2024-02-01,2024,2,3.8,2792.8,689.5,2536.7,3482.3
Indiana,2024-03-01,2024,3,3.9,2799.3,693.1,2544.5,3492.4
Indiana,2024-04-01,2024,4,4.0,2819.8,695.5,2563.5,3515.3
Indiana,2024-05-01,2024,5,4.1,2843.9,701.1,2588.4,3545.0
Indiana,2024-06-01,2024,6,4.1,2855.2,709.4,2556.6,3564.6
Indiana,2024-07-01,2024,7,4.1,2845.7,701.7,2521.9,3547.3999999999996
Indiana,2024-08-01,2024,8,4.2,2850.3,704.7,2568.1,3555.0
Indiana,2024-09-01,2024,9,4.2,2838.5,703.4,2562.6,3541.9
Indiana,2024-10-01,2024,10,4.1,2842.6,699.1,2585.1,3541.7
Indiana,2024-11-01,2024,11,4.1,2854.8,699.0,2604.8,3553.8
Indiana,2024-12-01,2024,12,4.0,2848.4,697.0,2598.9,3545.4
Indiana,2025-01-01,2025,1,3.9,2785.8,681.9,2540.2,3467.7000000000003
Indiana,2025-02-01,2025,2,3.8,2800.6,688.2,2548.3,3488.8
Indiana,2025-03-01,2025,3,3.7,2809.0,692.5,2560.7,3501.5
Indiana,2025-04-01,2025,4,3.7,2827.7,695.2,2581.0,3522.8999999999996
Indiana,2025-05-01,2025,5,3.7,2849.9,700.3,2599.1,3550.2
Indiana,2025-06-01,2025,6,3.7,2857.9,706.6,2563.5,3564.5
Indiana,2025-07-01,2025,7,3.7,2854.9,701.3,2538.7,3556.2
Indiana,2025-08-01,2025,8,3.7,2860.5,707.4,2586.0,3567.9
Indiana,2025-09-01,2025,9,3.7,2842.4,704.0,2569.6,3546.4
Indiana,2025-10-01,2025,10,,2851.9,704.3,2579.2,3556.2
Indiana,2025-11-01,2025,11,3.5,2845.2,696.9,2583.6,3542.1
Indiana,2025-12-01,2025,12,3.5,2829.5,691.6,2568.6,3521.1
Indiana,2026-01-01,2026,1,3.4,2785.2,683.7,2522.1,3468.8999999999996
Indiana,2026-02-01,2026,2,3.3,2795.1,687.3,2537.1,3482.3999999999996
Iowa,2016-01-01,2016,1,3.6,1279.2,284.3,1250.7,1563.5
Iowa,2016-02-01,2016,2,3.6,1282.8,282.9,1260.8,1565.6999999999998
Iowa,2016-03-01,2016,3,3.6,1294.0,289.4,1265.5,1583.4
Iowa,2016-04-01,2016,4,3.6,1316.9,297.0,1281.9,1613.9
Iowa,2016-05-01,2016,5,3.6,1322.0,299.2,1285.8,1621.2
Iowa,2016-06-01,2016,6,3.7,1323.4,304.0,1278.3,1627.4
Iowa,2016-07-01,2016,7,3.7,1328.5,306.1,1259.8,1634.6
Iowa,2016-08-01,2016,8,3.7,1326.8,306.1,1261.7,1632.9
Iowa,2016-09-01,2016,9,3.6,1322.9,303.4,1278.3,1626.3000000000002
Iowa,2016-10-01,2016,10,3.6,1324.6,301.8,1286.2,1626.3999999999999
Iowa,2016-11-01,2016,11,3.5,1323.1,298.5,1289.7,1621.6
Iowa,2016-12-01,2016,12,3.4,1314.3,292.8,1285.8,1607.1
Iowa,2017-01-01,2017,1,3.3,1276.8,281.0,1255.4,1557.8
Iowa,2017-02-01,2017,2,3.3,1284.4,280.9,1266.6,1565.3000000000002
Iowa,2017-03-01,2017,3,3.2,1291.4,284.6,1270.3,1576.0
Iowa,2017-04-01,2017,4,3.1,1313.7,292.4,1285.7,1606.1
Iowa,2017-05-01,2017,5,3.1,1321.4,296.3,1289.5,1617.7
Iowa,2017-06-01,2017,6,3.1,1328.0,301.0,1288.5,1629.0
Iowa,2017-07-01,2017,7,3.1,1323.9,301.4,1264.4,1625.3000000000002
Iowa,2017-08-01,2017,8,3.1,1322.1,300.4,1267.6,1622.5
Iowa,2017-09-01,2017,9,3.0,1319.1,299.6,1280.4,1618.6999999999998
Iowa,2017-10-01,2017,10,3.0,1323.5,300.0,1288.5,1623.5
Iowa,2017-11-01,2017,11,2.9,1325.8,299.4,1292.5,1625.1999999999998
Iowa,2017-12-01,2017,12,2.9,1321.5,296.3,1290.1,1617.8
Iowa,2018-01-01,2018,1,2.8,1287.4,285.2,1262.7,1572.6000000000001
Iowa,2018-02-01,2018,2,2.7,1294.2,285.9,1272.2,1580.1
Iowa,2018-03-01,2018,3,2.7,1300.1,290.2,1273.6,1590.3
Iowa,2018-04-01,2018,4,2.6,1318.2,298.0,1285.1,1616.2
Iowa,2018-05-01,2018,5,2.5,1335.1,304.7,1295.8,1639.8
Iowa,2018-06-01,2018,6,2.5,1340.0,310.8,1291.7,1650.8
Iowa,2018-07-01,2018,7,2.5,1336.9,312.0,1267.2,1648.9
Iowa,2018-08-01,2018,8,2.5,1333.1,310.9,1267.8,1644.0
Iowa,2018-09-01,2018,9,2.5,1330.0,309.3,1281.1,1639.3
Iowa,2018-10-01,2018,10,2.5,1334.2,308.9,1290.6,1643.1
Iowa,2018-11-01,2018,11,2.6,1336.9,308.7,1295.6,1645.6000000000001
Iowa,2018-12-01,2018,12,2.6,1328.8,304.0,1290.6,1632.8
Iowa,2019-01-01,2019,1,2.6,1298.8,294.9,1262.9,1593.6999999999998
Iowa,2019-02-01,2019,2,2.6,1298.6,292.0,1269.8,1590.6
Iowa,2019-03-01,2019,3,2.6,1302.8,294.5,1272.9,1597.3
Iowa,2019-04-01,2019,4,2.6,1325.6,304.5,1286.9,1630.1
Iowa,2019-05-01,2019,5,2.6,1336.7,310.2,1293.3,1646.9
Iowa,2019-06-01,2019,6,2.7,1341.7,315.2,1285.5,1656.9
Iowa,2019-07-01,2019,7,2.7,1339.3,316.3,1264.0,1655.6
Iowa,2019-08-01,2019,8,2.7,1337.6,315.2,1266.5,1652.8
Iowa,2019-09-01,2019,9,2.7,1330.6,311.2,1281.0,1641.8
Iowa,2019-10-01,2019,10,2.7,1338.3,311.4,1293.0,1649.6999999999998
Iowa,2019-11-01,2019,11,2.7,1339.0,308.8,1297.7,1647.8
Iowa,2019-12-01,2019,12,2.7,1331.3,304.8,1294.4,1636.1
Iowa,2020-01-01,2020,1,2.7,1298.4,294.1,1267.8,1592.5
Iowa,2020-02-01,2020,2,2.7,1300.5,292.1,1275.1,1592.6
Iowa,2020-03-01,2020,3,2.7,1298.8,294.8,1271.5,1593.6
Iowa,2020-04-01,2020,4,11.0,1162.8,288.2,1129.2,1451.0
Iowa,2020-05-01,2020,5,8.5,1194.3,293.3,1143.4,1487.6
Iowa,2020-06-01,2020,6,6.8,1238.7,297.6,1181.1,1536.3000000000002
Iowa,2020-07-01,2020,7,6.0,1254.7,299.5,1183.7,1554.2
Iowa,2020-08-01,2020,8,5.0,1253.0,298.8,1190.3,1551.8
Iowa,2020-09-01,2020,9,4.6,1255.3,296.0,1213.5,1551.3
Iowa,2020-10-01,2020,10,4.2,1277.5,298.1,1236.4,1575.6
Iowa,2020-11-01,2020,11,4.2,1274.0,297.0,1234.4,1571.0
Iowa,2020-12-01,2020,12,4.2,1272.9,296.2,1231.2,1569.1000000000001
Iowa,2021-01-01,2021,1,4.1,1246.8,284.9,1210.6,1531.6999999999998
Iowa,2021-02-01,2021,2,4.2,1247.0,281.0,1219.7,1528.0
Iowa,2021-03-01,2021,3,4.3,1258.6,286.6,1227.2,1545.1999999999998
Iowa,2021-04-01,2021,4,4.4,1276.4,296.4,1240.2,1572.8000000000002
Iowa,2021-05-01,2021,5,4.4,1286.5,300.2,1244.1,1586.7
Iowa,2021-06-01,2021,6,4.3,1294.0,305.2,1243.6,1599.2
Iowa,2021-07-01,2021,7,4.1,1304.1,309.3,1231.5,1613.3999999999999
Iowa,2021-08-01,2021,8,3.9,1299.0,307.5,1232.5,1606.5
Iowa,2021-09-01,2021,9,3.6,1289.1,304.7,1241.5,1593.8
Iowa,2021-10-01,2021,10,3.3,1308.3,305.8,1263.1,1614.1
Iowa,2021-11-01,2021,11,3.1,1306.8,299.1,1269.5,1605.9
Iowa,2021-12-01,2021,12,2.9,1304.0,302.2,1261.4,1606.2
Iowa,2022-01-01,2022,1,2.8,1272.5,291.0,1235.0,1563.5
Iowa,2022-02-01,2022,2,2.7,1288.7,292.3,1254.5,1581.0
Iowa,2022-03-01,2022,3,2.6,1293.5,295.3,1256.9,1588.8
Iowa,2022-04-01,2022,4,2.6,1312.3,305.1,1268.7,1617.4
Iowa,2022-05-01,2022,5,2.6,1318.1,308.5,1272.0,1626.6
Iowa,2022-06-01,2022,6,2.7,1326.2,314.8,1269.3,1641.0
Iowa,2022-07-01,2022,7,2.8,1327.1,317.2,1250.1,1644.3
Iowa,2022-08-01,2022,8,3.0,1323.3,315.7,1251.2,1639.0
Iowa,2022-09-01,2022,9,3.1,1320.1,312.9,1268.5,1633.0
Iowa,2022-10-01,2022,10,3.1,1334.6,313.2,1286.3,1647.8
Iowa,2022-11-01,2022,11,3.1,1335.5,311.7,1290.2,1647.2
Iowa,2022-12-01,2022,12,3.1,1323.1,307.3,1281.0,1630.3999999999999
Iowa,2023-01-01,2023,1,3.0,1295.1,299.3,1254.8,1594.3999999999999
Iowa,2023-02-01,2023,2,3.0,1305.5,299.0,1270.4,1604.5
Iowa,2023-03-01,2023,3,2.9,1308.9,302.1,1271.3,1611.0
Iowa,2023-04-01,2023,4,2.9,1333.4,311.0,1288.1,1644.4
Iowa,2023-05-01,2023,5,2.9,1336.4,313.5,1290.4,1649.9
Iowa,2023-06-01,2023,6,3.0,1342.5,320.1,1284.7,1662.6
Iowa,2023-07-01,2023,7,3.0,1340.6,321.6,1263.7,1662.1999999999998
Iowa,2023-08-01,2023,8,3.0,1338.0,320.1,1266.1,1658.1
Iowa,2023-09-01,2023,9,3.0,1331.1,318.3,1279.4,1649.3999999999999
Iowa,2023-10-01,2023,10,3.0,1348.5,316.1,1302.2,1664.6
Iowa,2023-11-01,2023,11,2.9,1347.0,314.4,1303.2,1661.4
Iowa,2023-12-01,2023,12,2.9,1335.9,311.7,1295.0,1647.6000000000001
Iowa,2024-01-01,2024,1,2.8,1295.0,299.4,1260.0,1594.4
Iowa,2024-02-01,2024,2,2.8,1316.8,301.4,1285.1,1618.1999999999998
Iowa,2024-03-01,2024,3,2.8,1321.2,306.0,1285.8,1627.2
Iowa,2024-04-01,2024,4,2.9,1340.5,311.6,1300.0,1652.1
Iowa,2024-05-01,2024,5,3.0,1346.0,314.9,1304.3,1660.9
Iowa,2024-06-01,2024,6,3.1,1346.6,319.3,1291.3,1665.8999999999999
Iowa,2024-07-01,2024,7,3.2,1343.6,317.6,1271.8,1661.1999999999998
Iowa,2024-08-01,2024,8,3.3,1339.9,315.0,1276.0,1654.9
Iowa,2024-09-01,2024,9,3.4,1327.6,311.5,1285.1,1639.1
Iowa,2024-10-01,2024,10,3.4,1341.3,307.6,1306.5,1648.9
Iowa,2024-11-01,2024,11,3.5,1339.5,306.1,1308.4,1645.6
Iowa,2024-12-01,2024,12,3.5,1326.4,301.9,1298.5,1628.3000000000002
Iowa,2025-01-01,2025,1,3.5,1299.8,293.6,1276.6,1593.4
Iowa,2025-02-01,2025,2,3.5,1306.2,291.7,1288.0,1597.9
Iowa,2025-03-01,2025,3,3.6,1311.4,296.1,1288.4,1607.5
Iowa,2025-04-01,2025,4,3.6,1329.7,303.6,1300.0,1633.3000000000002
Iowa,2025-05-01,2025,5,3.6,1334.1,306.6,1304.8,1640.6999999999998
Iowa,2025-06-01,2025,6,3.5,1334.5,311.0,1292.6,1645.5
Iowa,2025-07-01,2025,7,3.5,1328.5,309.6,1265.5,1638.1
Iowa,2025-08-01,2025,8,3.5,1324.1,308.4,1267.1,1632.5
Iowa,2025-09-01,2025,9,3.4,1313.4,305.1,1278.5,1618.5
Iowa,2025-10-01,2025,10,,1323.8,302.4,1295.1,1626.1999999999998
Iowa,2025-11-01,2025,11,3.4,1324.0,303.6,1294.7,1627.6
Iowa,2025-12-01,2025,12,3.4,1308.2,296.5,1283.9,1604.7
Iowa,2026-01-01,2026,1,3.4,1284.8,290.3,1262.9,1575.1
Iowa,2026-02-01,2026,2,3.4,1291.5,291.5,1271.8,1583.0
Kansas,2016-01-01,2016,1,3.9,1130.3,226.7,1155.8,1357.0
Kansas,2016-02-01,2016,2,3.9,1132.6,226.5,1166.4,1359.1
Kansas,2016-03-01,2016,3,3.9,1136.3,228.5,1169.9,1364.8
Kansas,2016-04-01,2016,4,4.0,1150.6,229.9,1184.0,1380.5
Kansas,2016-05-01,2016,5,4.0,1152.2,230.4,1183.5,1382.6000000000001
Kansas,2016-06-01,2016,6,4.1,1152.8,232.1,1171.9,1384.8999999999999
Kansas,2016-07-01,2016,7,4.1,1156.1,232.1,1155.6,1388.1999999999998
Kansas,2016-08-01,2016,8,4.2,1154.7,232.1,1156.9,1386.8
Kansas,2016-09-01,2016,9,4.2,1152.7,231.6,1179.8,1384.3
Kansas,2016-10-01,2016,10,4.2,1157.0,231.6,1188.8,1388.6
Kansas,2016-11-01,2016,11,4.1,1159.1,231.0,1191.3,1390.1
Kansas,2016-12-01,2016,12,4.0,1155.5,229.1,1189.2,1384.6
Kansas,2017-01-01,2017,1,3.9,1128.3,225.4,1154.9,1353.7
Kansas,2017-02-01,2017,2,3.8,1134.6,227.2,1168.6,1361.8
Kansas,2017-03-01,2017,3,3.7,1139.4,228.7,1172.6,1368.1000000000001
Kansas,2017-04-01,2017,4,3.7,1141.7,227.6,1176.1,1369.3
Kansas,2017-05-01,2017,5,3.7,1145.9,228.9,1178.6,1374.8000000000002
Kansas,2017-06-01,2017,6,3.6,1151.3,232.5,1168.8,1383.8
Kansas,2017-07-01,2017,7,3.6,1153.9,232.6,1153.3,1386.5
Kansas,2017-08-01,2017,8,3.6,1154.3,231.2,1158.3,1385.5
Kansas,2017-09-01,2017,9,3.6,1152.5,231.8,1179.0,1384.3
Kansas,2017-10-01,2017,10,3.5,1157.4,232.0,1188.8,1389.4
Kansas,2017-11-01,2017,11,3.5,1163.1,231.5,1195.9,1394.6
Kansas,2017-12-01,2017,12,3.5,1162.3,231.8,1193.7,1394.1
Kansas,2018-01-01,2018,1,3.4,1135.6,225.7,1163.0,1361.3
Kansas,2018-02-01,2018,2,3.4,1141.3,228.7,1174.8,1370.0
Kansas,2018-03-01,2018,3,3.4,1143.0,230.2,1175.7,1373.2
Kansas,2018-04-01,2018,4,3.4,1153.1,232.2,1184.4,1385.3
Kansas,2018-05-01,2018,5,3.3,1158.5,234.1,1187.6,1392.6
Kansas,2018-06-01,2018,6,3.3,1164.2,237.8,1177.1,1402.0
Kansas,2018-07-01,2018,7,3.2,1165.5,238.8,1160.3,1404.3
Kansas,2018-08-01,2018,8,3.2,1165.1,239.0,1170.2,1404.1
Kansas,2018-09-01,2018,9,3.2,1161.1,238.7,1184.1,1399.8
Kansas,2018-10-01,2018,10,3.3,1166.9,239.5,1192.8,1406.4
Kansas,2018-11-01,2018,11,3.3,1171.6,239.3,1198.9,1410.8999999999999
Kansas,2018-12-01,2018,12,3.3,1169.6,239.1,1195.8,1408.6999999999998
Kansas,2019-01-01,2019,1,3.3,1145.3,235.1,1164.2,1380.3999999999999
Kansas,2019-02-01,2019,2,3.3,1146.0,235.5,1174.5,1381.5
Kansas,2019-03-01,2019,3,3.2,1148.4,237.3,1174.6,1385.7
Kansas,2019-04-01,2019,4,3.2,1165.7,242.4,1189.1,1408.1000000000001
Kansas,2019-05-01,2019,5,3.1,1166.7,241.7,1192.2,1408.4
Kansas,2019-06-01,2019,6,3.1,1171.3,245.1,1179.6,1416.3999999999999
Kansas,2019-07-01,2019,7,3.1,1169.3,243.2,1159.9,1412.5
Kansas,2019-08-01,2019,8,3.1,1172.3,243.7,1173.4,1416.0
Kansas,2019-09-01,2019,9,3.1,1164.4,242.0,1184.8,1406.4
Kansas,2019-10-01,2019,10,3.1,1171.5,241.6,1197.6,1413.1
Kansas,2019-11-01,2019,11,3.1,1176.9,242.4,1202.5,1419.3000000000002
Kansas,2019-12-01,2019,12,3.1,1175.8,241.8,1201.9,1417.6
Kansas,2020-01-01,2020,1,3.1,1152.5,237.8,1175.5,1390.3
Kansas,2020-02-01,2020,2,3.1,1153.2,237.5,1181.2,1390.7
Kansas,2020-03-01,2020,3,3.1,1149.0,238.9,1175.7,1387.9
Kansas,2020-04-01,2020,4,12.1,1019.1,218.7,1057.4,1237.8
Kansas,2020-05-01,2020,5,9.2,1057.1,221.3,1087.6,1278.3999999999999
Kansas,2020-06-01,2020,6,7.5,1088.1,222.8,1102.3,1310.8999999999999
Kansas,2020-07-01,2020,7,6.7,1101.5,226.1,1100.8,1327.6
Kansas,2020-08-01,2020,8,5.8,1110.4,228.2,1119.6,1338.6000000000001
Kansas,2020-09-01,2020,9,5.4,1105.4,226.8,1128.3,1332.2
Kansas,2020-10-01,2020,10,4.9,1116.6,227.7,1144.3,1344.3
Kansas,2020-11-01,2020,11,4.6,1118.2,226.3,1147.5,1344.5
Kansas,2020-12-01,2020,12,4.4,1120.7,227.6,1146.9,1348.3
Kansas,2021-01-01,2021,1,4.1,1102.8,224.4,1126.0,1327.2
Kansas,2021-02-01,2021,2,3.9,1095.9,219.8,1128.8,1315.7
Kansas,2021-03-01,2021,3,3.8,1110.0,228.3,1136.1,1338.3
Kansas,2021-04-01,2021,4,3.7,1121.5,228.3,1149.4,1349.8
Kansas,2021-05-01,2021,5,3.7,1129.0,229.4,1156.9,1358.4
Kansas,2021-06-01,2021,6,3.7,1132.6,233.3,1148.7,1365.8999999999999
Kansas,2021-07-01,2021,7,3.5,1142.0,235.4,1137.9,1377.4
Kansas,2021-08-01,2021,8,3.4,1139.6,234.9,1143.1,1374.5
Kansas,2021-09-01,2021,9,3.1,1124.7,233.2,1145.2,1357.9
Kansas,2021-10-01,2021,10,2.9,1145.6,234.5,1168.5,1380.1
Kansas,2021-11-01,2021,11,2.8,1151.5,234.8,1174.4,1386.3
Kansas,2021-12-01,2021,12,2.6,1152.2,235.4,1170.6,1387.6000000000001
Kansas,2022-01-01,2022,1,2.6,1132.9,230.9,1152.3,1363.8000000000002
Kansas,2022-02-01,2022,2,2.6,1142.2,232.8,1163.1,1375.0
Kansas,2022-03-01,2022,3,2.6,1142.6,234.5,1162.6,1377.1
Kansas,2022-04-01,2022,4,2.6,1158.0,237.6,1176.6,1395.6
Kansas,2022-05-01,2022,5,2.7,1161.9,238.9,1179.5,1400.8000000000002
Kansas,2022-06-01,2022,6,2.7,1161.2,242.8,1164.3,1404.0
Kansas,2022-07-01,2022,7,2.8,1178.3,244.9,1158.7,1423.2
Kansas,2022-08-01,2022,8,2.9,1179.6,243.9,1166.6,1423.5
Kansas,2022-09-01,2022,9,2.9,1173.3,243.0,1185.2,1416.3
Kansas,2022-10-01,2022,10,3.0,1181.7,243.9,1196.7,1425.6000000000001
Kansas,2022-11-01,2022,11,3.0,1186.5,244.9,1200.9,1431.4
Kansas,2022-12-01,2022,12,3.0,1185.8,245.2,1196.1,1431.0
Kansas,2023-01-01,2023,1,3.0,1169.5,242.7,1181.6,1412.2
Kansas,2023-02-01,2023,2,3.0,1173.4,244.4,1186.0,1417.8000000000002
Kansas,2023-03-01,2023,3,2.9,1175.8,245.6,1187.5,1421.3999999999999
Kansas,2023-04-01,2023,4,2.9,1185.1,246.2,1198.7,1431.3
Kansas,2023-05-01,2023,5,2.8,1188.5,246.7,1202.9,1435.2
Kansas,2023-06-01,2023,6,2.8,1197.7,250.7,1197.4,1448.4
Kansas,2023-07-01,2023,7,2.8,1196.1,250.4,1174.5,1446.5
Kansas,2023-08-01,2023,8,2.8,1195.4,249.5,1181.5,1444.9
Kansas,2023-09-01,2023,9,2.9,1190.3,248.6,1200.3,1438.8999999999999
Kansas,2023-10-01,2023,10,2.9,1195.9,247.9,1211.0,1443.8000000000002
Kansas,2023-11-01,2023,11,2.9,1201.5,249.5,1215.6,1451.0
Kansas,2023-12-01,2023,12,3.0,1200.2,250.0,1210.5,1450.2
Kansas,2024-01-01,2024,1,3.1,1172.7,243.8,1185.4,1416.5
Kansas,2024-02-01,2024,2,3.1,1184.1,248.0,1197.6,1432.1
Kansas,2024-03-01,2024,3,3.3,1188.0,249.7,1200.8,1437.7
Kansas,2024-04-01,2024,4,3.4,1198.4,251.2,1212.4,1449.6000000000001
Kansas,2024-05-01,2024,5,3.5,1203.8,252.5,1211.8,1456.3
Kansas,2024-06-01,2024,6,3.6,1208.2,256.4,1205.5,1464.6
Kansas,2024-07-01,2024,7,3.6,1205.1,255.2,1182.0,1460.3
Kansas,2024-08-01,2024,8,3.7,1206.6,255.6,1192.4,1462.1999999999998
Kansas,2024-09-01,2024,9,3.7,1200.2,254.2,1207.2,1454.4
Kansas,2024-10-01,2024,10,3.7,1206.2,250.6,1223.0,1456.8
Kansas,2024-11-01,2024,11,3.7,1212.3,254.3,1226.9,1466.6
Kansas,2024-12-01,2024,12,3.8,1210.4,253.2,1222.9,1463.6000000000001
Kansas,2025-01-01,2025,1,3.8,1183.1,246.6,1193.2,1429.6999999999998
Kansas,2025-02-01,2025,2,3.8,1188.1,248.7,1203.5,1436.8
Kansas,2025-03-01,2025,3,3.8,1194.0,251.6,1207.3,1445.6
Kansas,2025-04-01,2025,4,3.8,1206.5,253.2,1220.6,1459.7
Kansas,2025-05-01,2025,5,3.8,1207.3,253.2,1220.6,1460.5
Kansas,2025-06-01,2025,6,3.7,1205.4,254.9,1208.2,1460.3000000000002
Kansas,2025-07-01,2025,7,3.7,1210.5,255.4,1191.0,1465.9
Kansas,2025-08-01,2025,8,3.7,1209.9,254.0,1195.5,1463.9
Kansas,2025-09-01,2025,9,3.8,1202.1,252.1,1212.9,1454.1999999999998
Kansas,2025-10-01,2025,10,,1208.9,253.7,1222.1,1462.6000000000001
Kansas,2025-11-01,2025,11,3.8,1213.8,254.6,1227.1,1468.3999999999999
Kansas,2025-12-01,2025,12,3.8,1209.1,252.4,1221.0,1461.5
Kansas,2026-01-01,2026,1,3.9,1187.7,248.2,1200.4,1435.9
Kansas,2026-02-01,2026,2,3.9,1188.3,248.4,1204.2,1436.7
Kentucky,2016-01-01,2016,1,5.2,1557.1,327.7,1545.2,1884.8
Kentucky,2016-02-01,2016,2,5.2,1558.7,327.3,1548.6,1886.0
Kentucky,2016-03-01,2016,3,5.1,1567.6,330.6,1556.7,1898.1999999999998
Kentucky,2016-04-01,2016,4,5.0,1586.1,334.2,1572.2,1920.3
Kentucky,2016-05-01,2016,5,5.0,1596.2,336.2,1580.8,1932.4
Kentucky,2016-06-01,2016,6,5.0,1598.1,338.9,1573.6,1937.0
Kentucky,2016-07-01,2016,7,5.0,1599.8,339.7,1563.4,1939.5
Kentucky,2016-08-01,2016,8,5.0,1602.1,339.1,1574.4,1941.1999999999998
Kentucky,2016-09-01,2016,9,5.1,1602.6,339.3,1581.3,1941.8999999999999
Kentucky,2016-10-01,2016,10,5.1,1605.2,337.8,1584.4,1943.0
Kentucky,2016-11-01,2016,11,5.1,1615.3,338.8,1594.9,1954.1
Kentucky,2016-12-01,2016,12,5.1,1618.0,338.1,1598.0,1956.1
Kentucky,2017-01-01,2017,1,5.1,1571.8,331.3,1554.5,1903.1
Kentucky,2017-02-01,2017,2,5.0,1575.7,332.3,1560.5,1908.0
Kentucky,2017-03-01,2017,3,5.0,1586.1,335.5,1569.1,1921.6
Kentucky,2017-04-01,2017,4,4.9,1597.6,336.9,1581.0,1934.5
Kentucky,2017-05-01,2017,5,4.9,1605.4,338.5,1588.0,1943.9
Kentucky,2017-06-01,2017,6,4.8,1614.9,341.0,1589.6,1955.9
Kentucky,2017-07-01,2017,7,4.8,1605.8,340.6,1565.7,1946.4
Kentucky,2017-08-01,2017,8,4.7,1608.4,340.4,1573.6,1948.8000000000002
Kentucky,2017-09-01,2017,9,4.6,1610.8,340.5,1588.6,1951.3
Kentucky,2017-10-01,2017,10,4.5,1616.5,340.2,1594.8,1956.7
Kentucky,2017-11-01,2017,11,4.4,1632.3,340.5,1612.0,1972.8
Kentucky,2017-12-01,2017,12,4.3,1628.5,339.4,1608.9,1967.9
Kentucky,2018-01-01,2018,1,4.2,1580.1,331.8,1559.0,1911.8999999999999
Kentucky,2018-02-01,2018,2,4.2,1586.5,332.9,1569.3,1919.4
Kentucky,2018-03-01,2018,3,4.2,1595.2,335.5,1577.4,1930.7
Kentucky,2018-04-01,2018,4,4.2,1611.9,338.1,1591.5,1950.0
Kentucky,2018-05-01,2018,5,4.2,1620.1,340.4,1598.7,1960.5
Kentucky,2018-06-01,2018,6,4.2,1629.7,342.9,1600.6,1972.6
Kentucky,2018-07-01,2018,7,4.2,1621.1,341.6,1575.7,1962.6999999999998
Kentucky,2018-08-01,2018,8,4.2,1626.6,343.2,1586.1,1969.8
Kentucky,2018-09-01,2018,9,4.2,1623.2,342.0,1597.2,1965.2
Kentucky,2018-10-01,2018,10,4.2,1626.7,342.4,1600.1,1969.1
Kentucky,2018-11-01,2018,11,4.2,1647.1,343.2,1619.9,1990.3
Kentucky,2018-12-01,2018,12,4.2,1641.5,343.1,1613.1,1984.6
Kentucky,2019-01-01,2019,1,4.2,1603.1,338.4,1573.0,1941.5
Kentucky,2019-02-01,2019,2,4.2,1601.9,337.7,1577.6,1939.6000000000001
Kentucky,2019-03-01,2019,3,4.1,1611.9,340.2,1586.3,1952.1000000000001
Kentucky,2019-04-01,2019,4,4.1,1624.2,342.0,1597.1,1966.2
Kentucky,2019-05-01,2019,5,4.1,1635.4,343.9,1608.2,1979.3000000000002
Kentucky,2019-06-01,2019,6,4.1,1641.3,345.0,1607.2,1986.3
Kentucky,2019-07-01,2019,7,4.1,1640.2,346.2,1589.4,1986.4
Kentucky,2019-08-01,2019,8,4.1,1645.6,346.6,1601.6,1992.1999999999998
Kentucky,2019-09-01,2019,9,4.0,1640.4,345.0,1610.3,1985.4
Kentucky,2019-10-01,2019,10,4.0,1640.1,342.7,1612.0,1982.8
Kentucky,2019-11-01,2019,11,4.0,1662.7,344.9,1634.3,2007.6
Kentucky,2019-12-01,2019,12,4.0,1659.3,342.8,1632.3,2002.1
Kentucky,2020-01-01,2020,1,4.1,1619.5,336.3,1593.0,1955.8
Kentucky,2020-02-01,2020,2,4.1,1620.8,334.7,1600.6,1955.5
Kentucky,2020-03-01,2020,3,4.1,1615.7,335.1,1594.5,1950.8000000000002
Kentucky,2020-04-01,2020,4,16.7,1358.2,283.8,1376.2,1642.0
Kentucky,2020-05-01,2020,5,12.8,1402.2,290.9,1408.9,1693.1
Kentucky,2020-06-01,2020,6,5.3,1501.1,317.9,1473.4,1819.0
Kentucky,2020-07-01,2020,7,5.8,1527.5,320.0,1480.8,1847.5
Kentucky,2020-08-01,2020,8,5.2,1542.1,322.4,1513.3,1864.5
Kentucky,2020-09-01,2020,9,5.0,1551.8,324.3,1526.2,1876.1
Kentucky,2020-10-01,2020,10,4.8,1566.7,326.6,1538.4,1893.3000000000002
Kentucky,2020-11-01,2020,11,4.8,1579.1,326.7,1552.8,1905.8
Kentucky,2020-12-01,2020,12,4.7,1579.6,327.6,1549.5,1907.1999999999998
Kentucky,2021-01-01,2021,1,4.6,1561.3,323.9,1529.1,1885.1999999999998
Kentucky,2021-02-01,2021,2,4.6,1557.6,323.1,1530.4,1880.6999999999998
Kentucky,2021-03-01,2021,3,4.6,1580.5,327.1,1550.9,1907.6
Kentucky,2021-04-01,2021,4,4.6,1582.7,326.6,1557.0,1909.3000000000002
Kentucky,2021-05-01,2021,5,4.5,1598.3,329.2,1569.8,1927.5
Kentucky,2021-06-01,2021,6,4.6,1607.4,329.7,1573.3,1937.1000000000001
Kentucky,2021-07-01,2021,7,4.5,1615.0,332.2,1555.7,1947.2
Kentucky,2021-08-01,2021,8,4.5,1616.8,331.8,1579.2,1948.6
Kentucky,2021-09-01,2021,9,4.4,1610.4,331.3,1581.1,1941.7
Kentucky,2021-10-01,2021,10,4.3,1634.3,334.6,1602.5,1968.9
Kentucky,2021-11-01,2021,11,4.2,1650.3,335.6,1618.6,1985.9
Kentucky,2021-12-01,2021,12,4.1,1656.0,336.9,1623.5,1992.9
Kentucky,2022-01-01,2022,1,4.0,1615.0,331.6,1580.8,1946.6
Kentucky,2022-02-01,2022,2,4.0,1628.6,333.4,1595.5,1962.0
Kentucky,2022-03-01,2022,3,4.0,1641.0,335.4,1607.3,1976.4
Kentucky,2022-04-01,2022,4,4.0,1653.3,341.1,1614.6,1994.4
Kentucky,2022-05-01,2022,5,4.0,1661.6,342.5,1621.9,2004.1
Kentucky,2022-06-01,2022,6,4.0,1668.4,346.0,1618.4,2014.4
Kentucky,2022-07-01,2022,7,4.0,1678.1,348.0,1600.3,2026.1
Kentucky,2022-08-01,2022,8,4.1,1680.9,348.1,1627.3,2029.0
Kentucky,2022-09-01,2022,9,4.1,1685.2,349.1,1641.1,2034.3000000000002
Kentucky,2022-10-01,2022,10,4.1,1690.7,349.4,1647.0,2040.1
Kentucky,2022-11-01,2022,11,4.1,1704.8,349.7,1663.0,2054.5
Kentucky,2022-12-01,2022,12,4.1,1705.5,350.4,1662.9,2055.9
Kentucky,2023-01-01,2023,1,4.1,1678.3,344.7,1636.8,2023.0
Kentucky,2023-02-01,2023,2,4.1,1683.2,346.2,1644.0,2029.4
Kentucky,2023-03-01,2023,3,4.1,1694.7,351.7,1652.0,2046.4
Kentucky,2023-04-01,2023,4,4.1,1700.4,352.9,1657.2,2053.3
Kentucky,2023-05-01,2023,5,4.1,1707.8,354.3,1665.3,2062.1
Kentucky,2023-06-01,2023,6,4.2,1717.3,357.6,1664.4,2074.9
Kentucky,2023-07-01,2023,7,4.2,1711.0,357.9,1633.8,2068.9
Kentucky,2023-08-01,2023,8,4.3,1713.0,357.5,1659.9,2070.5
Kentucky,2023-09-01,2023,9,4.4,1716.7,358.5,1672.1,2075.2
Kentucky,2023-10-01,2023,10,4.4,1718.9,358.8,1675.5,2077.7000000000003
Kentucky,2023-11-01,2023,11,4.5,1730.1,359.2,1688.0,2089.2999999999997
Kentucky,2023-12-01,2023,12,4.5,1732.4,360.4,1688.7,2092.8
Kentucky,2024-01-01,2024,1,4.6,1695.0,355.8,1650.5,2050.8
Kentucky,2024-02-01,2024,2,4.6,1700.9,357.5,1659.3,2058.4
Kentucky,2024-03-01,2024,3,4.7,1711.6,358.8,1670.8,2070.4
Kentucky,2024-04-01,2024,4,4.8,1717.3,359.5,1675.1,2076.8
Kentucky,2024-05-01,2024,5,4.8,1725.4,360.3,1684.0,2085.7000000000003
Kentucky,2024-06-01,2024,6,4.9,1732.5,362.7,1680.3,2095.2
Kentucky,2024-07-01,2024,7,4.9,1726.6,362.2,1651.9,2088.7999999999997
Kentucky,2024-08-01,2024,8,4.9,1732.1,362.4,1680.4,2094.5
Kentucky,2024-09-01,2024,9,4.9,1727.3,361.0,1685.6,2088.3
Kentucky,2024-10-01,2024,10,4.9,1727.2,357.4,1690.9,2084.6
Kentucky,2024-11-01,2024,11,4.9,1735.1,357.1,1700.8,2092.2
Kentucky,2024-12-01,2024,12,4.9,1731.4,356.0,1697.5,2087.4
Kentucky,2025-01-01,2025,1,4.8,1687.8,346.3,1655.4,2034.1
Kentucky,2025-02-01,2025,2,4.8,1697.3,348.7,1668.8,2046.0
Kentucky,2025-03-01,2025,3,4.7,1708.1,352.0,1677.9,2060.1
Kentucky,2025-04-01,2025,4,4.7,1717.9,352.6,1687.5,2070.5
Kentucky,2025-05-01,2025,5,4.7,1725.5,354.0,1695.1,2079.5
Kentucky,2025-06-01,2025,6,4.6,1726.9,355.1,1687.1,2082.0
Kentucky,2025-07-01,2025,7,4.6,1722.3,354.1,1658.7,2076.4
Kentucky,2025-08-01,2025,8,4.5,1725.2,353.5,1684.2,2078.7
Kentucky,2025-09-01,2025,9,4.5,1718.2,353.3,1685.5,2071.5
Kentucky,2025-10-01,2025,10,,1720.2,352.6,1687.8,2072.8
Kentucky,2025-11-01,2025,11,4.4,1724.3,352.4,1693.2,2076.7
Kentucky,2025-12-01,2025,12,4.4,1721.0,350.1,1691.0,2071.1
Kentucky,2026-01-01,2026,1,4.3,1693.6,346.3,1661.3,2039.8999999999999
Kentucky,2026-02-01,2026,2,4.2,1690.4,344.0,1663.9,2034.4
Louisiana,2016-01-01,2016,1,6.0,1641.2,317.5,1650.9,1958.7
Louisiana,2016-02-01,2016,2,6.0,1640.9,316.5,1655.6,1957.4
Louisiana,2016-03-01,2016,3,6.0,1646.6,316.9,1659.9,1963.5
Louisiana,2016-04-01,2016,4,6.1,1653.3,313.9,1670.6,1967.1999999999998
Louisiana,2016-05-01,2016,5,6.1,1653.4,313.5,1672.8,1966.9
Louisiana,2016-06-01,2016,6,6.1,1647.7,315.8,1659.9,1963.5
Louisiana,2016-07-01,2016,7,6.1,1646.4,316.8,1645.3,1963.2
Louisiana,2016-08-01,2016,8,6.1,1639.7,311.9,1645.2,1951.6
Louisiana,2016-09-01,2016,9,6.1,1643.7,314.5,1660.3,1958.2
Louisiana,2016-10-01,2016,10,6.0,1647.8,316.0,1666.3,1963.8
Louisiana,2016-11-01,2016,11,6.0,1649.9,312.6,1673.9,1962.5
Louisiana,2016-12-01,2016,12,5.9,1645.0,310.5,1668.3,1955.5
Louisiana,2017-01-01,2017,1,5.8,1625.1,310.3,1643.1,1935.3999999999999
Louisiana,2017-02-01,2017,2,5.7,1637.8,314.3,1656.5,1952.1
Louisiana,2017-03-01,2017,3,5.5,1641.6,315.7,1658.0,1957.3
Louisiana,2017-04-01,2017,4,5.4,1644.1,316.1,1661.2,1960.1999999999998
Louisiana,2017-05-01,2017,5,5.2,1651.9,318.7,1666.9,1970.6000000000001
Louisiana,2017-06-01,2017,6,5.1,1650.2,320.4,1657.5,1970.6
Louisiana,2017-07-01,2017,7,5.0,1641.3,320.2,1637.0,1961.5
Louisiana,2017-08-01,2017,8,4.9,1647.7,320.5,1645.3,1968.2
Louisiana,2017-09-01,2017,9,4.8,1643.5,317.8,1655.2,1961.3
Louisiana,2017-10-01,2017,10,4.7,1651.7,320.8,1665.3,1972.5
Louisiana,2017-11-01,2017,11,4.7,1658.9,317.9,1676.2,1976.8000000000002
Louisiana,2017-12-01,2017,12,4.7,1656.5,317.6,1672.8,1974.1
Louisiana,2018-01-01,2018,1,4.7,1631.4,312.7,1646.2,1944.1000000000001
Louisiana,2018-02-01,2018,2,4.7,1639.5,316.9,1655.2,1956.4
Louisiana,2018-03-01,2018,3,4.8,1656.2,323.7,1666.0,1979.9
Louisiana,2018-04-01,2018,4,4.9,1660.0,322.7,1672.6,1982.7
Louisiana,2018-05-01,2018,5,4.9,1665.7,325.1,1673.7,1990.8000000000002
Louisiana,2018-06-01,2018,6,4.9,1665.0,328.9,1663.3,1993.9
Louisiana,2018-07-01,2018,7,4.9,1656.0,327.4,1644.1,1983.4
Louisiana,2018-08-01,2018,8,4.9,1665.5,327.3,1658.7,1992.8
Louisiana,2018-09-01,2018,9,4.8,1658.6,325.4,1663.3,1984.0
Louisiana,2018-10-01,2018,10,4.8,1675.6,330.3,1680.5,2005.8999999999999
Louisiana,2018-11-01,2018,11,4.8,1681.1,327.6,1689.7,2008.6999999999998
Louisiana,2018-12-01,2018,12,4.8,1673.4,324.2,1682.2,1997.6000000000001
Louisiana,2019-01-01,2019,1,4.7,1651.3,319.0,1659.4,1970.3
Louisiana,2019-02-01,2019,2,4.6,1659.2,320.4,1671.9,1979.6
Louisiana,2019-03-01,2019,3,4.5,1661.3,322.5,1671.6,1983.8
Louisiana,2019-04-01,2019,4,4.4,1666.6,318.8,1683.7,1985.3999999999999
Louisiana,2019-05-01,2019,5,4.4,1669.4,319.1,1684.4,1988.5
Louisiana,2019-06-01,2019,6,4.5,1664.1,317.1,1674.1,1981.1999999999998
Louisiana,2019-07-01,2019,7,4.6,1649.5,313.2,1653.3,1962.7
Louisiana,2019-08-01,2019,8,4.7,1662.4,314.7,1671.1,1977.1000000000001
Louisiana,2019-09-01,2019,9,4.8,1654.2,313.0,1674.2,1967.2
Louisiana,2019-10-01,2019,10,4.8,1666.8,316.1,1687.8,1982.9
Louisiana,2019-11-01,2019,11,4.8,1677.5,316.1,1699.8,1993.6
Louisiana,2019-12-01,2019,12,4.8,1666.7,311.6,1690.2,1978.3000000000002
Louisiana,2020-01-01,2020,1,4.7,1647.2,305.4,1672.3,1952.6
Louisiana,2020-02-01,2020,2,4.7,1654.6,308.4,1680.2,1963.0
Louisiana,2020-03-01,2020,3,6.7,1634.8,306.4,1662.1,1941.1999999999998
Louisiana,2020-04-01,2020,4,13.5,1393.8,277.2,1437.5,1671.0
Louisiana,2020-05-01,2020,5,12.3,1424.8,275.2,1463.7,1700.0
Louisiana,2020-06-01,2020,6,11.0,1467.9,275.9,1496.9,1743.8000000000002
Louisiana,2020-07-01,2020,7,10.4,1475.5,274.4,1502.7,1749.9
Louisiana,2020-08-01,2020,8,9.2,1492.7,273.7,1528.8,1766.4
Louisiana,2020-09-01,2020,9,8.7,1488.9,276.3,1528.2,1765.2
Louisiana,2020-10-01,2020,10,8.0,1531.6,281.8,1568.0,1813.3999999999999
Louisiana,2020-11-01,2020,11,7.6,1545.7,281.3,1583.1,1827.0
Louisiana,2020-12-01,2020,12,7.4,1546.3,281.4,1581.7,1827.6999999999998
Louisiana,2021-01-01,2021,1,7.0,1522.6,278.2,1558.6,1800.8
Louisiana,2021-02-01,2021,2,6.8,1527.9,280.4,1564.6,1808.3000000000002
Louisiana,2021-03-01,2021,3,6.6,1543.3,285.4,1574.3,1828.6999999999998
Louisiana,2021-04-01,2021,4,6.4,1556.5,289.8,1585.3,1846.3
Louisiana,2021-05-01,2021,5,6.2,1566.3,290.7,1591.7,1857.0
Louisiana,2021-06-01,2021,6,6.0,1568.6,291.3,1583.7,1859.8999999999999
Louisiana,2021-07-01,2021,7,5.6,1577.2,292.4,1585.7,1869.6
Louisiana,2021-08-01,2021,8,5.2,1580.2,290.3,1596.3,1870.5
Louisiana,2021-09-01,2021,9,4.8,1537.1,287.6,1561.4,1824.6999999999998
Louisiana,2021-10-01,2021,10,4.5,1595.1,295.4,1615.5,1890.5
Louisiana,2021-11-01,2021,11,4.2,1606.4,293.1,1630.5,1899.5
Louisiana,2021-12-01,2021,12,4.0,1608.8,292.0,1631.5,1900.8
Louisiana,2022-01-01,2022,1,3.9,1581.3,286.2,1607.0,1867.5
Louisiana,2022-02-01,2022,2,3.8,1597.8,289.2,1622.3,1887.0
Louisiana,2022-03-01,2022,3,3.7,1598.3,290.8,1618.9,1889.1
Louisiana,2022-04-01,2022,4,3.7,1612.2,293.6,1633.1,1905.8000000000002
Louisiana,2022-05-01,2022,5,3.7,1616.1,294.2,1636.1,1910.3
Louisiana,2022-06-01,2022,6,3.6,1615.4,295.3,1623.8,1910.7
Louisiana,2022-07-01,2022,7,3.6,1622.8,298.4,1622.9,1921.1999999999998
Louisiana,2022-08-01,2022,8,3.6,1628.1,297.2,1636.6,1925.3
Louisiana,2022-09-01,2022,9,3.5,1628.1,298.8,1642.4,1926.8999999999999
Louisiana,2022-10-01,2022,10,3.5,1635.4,299.3,1653.2,1934.7
Louisiana,2022-11-01,2022,11,3.5,1640.5,297.2,1662.1,1937.7
Louisiana,2022-12-01,2022,12,3.5,1637.7,296.0,1657.6,1933.7
Louisiana,2023-01-01,2023,1,3.6,1620.3,293.5,1642.5,1913.8
Louisiana,2023-02-01,2023,2,3.6,1629.3,297.8,1649.8,1927.1
Louisiana,2023-03-01,2023,3,3.6,1636.2,302.2,1651.4,1938.4
Louisiana,2023-04-01,2023,4,3.5,1639.0,300.7,1659.1,1939.7
Louisiana,2023-05-01,2023,5,3.5,1646.2,302.2,1664.4,1948.4
Louisiana,2023-06-01,2023,6,3.5,1645.6,304.1,1653.1,1949.6999999999998
Louisiana,2023-07-01,2023,7,3.6,1631.0,300.4,1635.4,1931.4
Louisiana,2023-08-01,2023,8,3.7,1639.4,300.7,1650.5,1940.1000000000001
Louisiana,2023-09-01,2023,9,3.8,1640.6,303.4,1657.7,1944.0
Louisiana,2023-10-01,2023,10,3.9,1654.8,307.3,1672.2,1962.1
Louisiana,2023-11-01,2023,11,4.1,1657.7,304.8,1678.6,1962.5
Louisiana,2023-12-01,2023,12,4.2,1657.9,304.1,1676.4,1962.0
Louisiana,2024-01-01,2024,1,4.2,1638.6,302.9,1656.9,1941.5
Louisiana,2024-02-01,2024,2,4.1,1646.0,307.9,1661.1,1953.9
Louisiana,2024-03-01,2024,3,4.1,1653.0,310.1,1665.4,1963.1
Louisiana,2024-04-01,2024,4,4.1,1661.1,310.2,1676.4,1971.3
Louisiana,2024-05-01,2024,5,4.1,1668.4,312.1,1681.7,1980.5
Louisiana,2024-06-01,2024,6,4.2,1657.8,310.9,1662.5,1968.6999999999998
Louisiana,2024-07-01,2024,7,4.3,1664.2,313.8,1659.3,1978.0
Louisiana,2024-08-01,2024,8,4.4,1672.3,314.0,1674.0,1986.3
Louisiana,2024-09-01,2024,9,4.5,1656.5,309.3,1672.1,1965.8
Louisiana,2024-10-01,2024,10,4.5,1678.0,313.1,1694.2,1991.1
Louisiana,2024-11-01,2024,11,4.4,1682.4,310.5,1702.3,1992.9
Louisiana,2024-12-01,2024,12,4.4,1675.0,307.2,1694.9,1982.2
Louisiana,2025-01-01,2025,1,4.3,1658.5,305.7,1678.5,1964.2
Louisiana,2025-02-01,2025,2,4.3,1674.1,310.4,1691.6,1984.5
Louisiana,2025-03-01,2025,3,4.3,1665.9,309.0,1684.4,1974.9
Louisiana,2025-04-01,2025,4,4.3,1675.1,306.9,1696.7,1982.0
Louisiana,2025-05-01,2025,5,4.3,1675.1,306.9,1696.3,1982.0
Louisiana,2025-06-01,2025,6,4.3,1662.7,307.2,1675.3,1969.9
Louisiana,2025-07-01,2025,7,4.3,1659.4,305.9,1665.9,1965.3000000000002
Louisiana,2025-08-01,2025,8,4.2,1665.5,304.3,1678.7,1969.8
Louisiana,2025-09-01,2025,9,4.2,1654.0,303.0,1677.7,1957.0
Louisiana,2025-10-01,2025,10,,1671.3,307.3,1693.8,1978.6
Louisiana,2025-11-01,2025,11,4.2,1678.8,308.5,1701.2,1987.3
Louisiana,2025-12-01,2025,12,4.2,1679.6,309.1,1697.7,1988.6999999999998
Louisiana,2026-01-01,2026,1,4.3,1661.6,308.0,1679.3,1969.6
Louisiana,2026-02-01,2026,2,4.3,1670.9,312.2,1686.7,1983.1000000000001
Maine,2016-01-01,2016,1,4.0,494.9,76.9,516.1,571.8
Maine,2016-02-01,2016,2,4.0,494.0,76.3,518.3,570.3
Maine,2016-03-01,2016,3,3.9,495.6,76.5,520.7,572.1
Maine,2016-04-01,2016,4,3.9,504.5,78.0,528.2,582.5
Maine,2016-05-01,2016,5,3.8,517.7,80.5,538.7,598.2
Maine,2016-06-01,2016,6,3.8,533.4,83.0,550.4,616.4
Maine,2016-07-01,2016,7,3.8,546.5,83.6,553.9,630.1
Maine,2016-08-01,2016,8,3.7,545.0,83.6,552.5,628.6
Maine,2016-09-01,2016,9,3.7,530.0,82.3,548.1,612.3
Maine,2016-10-01,2016,10,3.7,525.0,82.1,545.0,607.1
Maine,2016-11-01,2016,11,3.6,518.3,82.2,539.3,600.5
Maine,2016-12-01,2016,12,3.6,516.9,80.9,537.9,597.8
Maine,2017-01-01,2017,1,3.5,502.5,77.7,523.3,580.2
Maine,2017-02-01,2017,2,3.5,499.5,76.9,523.2,576.4
Maine,2017-03-01,2017,3,3.5,502.3,77.5,526.4,579.8
Maine,2017-04-01,2017,4,3.4,509.1,78.7,531.9,587.8000000000001
Maine,2017-05-01,2017,5,3.4,522.4,80.8,542.8,603.1999999999999
Maine,2017-06-01,2017,6,3.4,540.9,83.9,556.6,624.8
Maine,2017-07-01,2017,7,3.4,550.7,84.3,557.4,635.0
Maine,2017-08-01,2017,8,3.4,549.5,84.8,555.4,634.3
Maine,2017-09-01,2017,9,3.4,535.7,84.0,552.3,619.7
Maine,2017-10-01,2017,10,3.3,529.5,84.1,547.5,613.6
Maine,2017-11-01,2017,11,3.2,523.2,84.0,541.7,607.2
Maine,2017-12-01,2017,12,3.1,523.5,82.9,542.8,606.4
Maine,2018-01-01,2018,1,3.1,507.8,79.3,526.9,587.1
Maine,2018-02-01,2018,2,3.0,507.5,79.2,529.2,586.7
Maine,2018-03-01,2018,3,3.0,508.5,79.9,529.7,588.4
Maine,2018-04-01,2018,4,3.0,516.0,81.2,536.6,597.2
Maine,2018-05-01,2018,5,3.1,529.6,83.6,547.2,613.2
Maine,2018-06-01,2018,6,3.2,546.8,85.8,561.9,632.5999999999999
Maine,2018-07-01,2018,7,3.3,556.9,86.4,559.9,643.3
Maine,2018-08-01,2018,8,3.3,554.7,86.7,557.2,641.4000000000001
Maine,2018-09-01,2018,9,3.3,540.4,85.8,555.3,626.1999999999999
Maine,2018-10-01,2018,10,3.3,537.5,85.9,554.7,623.4
Maine,2018-11-01,2018,11,3.3,529.6,85.8,546.7,615.4
Maine,2018-12-01,2018,12,3.2,528.5,84.8,546.6,613.3
Maine,2019-01-01,2019,1,3.1,514.1,82.0,532.3,596.1
Maine,2019-02-01,2019,2,3.0,513.7,81.2,534.1,594.9000000000001
Maine,2019-03-01,2019,3,2.9,514.9,81.6,535.2,596.5
Maine,2019-04-01,2019,4,2.8,521.5,82.3,541.5,603.8
Maine,2019-05-01,2019,5,2.7,536.2,85.3,552.8,621.5
Maine,2019-06-01,2019,6,2.7,551.4,87.5,564.8,638.9
Maine,2019-07-01,2019,7,2.8,562.0,88.4,564.0,650.4
Maine,2019-08-01,2019,8,2.8,561.9,88.4,563.9,650.3
Maine,2019-09-01,2019,9,2.9,546.7,87.5,560.9,634.2
Maine,2019-10-01,2019,10,3.0,541.6,87.8,557.3,629.4
Maine,2019-11-01,2019,11,3.0,533.2,87.5,549.5,620.7
Maine,2019-12-01,2019,12,3.1,533.5,86.3,549.2,619.8
Maine,2020-01-01,2020,1,3.2,518.4,83.6,536.2,602.0
Maine,2020-02-01,2020,2,3.2,517.8,83.0,537.6,600.8
Maine,2020-03-01,2020,3,3.2,514.2,82.8,534.5,597.0
Maine,2020-04-01,2020,4,9.3,436.5,73.8,460.1,510.3
Maine,2020-05-01,2020,5,9.5,465.2,80.7,478.0,545.9
Maine,2020-06-01,2020,6,6.6,488.8,83.3,499.2,572.1
Maine,2020-07-01,2020,7,6.3,505.6,81.2,512.7,586.8000000000001
Maine,2020-08-01,2020,8,4.2,512.5,82.3,518.9,594.8
Maine,2020-09-01,2020,9,4.0,513.2,86.1,525.1,599.3000000000001
Maine,2020-10-01,2020,10,3.8,516.6,86.3,528.7,602.9
Maine,2020-11-01,2020,11,3.9,511.9,86.3,524.0,598.1999999999999
Maine,2020-12-01,2020,12,4.2,510.4,86.3,520.8,596.6999999999999
Maine,2021-01-01,2021,1,4.5,498.8,83.7,509.9,582.5
Maine,2021-02-01,2021,2,4.8,501.8,83.7,515.2,585.5
Maine,2021-03-01,2021,3,4.9,504.8,84.5,518.3,589.3
Maine,2021-04-01,2021,4,5.1,512.3,86.2,524.3,598.5
Maine,2021-05-01,2021,5,5.0,524.1,88.1,533.6,612.2
Maine,2021-06-01,2021,6,5.0,536.9,89.7,544.5,626.6
Maine,2021-07-01,2021,7,4.8,552.5,90.9,551.3,643.4
Maine,2021-08-01,2021,8,4.7,551.1,91.3,548.3,642.4
Maine,2021-09-01,2021,9,4.5,535.6,90.0,543.3,625.6
Maine,2021-10-01,2021,10,4.3,535.4,90.0,544.3,625.4
Maine,2021-11-01,2021,11,4.0,528.8,89.8,538.4,618.5999999999999
Maine,2021-12-01,2021,12,3.8,527.9,88.6,536.6,616.5
Maine,2022-01-01,2022,1,3.6,513.7,85.6,524.8,599.3000000000001
Maine,2022-02-01,2022,2,3.3,516.9,85.8,529.9,602.6999999999999
Maine,2022-03-01,2022,3,3.0,520.0,86.3,532.7,606.3
Maine,2022-04-01,2022,4,2.9,529.3,87.4,540.7,616.6999999999999
Maine,2022-05-01,2022,5,2.8,539.4,89.1,549.3,628.5
Maine,2022-06-01,2022,6,2.7,550.6,90.7,559.1,641.3000000000001
Maine,2022-07-01,2022,7,2.6,566.9,91.9,567.3,658.8
Maine,2022-08-01,2022,8,2.5,565.5,91.9,564.4,657.4
Maine,2022-09-01,2022,9,2.6,551.2,90.7,560.2,641.9000000000001
Maine,2022-10-01,2022,10,2.7,547.4,90.8,556.4,638.1999999999999
Maine,2022-11-01,2022,11,2.7,540.7,90.6,551.5,631.3000000000001
Maine,2022-12-01,2022,12,2.6,538.9,89.5,550.0,628.4
Maine,2023-01-01,2023,1,2.6,529.4,87.4,541.5,616.8
Maine,2023-02-01,2023,2,2.5,529.8,87.0,543.0,616.8
Maine,2023-03-01,2023,3,2.5,529.9,86.7,543.8,616.6
Maine,2023-04-01,2023,4,2.5,536.0,88.1,548.5,624.1
Maine,2023-05-01,2023,5,2.5,549.4,89.9,561.1,639.3
Maine,2023-06-01,2023,6,2.6,566.2,91.8,576.5,658.0
Maine,2023-07-01,2023,7,2.6,578.1,92.2,581.0,670.3000000000001
Maine,2023-08-01,2023,8,2.7,576.7,91.7,578.1,668.4000000000001
Maine,2023-09-01,2023,9,2.7,561.1,90.7,571.8,651.8000000000001
Maine,2023-10-01,2023,10,2.8,557.1,90.4,569.3,647.5
Maine,2023-11-01,2023,11,2.8,548.9,90.0,562.2,638.9
Maine,2023-12-01,2023,12,2.8,547.3,88.9,561.4,636.1999999999999
Maine,2024-01-01,2024,1,2.8,536.2,86.9,551.3,623.1
Maine,2024-02-01,2024,2,2.8,536.0,86.2,552.6,622.2
Maine,2024-03-01,2024,3,2.8,536.9,86.3,554.2,623.1999999999999
Maine,2024-04-01,2024,4,2.8,542.4,87.1,558.6,629.5
Maine,2024-05-01,2024,5,2.9,557.5,89.5,571.4,647.0
Maine,2024-06-01,2024,6,2.9,574.4,91.6,586.7,666.0
Maine,2024-07-01,2024,7,3.0,585.7,92.1,588.4,677.8000000000001
Maine,2024-08-01,2024,8,3.1,583.8,92.0,586.9,675.8
Maine,2024-09-01,2024,9,3.1,568.9,90.9,580.4,659.8
Maine,2024-10-01,2024,10,3.2,564.2,90.5,578.1,654.7
Maine,2024-11-01,2024,11,3.2,554.9,90.2,569.7,645.1
Maine,2024-12-01,2024,12,3.3,552.7,89.0,568.8,641.7
Maine,2025-01-01,2025,1,3.3,540.9,86.8,557.6,627.6999999999999
Maine,2025-02-01,2025,2,3.3,538.3,86.5,555.7,624.8
Maine,2025-03-01,2025,3,3.3,539.7,86.4,557.6,626.1
Maine,2025-04-01,2025,4,3.3,544.4,86.6,562.6,631.0
Maine,2025-05-01,2025,5,3.3,559.7,89.0,575.4,648.7
Maine,2025-06-01,2025,6,3.3,571.3,90.7,586.2,662.0
Maine,2025-07-01,2025,7,3.3,585.6,91.5,589.9,677.1
Maine,2025-08-01,2025,8,3.3,582.1,91.2,586.1,673.3000000000001
Maine,2025-09-01,2025,9,3.3,567.2,89.9,580.3,657.1
Maine,2025-10-01,2025,10,,560.0,90.2,573.7,650.2
Maine,2025-11-01,2025,11,3.3,554.2,89.7,569.1,643.9000000000001
Maine,2025-12-01,2025,12,3.3,550.9,89.1,566.2,640.0
Maine,2026-01-01,2026,1,3.3,538.7,86.9,554.0,625.6
Maine,2026-02-01,2026,2,3.2,538.3,86.8,555.3,625.0999999999999
Maryland,2016-01-01,2016,1,4.5,2149.2,260.5,2380.8,2409.7
Maryland,2016-02-01,2016,2,4.4,2147.1,258.1,2394.9,2405.2
Maryland,2016-03-01,2016,3,4.3,2166.7,262.2,2416.6,2428.8999999999996
Maryland,2016-04-01,2016,4,4.2,2200.7,266.9,2446.4,2467.6
Maryland,2016-05-01,2016,5,4.2,2215.3,268.9,2457.7,2484.2000000000003
Maryland,2016-06-01,2016,6,4.2,2234.7,271.8,2461.5,2506.5
Maryland,2016-07-01,2016,7,4.2,2243.9,273.3,2447.1,2517.2000000000003
Maryland,2016-08-01,2016,8,4.2,2242.0,273.4,2448.5,2515.4
Maryland,2016-09-01,2016,9,4.2,2229.0,272.3,2460.6,2501.3
Maryland,2016-10-01,2016,10,4.2,2229.9,272.2,2469.1,2502.1
Maryland,2016-11-01,2016,11,4.2,2242.1,271.9,2484.8,2514.0
Maryland,2016-12-01,2016,12,4.2,2243.6,272.1,2486.3,2515.7
Maryland,2017-01-01,2017,1,4.2,2183.6,263.5,2415.2,2447.1
Maryland,2017-02-01,2017,2,4.1,2187.4,264.9,2433.6,2452.3
Maryland,2017-03-01,2017,3,4.1,2200.4,265.8,2449.5,2466.2000000000003
Maryland,2017-04-01,2017,4,4.0,2222.6,269.3,2467.4,2491.9
Maryland,2017-05-01,2017,5,4.0,2243.8,271.1,2488.2,2514.9
Maryland,2017-06-01,2017,6,4.0,2269.1,275.4,2497.5,2544.5
Maryland,2017-07-01,2017,7,4.0,2274.6,275.8,2475.8,2550.4
Maryland,2017-08-01,2017,8,4.0,2271.2,276.3,2472.8,2547.5
Maryland,2017-09-01,2017,9,4.1,2253.0,274.4,2478.5,2527.4
Maryland,2017-10-01,2017,10,4.1,2254.0,274.0,2491.7,2528.0
Maryland,2017-11-01,2017,11,4.1,2264.4,274.4,2505.6,2538.8
Maryland,2017-12-01,2017,12,4.1,2260.0,273.5,2498.4,2533.5
Maryland,2018-01-01,2018,1,4.1,2205.3,265.4,2433.3,2470.7000000000003
Maryland,2018-02-01,2018,2,4.0,2210.4,266.8,2455.4,2477.2000000000003
Maryland,2018-03-01,2018,3,4.0,2225.1,269.0,2471.5,2494.1
Maryland,2018-04-01,2018,4,3.9,2245.3,271.3,2488.6,2516.6000000000004
Maryland,2018-05-01,2018,5,3.8,2267.2,273.4,2509.5,2540.6
Maryland,2018-06-01,2018,6,3.8,2291.1,276.9,2519.9,2568.0
Maryland,2018-07-01,2018,7,3.7,2299.7,280.0,2503.5,2579.7
Maryland,2018-08-01,2018,8,3.7,2294.8,280.3,2499.7,2575.1000000000004
Maryland,2018-09-01,2018,9,3.7,2271.1,278.2,2498.7,2549.2999999999997
Maryland,2018-10-01,2018,10,3.7,2276.9,278.6,2511.4,2555.5
Maryland,2018-11-01,2018,11,3.7,2291.3,278.3,2528.0,2569.6000000000004
Maryland,2018-12-01,2018,12,3.6,2284.6,277.4,2521.2,2562.0
Maryland,2019-01-01,2019,1,3.6,2232.8,272.7,2458.4,2505.5
Maryland,2019-02-01,2019,2,3.5,2235.1,272.2,2474.9,2507.2999999999997
Maryland,2019-03-01,2019,3,3.5,2248.9,274.7,2490.3,2523.6
Maryland,2019-04-01,2019,4,3.4,2265.7,277.6,2504.2,2543.2999999999997
Maryland,2019-05-01,2019,5,3.4,2284.9,279.5,2522.2,2564.4
Maryland,2019-06-01,2019,6,3.4,2310.5,283.8,2534.8,2594.3
Maryland,2019-07-01,2019,7,3.4,2314.6,285.5,2509.8,2600.1
Maryland,2019-08-01,2019,8,3.4,2309.0,286.1,2504.7,2595.1
Maryland,2019-09-01,2019,9,3.3,2285.5,283.9,2503.7,2569.4
Maryland,2019-10-01,2019,10,3.3,2290.1,283.2,2524.2,2573.2999999999997
Maryland,2019-11-01,2019,11,3.2,2302.4,283.4,2538.2,2585.8
Maryland,2019-12-01,2019,12,3.2,2300.9,282.2,2533.6,2583.1
Maryland,2020-01-01,2020,1,3.3,2244.9,275.7,2468.1,2520.6
Maryland,2020-02-01,2020,2,3.4,2243.4,274.7,2484.3,2518.1
Maryland,2020-03-01,2020,3,3.5,2226.9,275.2,2468.1,2502.1
Maryland,2020-04-01,2020,4,9.0,1894.5,255.1,2142.8,2149.6
Maryland,2020-05-01,2020,5,8.8,1938.8,261.8,2177.0,2200.6
Maryland,2020-06-01,2020,6,8.1,2019.9,268.7,2235.0,2288.6
Maryland,2020-07-01,2020,7,7.9,2082.4,271.0,2288.8,2353.4
Maryland,2020-08-01,2020,8,7.2,2093.1,271.4,2300.0,2364.5
Maryland,2020-09-01,2020,9,7.1,2096.6,271.5,2317.4,2368.1
Maryland,2020-10-01,2020,10,6.7,2120.5,271.4,2346.7,2391.9
Maryland,2020-11-01,2020,11,6.6,2130.8,272.0,2356.5,2402.8
Maryland,2020-12-01,2020,12,6.6,2135.9,272.8,2357.4,2408.7000000000003
Maryland,2021-01-01,2021,1,6.4,2086.9,266.3,2306.2,2353.2000000000003
Maryland,2021-02-01,2021,2,6.2,2088.0,265.0,2318.6,2353.0
Maryland,2021-03-01,2021,3,6.1,2110.1,267.6,2342.8,2377.7
Maryland,2021-04-01,2021,4,5.9,2134.0,268.4,2371.9,2402.4
Maryland,2021-05-01,2021,5,5.7,2154.7,270.0,2392.8,2424.7
Maryland,2021-06-01,2021,6,5.6,2174.4,271.4,2401.2,2445.8
Maryland,2021-07-01,2021,7,5.3,2201.9,273.6,2416.8,2475.5
Maryland,2021-08-01,2021,8,5.0,2198.9,273.5,2415.4,2472.4
Maryland,2021-09-01,2021,9,4.6,2175.6,271.5,2412.3,2447.1
Maryland,2021-10-01,2021,10,4.2,2201.4,272.5,2438.9,2473.9
Maryland,2021-11-01,2021,11,3.9,2214.9,273.4,2454.4,2488.3
Maryland,2021-12-01,2021,12,3.5,2227.8,273.9,2466.8,2501.7000000000003
Maryland,2022-01-01,2022,1,3.5,2162.0,265.8,2391.3,2427.8
Maryland,2022-02-01,2022,2,3.3,2179.7,267.8,2421.2,2447.5
Maryland,2022-03-01,2022,3,3.2,2176.2,268.7,2419.6,2444.8999999999996
Maryland,2022-04-01,2022,4,3.1,2205.0,271.1,2452.3,2476.1
Maryland,2022-05-01,2022,5,3.1,2221.8,272.7,2470.2,2494.5
Maryland,2022-06-01,2022,6,3.1,2229.0,274.1,2464.5,2503.1
Maryland,2022-07-01,2022,7,3.0,2260.8,278.0,2481.2,2538.8
Maryland,2022-08-01,2022,8,3.0,2254.8,278.0,2473.5,2532.8
Maryland,2022-09-01,2022,9,2.8,2233.6,276.0,2479.3,2509.6
Maryland,2022-10-01,2022,10,2.8,2234.2,275.5,2476.5,2509.7
Maryland,2022-11-01,2022,11,2.6,2239.3,275.2,2486.3,2514.5
Maryland,2022-12-01,2022,12,2.5,2232.3,274.8,2482.7,2507.1000000000004
Maryland,2023-01-01,2023,1,2.3,2196.7,269.3,2435.3,2466.0
Maryland,2023-02-01,2023,2,2.2,2198.3,270.0,2449.4,2468.3
Maryland,2023-03-01,2023,3,2.1,2207.6,271.1,2462.0,2478.7
Maryland,2023-04-01,2023,4,1.9,2237.0,273.3,2493.5,2510.3
Maryland,2023-05-01,2023,5,1.9,2255.3,274.5,2515.9,2529.8
Maryland,2023-06-01,2023,6,1.9,2283.1,277.0,2530.0,2560.1
Maryland,2023-07-01,2023,7,2.0,2290.0,278.9,2528.5,2568.9
Maryland,2023-08-01,2023,8,2.2,2278.6,276.9,2521.0,2555.5
Maryland,2023-09-01,2023,9,2.3,2256.6,275.0,2515.8,2531.6
Maryland,2023-10-01,2023,10,2.5,2261.5,273.7,2525.3,2535.2
Maryland,2023-11-01,2023,11,2.6,2268.4,272.5,2538.7,2540.9
Maryland,2023-12-01,2023,12,2.7,2270.1,274.0,2539.4,2544.1
Maryland,2024-01-01,2024,1,2.8,2257.9,271.9,2514.4,2529.8
Maryland,2024-02-01,2024,2,2.9,2257.7,271.7,2527.2,2529.3999999999996
Maryland,2024-03-01,2024,3,3.0,2265.7,273.1,2538.3,2538.7999999999997
Maryland,2024-04-01,2024,4,3.0,2283.1,275.1,2552.9,2558.2
Maryland,2024-05-01,2024,5,3.1,2300.9,276.2,2572.4,2577.1
Maryland,2024-06-01,2024,6,3.2,2324.1,279.9,2581.1,2604.0
Maryland,2024-07-01,2024,7,3.3,2330.1,281.5,2578.9,2611.6
Maryland,2024-08-01,2024,8,3.3,2318.5,280.3,2568.7,2598.8
Maryland,2024-09-01,2024,9,3.3,2300.4,278.9,2564.5,2579.3
Maryland,2024-10-01,2024,10,3.3,2307.0,277.8,2578.3,2584.8
Maryland,2024-11-01,2024,11,3.4,2311.9,278.3,2587.6,2590.2000000000003
Maryland,2024-12-01,2024,12,3.4,2312.0,277.5,2588.1,2589.5
Maryland,2025-01-01,2025,1,3.5,2258.8,269.8,2523.6,2528.6000000000004
Maryland,2025-02-01,2025,2,3.6,2260.0,271.9,2537.4,2531.9
Maryland,2025-03-01,2025,3,3.7,2271.0,274.7,2548.0,2545.7
Maryland,2025-04-01,2025,4,3.8,2278.7,276.1,2551.5,2554.7999999999997
Maryland,2025-05-01,2025,5,4.0,2298.9,276.8,2571.3,2575.7000000000003
Maryland,2025-06-01,2025,6,4.1,2309.7,280.1,2562.7,2589.7999999999997
Maryland,2025-07-01,2025,7,4.2,2309.0,280.4,2555.2,2589.4
Maryland,2025-08-01,2025,8,4.3,2298.4,279.3,2541.3,2577.7000000000003
Maryland,2025-09-01,2025,9,4.3,2271.3,277.7,2528.5,2549.0
Maryland,2025-10-01,2025,10,,2267.2,278.6,2518.6,2545.7999999999997
Maryland,2025-11-01,2025,11,4.3,2271.9,280.7,2526.1,2552.6
Maryland,2025-12-01,2025,12,4.2,2269.5,279.4,2523.9,2548.9
Maryland,2026-01-01,2026,1,4.3,2234.9,276.5,2470.4,2511.4
Maryland,2026-02-01,2026,2,4.3,2225.1,272.0,2480.2,2497.1
Massachusetts,2016-01-01,2016,1,4.4,3006.2,379.0,3073.3,3385.2
Massachusetts,2016-02-01,2016,2,4.3,3010.4,373.4,3097.7,3383.8
Massachusetts,2016-03-01,2016,3,4.2,3029.8,377.5,3119.7,3407.3
Massachusetts,2016-04-01,2016,4,4.1,3089.3,386.6,3167.9,3475.9
Massachusetts,2016-05-01,2016,5,4.1,3116.7,392.7,3189.5,3509.3999999999996
Massachusetts,2016-06-01,2016,6,4.0,3155.3,399.0,3211.8,3554.3
Massachusetts,2016-07-01,2016,7,3.9,3187.6,400.4,3211.0,3588.0
Massachusetts,2016-08-01,2016,8,3.9,3180.5,399.9,3196.0,3580.4
Massachusetts,2016-09-01,2016,9,3.8,3141.9,396.0,3205.1,3537.9
Massachusetts,2016-10-01,2016,10,3.8,3145.4,396.0,3214.0,3541.4
Massachusetts,2016-11-01,2016,11,3.8,3144.7,394.4,3222.3,3539.1
Massachusetts,2016-12-01,2016,12,3.9,3145.6,391.9,3221.6,3537.5
Massachusetts,2017-01-01,2017,1,3.9,3059.6,379.3,3130.9,3438.9
Massachusetts,2017-02-01,2017,2,3.9,3061.5,376.0,3147.8,3437.5
Massachusetts,2017-03-01,2017,3,3.9,3081.0,378.4,3165.4,3459.4
Massachusetts,2017-04-01,2017,4,3.9,3133.9,388.8,3210.2,3522.7000000000003
Massachusetts,2017-05-01,2017,5,3.9,3165.7,395.4,3235.4,3561.1
Massachusetts,2017-06-01,2017,6,3.8,3218.1,403.3,3273.5,3621.4
Massachusetts,2017-07-01,2017,7,3.8,3230.9,406.7,3245.4,3637.6
Massachusetts,2017-08-01,2017,8,3.8,3224.6,407.3,3230.9,3631.9
Massachusetts,2017-09-01,2017,9,3.8,3185.1,403.6,3235.8,3588.7
Massachusetts,2017-10-01,2017,10,3.8,3192.7,404.2,3252.3,3596.8999999999996
Massachusetts,2017-11-01,2017,11,3.8,3193.8,402.6,3258.6,3596.4
Massachusetts,2017-12-01,2017,12,3.7,3191.6,398.5,3259.9,3590.1
Massachusetts,2018-01-01,2018,1,3.7,3102.4,385.7,3165.1,3488.1
Massachusetts,2018-02-01,2018,2,3.6,3114.3,385.4,3192.4,3499.7000000000003
Massachusetts,2018-03-01,2018,3,3.6,3128.1,388.1,3201.9,3516.2
Massachusetts,2018-04-01,2018,4,3.6,3175.0,397.4,3243.2,3572.4
Massachusetts,2018-05-01,2018,5,3.5,3207.9,404.9,3269.8,3612.8
Massachusetts,2018-06-01,2018,6,3.5,3256.3,412.5,3304.9,3668.8
Massachusetts,2018-07-01,2018,7,3.4,3262.4,412.4,3273.3,3674.8
Massachusetts,2018-08-01,2018,8,3.4,3254.1,411.0,3256.7,3665.1
Massachusetts,2018-09-01,2018,9,3.3,3211.6,407.4,3264.0,3619.0
Massachusetts,2018-10-01,2018,10,3.3,3230.9,408.9,3288.2,3639.8
Massachusetts,2018-11-01,2018,11,3.3,3227.2,406.6,3293.3,3633.7999999999997
Massachusetts,2018-12-01,2018,12,3.3,3227.4,404.0,3294.1,3631.4
Massachusetts,2019-01-01,2019,1,3.2,3146.6,394.6,3201.7,3541.2
Massachusetts,2019-02-01,2019,2,3.2,3153.2,392.6,3226.5,3545.7999999999997
Massachusetts,2019-03-01,2019,3,3.1,3166.9,394.8,3238.9,3561.7000000000003
Massachusetts,2019-04-01,2019,4,3.1,3229.5,405.0,3293.6,3634.5
Massachusetts,2019-05-01,2019,5,3.0,3259.0,411.2,3320.5,3670.2
Massachusetts,2019-06-01,2019,6,3.0,3310.7,417.8,3356.4,3728.5
Massachusetts,2019-07-01,2019,7,3.0,3320.9,418.0,3331.2,3738.9
Massachusetts,2019-08-01,2019,8,3.0,3312.1,417.5,3313.5,3729.6
Massachusetts,2019-09-01,2019,9,3.0,3267.0,413.6,3314.5,3680.6
Massachusetts,2019-10-01,2019,10,3.0,3280.1,413.4,3337.1,3693.5
Massachusetts,2019-11-01,2019,11,3.0,3282.2,412.0,3344.0,3694.2
Massachusetts,2019-12-01,2019,12,3.0,3277.8,407.8,3342.3,3685.6000000000004
Massachusetts,2020-01-01,2020,1,3.0,3197.6,396.8,3257.5,3594.4
Massachusetts,2020-02-01,2020,2,3.1,3209.0,395.7,3283.4,3604.7
Massachusetts,2020-03-01,2020,3,3.1,3179.0,397.1,3255.8,3576.1
Massachusetts,2020-04-01,2020,4,17.8,2606.6,327.7,2724.9,2934.2999999999997
Massachusetts,2020-05-01,2020,5,14.3,2683.3,352.3,2775.0,3035.6000000000004
Massachusetts,2020-06-01,2020,6,14.7,2809.6,381.7,2865.3,3191.2999999999997
Massachusetts,2020-07-01,2020,7,12.5,2903.6,386.8,2925.0,3290.4
Massachusetts,2020-08-01,2020,8,10.4,2948.0,392.2,2969.5,3340.2
Massachusetts,2020-09-01,2020,9,9.6,2951.4,390.8,2999.2,3342.2000000000003
Massachusetts,2020-10-01,2020,10,8.4,3006.1,394.2,3054.5,3400.2999999999997
Massachusetts,2020-11-01,2020,11,7.8,3013.5,394.2,3064.0,3407.7
Massachusetts,2020-12-01,2020,12,7.4,3001.4,392.0,3049.8,3393.4
Massachusetts,2021-01-01,2021,1,6.8,2934.1,380.6,2982.3,3314.7
Massachusetts,2021-02-01,2021,2,6.4,2952.2,379.3,3010.7,3331.5
Massachusetts,2021-03-01,2021,3,6.1,2977.0,383.6,3034.0,3360.6
Massachusetts,2021-04-01,2021,4,5.9,3037.8,393.5,3090.3,3431.3
Massachusetts,2021-05-01,2021,5,5.6,3072.3,399.1,3119.4,3471.4
Massachusetts,2021-06-01,2021,6,5.5,3120.2,404.7,3166.3,3524.8999999999996
Massachusetts,2021-07-01,2021,7,5.3,3168.4,408.3,3189.1,3576.7000000000003
Massachusetts,2021-08-01,2021,8,5.0,3166.7,408.3,3184.0,3575.0
Massachusetts,2021-09-01,2021,9,4.7,3129.6,405.0,3168.9,3534.6
Massachusetts,2021-10-01,2021,10,4.4,3171.3,407.1,3215.6,3578.4
Massachusetts,2021-11-01,2021,11,4.2,3179.5,407.5,3226.3,3587.0
Massachusetts,2021-12-01,2021,12,3.9,3172.7,404.6,3222.5,3577.2999999999997
Massachusetts,2022-01-01,2022,1,3.8,3101.2,393.4,3149.0,3494.6
Massachusetts,2022-02-01,2022,2,3.7,3127.6,394.2,3184.8,3521.7999999999997
Massachusetts,2022-03-01,2022,3,3.6,3144.2,397.5,3199.4,3541.7
Massachusetts,2022-04-01,2022,4,3.6,3197.4,408.9,3244.6,3606.3
Massachusetts,2022-05-01,2022,5,3.6,3218.0,412.6,3263.7,3630.6
Massachusetts,2022-06-01,2022,6,3.6,3272.9,418.8,3311.2,3691.7000000000003
Massachusetts,2022-07-01,2022,7,3.6,3297.1,419.7,3311.2,3716.7999999999997
Massachusetts,2022-08-01,2022,8,3.7,3288.6,418.9,3298.6,3707.5
Massachusetts,2022-09-01,2022,9,3.6,3246.6,415.9,3289.5,3662.5
Massachusetts,2022-10-01,2022,10,3.7,3253.7,415.4,3298.0,3669.1
Massachusetts,2022-11-01,2022,11,3.6,3252.8,414.2,3307.7,3667.0
Massachusetts,2022-12-01,2022,12,3.6,3236.0,410.5,3288.9,3646.5
Massachusetts,2023-01-01,2023,1,3.5,3175.3,401.3,3225.1,3576.6000000000004
Massachusetts,2023-02-01,2023,2,3.5,3182.6,400.0,3243.4,3582.6
Massachusetts,2023-03-01,2023,3,3.4,3197.7,402.8,3257.5,3600.5
Massachusetts,2023-04-01,2023,4,3.3,3228.2,408.8,3283.7,3637.0
Massachusetts,2023-05-01,2023,5,3.4,3256.1,412.9,3308.7,3669.0
Massachusetts,2023-06-01,2023,6,3.3,3307.9,418.8,3352.9,3726.7000000000003
Massachusetts,2023-07-01,2023,7,3.4,3318.9,419.5,3340.9,3738.4
Massachusetts,2023-08-01,2023,8,3.4,3308.5,418.9,3328.9,3727.4
Massachusetts,2023-09-01,2023,9,3.5,3269.5,415.0,3317.3,3684.5
Massachusetts,2023-10-01,2023,10,3.6,3277.3,413.6,3332.4,3690.9
Massachusetts,2023-11-01,2023,11,3.6,3272.7,410.7,3334.5,3683.3999999999996
Massachusetts,2023-12-01,2023,12,3.7,3264.7,406.9,3332.3,3671.6
Massachusetts,2024-01-01,2024,1,3.7,3182.6,395.3,3249.3,3577.9
Massachusetts,2024-02-01,2024,2,3.8,3187.7,392.7,3267.2,3580.3999999999996
Massachusetts,2024-03-01,2024,3,3.8,3203.8,395.5,3285.7,3599.3
Massachusetts,2024-04-01,2024,4,3.9,3234.5,400.3,3308.6,3634.8
Massachusetts,2024-05-01,2024,5,4.0,3264.5,405.4,3336.4,3669.9
Massachusetts,2024-06-01,2024,6,4.0,3313.2,410.6,3379.2,3723.7999999999997
Massachusetts,2024-07-01,2024,7,4.1,3318.0,411.6,3358.2,3729.6
Massachusetts,2024-08-01,2024,8,4.1,3302.1,409.8,3340.8,3711.9
Massachusetts,2024-09-01,2024,9,4.1,3261.1,405.0,3328.1,3666.1
Massachusetts,2024-10-01,2024,10,4.1,3273.1,405.1,3345.7,3678.2
Massachusetts,2024-11-01,2024,11,4.1,3264.5,402.8,3345.1,3667.3
Massachusetts,2024-12-01,2024,12,4.1,3254.3,399.3,3335.4,3653.6000000000004
Massachusetts,2025-01-01,2025,1,4.2,3176.0,385.7,3260.8,3561.7
Massachusetts,2025-02-01,2025,2,4.3,3174.9,383.2,3269.4,3558.1
Massachusetts,2025-03-01,2025,3,4.3,3185.3,385.2,3279.6,3570.5
Massachusetts,2025-04-01,2025,4,4.4,3219.8,392.1,3309.0,3611.9
Massachusetts,2025-05-01,2025,5,4.4,3244.1,396.8,3330.6,3640.9
Massachusetts,2025-06-01,2025,6,4.4,3276.5,400.7,3355.2,3677.2
Massachusetts,2025-07-01,2025,7,4.5,3295.6,401.8,3349.0,3697.4
Massachusetts,2025-08-01,2025,8,4.5,3272.1,400.0,3321.8,3672.1
Massachusetts,2025-09-01,2025,9,4.6,3228.0,395.7,3304.5,3623.7
Massachusetts,2025-10-01,2025,10,,3246.2,394.9,3328.3,3641.1
Massachusetts,2025-11-01,2025,11,4.7,3234.7,395.0,3320.8,3629.7
Massachusetts,2025-12-01,2025,12,4.7,3226.3,391.9,3314.3,3618.2000000000003
Massachusetts,2026-01-01,2026,1,4.7,3163.0,384.2,3248.5,3547.2
Massachusetts,2026-02-01,2026,2,4.8,3161.6,382.1,3257.7,3543.7
Michigan,2016-01-01,2016,1,4.9,3625.6,742.6,3478.4,4368.2
Michigan,2016-02-01,2016,2,4.9,3629.3,739.5,3500.0,4368.8
Michigan,2016-03-01,2016,3,4.9,3642.8,741.9,3514.9,4384.7
Michigan,2016-04-01,2016,4,5.0,3693.3,759.5,3547.7,4452.8
Michigan,2016-05-01,2016,5,5.0,3750.2,770.2,3578.3,4520.4
Michigan,2016-06-01,2016,6,5.0,3784.5,784.0,3587.3,4568.5
Michigan,2016-07-01,2016,7,5.0,3764.4,779.7,3536.8,4544.1
Michigan,2016-08-01,2016,8,5.0,3770.8,781.3,3541.7,4552.1
Michigan,2016-09-01,2016,9,5.0,3763.0,781.2,3591.0,4544.2
Michigan,2016-10-01,2016,10,5.1,3767.9,780.4,3606.6,4548.3
Michigan,2016-11-01,2016,11,5.1,3777.6,783.6,3618.5,4561.2
Michigan,2016-12-01,2016,12,5.0,3760.4,771.7,3605.9,4532.1
Michigan,2017-01-01,2017,1,4.9,3688.5,761.6,3527.9,4450.1
Michigan,2017-02-01,2017,2,4.7,3691.1,760.8,3544.0,4451.9
Michigan,2017-03-01,2017,3,4.5,3708.9,763.5,3561.5,4472.4
Michigan,2017-04-01,2017,4,4.4,3738.5,774.6,3579.8,4513.1
Michigan,2017-05-01,2017,5,4.3,3803.8,790.8,3618.2,4594.6
Michigan,2017-06-01,2017,6,4.4,3842.7,803.7,3632.4,4646.4
Michigan,2017-07-01,2017,7,4.5,3793.7,790.0,3560.5,4583.7
Michigan,2017-08-01,2017,8,4.6,3817.2,804.0,3568.7,4621.2
Michigan,2017-09-01,2017,9,4.7,3794.4,796.4,3613.2,4590.8
Michigan,2017-10-01,2017,10,4.7,3802.5,797.1,3629.8,4599.6
Michigan,2017-11-01,2017,11,4.7,3809.5,796.2,3639.7,4605.7
Michigan,2017-12-01,2017,12,4.6,3795.9,788.5,3628.3,4584.4
Michigan,2018-01-01,2018,1,4.5,3725.5,773.1,3554.9,4498.6
Michigan,2018-02-01,2018,2,4.4,3737.5,779.1,3578.4,4516.6
Michigan,2018-03-01,2018,3,4.3,3761.7,785.5,3598.5,4547.2
Michigan,2018-04-01,2018,4,4.2,3775.0,793.4,3602.8,4568.4
Michigan,2018-05-01,2018,5,4.1,3843.5,809.7,3641.9,4653.2
Michigan,2018-06-01,2018,6,4.0,3891.2,822.6,3664.9,4713.8
Michigan,2018-07-01,2018,7,4.0,3846.4,817.0,3589.9,4663.4
Michigan,2018-08-01,2018,8,4.0,3862.9,822.9,3604.3,4685.8
Michigan,2018-09-01,2018,9,4.0,3830.6,817.0,3630.8,4647.6
Michigan,2018-10-01,2018,10,4.1,3853.6,820.2,3662.7,4673.8
Michigan,2018-11-01,2018,11,4.2,3851.8,815.9,3670.3,4667.7
Michigan,2018-12-01,2018,12,4.2,3836.7,810.0,3652.9,4646.7
Michigan,2019-01-01,2019,1,4.2,3758.5,788.0,3576.8,4546.5
Michigan,2019-02-01,2019,2,4.2,3762.2,793.5,3589.9,4555.7
Michigan,2019-03-01,2019,3,4.2,3777.7,795.5,3607.5,4573.2
Michigan,2019-04-01,2019,4,4.2,3796.1,800.3,3621.8,4596.4
Michigan,2019-05-01,2019,5,4.2,3856.0,812.5,3660.8,4668.5
Michigan,2019-06-01,2019,6,4.2,3893.8,827.0,3667.3,4720.8
Michigan,2019-07-01,2019,7,4.1,3856.7,818.8,3604.9,4675.5
Michigan,2019-08-01,2019,8,4.1,3874.6,826.7,3623.4,4701.3
Michigan,2019-09-01,2019,9,4.0,3841.5,820.2,3646.5,4661.7
Michigan,2019-10-01,2019,10,3.9,3828.2,797.4,3667.6,4625.599999999999
Michigan,2019-11-01,2019,11,3.8,3855.0,811.5,3681.2,4666.5
Michigan,2019-12-01,2019,12,3.8,3849.9,805.0,3678.2,4654.9
Michigan,2020-01-01,2020,1,3.8,3758.8,784.2,3590.1,4543.0
Michigan,2020-02-01,2020,2,3.8,3770.0,785.3,3612.6,4555.3
Michigan,2020-03-01,2020,3,3.7,3744.5,785.7,3588.5,4530.2
Michigan,2020-04-01,2020,4,22.7,2791.9,506.6,2871.8,3298.5
Michigan,2020-05-01,2020,5,19.3,2987.7,586.4,2962.9,3574.1
Michigan,2020-06-01,2020,6,14.5,3359.0,737.5,3173.9,4096.5
Michigan,2020-07-01,2020,7,12.5,3444.8,752.0,3214.6,4196.8
Michigan,2020-08-01,2020,8,10.0,3500.7,762.3,3281.6,4263.0
Michigan,2020-09-01,2020,9,8.9,3517.9,759.7,3338.4,4277.6
Michigan,2020-10-01,2020,10,7.7,3571.1,765.6,3393.8,4336.7
Michigan,2020-11-01,2020,11,7.1,3568.1,763.2,3394.3,4331.3
Michigan,2020-12-01,2020,12,6.9,3495.4,761.0,3309.7,4256.4
Michigan,2021-01-01,2021,1,6.5,3444.5,745.4,3263.2,4189.9
Michigan,2021-02-01,2021,2,6.3,3506.6,743.0,3341.0,4249.6
Michigan,2021-03-01,2021,3,6.1,3531.1,753.3,3358.2,4284.4
Michigan,2021-04-01,2021,4,6.1,3545.8,745.9,3380.0,4291.7
Michigan,2021-05-01,2021,5,6.1,3608.1,762.3,3416.0,4370.4
Michigan,2021-06-01,2021,6,6.1,3665.0,775.9,3450.0,4440.9
Michigan,2021-07-01,2021,7,5.9,3668.1,773.4,3429.0,4441.5
Michigan,2021-08-01,2021,8,5.7,3679.8,779.6,3444.1,4459.400000000001
Michigan,2021-09-01,2021,9,5.3,3658.0,778.4,3465.8,4436.4
Michigan,2021-10-01,2021,10,5.0,3722.7,790.5,3525.3,4513.2
Michigan,2021-11-01,2021,11,4.7,3740.0,791.6,3545.1,4531.6
Michigan,2021-12-01,2021,12,4.5,3734.6,785.6,3540.6,4520.2
Michigan,2022-01-01,2022,1,4.4,3653.6,765.1,3464.0,4418.7
Michigan,2022-02-01,2022,2,4.4,3682.8,764.3,3507.7,4447.1
Michigan,2022-03-01,2022,3,4.3,3705.2,779.3,3517.8,4484.5
Michigan,2022-04-01,2022,4,4.2,3758.2,791.6,3562.8,4549.8
Michigan,2022-05-01,2022,5,4.1,3804.1,801.4,3588.5,4605.5
Michigan,2022-06-01,2022,6,4.1,3844.7,816.1,3603.5,4660.8
Michigan,2022-07-01,2022,7,4.0,3833.6,815.4,3564.3,4649.0
Michigan,2022-08-01,2022,8,4.0,3835.8,817.6,3576.8,4653.400000000001
Michigan,2022-09-01,2022,9,4.0,3810.6,811.8,3596.0,4622.4
Michigan,2022-10-01,2022,10,4.1,3824.2,812.6,3614.6,4636.8
Michigan,2022-11-01,2022,11,4.1,3831.1,811.4,3632.2,4642.5
Michigan,2022-12-01,2022,12,4.1,3827.6,807.2,3620.5,4634.8
Michigan,2023-01-01,2023,1,4.0,3763.0,791.2,3559.5,4554.2
Michigan,2023-02-01,2023,2,3.9,3769.7,792.6,3582.1,4562.3
Michigan,2023-03-01,2023,3,3.8,3784.5,797.9,3592.7,4582.4
Michigan,2023-04-01,2023,4,3.7,3832.5,809.9,3631.7,4642.4
Michigan,2023-05-01,2023,5,3.7,3892.0,821.9,3680.2,4713.9
Michigan,2023-06-01,2023,6,3.8,3940.0,835.4,3698.7,4775.4
Michigan,2023-07-01,2023,7,3.9,3905.3,832.2,3640.9,4737.5
Michigan,2023-08-01,2023,8,4.0,3905.3,832.0,3646.0,4737.3
Michigan,2023-09-01,2023,9,4.0,3885.6,827.9,3673.3,4713.5
Michigan,2023-10-01,2023,10,4.0,3864.7,809.8,3676.7,4674.5
Michigan,2023-11-01,2023,11,4.0,3873.5,817.5,3681.3,4691.0
Michigan,2023-12-01,2023,12,4.0,3874.5,813.8,3680.8,4688.3
Michigan,2024-01-01,2024,1,3.9,3790.6,794.6,3600.0,4585.2
Michigan,2024-02-01,2024,2,4.0,3797.6,793.6,3628.1,4591.2
Michigan,2024-03-01,2024,3,4.2,3811.2,799.5,3642.3,4610.7
Michigan,2024-04-01,2024,4,4.4,3848.5,807.0,3668.9,4655.5
Michigan,2024-05-01,2024,5,4.5,3910.7,818.4,3713.0,4729.099999999999
Michigan,2024-06-01,2024,6,4.7,3940.4,827.5,3724.3,4767.9
Michigan,2024-07-01,2024,7,4.8,3889.8,813.4,3657.3,4703.2
Michigan,2024-08-01,2024,8,5.0,3911.9,823.8,3679.2,4735.7
Michigan,2024-09-01,2024,9,5.1,3890.8,818.7,3698.6,4709.5
Michigan,2024-10-01,2024,10,5.1,3875.8,803.1,3708.5,4678.900000000001
Michigan,2024-11-01,2024,11,5.2,3876.3,804.2,3716.8,4680.5
Michigan,2024-12-01,2024,12,5.3,3867.2,799.4,3700.9,4666.599999999999
Michigan,2025-01-01,2025,1,5.3,3779.7,764.3,3634.0,4544.0
Michigan,2025-02-01,2025,2,5.3,3791.0,775.6,3648.5,4566.6
Michigan,2025-03-01,2025,3,5.3,3801.0,780.4,3656.0,4581.4
Michigan,2025-04-01,2025,4,5.2,3842.5,790.0,3687.0,4632.5
Michigan,2025-05-01,2025,5,5.1,3908.0,805.2,3731.8,4713.2
Michigan,2025-06-01,2025,6,5.0,3933.2,813.1,3736.7,4746.3
Michigan,2025-07-01,2025,7,4.9,3891.2,804.5,3675.9,4695.7
Michigan,2025-08-01,2025,8,4.9,3899.8,809.0,3685.0,4708.8
Michigan,2025-09-01,2025,9,4.9,3867.7,803.2,3701.2,4670.9
Michigan,2025-10-01,2025,10,,3872.0,802.9,3713.6,4674.9
Michigan,2025-11-01,2025,11,5.0,3853.2,793.1,3709.0,4646.3
Michigan,2025-12-01,2025,12,5.0,3841.3,783.8,3699.4,4625.1
Michigan,2026-01-01,2026,1,5.0,3768.4,764.6,3631.8,4533.0
Michigan,2026-02-01,2026,2,5.0,3770.0,764.2,3650.7,4534.2
Minnesota,2016-01-01,2016,1,3.7,2401.9,417.1,2405.8,2819.0
Minnesota,2016-02-01,2016,2,3.7,2405.7,415.8,2417.0,2821.5
Minnesota,2016-03-01,2016,3,3.8,2409.0,418.8,2417.8,2827.8
Minnesota,2016-04-01,2016,4,3.8,2461.1,433.4,2452.1,2894.5
Minnesota,2016-05-01,2016,5,3.8,2488.3,444.0,2469.6,2932.3
Minnesota,2016-06-01,2016,6,3.9,2505.1,453.9,2470.9,2959.0
Minnesota,2016-07-01,2016,7,3.9,2524.1,458.7,2459.9,2982.7999999999997
Minnesota,2016-08-01,2016,8,3.9,2532.9,459.5,2468.1,2992.4
Minnesota,2016-09-01,2016,9,4.0,2513.5,453.4,2475.3,2966.9
Minnesota,2016-10-01,2016,10,4.0,2512.5,451.3,2488.4,2963.8
Minnesota,2016-11-01,2016,11,4.0,2504.9,444.3,2489.9,2949.2000000000003
Minnesota,2016-12-01,2016,12,3.9,2493.1,432.5,2485.7,2925.6
Minnesota,2017-01-01,2017,1,3.8,2448.9,420.8,2452.7,2869.7000000000003
Minnesota,2017-02-01,2017,2,3.7,2451.9,421.0,2459.9,2872.9
Minnesota,2017-03-01,2017,3,3.6,2460.6,425.1,2463.5,2885.7
Minnesota,2017-04-01,2017,4,3.5,2493.8,435.0,2485.8,2928.8
Minnesota,2017-05-01,2017,5,3.5,2525.0,447.7,2502.7,2972.7
Minnesota,2017-06-01,2017,6,3.4,2554.4,460.1,2520.7,3014.5
Minnesota,2017-07-01,2017,7,3.4,2555.8,463.0,2493.0,3018.8
Minnesota,2017-08-01,2017,8,3.4,2559.3,463.1,2494.5,3022.4
Minnesota,2017-09-01,2017,9,3.3,2537.3,456.3,2502.8,2993.6000000000004
Minnesota,2017-10-01,2017,10,3.3,2537.5,456.7,2514.7,2994.2
Minnesota,2017-11-01,2017,11,3.2,2531.1,448.2,2519.2,2979.2999999999997
Minnesota,2017-12-01,2017,12,3.2,2522.2,439.5,2514.0,2961.7
Minnesota,2018-01-01,2018,1,3.1,2477.5,425.5,2479.8,2903.0
Minnesota,2018-02-01,2018,2,3.1,2479.3,424.4,2487.9,2903.7000000000003
Minnesota,2018-03-01,2018,3,3.0,2476.4,426.7,2481.0,2903.1
Minnesota,2018-04-01,2018,4,3.0,2500.9,433.4,2498.1,2934.3
Minnesota,2018-05-01,2018,5,2.9,2548.7,451.6,2529.0,3000.2999999999997
Minnesota,2018-06-01,2018,6,2.9,2573.4,466.8,2538.5,3040.2000000000003
Minnesota,2018-07-01,2018,7,2.9,2581.9,470.5,2514.9,3052.4
Minnesota,2018-08-01,2018,8,2.9,2585.2,471.4,2514.5,3056.6
Minnesota,2018-09-01,2018,9,3.0,2561.0,465.7,2515.7,3026.7
Minnesota,2018-10-01,2018,10,3.1,2563.0,463.7,2531.7,3026.7
Minnesota,2018-11-01,2018,11,3.2,2559.9,457.5,2536.3,3017.4
Minnesota,2018-12-01,2018,12,3.2,2546.3,448.3,2529.0,2994.6000000000004
Minnesota,2019-01-01,2019,1,3.3,2499.0,434.4,2491.9,2933.4
Minnesota,2019-02-01,2019,2,3.3,2495.6,432.8,2492.8,2928.4
Minnesota,2019-03-01,2019,3,3.3,2494.0,435.7,2488.0,2929.7
Minnesota,2019-04-01,2019,4,3.2,2529.3,445.4,2514.6,2974.7000000000003
Minnesota,2019-05-01,2019,5,3.2,2572.4,462.8,2543.6,3035.2000000000003
Minnesota,2019-06-01,2019,6,3.2,2593.0,474.5,2552.6,3067.5
Minnesota,2019-07-01,2019,7,3.2,2601.3,478.2,2528.0,3079.5
Minnesota,2019-08-01,2019,8,3.3,2607.1,479.3,2529.7,3086.4
Minnesota,2019-09-01,2019,9,3.3,2574.6,473.1,2523.4,3047.7
Minnesota,2019-10-01,2019,10,3.3,2585.4,471.1,2546.2,3056.5
Minnesota,2019-11-01,2019,11,3.3,2574.1,458.4,2550.2,3032.5
Minnesota,2019-12-01,2019,12,3.4,2563.2,449.4,2544.0,3012.6
Minnesota,2020-01-01,2020,1,3.4,2516.8,437.1,2509.3,2953.9
Minnesota,2020-02-01,2020,2,3.5,2515.8,435.3,2513.5,2951.1000000000004
Minnesota,2020-03-01,2020,3,3.6,2493.5,436.6,2488.8,2930.1
Minnesota,2020-04-01,2020,4,8.9,2161.7,414.5,2149.5,2576.2
Minnesota,2020-05-01,2020,5,11.1,2226.0,434.3,2186.8,2660.3
Minnesota,2020-06-01,2020,6,8.9,2316.3,446.8,2266.5,2763.1000000000004
Minnesota,2020-07-01,2020,7,7.8,2364.9,448.0,2290.3,2812.9
Minnesota,2020-08-01,2020,8,6.7,2394.2,452.5,2320.1,2846.7
Minnesota,2020-09-01,2020,9,6.2,2381.0,447.2,2334.9,2828.2
Minnesota,2020-10-01,2020,10,5.5,2422.5,448.4,2385.1,2870.9
Minnesota,2020-11-01,2020,11,5.1,2409.6,438.1,2382.5,2847.7
Minnesota,2020-12-01,2020,12,4.8,2353.6,434.4,2325.6,2788.0
Minnesota,2021-01-01,2021,1,4.6,2354.0,423.9,2329.4,2777.9
Minnesota,2021-02-01,2021,2,4.4,2363.5,419.0,2349.8,2782.5
Minnesota,2021-03-01,2021,3,4.2,2375.9,425.4,2356.8,2801.3
Minnesota,2021-04-01,2021,4,4.1,2417.5,438.1,2388.5,2855.6
Minnesota,2021-05-01,2021,5,3.9,2455.5,451.1,2414.6,2906.6
Minnesota,2021-06-01,2021,6,3.8,2474.7,464.1,2422.5,2938.7999999999997
Minnesota,2021-07-01,2021,7,3.6,2505.5,472.9,2419.6,2978.4
Minnesota,2021-08-01,2021,8,3.5,2507.6,471.8,2417.5,2979.4
Minnesota,2021-09-01,2021,9,3.3,2461.8,463.1,2399.2,2924.9
Minnesota,2021-10-01,2021,10,3.1,2502.9,464.7,2449.3,2967.6
Minnesota,2021-11-01,2021,11,2.9,2500.2,458.7,2454.6,2958.8999999999996
Minnesota,2021-12-01,2021,12,2.8,2489.7,448.7,2453.5,2938.3999999999996
Minnesota,2022-01-01,2022,1,2.6,2440.8,434.5,2413.4,2875.3
Minnesota,2022-02-01,2022,2,2.4,2455.2,436.5,2430.2,2891.7
Minnesota,2022-03-01,2022,3,2.3,2449.4,439.1,2420.8,2888.5
Minnesota,2022-04-01,2022,4,2.2,2497.5,452.0,2458.8,2949.5
Minnesota,2022-05-01,2022,5,2.2,2536.9,467.7,2482.4,3004.6
Minnesota,2022-06-01,2022,6,2.2,2546.1,477.4,2482.8,3023.5
Minnesota,2022-07-01,2022,7,2.3,2575.8,484.9,2479.8,3060.7000000000003
Minnesota,2022-08-01,2022,8,2.4,2579.1,484.9,2479.0,3064.0
Minnesota,2022-09-01,2022,9,2.5,2552.5,477.6,2480.4,3030.1
Minnesota,2022-10-01,2022,10,2.6,2559.6,476.3,2499.9,3035.9
Minnesota,2022-11-01,2022,11,2.6,2550.6,468.2,2503.6,3018.7999999999997
Minnesota,2022-12-01,2022,12,2.7,2534.3,456.2,2495.7,2990.5
Minnesota,2023-01-01,2023,1,2.7,2505.4,447.4,2471.6,2952.8
Minnesota,2023-02-01,2023,2,2.8,2508.3,445.8,2481.7,2954.1000000000004
Minnesota,2023-03-01,2023,3,2.8,2508.1,446.8,2480.2,2954.9
Minnesota,2023-04-01,2023,4,2.8,2535.9,456.5,2501.0,2992.4
Minnesota,2023-05-01,2023,5,2.8,2584.1,472.7,2534.2,3056.7999999999997
Minnesota,2023-06-01,2023,6,2.8,2611.3,486.4,2549.5,3097.7000000000003
Minnesota,2023-07-01,2023,7,2.8,2614.2,488.4,2520.6,3102.6
Minnesota,2023-08-01,2023,8,2.8,2615.2,487.6,2518.2,3102.7999999999997
Minnesota,2023-09-01,2023,9,2.8,2590.1,480.2,2524.6,3070.2999999999997
Minnesota,2023-10-01,2023,10,2.8,2591.1,477.5,2541.6,3068.6
Minnesota,2023-11-01,2023,11,2.8,2579.8,468.3,2542.6,3048.1000000000004
Minnesota,2023-12-01,2023,12,2.8,2562.7,459.0,2533.2,3021.7
Minnesota,2024-01-01,2024,1,2.8,2520.2,443.8,2503.4,2964.0
Minnesota,2024-02-01,2024,2,2.9,2522.1,442.7,2510.5,2964.7999999999997
Minnesota,2024-03-01,2024,3,3.0,2530.7,446.3,2518.9,2977.0
Minnesota,2024-04-01,2024,4,3.0,2563.5,456.8,2540.6,3020.3
Minnesota,2024-05-01,2024,5,3.1,2606.0,470.9,2571.7,3076.9
Minnesota,2024-06-01,2024,6,3.2,2630.9,482.2,2582.6,3113.1
Minnesota,2024-07-01,2024,7,3.2,2624.8,483.9,2547.9,3108.7000000000003
Minnesota,2024-08-01,2024,8,3.3,2624.9,482.3,2547.7,3107.2000000000003
Minnesota,2024-09-01,2024,9,3.3,2601.8,475.8,2556.7,3077.6000000000004
Minnesota,2024-10-01,2024,10,3.2,2607.3,472.9,2575.5,3080.2000000000003
Minnesota,2024-11-01,2024,11,3.3,2600.2,464.5,2579.5,3064.7
Minnesota,2024-12-01,2024,12,3.3,2591.4,456.1,2573.6,3047.5
Minnesota,2025-01-01,2025,1,3.4,2535.1,439.6,2531.4,2974.7
Minnesota,2025-02-01,2025,2,3.5,2533.4,437.4,2537.3,2970.8
Minnesota,2025-03-01,2025,3,3.6,2533.2,441.5,2532.1,2974.7
Minnesota,2025-04-01,2025,4,3.6,2577.2,454.5,2567.8,3031.7
Minnesota,2025-05-01,2025,5,3.7,2615.8,470.2,2589.4,3086.0
Minnesota,2025-06-01,2025,6,3.8,2624.0,478.8,2586.5,3102.8
Minnesota,2025-07-01,2025,7,3.8,2629.9,481.1,2558.1,3111.0
Minnesota,2025-08-01,2025,8,3.9,2635.0,481.0,2558.2,3116.0
Minnesota,2025-09-01,2025,9,4.1,2607.6,474.5,2565.8,3082.1
Minnesota,2025-10-01,2025,10,,2617.3,476.5,2584.1,3093.8
Minnesota,2025-11-01,2025,11,4.2,2608.5,471.4,2580.8,3079.9
Minnesota,2025-12-01,2025,12,4.2,2591.1,456.6,2573.9,3047.7
Minnesota,2026-01-01,2026,1,4.4,2545.3,445.7,2538.5,2991.0
Minnesota,2026-02-01,2026,2,4.5,2539.2,441.5,2540.2,2980.7
Mississippi,2016-01-01,2016,1,6.3,890.9,194.5,939.0,1085.4
Mississippi,2016-02-01,2016,2,6.2,896.6,195.4,947.9,1092.0
Mississippi,2016-03-01,2016,3,6.1,898.8,196.0,950.0,1094.8
Mississippi,2016-04-01,2016,4,6.0,902.9,194.5,956.2,1097.4
Mississippi,2016-05-01,2016,5,6.0,902.7,193.9,955.5,1096.6000000000001
Mississippi,2016-06-01,2016,6,6.0,896.7,193.6,944.7,1090.3
Mississippi,2016-07-01,2016,7,6.0,899.1,194.3,939.3,1093.4
Mississippi,2016-08-01,2016,8,6.0,903.8,194.1,949.2,1097.8999999999999
Mississippi,2016-09-01,2016,9,5.9,906.1,194.8,957.7,1100.9
Mississippi,2016-10-01,2016,10,5.9,906.4,194.1,959.1,1100.5
Mississippi,2016-11-01,2016,11,5.8,911.6,194.1,964.0,1105.7
Mississippi,2016-12-01,2016,12,5.7,911.1,194.4,959.2,1105.5
Mississippi,2017-01-01,2017,1,5.6,896.0,193.0,944.5,1089.0
Mississippi,2017-02-01,2017,2,5.5,901.9,194.1,953.1,1096.0
Mississippi,2017-03-01,2017,3,5.4,904.0,194.2,956.3,1098.2
Mississippi,2017-04-01,2017,4,5.4,909.7,194.0,960.8,1103.7
Mississippi,2017-05-01,2017,5,5.3,910.1,194.1,959.7,1104.2
Mississippi,2017-06-01,2017,6,5.2,908.4,195.4,952.2,1103.8
Mississippi,2017-07-01,2017,7,5.2,903.5,194.1,942.7,1097.6
Mississippi,2017-08-01,2017,8,5.1,909.6,194.9,953.4,1104.5
Mississippi,2017-09-01,2017,9,5.0,910.7,195.1,960.9,1105.8
Mississippi,2017-10-01,2017,10,5.0,912.4,195.3,962.6,1107.7
Mississippi,2017-11-01,2017,11,4.9,920.6,195.8,970.0,1116.4
Mississippi,2017-12-01,2017,12,4.9,920.1,195.5,966.1,1115.6
Mississippi,2018-01-01,2018,1,4.9,898.5,192.4,945.9,1090.9
Mississippi,2018-02-01,2018,2,4.9,903.1,193.6,952.4,1096.7
Mississippi,2018-03-01,2018,3,4.9,907.4,195.0,956.6,1102.4
Mississippi,2018-04-01,2018,4,4.9,913.9,196.7,960.3,1110.6
Mississippi,2018-05-01,2018,5,4.9,915.3,197.1,960.3,1112.3999999999999
Mississippi,2018-06-01,2018,6,4.8,911.4,196.7,953.3,1108.1
Mississippi,2018-07-01,2018,7,4.8,905.9,195.6,941.8,1101.5
Mississippi,2018-08-01,2018,8,4.8,915.0,195.5,957.1,1110.5
Mississippi,2018-09-01,2018,9,4.9,915.3,195.9,962.8,1111.2
Mississippi,2018-10-01,2018,10,5.0,918.1,196.2,965.6,1114.3
Mississippi,2018-11-01,2018,11,5.2,926.5,196.4,973.9,1122.9
Mississippi,2018-12-01,2018,12,5.3,925.1,196.9,967.5,1122.0
Mississippi,2019-01-01,2019,1,5.4,908.7,195.8,952.1,1104.5
Mississippi,2019-02-01,2019,2,5.4,911.4,197.6,957.0,1109.0
Mississippi,2019-03-01,2019,3,5.4,911.5,198.1,957.7,1109.6
Mississippi,2019-04-01,2019,4,5.4,916.2,197.3,962.4,1113.5
Mississippi,2019-05-01,2019,5,5.4,917.8,198.4,963.1,1116.2
Mississippi,2019-06-01,2019,6,5.5,916.1,199.6,955.6,1115.7
Mississippi,2019-07-01,2019,7,5.6,911.9,198.1,946.6,1110.0
Mississippi,2019-08-01,2019,8,5.6,918.6,198.2,959.5,1116.8
Mississippi,2019-09-01,2019,9,5.6,916.1,197.9,963.7,1114.0
Mississippi,2019-10-01,2019,10,5.6,917.4,198.1,964.8,1115.5
Mississippi,2019-11-01,2019,11,5.5,925.3,199.3,971.6,1124.6
Mississippi,2019-12-01,2019,12,5.5,923.8,199.9,965.2,1123.7
Mississippi,2020-01-01,2020,1,5.6,908.8,197.5,953.1,1106.3
Mississippi,2020-02-01,2020,2,5.7,912.6,197.7,959.9,1110.3
Mississippi,2020-03-01,2020,3,5.9,907.2,197.3,954.9,1104.5
Mississippi,2020-04-01,2020,4,15.6,782.7,171.0,843.6,953.7
Mississippi,2020-05-01,2020,5,11.2,817.2,179.3,869.1,996.5
Mississippi,2020-06-01,2020,6,9.4,849.5,185.9,893.8,1035.4
Mississippi,2020-07-01,2020,7,8.3,857.3,186.4,895.9,1043.7
Mississippi,2020-08-01,2020,8,7.4,872.0,188.8,915.3,1060.8
Mississippi,2020-09-01,2020,9,7.1,877.8,190.5,924.7,1068.3
Mississippi,2020-10-01,2020,10,6.7,892.0,191.8,937.4,1083.8
Mississippi,2020-11-01,2020,11,6.6,903.1,193.1,946.3,1096.2
Mississippi,2020-12-01,2020,12,6.5,905.5,193.6,944.8,1099.1
Mississippi,2021-01-01,2021,1,6.4,884.4,191.0,925.8,1075.4
Mississippi,2021-02-01,2021,2,6.3,883.0,190.9,927.2,1073.9
Mississippi,2021-03-01,2021,3,6.2,889.6,190.8,934.4,1080.4
Mississippi,2021-04-01,2021,4,6.1,893.0,191.8,936.9,1084.8
Mississippi,2021-05-01,2021,5,5.9,897.2,192.0,939.9,1089.2
Mississippi,2021-06-01,2021,6,5.7,895.6,193.0,934.6,1088.6
Mississippi,2021-07-01,2021,7,5.5,903.6,194.8,936.9,1098.4
Mississippi,2021-08-01,2021,8,5.1,905.3,194.3,942.8,1099.6
Mississippi,2021-09-01,2021,9,4.8,909.5,196.8,950.0,1106.3
Mississippi,2021-10-01,2021,10,4.5,922.5,198.2,960.7,1120.7
Mississippi,2021-11-01,2021,11,4.3,930.0,199.6,967.0,1129.6
Mississippi,2021-12-01,2021,12,4.1,932.2,201.2,963.5,1133.4
Mississippi,2022-01-01,2022,1,4.0,913.7,199.0,946.3,1112.7
Mississippi,2022-02-01,2022,2,3.9,924.7,201.7,956.9,1126.4
Mississippi,2022-03-01,2022,3,3.8,923.7,200.7,957.1,1124.4
Mississippi,2022-04-01,2022,4,3.8,930.4,200.7,963.3,1131.1
Mississippi,2022-05-01,2022,5,3.7,932.2,200.9,963.4,1133.1000000000001
Mississippi,2022-06-01,2022,6,3.7,929.5,200.5,958.7,1130.0
Mississippi,2022-07-01,2022,7,3.7,931.2,199.5,959.1,1130.7
Mississippi,2022-08-01,2022,8,3.7,934.7,198.5,965.9,1133.2
Mississippi,2022-09-01,2022,9,3.7,938.3,198.9,975.5,1137.2
Mississippi,2022-10-01,2022,10,3.7,942.0,199.1,978.8,1141.1
Mississippi,2022-11-01,2022,11,3.6,948.5,199.0,985.6,1147.5
Mississippi,2022-12-01,2022,12,3.5,948.1,198.8,981.7,1146.9
Mississippi,2023-01-01,2023,1,3.4,935.8,199.2,970.3,1135.0
Mississippi,2023-02-01,2023,2,3.3,939.3,199.9,976.7,1139.2
Mississippi,2023-03-01,2023,3,3.2,939.7,200.0,977.4,1139.7
Mississippi,2023-04-01,2023,4,3.1,944.4,198.6,983.5,1143.0
Mississippi,2023-05-01,2023,5,3.1,945.6,198.3,984.1,1143.9
Mississippi,2023-06-01,2023,6,3.1,945.3,199.4,980.2,1144.7
Mississippi,2023-07-01,2023,7,3.1,938.7,196.8,972.7,1135.5
Mississippi,2023-08-01,2023,8,3.1,943.5,197.0,980.4,1140.5
Mississippi,2023-09-01,2023,9,3.1,947.8,198.3,989.4,1146.1
Mississippi,2023-10-01,2023,10,3.0,949.2,198.8,990.0,1148.0
Mississippi,2023-11-01,2023,11,3.0,955.0,198.6,995.7,1153.6
Mississippi,2023-12-01,2023,12,2.9,953.7,198.9,990.1,1152.6000000000001
Mississippi,2024-01-01,2024,1,2.8,934.6,195.8,975.3,1130.4
Mississippi,2024-02-01,2024,2,2.8,940.8,197.6,983.6,1138.3999999999999
Mississippi,2024-03-01,2024,3,2.8,944.7,199.3,986.6,1144.0
Mississippi,2024-04-01,2024,4,2.8,950.7,198.2,993.6,1148.9
Mississippi,2024-05-01,2024,5,2.9,950.9,198.1,993.3,1149.0
Mississippi,2024-06-01,2024,6,3.0,947.7,199.2,984.9,1146.9
Mississippi,2024-07-01,2024,7,3.2,944.9,197.8,980.6,1142.7
Mississippi,2024-08-01,2024,8,3.3,951.1,197.1,990.5,1148.2
Mississippi,2024-09-01,2024,9,3.4,953.0,197.3,997.2,1150.3
Mississippi,2024-10-01,2024,10,3.6,951.5,197.4,996.0,1148.9
Mississippi,2024-11-01,2024,11,3.7,958.3,197.6,1002.8,1155.8999999999999
Mississippi,2024-12-01,2024,12,3.8,957.2,197.7,996.8,1154.9
Mississippi,2025-01-01,2025,1,3.9,942.3,197.0,983.0,1139.3
Mississippi,2025-02-01,2025,2,3.9,949.4,199.4,991.1,1148.8
Mississippi,2025-03-01,2025,3,3.9,945.9,197.7,989.2,1143.6
Mississippi,2025-04-01,2025,4,3.9,954.9,199.5,994.9,1154.4
Mississippi,2025-05-01,2025,5,3.9,953.3,198.2,992.3,1151.5
Mississippi,2025-06-01,2025,6,3.8,948.0,198.4,984.2,1146.4
Mississippi,2025-07-01,2025,7,3.8,950.9,197.8,981.8,1148.7
Mississippi,2025-08-01,2025,8,3.7,957.6,197.5,995.1,1155.1
Mississippi,2025-09-01,2025,9,3.7,955.8,197.4,998.4,1153.2
Mississippi,2025-10-01,2025,10,,957.3,198.5,998.3,1155.8
Mississippi,2025-11-01,2025,11,3.7,965.0,199.1,1005.9,1164.1
Mississippi,2025-12-01,2025,12,3.7,962.7,198.2,1000.0,1160.9
Mississippi,2026-01-01,2026,1,3.6,944.6,195.1,984.8,1139.7
Mississippi,2026-02-01,2026,2,3.7,951.6,197.4,992.2,1149.0
Missouri,2016-01-01,2016,1,4.5,2354.7,375.8,2409.9,2730.5
Missouri,2016-02-01,2016,2,4.5,2362.5,376.2,2424.5,2738.7
Missouri,2016-03-01,2016,3,4.5,2382.4,381.1,2442.9,2763.5
Missouri,2016-04-01,2016,4,4.5,2426.5,387.8,2480.9,2814.3
Missouri,2016-05-01,2016,5,4.6,2432.7,388.4,2488.7,2821.1
Missouri,2016-06-01,2016,6,4.7,2438.4,394.5,2480.1,2832.9
Missouri,2016-07-01,2016,7,4.7,2437.6,394.3,2437.0,2831.9
Missouri,2016-08-01,2016,8,4.7,2442.6,394.6,2451.2,2837.2
Missouri,2016-09-01,2016,9,4.7,2436.0,393.3,2482.9,2829.3
Missouri,2016-10-01,2016,10,4.6,2443.5,394.1,2494.8,2837.6
Missouri,2016-11-01,2016,11,4.5,2442.1,393.0,2494.8,2835.1
Missouri,2016-12-01,2016,12,4.4,2435.9,391.6,2489.7,2827.5
Missouri,2017-01-01,2017,1,4.2,2386.6,382.8,2437.8,2769.4
Missouri,2017-02-01,2017,2,4.1,2402.0,385.7,2457.6,2787.7
Missouri,2017-03-01,2017,3,4.0,2417.1,387.3,2472.2,2804.4
Missouri,2017-04-01,2017,4,3.9,2447.4,391.0,2500.5,2838.4
Missouri,2017-05-01,2017,5,3.8,2456.8,393.8,2508.8,2850.6000000000004
Missouri,2017-06-01,2017,6,3.7,2466.4,400.2,2505.2,2866.6
Missouri,2017-07-01,2017,7,3.7,2458.5,399.9,2454.3,2858.4
Missouri,2017-08-01,2017,8,3.7,2463.3,399.8,2466.3,2863.1000000000004
Missouri,2017-09-01,2017,9,3.6,2456.0,398.5,2496.1,2854.5
Missouri,2017-10-01,2017,10,3.6,2458.9,395.2,2507.4,2854.1
Missouri,2017-11-01,2017,11,3.6,2463.6,396.6,2511.6,2860.2
Missouri,2017-12-01,2017,12,3.6,2461.4,397.0,2508.3,2858.4
Missouri,2018-01-01,2018,1,3.5,2399.5,385.1,2448.5,2784.6
Missouri,2018-02-01,2018,2,3.5,2410.8,388.5,2462.7,2799.3
Missouri,2018-03-01,2018,3,3.4,2429.3,393.5,2478.3,2822.8
Missouri,2018-04-01,2018,4,3.3,2456.2,396.9,2502.8,2853.1
Missouri,2018-05-01,2018,5,3.2,2466.4,398.1,2512.8,2864.5
Missouri,2018-06-01,2018,6,3.1,2477.3,407.1,2511.2,2884.4
Missouri,2018-07-01,2018,7,3.1,2476.1,405.0,2467.7,2881.1
Missouri,2018-08-01,2018,8,3.1,2481.7,407.0,2476.8,2888.7
Missouri,2018-09-01,2018,9,3.1,2468.5,405.7,2500.0,2874.2
Missouri,2018-10-01,2018,10,3.1,2477.6,405.6,2516.7,2883.2
Missouri,2018-11-01,2018,11,3.2,2478.0,402.9,2520.8,2880.9
Missouri,2018-12-01,2018,12,3.2,2473.4,404.0,2514.1,2877.4
Missouri,2019-01-01,2019,1,3.3,2425.7,398.5,2461.0,2824.2
Missouri,2019-02-01,2019,2,3.3,2429.1,397.3,2473.0,2826.4
Missouri,2019-03-01,2019,3,3.2,2443.4,401.1,2485.7,2844.5
Missouri,2019-04-01,2019,4,3.1,2479.1,407.4,2517.8,2886.5
Missouri,2019-05-01,2019,5,3.1,2488.4,409.6,2526.6,2898.0
Missouri,2019-06-01,2019,6,3.1,2489.7,414.5,2515.2,2904.2
Missouri,2019-07-01,2019,7,3.1,2494.9,415.6,2477.2,2910.5
Missouri,2019-08-01,2019,8,3.2,2495.5,415.0,2486.1,2910.5
Missouri,2019-09-01,2019,9,3.3,2481.8,412.2,2512.2,2894.0
Missouri,2019-10-01,2019,10,3.3,2497.7,408.6,2538.7,2906.2999999999997
Missouri,2019-11-01,2019,11,3.4,2502.6,409.9,2542.4,2912.5
Missouri,2019-12-01,2019,12,3.4,2500.4,410.9,2538.2,2911.3
Missouri,2020-01-01,2020,1,3.4,2443.2,398.7,2483.0,2841.8999999999996
Missouri,2020-02-01,2020,2,3.4,2448.3,400.9,2491.4,2849.2000000000003
Missouri,2020-03-01,2020,3,3.6,2444.7,403.5,2488.2,2848.2
Missouri,2020-04-01,2020,4,11.6,2149.7,375.6,2204.2,2525.2999999999997
Missouri,2020-05-01,2020,5,9.6,2229.3,384.2,2259.3,2613.5
Missouri,2020-06-01,2020,6,8.0,2301.9,397.6,2310.5,2699.5
Missouri,2020-07-01,2020,7,7.2,2337.5,398.3,2329.9,2735.8
Missouri,2020-08-01,2020,8,6.4,2351.9,401.4,2350.0,2753.3
Missouri,2020-09-01,2020,9,5.9,2348.0,399.5,2377.6,2747.5
Missouri,2020-10-01,2020,10,5.4,2383.3,402.3,2413.9,2785.6000000000004
Missouri,2020-11-01,2020,11,5.1,2390.3,401.7,2420.1,2792.0
Missouri,2020-12-01,2020,12,5.0,2389.5,403.3,2417.2,2792.8
Missouri,2021-01-01,2021,1,4.8,2346.5,397.1,2369.3,2743.6
Missouri,2021-02-01,2021,2,4.8,2338.8,387.7,2377.5,2726.5
Missouri,2021-03-01,2021,3,4.7,2374.9,400.4,2401.9,2775.3
Missouri,2021-04-01,2021,4,4.6,2399.9,403.5,2426.8,2803.4
Missouri,2021-05-01,2021,5,4.4,2411.8,404.9,2438.7,2816.7000000000003
Missouri,2021-06-01,2021,6,4.3,2427.1,411.9,2441.8,2839.0
Missouri,2021-07-01,2021,7,4.1,2447.7,413.4,2434.9,2861.1
Missouri,2021-08-01,2021,8,3.9,2445.5,413.9,2433.9,2859.4
Missouri,2021-09-01,2021,9,3.7,2428.1,412.5,2443.9,2840.6
Missouri,2021-10-01,2021,10,3.5,2462.3,415.5,2479.4,2877.8
Missouri,2021-11-01,2021,11,3.4,2472.8,416.2,2489.1,2889.0
Missouri,2021-12-01,2021,12,3.2,2471.1,415.3,2487.7,2886.4
Missouri,2022-01-01,2022,1,3.0,2421.6,407.6,2434.0,2829.2
Missouri,2022-02-01,2022,2,2.8,2444.1,412.6,2458.2,2856.7
Missouri,2022-03-01,2022,3,2.6,2458.7,416.9,2469.6,2875.6
Missouri,2022-04-01,2022,4,2.4,2487.7,422.0,2494.8,2909.7
Missouri,2022-05-01,2022,5,2.4,2502.4,425.3,2506.6,2927.7000000000003
Missouri,2022-06-01,2022,6,2.4,2516.3,431.1,2508.9,2947.4
Missouri,2022-07-01,2022,7,2.4,2518.5,432.6,2485.0,2951.1
Missouri,2022-08-01,2022,8,2.5,2521.8,433.3,2489.7,2955.1000000000004
Missouri,2022-09-01,2022,9,2.7,2515.8,432.5,2509.3,2948.3
Missouri,2022-10-01,2022,10,2.8,2524.9,432.2,2524.9,2957.1
Missouri,2022-11-01,2022,11,2.8,2528.8,432.2,2529.3,2961.0
Missouri,2022-12-01,2022,12,2.8,2520.0,432.1,2520.6,2952.1
Missouri,2023-01-01,2023,1,2.8,2487.1,425.8,2484.1,2912.9
Missouri,2023-02-01,2023,2,2.8,2500.4,428.5,2501.9,2928.9
Missouri,2023-03-01,2023,3,2.9,2513.9,430.9,2514.9,2944.8
Missouri,2023-04-01,2023,4,2.9,2540.4,435.3,2539.7,2975.7000000000003
Missouri,2023-05-01,2023,5,3.0,2547.9,436.7,2545.3,2984.6
Missouri,2023-06-01,2023,6,3.1,2565.5,443.1,2549.8,3008.6
Missouri,2023-07-01,2023,7,3.2,2563.2,441.3,2519.4,3004.5
Missouri,2023-08-01,2023,8,3.2,2549.7,433.4,2518.2,2983.1
Missouri,2023-09-01,2023,9,3.3,2548.1,438.1,2543.0,2986.2
Missouri,2023-10-01,2023,10,3.4,2554.3,432.8,2561.3,2987.1000000000004
Missouri,2023-11-01,2023,11,3.4,2556.8,434.6,2563.3,2991.4
Missouri,2023-12-01,2023,12,3.4,2554.2,436.2,2559.8,2990.3999999999996
Missouri,2024-01-01,2024,1,3.5,2492.3,423.7,2499.1,2916.0
Missouri,2024-02-01,2024,2,3.5,2512.7,430.1,2524.0,2942.7999999999997
Missouri,2024-03-01,2024,3,3.6,2525.1,433.0,2536.8,2958.1
Missouri,2024-04-01,2024,4,3.7,2554.6,435.7,2565.5,2990.2999999999997
Missouri,2024-05-01,2024,5,3.7,2563.4,437.3,2573.4,3000.7000000000003
Missouri,2024-06-01,2024,6,3.8,2570.5,442.2,2564.7,3012.7
Missouri,2024-07-01,2024,7,3.8,2561.4,435.3,2533.4,2996.7000000000003
Missouri,2024-08-01,2024,8,3.8,2564.5,440.3,2537.3,3004.8
Missouri,2024-09-01,2024,9,3.7,2555.7,438.5,2558.4,2994.2
Missouri,2024-10-01,2024,10,3.7,2567.4,437.8,2578.3,3005.2000000000003
Missouri,2024-11-01,2024,11,3.8,2568.0,436.8,2580.0,3004.8
Missouri,2024-12-01,2024,12,3.8,2561.0,435.7,2573.3,2996.7
Missouri,2025-01-01,2025,1,3.9,2486.6,415.0,2505.6,2901.6
Missouri,2025-02-01,2025,2,4.0,2510.0,427.6,2525.7,2937.6
Missouri,2025-03-01,2025,3,4.0,2529.7,433.2,2541.4,2962.8999999999996
Missouri,2025-04-01,2025,4,4.0,2558.0,436.2,2570.0,2994.2
Missouri,2025-05-01,2025,5,4.0,2566.3,438.8,2576.9,3005.1000000000004
Missouri,2025-06-01,2025,6,4.0,2566.6,443.3,2556.3,3009.9
Missouri,2025-07-01,2025,7,4.0,2568.8,443.6,2528.9,3012.4
Missouri,2025-08-01,2025,8,4.0,2560.0,439.5,2529.5,2999.5
Missouri,2025-09-01,2025,9,3.9,2545.1,437.0,2546.4,2982.1
Missouri,2025-10-01,2025,10,,2562.2,433.6,2570.4,2995.7999999999997
Missouri,2025-11-01,2025,11,3.9,2570.1,438.1,2573.9,3008.2
Missouri,2025-12-01,2025,12,3.9,2561.6,436.3,2565.0,2997.9
Missouri,2026-01-01,2026,1,3.9,2517.5,431.7,2512.6,2949.2
Missouri,2026-02-01,2026,2,3.9,2517.2,432.4,2520.6,2949.6
Montana,2016-01-01,2016,1,4.3,363.8,49.4,403.2,413.2
Montana,2016-02-01,2016,2,4.3,365.0,49.5,406.4,414.5
Montana,2016-03-01,2016,3,4.3,367.2,50.2,409.1,417.4
Montana,2016-04-01,2016,4,4.3,372.8,52.5,412.7,425.3
Montana,2016-05-01,2016,5,4.3,377.6,54.2,417.2,431.8
Montana,2016-06-01,2016,6,4.3,384.9,55.8,420.8,440.7
Montana,2016-07-01,2016,7,4.3,388.7,56.2,418.2,444.9
Montana,2016-08-01,2016,8,4.3,388.9,56.4,419.0,445.29999999999995
Montana,2016-09-01,2016,9,4.2,383.4,55.3,419.6,438.7
Montana,2016-10-01,2016,10,4.2,378.9,55.3,416.6,434.2
Montana,2016-11-01,2016,11,4.2,376.5,54.8,414.7,431.3
Montana,2016-12-01,2016,12,4.2,376.5,52.8,416.1,429.3
Montana,2017-01-01,2017,1,4.2,367.7,49.6,408.3,417.3
Montana,2017-02-01,2017,2,4.1,368.6,50.3,409.5,418.90000000000003
Montana,2017-03-01,2017,3,4.1,371.8,51.3,412.3,423.1
Montana,2017-04-01,2017,4,4.1,377.6,53.5,416.4,431.1
Montana,2017-05-01,2017,5,4.1,384.0,56.0,421.0,440.0
Montana,2017-06-01,2017,6,4.1,391.7,57.2,425.5,448.9
Montana,2017-07-01,2017,7,4.1,393.0,57.3,422.2,450.3
Montana,2017-08-01,2017,8,4.1,393.8,57.4,423.3,451.2
Montana,2017-09-01,2017,9,4.1,386.7,56.2,422.6,442.9
Montana,2017-10-01,2017,10,4.1,383.5,56.5,420.4,440.0
Montana,2017-11-01,2017,11,4.1,380.9,55.0,418.1,435.9
Montana,2017-12-01,2017,12,4.0,382.8,54.3,419.9,437.1
Montana,2018-01-01,2018,1,3.9,374.1,51.0,412.8,425.1
Montana,2018-02-01,2018,2,3.9,375.0,51.1,414.3,426.1
Montana,2018-03-01,2018,3,3.8,377.5,52.3,416.1,429.8
Montana,2018-04-01,2018,4,3.8,382.1,54.9,418.4,437.0
Montana,2018-05-01,2018,5,3.7,389.7,57.9,424.2,447.59999999999997
Montana,2018-06-01,2018,6,3.7,398.5,59.1,429.7,457.6
Montana,2018-07-01,2018,7,3.7,399.5,59.6,426.0,459.1
Montana,2018-08-01,2018,8,3.6,400.5,60.0,426.8,460.5
Montana,2018-09-01,2018,9,3.6,393.5,59.1,425.4,452.6
Montana,2018-10-01,2018,10,3.7,390.8,60.0,423.0,450.8
Montana,2018-11-01,2018,11,3.7,388.8,59.3,421.5,448.1
Montana,2018-12-01,2018,12,3.6,391.1,58.2,424.1,449.3
Montana,2019-01-01,2019,1,3.6,381.3,54.6,415.9,435.90000000000003
Montana,2019-02-01,2019,2,3.6,380.2,53.1,417.8,433.3
Montana,2019-03-01,2019,3,3.5,381.1,53.3,418.8,434.40000000000003
Montana,2019-04-01,2019,4,3.5,388.1,56.4,423.3,444.5
Montana,2019-05-01,2019,5,3.4,394.9,58.8,429.5,453.7
Montana,2019-06-01,2019,6,3.4,402.3,60.8,432.0,463.1
Montana,2019-07-01,2019,7,3.5,404.8,61.5,430.5,466.3
Montana,2019-08-01,2019,8,3.5,406.3,62.1,431.5,468.40000000000003
Montana,2019-09-01,2019,9,3.5,398.8,60.7,430.0,459.5
Montana,2019-10-01,2019,10,3.5,397.0,60.6,429.2,457.6
Montana,2019-11-01,2019,11,3.5,394.4,59.3,427.0,453.7
Montana,2019-12-01,2019,12,3.5,395.5,58.0,429.2,453.5
Montana,2020-01-01,2020,1,3.5,386.6,54.7,422.4,441.3
Montana,2020-02-01,2020,2,3.5,387.2,54.6,424.0,441.8
Montana,2020-03-01,2020,3,3.5,386.6,55.4,423.3,442.0
Montana,2020-04-01,2020,4,11.9,333.6,53.7,369.4,387.3
Montana,2020-05-01,2020,5,9.2,364.8,58.1,394.9,422.90000000000003
Montana,2020-06-01,2020,6,7.7,381.0,60.0,408.9,441.0
Montana,2020-07-01,2020,7,6.7,387.5,60.6,410.3,448.1
Montana,2020-08-01,2020,8,5.6,389.6,60.7,414.0,450.3
Montana,2020-09-01,2020,9,5.2,387.5,60.1,419.1,447.6
Montana,2020-10-01,2020,10,4.6,390.3,60.8,420.8,451.1
Montana,2020-11-01,2020,11,4.3,386.2,59.0,418.1,445.2
Montana,2020-12-01,2020,12,4.2,389.5,58.9,421.2,448.4
Montana,2021-01-01,2021,1,4.0,382.2,56.1,414.7,438.3
Montana,2021-02-01,2021,2,3.9,383.7,54.8,418.6,438.5
Montana,2021-03-01,2021,3,3.8,388.1,57.2,421.8,445.3
Montana,2021-04-01,2021,4,3.7,394.7,59.5,426.7,454.2
Montana,2021-05-01,2021,5,3.6,401.0,61.3,432.4,462.3
Montana,2021-06-01,2021,6,3.5,409.7,62.8,439.0,472.5
Montana,2021-07-01,2021,7,3.4,414.2,64.4,434.3,478.6
Montana,2021-08-01,2021,8,3.2,414.1,64.4,435.3,478.5
Montana,2021-09-01,2021,9,3.1,407.1,63.0,435.6,470.1
Montana,2021-10-01,2021,10,2.9,408.3,63.6,436.9,471.90000000000003
Montana,2021-11-01,2021,11,2.8,406.9,63.3,435.0,470.2
Montana,2021-12-01,2021,12,2.7,410.4,62.5,439.3,472.9
Montana,2022-01-01,2022,1,2.7,400.4,59.3,430.6,459.7
Montana,2022-02-01,2022,2,2.7,406.0,60.6,435.6,466.6
Montana,2022-03-01,2022,3,2.7,407.8,61.3,437.5,469.1
Montana,2022-04-01,2022,4,2.7,413.6,63.7,441.3,477.3
Montana,2022-05-01,2022,5,2.7,418.4,65.4,445.5,483.79999999999995
Montana,2022-06-01,2022,6,2.7,425.9,66.6,451.0,492.5
Montana,2022-07-01,2022,7,2.7,432.7,67.9,450.7,500.6
Montana,2022-08-01,2022,8,2.7,433.4,68.3,451.0,501.7
Montana,2022-09-01,2022,9,2.7,425.8,67.6,449.4,493.4
Montana,2022-10-01,2022,10,2.6,424.1,67.9,447.3,492.0
Montana,2022-11-01,2022,11,2.5,419.9,65.7,445.8,485.59999999999997
Montana,2022-12-01,2022,12,2.5,421.9,64.1,449.0,486.0
Montana,2023-01-01,2023,1,2.5,415.5,62.1,443.2,477.6
Montana,2023-02-01,2023,2,2.5,417.0,62.0,445.8,479.0
Montana,2023-03-01,2023,3,2.5,418.5,62.5,447.4,481.0
Montana,2023-04-01,2023,4,2.5,423.2,65.3,450.9,488.5
Montana,2023-05-01,2023,5,2.6,426.8,66.7,455.6,493.5
Montana,2023-06-01,2023,6,2.6,436.9,67.8,463.7,504.7
Montana,2023-07-01,2023,7,2.7,437.9,68.5,456.8,506.4
Montana,2023-08-01,2023,8,2.8,438.3,68.4,459.1,506.70000000000005
Montana,2023-09-01,2023,9,2.9,430.6,67.3,456.5,497.90000000000003
Montana,2023-10-01,2023,10,3.0,430.1,67.8,454.8,497.90000000000003
Montana,2023-11-01,2023,11,3.1,426.6,66.5,452.6,493.1
Montana,2023-12-01,2023,12,3.1,429.0,65.4,456.3,494.4
Montana,2024-01-01,2024,1,3.1,417.2,61.7,446.9,478.9
Montana,2024-02-01,2024,2,3.1,419.3,61.9,449.7,481.2
Montana,2024-03-01,2024,3,3.0,422.1,63.0,452.0,485.1
Montana,2024-04-01,2024,4,3.0,427.8,65.0,457.1,492.8
Montana,2024-05-01,2024,5,3.0,434.5,67.0,464.3,501.5
Montana,2024-06-01,2024,6,3.1,443.9,68.1,471.8,512.0
Montana,2024-07-01,2024,7,3.0,445.2,68.6,465.7,513.8
Montana,2024-08-01,2024,8,3.0,445.5,68.1,467.8,513.6
Montana,2024-09-01,2024,9,3.0,437.5,66.4,464.7,503.9
Montana,2024-10-01,2024,10,2.9,434.7,66.5,462.1,501.2
Montana,2024-11-01,2024,11,2.9,429.7,64.9,458.8,494.6
Montana,2024-12-01,2024,12,2.9,431.4,63.6,460.8,495.0
Montana,2025-01-01,2025,1,2.9,422.4,60.7,453.1,483.09999999999997
Montana,2025-02-01,2025,2,3.0,420.7,58.4,454.6,479.09999999999997
Montana,2025-03-01,2025,3,3.1,423.3,60.9,454.9,484.2
Montana,2025-04-01,2025,4,3.1,431.0,63.6,460.8,494.6
Montana,2025-05-01,2025,5,3.2,435.6,65.0,465.7,500.6
Montana,2025-06-01,2025,6,3.2,443.4,66.6,471.6,510.0
Montana,2025-07-01,2025,7,3.3,446.9,66.8,468.6,513.6999999999999
Montana,2025-08-01,2025,8,3.4,446.6,66.5,469.9,513.1
Montana,2025-09-01,2025,9,3.5,436.1,65.2,463.9,501.3
Montana,2025-10-01,2025,10,,434.9,65.7,461.7,500.59999999999997
Montana,2025-11-01,2025,11,3.6,430.0,63.1,459.3,493.1
Montana,2025-12-01,2025,12,3.6,431.5,62.1,461.2,493.6
Montana,2026-01-01,2026,1,3.6,423.9,60.5,453.4,484.4
Montana,2026-02-01,2026,2,3.6,423.6,61.1,453.5,484.70000000000005
Nebraska,2016-01-01,2016,1,3.0,822.3,143.0,849.5,965.3
Nebraska,2016-02-01,2016,2,3.0,823.5,142.8,853.3,966.3
Nebraska,2016-03-01,2016,3,3.0,832.0,145.7,860.3,977.7
Nebraska,2016-04-01,2016,4,3.0,840.7,148.0,867.8,988.7
Nebraska,2016-05-01,2016,5,3.1,846.9,149.7,874.7,996.5999999999999
Nebraska,2016-06-01,2016,6,3.1,849.3,151.5,871.5,1000.8
Nebraska,2016-07-01,2016,7,3.2,850.7,151.8,863.9,1002.5
Nebraska,2016-08-01,2016,8,3.2,851.7,151.7,864.3,1003.4000000000001
Nebraska,2016-09-01,2016,9,3.2,848.1,150.7,871.8,998.8
Nebraska,2016-10-01,2016,10,3.2,848.3,150.5,874.4,998.8
Nebraska,2016-11-01,2016,11,3.2,847.1,149.4,874.4,996.5
Nebraska,2016-12-01,2016,12,3.1,844.8,147.4,872.9,992.1999999999999
Nebraska,2017-01-01,2017,1,3.1,826.5,143.8,854.4,970.3
Nebraska,2017-02-01,2017,2,3.0,830.5,145.0,859.2,975.5
Nebraska,2017-03-01,2017,3,2.9,836.3,147.0,863.7,983.3
Nebraska,2017-04-01,2017,4,2.9,844.2,149.6,869.7,993.8000000000001
Nebraska,2017-05-01,2017,5,2.9,849.6,151.3,875.1,1000.9000000000001
Nebraska,2017-06-01,2017,6,2.9,853.0,153.1,874.8,1006.1
Nebraska,2017-07-01,2017,7,2.9,851.2,153.1,863.2,1004.3000000000001
Nebraska,2017-08-01,2017,8,2.9,852.3,153.1,865.5,1005.4
Nebraska,2017-09-01,2017,9,3.0,847.5,152.0,868.5,999.5
Nebraska,2017-10-01,2017,10,3.0,850.7,152.6,873.8,1003.3000000000001
Nebraska,2017-11-01,2017,11,3.0,852.8,152.4,876.0,1005.1999999999999
Nebraska,2017-12-01,2017,12,3.0,853.7,151.9,876.7,1005.6
Nebraska,2018-01-01,2018,1,2.9,830.9,146.5,856.0,977.4
Nebraska,2018-02-01,2018,2,2.9,833.8,146.8,860.3,980.5999999999999
Nebraska,2018-03-01,2018,3,2.9,839.4,149.0,864.8,988.4
Nebraska,2018-04-01,2018,4,2.8,846.6,152.0,869.6,998.6
Nebraska,2018-05-01,2018,5,2.8,855.8,154.0,879.4,1009.8
Nebraska,2018-06-01,2018,6,2.8,859.6,156.1,878.1,1015.7
Nebraska,2018-07-01,2018,7,2.9,859.3,157.5,867.7,1016.8
Nebraska,2018-08-01,2018,8,2.9,859.1,157.4,867.9,1016.5
Nebraska,2018-09-01,2018,9,2.9,854.4,155.7,872.3,1010.0999999999999
Nebraska,2018-10-01,2018,10,3.0,854.7,154.8,875.6,1009.5
Nebraska,2018-11-01,2018,11,3.0,858.3,154.8,879.3,1013.0999999999999
Nebraska,2018-12-01,2018,12,3.1,855.6,153.0,877.4,1008.6
Nebraska,2019-01-01,2019,1,3.1,837.4,149.1,860.8,986.5
Nebraska,2019-02-01,2019,2,3.1,836.9,148.8,861.6,985.7
Nebraska,2019-03-01,2019,3,3.1,839.0,149.3,863.2,988.3
Nebraska,2019-04-01,2019,4,3.1,849.6,153.2,871.4,1002.8
Nebraska,2019-05-01,2019,5,3.1,858.3,155.4,880.7,1013.6999999999999
Nebraska,2019-06-01,2019,6,3.1,860.6,157.3,877.8,1017.9000000000001
Nebraska,2019-07-01,2019,7,3.1,860.7,158.1,868.4,1018.8000000000001
Nebraska,2019-08-01,2019,8,3.2,861.2,157.7,870.5,1018.9000000000001
Nebraska,2019-09-01,2019,9,3.2,855.9,157.2,872.3,1013.0999999999999
Nebraska,2019-10-01,2019,10,3.1,858.3,157.3,878.1,1015.5999999999999
Nebraska,2019-11-01,2019,11,3.1,860.4,157.2,881.4,1017.5999999999999
Nebraska,2019-12-01,2019,12,3.1,859.9,155.9,880.4,1015.8
Nebraska,2020-01-01,2020,1,3.0,842.3,152.0,864.7,994.3
Nebraska,2020-02-01,2020,2,3.0,842.9,152.1,866.4,995.0
Nebraska,2020-03-01,2020,3,4.4,841.7,153.9,863.4,995.6
Nebraska,2020-04-01,2020,4,8.2,764.3,149.8,783.9,914.0999999999999
Nebraska,2020-05-01,2020,5,6.4,786.8,151.4,799.3,938.1999999999999
Nebraska,2020-06-01,2020,6,5.3,808.0,154.4,815.4,962.4
Nebraska,2020-07-01,2020,7,4.6,817.1,154.9,820.2,972.0
Nebraska,2020-08-01,2020,8,3.8,822.2,155.1,828.9,977.3000000000001
Nebraska,2020-09-01,2020,9,3.4,821.0,154.9,835.4,975.9
Nebraska,2020-10-01,2020,10,3.1,828.6,155.8,843.8,984.4000000000001
Nebraska,2020-11-01,2020,11,3.0,829.6,155.1,845.5,984.7
Nebraska,2020-12-01,2020,12,3.0,832.6,155.3,848.2,987.9000000000001
Nebraska,2021-01-01,2021,1,2.9,815.7,151.0,831.2,966.7
Nebraska,2021-02-01,2021,2,2.9,813.6,149.4,833.7,963.0
Nebraska,2021-03-01,2021,3,2.9,822.0,152.9,839.2,974.9
Nebraska,2021-04-01,2021,4,2.9,830.4,155.3,847.3,985.7
Nebraska,2021-05-01,2021,5,2.8,836.3,156.1,854.2,992.4
Nebraska,2021-06-01,2021,6,2.8,844.4,159.0,856.8,1003.4
Nebraska,2021-07-01,2021,7,2.7,848.1,160.1,851.7,1008.2
Nebraska,2021-08-01,2021,8,2.6,848.7,160.2,851.5,1008.9000000000001
Nebraska,2021-09-01,2021,9,2.5,838.7,158.6,850.1,997.3000000000001
Nebraska,2021-10-01,2021,10,2.4,847.7,158.6,861.4,1006.3000000000001
Nebraska,2021-11-01,2021,11,2.3,850.2,157.9,864.6,1008.1
Nebraska,2021-12-01,2021,12,2.2,851.8,157.9,866.2,1009.6999999999999
Nebraska,2022-01-01,2022,1,2.1,833.5,154.1,845.2,987.6
Nebraska,2022-02-01,2022,2,2.0,839.0,156.1,852.8,995.1
Nebraska,2022-03-01,2022,3,2.0,842.2,157.9,855.1,1000.1
Nebraska,2022-04-01,2022,4,2.0,849.8,160.9,860.7,1010.6999999999999
Nebraska,2022-05-01,2022,5,2.1,853.6,162.1,865.0,1015.7
Nebraska,2022-06-01,2022,6,2.1,860.2,164.6,867.4,1024.8
Nebraska,2022-07-01,2022,7,2.2,865.8,166.6,861.1,1032.3999999999999
Nebraska,2022-08-01,2022,8,2.3,865.9,166.3,863.1,1032.2
Nebraska,2022-09-01,2022,9,2.3,861.2,165.8,866.6,1027.0
Nebraska,2022-10-01,2022,10,2.3,864.8,165.6,873.5,1030.3999999999999
Nebraska,2022-11-01,2022,11,2.3,866.7,165.6,876.0,1032.3
Nebraska,2022-12-01,2022,12,2.2,866.0,163.9,877.3,1029.9
Nebraska,2023-01-01,2023,1,2.2,852.5,161.1,860.3,1013.6
Nebraska,2023-02-01,2023,2,2.2,855.7,161.8,867.1,1017.5
Nebraska,2023-03-01,2023,3,2.1,859.7,163.0,871.2,1022.7
Nebraska,2023-04-01,2023,4,2.1,870.7,166.0,879.9,1036.7
Nebraska,2023-05-01,2023,5,2.2,875.9,167.9,885.3,1043.8
Nebraska,2023-06-01,2023,6,2.2,885.9,170.6,893.5,1056.5
Nebraska,2023-07-01,2023,7,2.3,883.4,170.2,879.8,1053.6
Nebraska,2023-08-01,2023,8,2.4,882.7,169.2,881.4,1051.9
Nebraska,2023-09-01,2023,9,2.4,879.6,168.1,887.6,1047.7
Nebraska,2023-10-01,2023,10,2.5,881.1,167.7,892.2,1048.8
Nebraska,2023-11-01,2023,11,2.5,881.9,167.1,893.7,1049.0
Nebraska,2023-12-01,2023,12,2.5,882.8,166.2,894.9,1049.0
Nebraska,2024-01-01,2024,1,2.5,858.6,160.8,869.8,1019.4000000000001
Nebraska,2024-02-01,2024,2,2.6,865.9,162.6,879.5,1028.5
Nebraska,2024-03-01,2024,3,2.6,872.6,164.9,885.5,1037.5
Nebraska,2024-04-01,2024,4,2.6,879.3,167.1,890.7,1046.3999999999999
Nebraska,2024-05-01,2024,5,2.7,885.2,168.4,898.3,1053.6000000000001
Nebraska,2024-06-01,2024,6,2.7,890.9,170.4,898.2,1061.3
Nebraska,2024-07-01,2024,7,2.8,888.9,170.3,887.6,1059.2
Nebraska,2024-08-01,2024,8,2.8,888.6,169.7,888.1,1058.3
Nebraska,2024-09-01,2024,9,2.8,884.2,169.2,893.6,1053.4
Nebraska,2024-10-01,2024,10,2.8,887.9,169.5,900.1,1057.4
Nebraska,2024-11-01,2024,11,2.8,889.5,169.3,901.9,1058.8
Nebraska,2024-12-01,2024,12,2.9,886.1,167.9,899.7,1054.0
Nebraska,2025-01-01,2025,1,2.9,867.9,163.3,881.4,1031.2
Nebraska,2025-02-01,2025,2,2.9,865.8,162.5,882.8,1028.3
Nebraska,2025-03-01,2025,3,2.9,870.3,164.8,885.2,1035.1
Nebraska,2025-04-01,2025,4,2.9,880.4,167.9,893.7,1048.3
Nebraska,2025-05-01,2025,5,2.9,887.0,169.2,901.9,1056.2
Nebraska,2025-06-01,2025,6,2.9,890.9,170.9,901.5,1061.8
Nebraska,2025-07-01,2025,7,2.9,889.4,170.4,890.1,1059.8
Nebraska,2025-08-01,2025,8,2.9,889.3,170.0,890.3,1059.3
Nebraska,2025-09-01,2025,9,2.9,881.1,168.3,892.9,1049.4
Nebraska,2025-10-01,2025,10,,883.2,168.7,896.5,1051.9
Nebraska,2025-11-01,2025,11,3.0,884.5,168.1,898.4,1052.6
Nebraska,2025-12-01,2025,12,3.0,882.6,167.0,896.9,1049.6
Nebraska,2026-01-01,2026,1,3.0,867.2,164.6,879.0,1031.8
Nebraska,2026-02-01,2026,2,3.1,860.7,161.1,879.1,1021.8000000000001
Nevada,2016-01-01,2016,1,6.3,1109.1,128.5,1135.4,1237.6
Nevada,2016-02-01,2016,2,6.2,1113.0,128.8,1142.4,1241.8
Nevada,2016-03-01,2016,3,6.1,1119.7,129.2,1150.6,1248.9
Nevada,2016-04-01,2016,4,6.0,1133.3,130.5,1161.8,1263.8
Nevada,2016-05-01,2016,5,5.9,1136.4,131.2,1164.8,1267.6000000000001
Nevada,2016-06-01,2016,6,5.9,1143.4,133.2,1162.1,1276.6000000000001
Nevada,2016-07-01,2016,7,5.8,1147.6,135.0,1163.8,1282.6
Nevada,2016-08-01,2016,8,5.7,1151.1,135.6,1167.2,1286.6999999999998
Nevada,2016-09-01,2016,9,5.6,1156.1,136.0,1179.9,1292.1
Nevada,2016-10-01,2016,10,5.6,1159.3,136.9,1182.4,1296.2
Nevada,2016-11-01,2016,11,5.5,1163.7,136.8,1188.4,1300.5
Nevada,2016-12-01,2016,12,5.4,1160.2,137.1,1185.8,1297.3
Nevada,2017-01-01,2017,1,5.3,1149.5,135.6,1170.6,1285.1
Nevada,2017-02-01,2017,2,5.3,1152.2,137.7,1176.3,1289.9
Nevada,2017-03-01,2017,3,5.2,1165.6,141.0,1187.6,1306.6
Nevada,2017-04-01,2017,4,5.1,1167.2,142.2,1185.9,1309.4
Nevada,2017-05-01,2017,5,5.0,1178.0,144.5,1195.6,1322.5
Nevada,2017-06-01,2017,6,5.0,1182.5,147.0,1192.1,1329.5
Nevada,2017-07-01,2017,7,4.9,1182.1,147.8,1188.3,1329.8999999999999
Nevada,2017-08-01,2017,8,4.9,1184.9,148.1,1193.1,1333.0
Nevada,2017-09-01,2017,9,4.9,1188.8,149.6,1203.9,1338.3999999999999
Nevada,2017-10-01,2017,10,4.9,1198.6,150.5,1210.6,1349.1
Nevada,2017-11-01,2017,11,4.8,1203.3,149.9,1217.2,1353.2
Nevada,2017-12-01,2017,12,4.8,1202.8,150.0,1217.7,1352.8
Nevada,2018-01-01,2018,1,4.7,1186.9,148.5,1195.8,1335.4
Nevada,2018-02-01,2018,2,4.7,1194.2,150.7,1206.8,1344.9
Nevada,2018-03-01,2018,3,4.6,1203.0,152.2,1214.9,1355.2
Nevada,2018-04-01,2018,4,4.5,1209.2,155.7,1215.3,1364.9
Nevada,2018-05-01,2018,5,4.4,1218.7,157.7,1224.0,1376.4
Nevada,2018-06-01,2018,6,4.3,1221.8,160.6,1219.1,1382.3999999999999
Nevada,2018-07-01,2018,7,4.3,1225.9,162.0,1216.8,1387.9
Nevada,2018-08-01,2018,8,4.2,1234.3,163.8,1225.5,1398.1
Nevada,2018-09-01,2018,9,4.3,1233.2,164.5,1234.0,1397.7
Nevada,2018-10-01,2018,10,4.3,1243.9,166.0,1243.4,1409.9
Nevada,2018-11-01,2018,11,4.3,1248.5,166.2,1250.0,1414.7
Nevada,2018-12-01,2018,12,4.3,1244.6,166.7,1245.6,1411.3
Nevada,2019-01-01,2019,1,4.3,1230.2,164.4,1225.8,1394.6000000000001
Nevada,2019-02-01,2019,2,4.3,1233.5,165.3,1235.0,1398.8
Nevada,2019-03-01,2019,3,4.2,1240.4,168.0,1240.0,1408.4
Nevada,2019-04-01,2019,4,4.1,1246.8,167.8,1244.9,1414.6
Nevada,2019-05-01,2019,5,4.1,1255.2,169.8,1252.9,1425.0
Nevada,2019-06-01,2019,6,4.0,1254.9,170.9,1243.1,1425.8000000000002
Nevada,2019-07-01,2019,7,4.0,1257.8,171.9,1242.1,1429.7
Nevada,2019-08-01,2019,8,4.0,1262.8,172.6,1250.2,1435.3999999999999
Nevada,2019-09-01,2019,9,4.0,1261.3,172.5,1258.0,1433.8
Nevada,2019-10-01,2019,10,4.1,1271.0,173.7,1266.3,1444.7
Nevada,2019-11-01,2019,11,4.1,1283.5,173.1,1281.4,1456.6
Nevada,2019-12-01,2019,12,4.1,1282.0,172.1,1280.7,1454.1
Nevada,2020-01-01,2020,1,4.2,1260.5,170.3,1254.9,1430.8
Nevada,2020-02-01,2020,2,4.4,1264.3,171.3,1263.3,1435.6
Nevada,2020-03-01,2020,3,7.2,1255.4,171.7,1255.1,1427.1000000000001
Nevada,2020-04-01,2020,4,30.5,952.6,158.3,954.9,1110.9
Nevada,2020-05-01,2020,5,24.7,950.0,161.3,947.3,1111.3
Nevada,2020-06-01,2020,6,18.9,1045.7,164.1,1030.6,1209.8
Nevada,2020-07-01,2020,7,16.7,1083.0,163.7,1066.0,1246.7
Nevada,2020-08-01,2020,8,13.9,1095.7,164.2,1084.6,1259.9
Nevada,2020-09-01,2020,9,12.7,1111.5,164.8,1110.2,1276.3
Nevada,2020-10-01,2020,10,11.1,1140.9,166.3,1139.2,1307.2
Nevada,2020-11-01,2020,11,10.2,1147.8,165.8,1145.7,1313.6
Nevada,2020-12-01,2020,12,9.6,1144.3,166.1,1141.2,1310.3999999999999
Nevada,2021-01-01,2021,1,8.9,1122.8,164.8,1116.1,1287.6
Nevada,2021-02-01,2021,2,8.5,1136.9,167.9,1131.9,1304.8000000000002
Nevada,2021-03-01,2021,3,8.0,1151.2,170.9,1144.3,1322.1000000000001
Nevada,2021-04-01,2021,4,7.7,1174.1,174.2,1165.3,1348.3
Nevada,2021-05-01,2021,5,7.2,1193.5,174.7,1183.5,1368.2
Nevada,2021-06-01,2021,6,6.9,1210.4,176.5,1188.6,1386.9
Nevada,2021-07-01,2021,7,6.6,1232.3,175.8,1207.0,1408.1
Nevada,2021-08-01,2021,8,6.2,1243.7,176.2,1220.2,1419.9
Nevada,2021-09-01,2021,9,5.8,1246.1,175.8,1234.6,1421.8999999999999
Nevada,2021-10-01,2021,10,5.6,1274.9,177.5,1262.3,1452.4
Nevada,2021-11-01,2021,11,5.4,1288.5,178.5,1274.6,1467.0
Nevada,2021-12-01,2021,12,5.3,1289.2,178.1,1275.4,1467.3
Nevada,2022-01-01,2022,1,5.2,1267.5,177.1,1248.3,1444.6
Nevada,2022-02-01,2022,2,5.2,1287.2,180.4,1272.5,1467.6000000000001
Nevada,2022-03-01,2022,3,5.2,1296.9,183.4,1279.5,1480.3000000000002
Nevada,2022-04-01,2022,4,5.2,1313.1,185.5,1295.1,1498.6
Nevada,2022-05-01,2022,5,5.2,1320.7,186.9,1303.1,1507.6000000000001
Nevada,2022-06-01,2022,6,5.2,1326.8,188.7,1296.0,1515.5
Nevada,2022-07-01,2022,7,5.2,1331.8,190.6,1296.3,1522.3999999999999
Nevada,2022-08-01,2022,8,5.2,1338.6,191.5,1305.6,1530.1
Nevada,2022-09-01,2022,9,5.2,1347.4,193.1,1324.1,1540.5
Nevada,2022-10-01,2022,10,5.3,1352.3,193.1,1331.1,1545.3999999999999
Nevada,2022-11-01,2022,11,5.3,1356.0,191.4,1337.1,1547.4
Nevada,2022-12-01,2022,12,5.3,1350.8,190.7,1333.2,1541.5
Nevada,2023-01-01,2023,1,5.2,1330.5,187.4,1311.5,1517.9
Nevada,2023-02-01,2023,2,5.2,1337.3,190.4,1323.7,1527.7
Nevada,2023-03-01,2023,3,5.1,1341.7,191.4,1328.1,1533.1000000000001
Nevada,2023-04-01,2023,4,5.0,1348.0,193.2,1332.7,1541.2
Nevada,2023-05-01,2023,5,5.0,1358.2,194.3,1343.0,1552.5
Nevada,2023-06-01,2023,6,5.0,1364.3,195.9,1338.4,1560.2
Nevada,2023-07-01,2023,7,5.1,1361.0,195.1,1331.2,1556.1
Nevada,2023-08-01,2023,8,5.1,1368.4,196.3,1337.3,1564.7
Nevada,2023-09-01,2023,9,5.1,1377.4,198.2,1361.0,1575.6000000000001
Nevada,2023-10-01,2023,10,5.2,1386.9,197.3,1373.3,1584.2
Nevada,2023-11-01,2023,11,5.2,1393.1,194.7,1382.6,1587.8
Nevada,2023-12-01,2023,12,5.2,1393.5,193.3,1384.3,1586.8
Nevada,2024-01-01,2024,1,5.2,1364.5,188.7,1351.8,1553.2
Nevada,2024-02-01,2024,2,5.2,1373.4,188.6,1369.6,1562.0
Nevada,2024-03-01,2024,3,5.3,1374.3,190.2,1369.6,1564.5
Nevada,2024-04-01,2024,4,5.4,1378.4,191.1,1373.0,1569.5
Nevada,2024-05-01,2024,5,5.4,1386.6,192.5,1381.6,1579.1
Nevada,2024-06-01,2024,6,5.4,1383.5,193.6,1365.2,1577.1
Nevada,2024-07-01,2024,7,5.5,1376.3,192.9,1356.6,1569.2
Nevada,2024-08-01,2024,8,5.5,1383.7,194.3,1364.9,1578.0
Nevada,2024-09-01,2024,9,5.5,1390.9,194.1,1383.1,1585.0
Nevada,2024-10-01,2024,10,5.5,1399.3,194.9,1392.3,1594.2
Nevada,2024-11-01,2024,11,5.4,1401.6,193.5,1396.9,1595.1
Nevada,2024-12-01,2024,12,5.4,1397.9,192.5,1393.6,1590.4
Nevada,2025-01-01,2025,1,5.4,1372.0,189.4,1361.8,1561.4
Nevada,2025-02-01,2025,2,5.4,1372.1,189.5,1370.5,1561.6
Nevada,2025-03-01,2025,3,5.3,1378.8,191.4,1375.4,1570.2
Nevada,2025-04-01,2025,4,5.3,1390.3,193.1,1385.6,1583.3999999999999
Nevada,2025-05-01,2025,5,5.2,1395.9,194.1,1391.3,1590.0
Nevada,2025-06-01,2025,6,5.2,1392.4,195.5,1372.6,1587.9
Nevada,2025-07-01,2025,7,5.2,1411.3,198.0,1386.0,1609.3
Nevada,2025-08-01,2025,8,5.2,1419.0,198.8,1397.0,1617.8
Nevada,2025-09-01,2025,9,5.2,1415.8,198.4,1405.1,1614.2
Nevada,2025-10-01,2025,10,,1422.0,199.1,1410.3,1621.1
Nevada,2025-11-01,2025,11,5.2,1423.5,195.6,1416.4,1619.1
Nevada,2025-12-01,2025,12,5.2,1421.4,192.9,1417.8,1614.3000000000002
Nevada,2026-01-01,2026,1,5.3,1406.1,193.5,1392.0,1599.6
Nevada,2026-02-01,2026,2,5.3,1407.3,195.1,1400.0,1602.3999999999999
New Hampshire,2016-01-01,2016,1,2.9,556.7,92.1,554.0,648.8000000000001
New Hampshire,2016-02-01,2016,2,2.9,561.0,91.4,564.5,652.4
New Hampshire,2016-03-01,2016,3,2.8,562.2,91.6,565.2,653.8000000000001
New Hampshire,2016-04-01,2016,4,2.9,568.3,93.6,569.2,661.9
New Hampshire,2016-05-01,2016,5,2.9,576.3,94.8,574.8,671.0999999999999
New Hampshire,2016-06-01,2016,6,2.9,580.5,96.3,572.0,676.8
New Hampshire,2016-07-01,2016,7,2.9,586.5,96.7,568.3,683.2
New Hampshire,2016-08-01,2016,8,2.9,585.8,96.6,568.5,682.4
New Hampshire,2016-09-01,2016,9,2.9,580.1,95.7,577.1,675.8000000000001
New Hampshire,2016-10-01,2016,10,2.9,581.0,95.9,579.2,676.9
New Hampshire,2016-11-01,2016,11,2.9,579.9,95.7,579.5,675.6
New Hampshire,2016-12-01,2016,12,2.9,582.4,95.5,582.1,677.9
New Hampshire,2017-01-01,2017,1,2.9,566.1,93.9,560.7,660.0
New Hampshire,2017-02-01,2017,2,2.9,568.3,93.4,568.2,661.6999999999999
New Hampshire,2017-03-01,2017,3,2.9,570.2,94.1,570.6,664.3000000000001
New Hampshire,2017-04-01,2017,4,2.8,575.7,95.1,574.6,670.8000000000001
New Hampshire,2017-05-01,2017,5,2.8,583.4,96.4,580.7,679.8
New Hampshire,2017-06-01,2017,6,2.7,590.7,97.9,580.4,688.6
New Hampshire,2017-07-01,2017,7,2.7,594.5,98.4,574.7,692.9
New Hampshire,2017-08-01,2017,8,2.8,592.7,98.1,574.7,690.8000000000001
New Hampshire,2017-09-01,2017,9,2.8,585.2,97.6,579.3,682.8000000000001
New Hampshire,2017-10-01,2017,10,2.8,585.9,97.5,582.9,683.4
New Hampshire,2017-11-01,2017,11,2.8,585.6,97.2,582.5,682.8000000000001
New Hampshire,2017-12-01,2017,12,2.8,588.7,97.0,586.5,685.7
New Hampshire,2018-01-01,2018,1,2.8,571.0,94.9,565.4,665.9
New Hampshire,2018-02-01,2018,2,2.7,576.7,95.0,574.8,671.7
New Hampshire,2018-03-01,2018,3,2.7,576.7,95.4,575.5,672.1
New Hampshire,2018-04-01,2018,4,2.7,579.4,97.0,576.3,676.4
New Hampshire,2018-05-01,2018,5,2.7,588.5,98.4,583.6,686.9
New Hampshire,2018-06-01,2018,6,2.6,595.8,100.2,583.5,696.0
New Hampshire,2018-07-01,2018,7,2.6,598.7,100.8,576.9,699.5
New Hampshire,2018-08-01,2018,8,2.6,597.0,100.6,576.5,697.6
New Hampshire,2018-09-01,2018,9,2.5,587.8,99.5,579.9,687.3
New Hampshire,2018-10-01,2018,10,2.5,591.7,100.5,584.7,692.2
New Hampshire,2018-11-01,2018,11,2.6,591.3,100.1,585.3,691.4
New Hampshire,2018-12-01,2018,12,2.6,593.8,99.8,587.9,693.5999999999999
New Hampshire,2019-01-01,2019,1,2.6,578.8,98.3,570.0,677.0999999999999
New Hampshire,2019-02-01,2019,2,2.6,582.8,98.1,578.4,680.9
New Hampshire,2019-03-01,2019,3,2.6,583.3,98.4,579.9,681.6999999999999
New Hampshire,2019-04-01,2019,4,2.6,586.2,99.0,581.1,685.2
New Hampshire,2019-05-01,2019,5,2.5,595.0,100.5,588.5,695.5
New Hampshire,2019-06-01,2019,6,2.5,600.6,101.9,587.1,702.5
New Hampshire,2019-07-01,2019,7,2.5,604.8,102.3,581.7,707.0999999999999
New Hampshire,2019-08-01,2019,8,2.5,603.4,102.0,582.6,705.4
New Hampshire,2019-09-01,2019,9,2.6,594.8,101.2,585.1,696.0
New Hampshire,2019-10-01,2019,10,2.6,597.0,100.9,590.2,697.9
New Hampshire,2019-11-01,2019,11,2.5,596.6,100.6,590.3,697.2
New Hampshire,2019-12-01,2019,12,2.5,599.9,100.2,593.6,700.1
New Hampshire,2020-01-01,2020,1,2.5,584.7,98.6,575.6,683.3000000000001
New Hampshire,2020-02-01,2020,2,2.6,589.5,98.1,585.9,687.6
New Hampshire,2020-03-01,2020,3,2.6,583.5,98.5,578.5,682.0
New Hampshire,2020-04-01,2020,4,16.0,483.4,90.3,479.3,573.6999999999999
New Hampshire,2020-05-01,2020,5,11.8,507.3,93.1,500.2,600.4
New Hampshire,2020-06-01,2020,6,9.6,533.8,95.4,520.0,629.1999999999999
New Hampshire,2020-07-01,2020,7,8.3,549.2,95.5,528.2,644.7
New Hampshire,2020-08-01,2020,8,6.7,558.1,97.0,538.9,655.1
New Hampshire,2020-09-01,2020,9,6.1,559.2,97.0,549.1,656.2
New Hampshire,2020-10-01,2020,10,5.3,565.2,97.3,555.9,662.5
New Hampshire,2020-11-01,2020,11,4.9,565.0,97.0,556.3,662.0
New Hampshire,2020-12-01,2020,12,4.6,561.2,96.8,551.2,658.0
New Hampshire,2021-01-01,2021,1,4.3,553.8,94.6,543.7,648.4
New Hampshire,2021-02-01,2021,2,4.1,557.3,94.3,550.2,651.5999999999999
New Hampshire,2021-03-01,2021,3,4.0,559.9,94.8,553.6,654.6999999999999
New Hampshire,2021-04-01,2021,4,3.9,566.6,96.8,558.1,663.4
New Hampshire,2021-05-01,2021,5,3.8,575.3,97.6,565.9,672.9
New Hampshire,2021-06-01,2021,6,3.7,583.8,98.9,566.4,682.6999999999999
New Hampshire,2021-07-01,2021,7,3.5,593.0,99.9,569.9,692.9
New Hampshire,2021-08-01,2021,8,3.3,592.2,100.0,569.4,692.2
New Hampshire,2021-09-01,2021,9,3.0,581.9,99.5,569.3,681.4
New Hampshire,2021-10-01,2021,10,2.8,589.1,100.3,577.5,689.4
New Hampshire,2021-11-01,2021,11,2.6,588.5,100.1,577.3,688.6
New Hampshire,2021-12-01,2021,12,2.5,587.1,99.7,576.7,686.8000000000001
New Hampshire,2022-01-01,2022,1,2.4,577.3,98.1,565.4,675.4
New Hampshire,2022-02-01,2022,2,2.3,584.7,98.3,576.1,683.0
New Hampshire,2022-03-01,2022,3,2.3,587.0,99.2,577.4,686.2
New Hampshire,2022-04-01,2022,4,2.3,592.9,100.5,581.2,693.4
New Hampshire,2022-05-01,2022,5,2.3,598.1,101.4,584.5,699.5
New Hampshire,2022-06-01,2022,6,2.4,604.8,102.4,585.5,707.1999999999999
New Hampshire,2022-07-01,2022,7,2.4,614.3,103.6,587.9,717.9
New Hampshire,2022-08-01,2022,8,2.5,613.4,103.1,587.5,716.5
New Hampshire,2022-09-01,2022,9,2.6,605.6,102.6,591.0,708.2
New Hampshire,2022-10-01,2022,10,2.6,605.6,102.7,591.3,708.3000000000001
New Hampshire,2022-11-01,2022,11,2.5,605.9,102.8,592.0,708.6999999999999
New Hampshire,2022-12-01,2022,12,2.5,606.6,102.5,592.5,709.1
New Hampshire,2023-01-01,2023,1,2.4,597.5,100.9,582.8,698.4
New Hampshire,2023-02-01,2023,2,2.3,601.2,100.6,589.9,701.8000000000001
New Hampshire,2023-03-01,2023,3,2.2,601.7,101.0,590.3,702.7
New Hampshire,2023-04-01,2023,4,2.2,604.8,102.4,591.2,707.1999999999999
New Hampshire,2023-05-01,2023,5,2.2,612.2,103.2,597.8,715.4000000000001
New Hampshire,2023-06-01,2023,6,2.2,623.1,104.4,602.3,727.5
New Hampshire,2023-07-01,2023,7,2.2,623.5,104.7,597.2,728.2
New Hampshire,2023-08-01,2023,8,2.3,622.0,104.1,595.9,726.1
New Hampshire,2023-09-01,2023,9,2.3,615.0,103.6,599.9,718.6
New Hampshire,2023-10-01,2023,10,2.3,613.6,103.3,600.1,716.9
New Hampshire,2023-11-01,2023,11,2.3,613.0,102.9,600.3,715.9
New Hampshire,2023-12-01,2023,12,2.3,614.2,102.9,602.0,717.1
New Hampshire,2024-01-01,2024,1,2.3,602.8,100.9,589.9,703.6999999999999
New Hampshire,2024-02-01,2024,2,2.3,606.0,100.4,596.7,706.4
New Hampshire,2024-03-01,2024,3,2.4,607.1,100.7,598.2,707.8000000000001
New Hampshire,2024-04-01,2024,4,2.4,608.4,102.0,596.1,710.4
New Hampshire,2024-05-01,2024,5,2.5,614.0,102.4,599.4,716.4
New Hampshire,2024-06-01,2024,6,2.5,627.1,103.7,608.9,730.8000000000001
New Hampshire,2024-07-01,2024,7,2.6,627.8,103.5,603.8,731.3
New Hampshire,2024-08-01,2024,8,2.6,625.6,103.0,603.5,728.6
New Hampshire,2024-09-01,2024,9,2.7,617.7,102.2,605.9,719.9000000000001
New Hampshire,2024-10-01,2024,10,2.8,617.0,102.0,606.0,719.0
New Hampshire,2024-11-01,2024,11,2.9,615.6,101.8,605.8,717.4
New Hampshire,2024-12-01,2024,12,3.0,617.1,101.5,607.0,718.6
New Hampshire,2025-01-01,2025,1,3.0,604.4,99.4,593.9,703.8
New Hampshire,2025-02-01,2025,2,3.1,605.8,99.2,597.9,705.0
New Hampshire,2025-03-01,2025,3,3.2,607.9,99.1,600.5,707.0
New Hampshire,2025-04-01,2025,4,3.2,608.7,100.5,598.5,709.2
New Hampshire,2025-05-01,2025,5,3.2,615.5,101.5,602.8,717.0
New Hampshire,2025-06-01,2025,6,3.1,624.3,102.2,608.3,726.5
New Hampshire,2025-07-01,2025,7,3.1,627.9,102.8,604.0,730.6999999999999
New Hampshire,2025-08-01,2025,8,3.1,624.5,102.4,601.2,726.9
New Hampshire,2025-09-01,2025,9,3.2,614.6,101.5,601.3,716.1
New Hampshire,2025-10-01,2025,10,,614.7,101.6,601.6,716.3000000000001
New Hampshire,2025-11-01,2025,11,3.2,610.2,100.8,598.5,711.0
New Hampshire,2025-12-01,2025,12,3.2,609.9,100.0,597.8,709.9
New Hampshire,2026-01-01,2026,1,3.2,600.0,99.0,587.8,699.0
New Hampshire,2026-02-01,2026,2,3.2,603.0,98.1,594.1,701.1
New Jersey,2016-01-01,2016,1,4.9,3338.6,386.0,3562.2,3724.6
New Jersey,2016-02-01,2016,2,5.0,3338.8,383.7,3583.2,3722.5
New Jersey,2016-03-01,2016,3,5.0,3371.2,389.8,3614.8,3761.0
New Jersey,2016-04-01,2016,4,5.0,3414.5,396.0,3650.6,3810.5
New Jersey,2016-05-01,2016,5,5.0,3452.0,400.4,3681.3,3852.4
New Jersey,2016-06-01,2016,6,5.0,3512.9,405.2,3730.8,3918.1
New Jersey,2016-07-01,2016,7,5.0,3504.2,406.8,3678.7,3911.0
New Jersey,2016-08-01,2016,8,5.0,3496.8,407.0,3662.4,3903.8
New Jersey,2016-09-01,2016,9,4.9,3489.9,404.3,3694.0,3894.2000000000003
New Jersey,2016-10-01,2016,10,4.9,3486.2,405.7,3707.8,3891.8999999999996
New Jersey,2016-11-01,2016,11,4.8,3505.0,405.2,3732.0,3910.2
New Jersey,2016-12-01,2016,12,4.7,3517.8,402.8,3743.3,3920.6000000000004
New Jersey,2017-01-01,2017,1,4.6,3403.2,388.9,3625.4,3792.1
New Jersey,2017-02-01,2017,2,4.5,3404.1,389.8,3643.7,3793.9
New Jersey,2017-03-01,2017,3,4.4,3424.2,392.2,3663.7,3816.3999999999996
New Jersey,2017-04-01,2017,4,4.4,3459.9,400.0,3689.7,3859.9
New Jersey,2017-05-01,2017,5,4.4,3517.9,406.5,3739.4,3924.4
New Jersey,2017-06-01,2017,6,4.5,3582.1,411.9,3798.2,3994.0
New Jersey,2017-07-01,2017,7,4.5,3548.7,411.8,3721.9,3960.5
New Jersey,2017-08-01,2017,8,4.6,3543.4,412.4,3708.3,3955.8
New Jersey,2017-09-01,2017,9,4.6,3535.8,410.5,3732.0,3946.3
New Jersey,2017-10-01,2017,10,4.6,3538.5,410.8,3754.8,3949.3
New Jersey,2017-11-01,2017,11,4.6,3558.8,410.8,3778.7,3969.6000000000004
New Jersey,2017-12-01,2017,12,4.5,3568.5,409.1,3789.1,3977.6
New Jersey,2018-01-01,2018,1,4.4,3444.1,393.1,3659.1,3837.2
New Jersey,2018-02-01,2018,2,4.4,3452.9,396.6,3682.7,3849.5
New Jersey,2018-03-01,2018,3,4.3,3469.6,399.4,3696.5,3869.0
New Jersey,2018-04-01,2018,4,4.2,3503.6,405.4,3726.3,3909.0
New Jersey,2018-05-01,2018,5,4.1,3554.6,410.6,3769.4,3965.2
New Jersey,2018-06-01,2018,6,4.1,3615.9,416.5,3829.0,4032.4
New Jersey,2018-07-01,2018,7,4.0,3586.8,415.9,3760.2,4002.7000000000003
New Jersey,2018-08-01,2018,8,3.9,3577.6,416.2,3742.7,3993.7999999999997
New Jersey,2018-09-01,2018,9,3.8,3561.1,413.6,3755.8,3974.7
New Jersey,2018-10-01,2018,10,3.7,3573.2,415.7,3784.6,3988.8999999999996
New Jersey,2018-11-01,2018,11,3.7,3598.0,414.8,3816.7,4012.8
New Jersey,2018-12-01,2018,12,3.6,3601.4,413.9,3817.4,4015.3
New Jersey,2019-01-01,2019,1,3.5,3491.7,401.7,3702.7,3893.3999999999996
New Jersey,2019-02-01,2019,2,3.4,3488.0,400.0,3716.2,3888.0
New Jersey,2019-03-01,2019,3,3.3,3512.0,404.0,3736.7,3916.0
New Jersey,2019-04-01,2019,4,3.2,3543.3,411.2,3763.3,3954.5
New Jersey,2019-05-01,2019,5,3.2,3581.1,415.3,3790.7,3996.4
New Jersey,2019-06-01,2019,6,3.2,3639.9,418.9,3852.8,4058.8
New Jersey,2019-07-01,2019,7,3.3,3619.0,420.4,3796.1,4039.4
New Jersey,2019-08-01,2019,8,3.4,3612.4,420.4,3776.7,4032.8
New Jersey,2019-09-01,2019,9,3.6,3590.4,418.4,3784.5,4008.8
New Jersey,2019-10-01,2019,10,3.7,3596.9,419.6,3807.3,4016.5
New Jersey,2019-11-01,2019,11,3.8,3626.2,418.3,3842.7,4044.5
New Jersey,2019-12-01,2019,12,3.9,3626.5,415.2,3843.8,4041.7
New Jersey,2020-01-01,2020,1,4.0,3530.7,405.0,3741.7,3935.7
New Jersey,2020-02-01,2020,2,4.1,3528.2,404.6,3754.7,3932.7999999999997
New Jersey,2020-03-01,2020,3,4.1,3515.5,406.7,3739.4,3922.2
New Jersey,2020-04-01,2020,4,15.0,2883.4,352.3,3134.0,3235.7000000000003
New Jersey,2020-05-01,2020,5,15.4,2944.1,370.8,3163.5,3314.9
New Jersey,2020-06-01,2020,6,14.5,3059.7,387.5,3260.2,3447.2
New Jersey,2020-07-01,2020,7,14.4,3190.3,391.9,3332.9,3582.2000000000003
New Jersey,2020-08-01,2020,8,13.3,3234.1,395.6,3383.1,3629.7
New Jersey,2020-09-01,2020,9,7.4,3276.9,396.1,3476.8,3673.0
New Jersey,2020-10-01,2020,10,7.1,3331.0,398.4,3530.8,3729.4
New Jersey,2020-11-01,2020,11,7.2,3347.9,397.7,3548.6,3745.6
New Jersey,2020-12-01,2020,12,7.3,3360.3,397.7,3556.6,3758.0
New Jersey,2021-01-01,2021,1,7.4,3284.5,385.8,3472.2,3670.3
New Jersey,2021-02-01,2021,2,7.4,3286.2,381.8,3493.2,3668.0
New Jersey,2021-03-01,2021,3,7.3,3321.0,389.7,3522.5,3710.7
New Jersey,2021-04-01,2021,4,7.3,3371.7,396.5,3570.5,3768.2
New Jersey,2021-05-01,2021,5,7.0,3419.8,400.2,3611.7,3820.0
New Jersey,2021-06-01,2021,6,7.2,3484.0,404.2,3675.8,3888.2
New Jersey,2021-07-01,2021,7,6.9,3508.6,405.8,3658.7,3914.4
New Jersey,2021-08-01,2021,8,6.7,3493.5,405.4,3645.4,3898.9
New Jersey,2021-09-01,2021,9,6.2,3482.3,405.4,3671.5,3887.7000000000003
New Jersey,2021-10-01,2021,10,5.9,3542.4,408.8,3740.7,3951.2000000000003
New Jersey,2021-11-01,2021,11,5.6,3577.7,409.8,3779.7,3987.5
New Jersey,2021-12-01,2021,12,5.5,3605.3,410.3,3805.2,4015.6000000000004
New Jersey,2022-01-01,2022,1,5.2,3498.0,396.0,3693.5,3894.0
New Jersey,2022-02-01,2022,2,4.7,3537.0,401.5,3741.1,3938.5
New Jersey,2022-03-01,2022,3,4.3,3566.7,406.7,3767.2,3973.3999999999996
New Jersey,2022-04-01,2022,4,4.1,3599.6,413.2,3795.4,4012.7999999999997
New Jersey,2022-05-01,2022,5,3.8,3642.2,416.7,3830.6,4058.8999999999996
New Jersey,2022-06-01,2022,6,3.6,3698.3,421.6,3884.9,4119.900000000001
New Jersey,2022-07-01,2022,7,3.3,3709.3,423.8,3847.0,4133.1
New Jersey,2022-08-01,2022,8,3.1,3697.9,423.9,3835.0,4121.8
New Jersey,2022-09-01,2022,9,3.3,3673.8,422.0,3849.2,4095.8
New Jersey,2022-10-01,2022,10,3.5,3671.6,421.4,3862.0,4093.0
New Jersey,2022-11-01,2022,11,3.7,3700.4,421.5,3896.4,4121.9
New Jersey,2022-12-01,2022,12,3.8,3713.2,420.5,3907.3,4133.7
New Jersey,2023-01-01,2023,1,3.9,3619.9,410.0,3808.4,4029.9
New Jersey,2023-02-01,2023,2,4.0,3622.1,411.7,3824.8,4033.7999999999997
New Jersey,2023-03-01,2023,3,4.1,3644.8,414.7,3846.0,4059.5
New Jersey,2023-04-01,2023,4,4.2,3650.9,418.1,3850.2,4069.0
New Jersey,2023-05-01,2023,5,4.2,3715.0,422.8,3907.2,4137.8
New Jersey,2023-06-01,2023,6,4.3,3785.9,428.3,3974.2,4214.2
New Jersey,2023-07-01,2023,7,4.4,3752.7,427.8,3897.5,4180.5
New Jersey,2023-08-01,2023,8,4.5,3742.8,428.2,3884.2,4171.0
New Jersey,2023-09-01,2023,9,4.5,3737.2,426.6,3917.9,4163.8
New Jersey,2023-10-01,2023,10,4.5,3720.9,425.5,3918.9,4146.4
New Jersey,2023-11-01,2023,11,4.5,3745.1,424.3,3948.3,4169.4
New Jersey,2023-12-01,2023,12,4.5,3760.1,423.8,3964.2,4183.9
New Jersey,2024-01-01,2024,1,4.5,3652.8,410.1,3850.3,4062.9
New Jersey,2024-02-01,2024,2,4.5,3652.3,410.9,3869.8,4063.2000000000003
New Jersey,2024-03-01,2024,3,4.5,3680.8,415.4,3893.7,4096.2
New Jersey,2024-04-01,2024,4,4.6,3699.7,419.9,3909.5,4119.599999999999
New Jersey,2024-05-01,2024,5,4.6,3745.7,423.2,3947.7,4168.9
New Jersey,2024-06-01,2024,6,4.6,3811.2,428.3,4011.1,4239.5
New Jersey,2024-07-01,2024,7,4.7,3770.8,427.2,3927.5,4198.0
New Jersey,2024-08-01,2024,8,4.7,3755.6,427.9,3907.4,4183.5
New Jersey,2024-09-01,2024,9,4.7,3754.3,425.8,3947.1,4180.1
New Jersey,2024-10-01,2024,10,4.7,3751.0,424.7,3960.4,4175.7
New Jersey,2024-11-01,2024,11,4.8,3770.8,423.9,3984.9,4194.7
New Jersey,2024-12-01,2024,12,4.8,3784.0,422.4,3998.7,4206.4
New Jersey,2025-01-01,2025,1,4.9,3677.6,408.3,3890.7,4085.9
New Jersey,2025-02-01,2025,2,5.0,3677.2,408.6,3904.4,4085.7999999999997
New Jersey,2025-03-01,2025,3,5.1,3699.7,414.8,3921.7,4114.5
New Jersey,2025-04-01,2025,4,5.1,3722.6,419.1,3941.6,4141.7
New Jersey,2025-05-01,2025,5,5.2,3778.4,422.1,3989.9,4200.5
New Jersey,2025-06-01,2025,6,5.4,3825.9,426.5,4033.4,4252.4
New Jersey,2025-07-01,2025,7,5.5,3793.9,425.6,3955.9,4219.5
New Jersey,2025-08-01,2025,8,5.5,3773.8,425.1,3926.5,4198.900000000001
New Jersey,2025-09-01,2025,9,5.5,3762.1,422.9,3958.5,4185.0
New Jersey,2025-10-01,2025,10,,3763.9,423.8,3971.8,4187.7
New Jersey,2025-11-01,2025,11,5.4,3776.7,419.8,3992.3,4196.5
New Jersey,2025-12-01,2025,12,5.4,3781.0,416.2,3998.4,4197.2
New Jersey,2026-01-01,2026,1,5.2,3685.5,406.8,3898.0,4092.3
New Jersey,2026-02-01,2026,2,5.1,3671.2,400.2,3902.4,4071.3999999999996
New Mexico,2016-01-01,2016,1,6.5,629.9,91.9,723.9,721.8
New Mexico,2016-02-01,2016,2,6.5,632.2,91.4,732.4,723.6
New Mexico,2016-03-01,2016,3,6.5,630.3,90.3,732.5,720.5999999999999
New Mexico,2016-04-01,2016,4,6.6,637.0,90.4,739.4,727.4
New Mexico,2016-05-01,2016,5,6.7,638.5,89.7,740.6,728.2
New Mexico,2016-06-01,2016,6,6.8,636.4,89.7,730.4,726.1
New Mexico,2016-07-01,2016,7,6.9,641.2,89.6,727.5,730.8000000000001
New Mexico,2016-08-01,2016,8,7.0,642.5,89.5,735.6,732.0
New Mexico,2016-09-01,2016,9,7.0,640.0,89.6,739.9,729.6
New Mexico,2016-10-01,2016,10,7.0,639.8,90.1,739.6,729.9
New Mexico,2016-11-01,2016,11,7.0,639.1,89.1,741.1,728.2
New Mexico,2016-12-01,2016,12,6.9,641.0,89.1,741.9,730.1
New Mexico,2017-01-01,2017,1,6.8,632.5,88.5,727.3,721.0
New Mexico,2017-02-01,2017,2,6.7,633.0,89.2,732.9,722.2
New Mexico,2017-03-01,2017,3,6.6,635.2,90.1,735.0,725.3000000000001
New Mexico,2017-04-01,2017,4,6.5,640.9,91.5,740.1,732.4
New Mexico,2017-05-01,2017,5,6.3,642.9,92.5,739.2,735.4
New Mexico,2017-06-01,2017,6,6.2,645.5,93.7,733.4,739.2
New Mexico,2017-07-01,2017,7,6.0,645.9,94.3,725.7,740.1999999999999
New Mexico,2017-08-01,2017,8,5.9,647.6,94.6,734.2,742.2
New Mexico,2017-09-01,2017,9,5.8,645.4,94.9,738.5,740.3
New Mexico,2017-10-01,2017,10,5.7,646.5,95.9,739.3,742.4
New Mexico,2017-11-01,2017,11,5.5,648.0,95.6,741.7,743.6
New Mexico,2017-12-01,2017,12,5.4,648.1,95.6,741.8,743.7
New Mexico,2018-01-01,2018,1,5.2,641.7,95.3,730.2,737.0
New Mexico,2018-02-01,2018,2,5.1,644.3,96.8,736.2,741.0999999999999
New Mexico,2018-03-01,2018,3,4.9,645.5,97.3,737.5,742.8
New Mexico,2018-04-01,2018,4,4.8,652.2,98.3,743.4,750.5
New Mexico,2018-05-01,2018,5,4.8,655.7,98.8,743.5,754.5
New Mexico,2018-06-01,2018,6,4.7,657.3,99.8,739.8,757.0999999999999
New Mexico,2018-07-01,2018,7,4.7,657.9,99.7,733.3,757.6
New Mexico,2018-08-01,2018,8,4.8,661.6,100.2,743.1,761.8000000000001
New Mexico,2018-09-01,2018,9,4.9,657.9,100.0,746.4,757.9
New Mexico,2018-10-01,2018,10,5.0,660.6,101.2,748.3,761.8000000000001
New Mexico,2018-11-01,2018,11,5.1,663.1,101.3,751.5,764.4
New Mexico,2018-12-01,2018,12,5.2,663.0,101.1,749.8,764.1
New Mexico,2019-01-01,2019,1,5.1,654.6,100.3,738.5,754.9
New Mexico,2019-02-01,2019,2,5.1,657.8,101.1,746.0,758.9
New Mexico,2019-03-01,2019,3,5.0,659.6,101.8,747.2,761.4
New Mexico,2019-04-01,2019,4,5.0,664.8,102.9,751.0,767.6999999999999
New Mexico,2019-05-01,2019,5,5.0,668.4,104.4,751.7,772.8
New Mexico,2019-06-01,2019,6,4.9,667.2,105.0,743.7,772.2
New Mexico,2019-07-01,2019,7,4.9,671.7,107.1,741.3,778.8000000000001
New Mexico,2019-08-01,2019,8,4.9,675.7,107.4,751.6,783.1
New Mexico,2019-09-01,2019,9,4.9,671.2,106.5,754.6,777.7
New Mexico,2019-10-01,2019,10,4.9,675.6,107.3,759.2,782.9
New Mexico,2019-11-01,2019,11,4.9,676.5,105.6,762.0,782.1
New Mexico,2019-12-01,2019,12,5.0,676.7,105.0,761.1,781.7
New Mexico,2020-01-01,2020,1,5.1,669.3,104.4,750.4,773.6999999999999
New Mexico,2020-02-01,2020,2,5.3,668.3,104.7,754.0,773.0
New Mexico,2020-03-01,2020,3,5.9,665.1,104.5,751.8,769.6
New Mexico,2020-04-01,2020,4,9.0,575.9,96.6,665.3,672.5
New Mexico,2020-05-01,2020,5,9.3,581.2,93.9,667.0,675.1
New Mexico,2020-06-01,2020,6,9.0,597.4,92.2,679.1,689.6
New Mexico,2020-07-01,2020,7,9.0,604.5,92.3,678.3,696.8
New Mexico,2020-08-01,2020,8,8.6,607.4,91.9,688.5,699.3
New Mexico,2020-09-01,2020,9,8.7,612.2,91.5,699.8,703.7
New Mexico,2020-10-01,2020,10,8.4,621.2,93.1,708.8,714.3000000000001
New Mexico,2020-11-01,2020,11,8.4,621.6,92.3,708.9,713.9
New Mexico,2020-12-01,2020,12,8.4,610.7,91.7,695.6,702.4000000000001
New Mexico,2021-01-01,2021,1,8.2,605.1,90.2,686.7,695.3000000000001
New Mexico,2021-02-01,2021,2,8.2,612.6,90.9,697.7,703.5
New Mexico,2021-03-01,2021,3,8.0,619.9,92.2,705.1,712.1
New Mexico,2021-04-01,2021,4,7.9,627.6,92.6,714.5,720.2
New Mexico,2021-05-01,2021,5,7.6,633.4,92.9,719.2,726.3
New Mexico,2021-06-01,2021,6,7.5,635.4,93.4,712.1,728.8
New Mexico,2021-07-01,2021,7,7.1,645.3,95.8,717.5,741.0999999999999
New Mexico,2021-08-01,2021,8,6.8,650.1,95.5,729.3,745.6
New Mexico,2021-09-01,2021,9,6.3,646.3,95.1,732.6,741.4
New Mexico,2021-10-01,2021,10,6.0,658.5,97.2,743.8,755.7
New Mexico,2021-11-01,2021,11,5.8,660.4,96.6,747.1,757.0
New Mexico,2021-12-01,2021,12,5.6,659.9,96.3,744.8,756.1999999999999
New Mexico,2022-01-01,2022,1,5.4,648.6,94.8,730.8,743.4
New Mexico,2022-02-01,2022,2,5.1,655.7,96.1,740.7,751.8000000000001
New Mexico,2022-03-01,2022,3,4.7,657.6,97.0,742.3,754.6
New Mexico,2022-04-01,2022,4,4.4,669.6,99.4,750.8,769.0
New Mexico,2022-05-01,2022,5,4.2,668.2,99.8,749.9,768.0
New Mexico,2022-06-01,2022,6,3.9,665.3,99.7,736.9,765.0
New Mexico,2022-07-01,2022,7,3.6,675.9,101.1,742.3,777.0
New Mexico,2022-08-01,2022,8,3.4,681.8,101.7,756.5,783.5
New Mexico,2022-09-01,2022,9,3.4,679.5,101.6,759.8,781.1
New Mexico,2022-10-01,2022,10,3.5,683.0,102.2,763.7,785.2
New Mexico,2022-11-01,2022,11,3.6,684.2,101.9,767.0,786.1
New Mexico,2022-12-01,2022,12,3.6,684.6,102.1,766.9,786.7
New Mexico,2023-01-01,2023,1,3.6,676.7,101.4,756.6,778.1
New Mexico,2023-02-01,2023,2,3.6,680.7,102.1,764.0,782.8000000000001
New Mexico,2023-03-01,2023,3,3.6,681.6,103.2,764.5,784.8000000000001
New Mexico,2023-04-01,2023,4,3.6,690.6,104.7,771.7,795.3000000000001
New Mexico,2023-05-01,2023,5,3.6,690.0,105.0,772.0,795.0
New Mexico,2023-06-01,2023,6,3.6,692.9,106.0,768.4,798.9
New Mexico,2023-07-01,2023,7,3.6,689.9,106.3,759.0,796.1999999999999
New Mexico,2023-08-01,2023,8,3.7,696.0,107.1,771.0,803.1
New Mexico,2023-09-01,2023,9,3.7,691.7,106.5,773.4,798.2
New Mexico,2023-10-01,2023,10,3.7,694.8,106.6,776.9,801.4
New Mexico,2023-11-01,2023,11,3.8,697.0,106.3,781.8,803.3
New Mexico,2023-12-01,2023,12,3.8,699.7,106.5,785.0,806.2
New Mexico,2024-01-01,2024,1,3.8,687.3,104.0,771.6,791.3
New Mexico,2024-02-01,2024,2,3.8,692.0,104.8,780.0,796.8
New Mexico,2024-03-01,2024,3,3.9,692.7,104.9,781.2,797.6
New Mexico,2024-04-01,2024,4,4.0,697.1,105.3,784.5,802.4
New Mexico,2024-05-01,2024,5,4.1,697.3,105.3,786.1,802.5999999999999
New Mexico,2024-06-01,2024,6,4.2,698.4,105.9,780.8,804.3
New Mexico,2024-07-01,2024,7,4.2,698.3,107.5,769.8,805.8
New Mexico,2024-08-01,2024,8,4.3,705.4,108.0,783.9,813.4
New Mexico,2024-09-01,2024,9,4.2,699.5,107.7,784.7,807.2
New Mexico,2024-10-01,2024,10,4.2,701.4,108.2,787.5,809.6
New Mexico,2024-11-01,2024,11,4.2,702.5,108.0,790.7,810.5
New Mexico,2024-12-01,2024,12,4.2,702.5,107.6,790.8,810.1
New Mexico,2025-01-01,2025,1,4.1,694.7,106.7,779.7,801.4000000000001
New Mexico,2025-02-01,2025,2,4.1,696.8,107.8,783.9,804.5999999999999
New Mexico,2025-03-01,2025,3,4.1,696.3,107.8,783.7,804.0999999999999
New Mexico,2025-04-01,2025,4,4.1,700.5,108.1,788.1,808.6
New Mexico,2025-05-01,2025,5,4.0,702.7,108.8,789.8,811.5
New Mexico,2025-06-01,2025,6,4.0,700.7,109.0,780.6,809.7
New Mexico,2025-07-01,2025,7,4.0,702.2,109.9,771.3,812.1
New Mexico,2025-08-01,2025,8,4.1,707.3,109.1,784.9,816.4
New Mexico,2025-09-01,2025,9,4.2,699.6,107.9,784.8,807.5
New Mexico,2025-10-01,2025,10,,701.0,107.5,786.5,808.5
New Mexico,2025-11-01,2025,11,4.3,701.8,106.2,790.3,808.0
New Mexico,2025-12-01,2025,12,4.3,700.9,106.8,788.1,807.6999999999999
New Mexico,2026-01-01,2026,1,4.5,694.2,105.9,779.4,800.1
New Mexico,2026-02-01,2026,2,4.7,698.4,106.5,785.9,804.9
New York,2016-01-01,2016,1,4.8,7726.5,801.8,8375.8,8528.3
New York,2016-02-01,2016,2,4.8,7777.6,796.8,8460.6,8574.4
New York,2016-03-01,2016,3,4.8,7831.2,809.1,8509.3,8640.3
New York,2016-04-01,2016,4,4.8,7930.8,826.9,8595.0,8757.7
New York,2016-05-01,2016,5,4.8,7957.6,839.6,8608.4,8797.2
New York,2016-06-01,2016,6,4.9,8008.4,850.1,8644.0,8858.5
New York,2016-07-01,2016,7,4.9,8006.9,856.4,8610.6,8863.3
New York,2016-08-01,2016,8,5.0,7988.6,858.2,8579.7,8846.800000000001
New York,2016-09-01,2016,9,5.0,7992.0,851.6,8600.9,8843.6
New York,2016-10-01,2016,10,5.0,8067.6,852.1,8706.4,8919.7
New York,2016-11-01,2016,11,4.9,8102.0,845.8,8754.1,8947.8
New York,2016-12-01,2016,12,4.8,8110.1,831.9,8780.6,8942.0
New York,2017-01-01,2017,1,4.7,7845.0,803.8,8503.7,8648.8
New York,2017-02-01,2017,2,4.6,7906.0,803.1,8593.6,8709.1
New York,2017-03-01,2017,3,4.6,7938.0,809.0,8623.9,8747.0
New York,2017-04-01,2017,4,4.6,8004.1,827.6,8672.9,8831.7
New York,2017-05-01,2017,5,4.6,8087.0,843.1,8740.9,8930.1
New York,2017-06-01,2017,6,4.6,8147.9,855.9,8783.8,9003.8
New York,2017-07-01,2017,7,4.7,8116.1,860.2,8724.1,8976.300000000001
New York,2017-08-01,2017,8,4.7,8105.7,862.0,8699.8,8967.7
New York,2017-09-01,2017,9,4.7,8107.3,857.0,8715.2,8964.3
New York,2017-10-01,2017,10,4.7,8193.1,858.5,8831.0,9051.6
New York,2017-11-01,2017,11,4.6,8234.7,854.2,8883.0,9088.900000000001
New York,2017-12-01,2017,12,4.6,8243.4,842.0,8905.1,9085.4
New York,2018-01-01,2018,1,4.5,7949.4,808.6,8601.5,8758.0
New York,2018-02-01,2018,2,4.4,8031.0,813.9,8708.1,8844.9
New York,2018-03-01,2018,3,4.3,8073.5,821.1,8747.4,8894.6
New York,2018-04-01,2018,4,4.2,8139.4,836.1,8797.3,8975.5
New York,2018-05-01,2018,5,4.1,8209.2,854.6,8854.9,9063.800000000001
New York,2018-06-01,2018,6,4.0,8275.1,868.1,8909.7,9143.2
New York,2018-07-01,2018,7,3.9,8239.6,872.9,8840.5,9112.5
New York,2018-08-01,2018,8,3.9,8221.9,873.7,8810.5,9095.6
New York,2018-09-01,2018,9,3.9,8205.3,867.8,8809.2,9073.099999999999
New York,2018-10-01,2018,10,4.0,8321.9,872.2,8947.7,9194.1
New York,2018-11-01,2018,11,4.0,8352.3,864.4,8999.4,9216.699999999999
New York,2018-12-01,2018,12,4.0,8356.4,854.7,9010.1,9211.1
New York,2019-01-01,2019,1,4.0,8094.1,825.7,8730.8,8919.800000000001
New York,2019-02-01,2019,2,3.9,8155.5,826.2,8820.3,8981.7
New York,2019-03-01,2019,3,3.9,8202.2,831.4,8867.1,9033.6
New York,2019-04-01,2019,4,3.8,8267.1,848.8,8920.6,9115.9
New York,2019-05-01,2019,5,3.8,8311.2,859.4,8956.1,9170.6
New York,2019-06-01,2019,6,3.8,8358.4,869.2,8996.5,9227.6
New York,2019-07-01,2019,7,3.8,8329.6,872.6,8940.0,9202.2
New York,2019-08-01,2019,8,3.9,8306.6,873.2,8906.6,9179.800000000001
New York,2019-09-01,2019,9,3.9,8291.9,865.9,8907.2,9157.8
New York,2019-10-01,2019,10,3.9,8375.4,860.0,9021.8,9235.4
New York,2019-11-01,2019,11,4.0,8414.7,854.9,9084.8,9269.6
New York,2019-12-01,2019,12,4.0,8410.0,842.5,9082.9,9252.5
New York,2020-01-01,2020,1,4.1,8166.2,820.0,8827.9,8986.2
New York,2020-02-01,2020,2,4.2,8221.4,819.2,8908.2,9040.6
New York,2020-03-01,2020,3,4.2,8134.9,818.7,8826.2,8953.6
New York,2020-04-01,2020,4,15.7,6397.3,599.8,7246.8,6997.1
New York,2020-05-01,2020,5,16.7,6610.3,681.6,7365.1,7291.900000000001
New York,2020-06-01,2020,6,13.6,6896.0,759.5,7564.7,7655.5
New York,2020-07-01,2020,7,12.6,7076.3,780.7,7625.5,7857.0
New York,2020-08-01,2020,8,10.8,7198.8,795.5,7783.4,7994.3
New York,2020-09-01,2020,9,10.2,7294.6,793.8,7954.7,8088.400000000001
New York,2020-10-01,2020,10,9.2,7482.3,796.8,8138.1,8279.1
New York,2020-11-01,2020,11,8.9,7513.7,794.2,8177.6,8307.9
New York,2020-12-01,2020,12,8.7,7484.1,784.7,8146.0,8268.800000000001
New York,2021-01-01,2021,1,8.5,7234.2,756.9,7893.0,7991.099999999999
New York,2021-02-01,2021,2,8.3,7313.5,749.5,7992.9,8063.0
New York,2021-03-01,2021,3,8.1,7404.0,766.8,8070.1,8170.8
New York,2021-04-01,2021,4,7.9,7504.8,780.7,8160.5,8285.5
New York,2021-05-01,2021,5,7.5,7568.6,790.6,8215.0,8359.2
New York,2021-06-01,2021,6,7.5,7640.3,799.4,8271.3,8439.7
New York,2021-07-01,2021,7,7.0,7673.7,806.2,8293.0,8479.9
New York,2021-08-01,2021,8,6.8,7675.8,806.6,8283.5,8482.4
New York,2021-09-01,2021,9,6.2,7704.3,805.5,8325.9,8509.8
New York,2021-10-01,2021,10,5.9,7904.8,812.3,8537.0,8717.1
New York,2021-11-01,2021,11,5.5,7979.0,811.5,8615.8,8790.5
New York,2021-12-01,2021,12,5.4,8002.4,802.4,8649.9,8804.8
New York,2022-01-01,2022,1,5.2,7732.2,773.9,8384.8,8506.1
New York,2022-02-01,2022,2,4.8,7864.8,781.4,8525.1,8646.2
New York,2022-03-01,2022,3,4.6,7921.2,791.6,8573.4,8712.8
New York,2022-04-01,2022,4,4.5,7988.6,810.5,8611.2,8799.1
New York,2022-05-01,2022,5,4.3,8063.2,822.4,8672.6,8885.6
New York,2022-06-01,2022,6,4.2,8151.7,835.0,8744.2,8986.7
New York,2022-07-01,2022,7,4.0,8161.9,837.5,8771.5,8999.4
New York,2022-08-01,2022,8,3.8,8149.9,837.5,8757.2,8987.4
New York,2022-09-01,2022,9,3.9,8148.6,833.3,8732.5,8981.9
New York,2022-10-01,2022,10,4.0,8234.9,830.2,8838.1,9065.1
New York,2022-11-01,2022,11,4.0,8273.1,828.0,8890.0,9101.1
New York,2022-12-01,2022,12,4.0,8257.6,816.6,8884.3,9074.2
New York,2023-01-01,2023,1,4.0,8049.9,795.7,8675.5,8845.6
New York,2023-02-01,2023,2,4.0,8119.3,797.1,8759.4,8916.4
New York,2023-03-01,2023,3,4.0,8158.8,802.3,8799.2,8961.1
New York,2023-04-01,2023,4,3.9,8192.1,812.2,8824.8,9004.300000000001
New York,2023-05-01,2023,5,3.9,8275.7,826.4,8901.1,9102.1
New York,2023-06-01,2023,6,3.9,8354.6,836.5,8978.4,9191.1
New York,2023-07-01,2023,7,4.0,8301.3,838.2,8939.2,9139.5
New York,2023-08-01,2023,8,4.0,8274.7,835.5,8908.1,9110.2
New York,2023-09-01,2023,9,4.1,8282.8,831.5,8898.6,9114.3
New York,2023-10-01,2023,10,4.1,8342.1,827.4,8984.1,9169.5
New York,2023-11-01,2023,11,4.2,8370.2,819.3,9027.8,9189.5
New York,2023-12-01,2023,12,4.2,8383.8,810.4,9052.8,9194.199999999999
New York,2024-01-01,2024,1,4.1,8153.7,789.3,8824.9,8943.0
New York,2024-02-01,2024,2,4.1,8231.8,788.2,8923.8,9020.0
New York,2024-03-01,2024,3,4.1,8292.4,797.9,8979.6,9090.3
New York,2024-04-01,2024,4,4.2,8348.3,805.8,9031.4,9154.099999999999
New York,2024-05-01,2024,5,4.2,8417.6,816.2,9090.3,9233.800000000001
New York,2024-06-01,2024,6,4.2,8485.0,826.8,9157.4,9311.8
New York,2024-07-01,2024,7,4.2,8405.7,827.6,9100.5,9233.300000000001
New York,2024-08-01,2024,8,4.2,8381.6,825.9,9066.3,9207.5
New York,2024-09-01,2024,9,4.2,8426.5,822.1,9079.9,9248.6
New York,2024-10-01,2024,10,4.1,8479.0,818.5,9156.9,9297.5
New York,2024-11-01,2024,11,4.1,8507.8,812.4,9203.2,9320.199999999999
New York,2024-12-01,2024,12,4.1,8513.4,800.7,9216.6,9314.1
New York,2025-01-01,2025,1,4.1,8298.8,777.2,9007.8,9076.0
New York,2025-02-01,2025,2,4.1,8362.3,777.9,9094.2,9140.199999999999
New York,2025-03-01,2025,3,4.1,8416.7,789.9,9139.6,9206.6
New York,2025-04-01,2025,4,4.1,8391.0,790.6,9113.6,9181.6
New York,2025-05-01,2025,5,4.2,8467.7,802.2,9181.2,9269.900000000001
New York,2025-06-01,2025,6,4.3,8501.1,811.2,9214.1,9312.300000000001
New York,2025-07-01,2025,7,4.4,8438.4,814.0,9173.6,9252.4
New York,2025-08-01,2025,8,4.5,8414.0,812.1,9138.6,9226.1
New York,2025-09-01,2025,9,4.6,8431.5,806.7,9125.4,9238.2
New York,2025-10-01,2025,10,,8480.0,801.1,9199.9,9281.1
New York,2025-11-01,2025,11,4.6,8500.7,793.4,9232.6,9294.1
New York,2025-12-01,2025,12,4.6,8523.8,785.2,9258.1,9309.0
New York,2026-01-01,2026,1,4.6,8315.1,764.4,9046.2,9079.5
New York,2026-02-01,2026,2,4.6,8335.4,756.0,9094.2,9091.4
North Carolina,2016-01-01,2016,1,5.3,3529.2,659.8,3594.5,4189.0
North Carolina,2016-02-01,2016,2,5.2,3544.5,662.0,3617.8,4206.5
North Carolina,2016-03-01,2016,3,5.2,3569.7,664.8,3647.6,4234.5
North Carolina,2016-04-01,2016,4,5.1,3613.9,668.7,3684.7,4282.6
North Carolina,2016-05-01,2016,5,5.0,3636.9,670.2,3707.7,4307.1
North Carolina,2016-06-01,2016,6,5.0,3654.8,674.3,3680.2,4329.1
North Carolina,2016-07-01,2016,7,5.0,3663.8,677.1,3610.9,4340.900000000001
North Carolina,2016-08-01,2016,8,5.1,3669.7,676.4,3668.7,4346.099999999999
North Carolina,2016-09-01,2016,9,5.1,3657.0,676.2,3711.2,4333.2
North Carolina,2016-10-01,2016,10,5.1,3660.9,674.2,3731.4,4335.1
North Carolina,2016-11-01,2016,11,5.1,3681.1,677.2,3755.1,4358.3
North Carolina,2016-12-01,2016,12,5.0,3680.8,677.8,3747.8,4358.6
North Carolina,2017-01-01,2017,1,4.9,3604.1,668.0,3668.6,4272.1
North Carolina,2017-02-01,2017,2,4.8,3630.7,674.3,3698.2,4305.0
North Carolina,2017-03-01,2017,3,4.7,3648.5,675.9,3717.7,4324.4
North Carolina,2017-04-01,2017,4,4.6,3667.4,677.4,3734.8,4344.8
North Carolina,2017-05-01,2017,5,4.5,3699.8,680.6,3764.2,4380.400000000001
North Carolina,2017-06-01,2017,6,4.5,3729.6,687.0,3742.8,4416.6
North Carolina,2017-07-01,2017,7,4.5,3734.5,688.2,3675.0,4422.7
North Carolina,2017-08-01,2017,8,4.5,3740.6,688.3,3734.3,4428.9
North Carolina,2017-09-01,2017,9,4.5,3713.6,687.5,3762.7,4401.1
North Carolina,2017-10-01,2017,10,4.4,3736.0,687.9,3794.5,4423.9
North Carolina,2017-11-01,2017,11,4.4,3748.9,689.0,3810.7,4437.9
North Carolina,2017-12-01,2017,12,4.3,3746.1,691.1,3801.5,4437.2
North Carolina,2018-01-01,2018,1,4.2,3677.6,683.5,3729.9,4361.1
North Carolina,2018-02-01,2018,2,4.2,3707.0,688.7,3762.8,4395.7
North Carolina,2018-03-01,2018,3,4.1,3728.8,692.8,3784.9,4421.6
North Carolina,2018-04-01,2018,4,4.0,3750.5,693.9,3805.3,4444.4
North Carolina,2018-05-01,2018,5,3.9,3784.2,698.6,3838.6,4482.8
North Carolina,2018-06-01,2018,6,3.9,3810.8,705.6,3814.1,4516.400000000001
North Carolina,2018-07-01,2018,7,3.9,3818.3,708.2,3747.2,4526.5
North Carolina,2018-08-01,2018,8,3.9,3829.1,709.1,3809.6,4538.2
North Carolina,2018-09-01,2018,9,4.0,3770.6,705.7,3798.0,4476.3
North Carolina,2018-10-01,2018,10,4.0,3824.8,710.6,3858.9,4535.400000000001
North Carolina,2018-11-01,2018,11,4.0,3837.7,710.7,3878.4,4548.4
North Carolina,2018-12-01,2018,12,4.0,3821.4,710.5,3857.7,4531.9
North Carolina,2019-01-01,2019,1,4.0,3784.0,707.8,3815.1,4491.8
North Carolina,2019-02-01,2019,2,4.0,3802.8,710.3,3839.3,4513.1
North Carolina,2019-03-01,2019,3,3.9,3818.6,711.8,3856.9,4530.4
North Carolina,2019-04-01,2019,4,3.9,3831.2,710.3,3873.2,4541.5
North Carolina,2019-05-01,2019,5,3.8,3861.2,713.6,3900.1,4574.8
North Carolina,2019-06-01,2019,6,3.9,3887.7,718.6,3879.8,4606.3
North Carolina,2019-07-01,2019,7,3.9,3899.5,721.5,3819.8,4621.0
North Carolina,2019-08-01,2019,8,3.9,3903.3,720.6,3881.1,4623.900000000001
North Carolina,2019-09-01,2019,9,3.9,3865.0,718.5,3891.1,4583.5
North Carolina,2019-10-01,2019,10,3.8,3896.3,718.1,3932.4,4614.400000000001
North Carolina,2019-11-01,2019,11,3.8,3912.9,717.4,3956.0,4630.3
North Carolina,2019-12-01,2019,12,3.7,3901.7,717.1,3942.6,4618.8
North Carolina,2020-01-01,2020,1,3.8,3846.2,709.0,3886.5,4555.2
North Carolina,2020-02-01,2020,2,3.8,3860.4,711.8,3907.1,4572.2
North Carolina,2020-03-01,2020,3,4.0,3844.8,710.8,3894.3,4555.6
North Carolina,2020-04-01,2020,4,14.2,3342.5,652.6,3433.1,3995.1
North Carolina,2020-05-01,2020,5,11.6,3453.2,664.5,3516.0,4117.7
North Carolina,2020-06-01,2020,6,9.8,3607.2,681.9,3611.3,4289.099999999999
North Carolina,2020-07-01,2020,7,8.7,3646.5,681.9,3602.8,4328.4
North Carolina,2020-08-01,2020,8,7.4,3688.9,684.9,3700.9,4373.8
North Carolina,2020-09-01,2020,9,6.8,3698.8,686.3,3736.2,4385.1
North Carolina,2020-10-01,2020,10,6.1,3778.0,690.4,3820.7,4468.4
North Carolina,2020-11-01,2020,11,5.9,3802.7,692.8,3846.0,4495.5
North Carolina,2020-12-01,2020,12,5.8,3821.9,696.6,3855.7,4518.5
North Carolina,2021-01-01,2021,1,5.6,3772.6,694.6,3779.2,4467.2
North Carolina,2021-02-01,2021,2,5.5,3795.6,699.3,3806.7,4494.9
North Carolina,2021-03-01,2021,3,5.4,3818.6,703.5,3836.3,4522.1
North Carolina,2021-04-01,2021,4,5.3,3845.5,702.5,3873.1,4548.0
North Carolina,2021-05-01,2021,5,5.1,3880.9,704.3,3909.8,4585.2
North Carolina,2021-06-01,2021,6,5.1,3908.8,710.0,3897.7,4618.8
North Carolina,2021-07-01,2021,7,4.9,3940.9,710.9,3879.5,4651.8
North Carolina,2021-08-01,2021,8,4.7,3935.3,709.2,3917.0,4644.5
North Carolina,2021-09-01,2021,9,4.5,3901.3,706.2,3916.3,4607.5
North Carolina,2021-10-01,2021,10,4.2,3981.6,712.9,3996.7,4694.5
North Carolina,2021-11-01,2021,11,4.0,4010.9,715.8,4026.8,4726.7
North Carolina,2021-12-01,2021,12,3.8,4022.7,717.5,4033.0,4740.2
North Carolina,2022-01-01,2022,1,3.7,3940.9,708.9,3945.0,4649.8
North Carolina,2022-02-01,2022,2,3.6,3998.0,717.9,4003.5,4715.9
North Carolina,2022-03-01,2022,3,3.6,4016.2,722.4,4027.3,4738.599999999999
North Carolina,2022-04-01,2022,4,3.6,4053.6,723.8,4065.1,4777.4
North Carolina,2022-05-01,2022,5,3.6,4080.7,726.4,4094.6,4807.099999999999
North Carolina,2022-06-01,2022,6,3.7,4105.4,731.2,4089.1,4836.599999999999
North Carolina,2022-07-01,2022,7,3.7,4135.0,732.7,4063.0,4867.7
North Carolina,2022-08-01,2022,8,3.8,4139.5,731.7,4116.4,4871.2
North Carolina,2022-09-01,2022,9,3.8,4116.4,731.1,4120.8,4847.5
North Carolina,2022-10-01,2022,10,3.7,4145.0,731.5,4156.0,4876.5
North Carolina,2022-11-01,2022,11,3.7,4163.9,731.7,4183.4,4895.599999999999
North Carolina,2022-12-01,2022,12,3.6,4165.9,731.9,4178.2,4897.799999999999
North Carolina,2023-01-01,2023,1,3.6,4116.9,729.7,4122.5,4846.599999999999
North Carolina,2023-02-01,2023,2,3.5,4141.0,733.0,4150.9,4874.0
North Carolina,2023-03-01,2023,3,3.5,4153.6,735.0,4165.6,4888.6
North Carolina,2023-04-01,2023,4,3.4,4171.4,733.4,4188.1,4904.799999999999
North Carolina,2023-05-01,2023,5,3.4,4201.8,735.5,4218.7,4937.3
North Carolina,2023-06-01,2023,6,3.4,4234.8,742.9,4226.1,4977.7
North Carolina,2023-07-01,2023,7,3.4,4223.0,739.8,4161.5,4962.8
North Carolina,2023-08-01,2023,8,3.5,4226.9,738.4,4216.0,4965.299999999999
North Carolina,2023-09-01,2023,9,3.5,4202.0,737.1,4219.6,4939.1
North Carolina,2023-10-01,2023,10,3.5,4234.4,740.3,4258.8,4974.7
North Carolina,2023-11-01,2023,11,3.5,4251.6,741.4,4281.1,4993.0
North Carolina,2023-12-01,2023,12,3.5,4262.1,744.8,4284.5,5006.900000000001
North Carolina,2024-01-01,2024,1,3.5,4177.8,735.0,4203.5,4912.8
North Carolina,2024-02-01,2024,2,3.5,4199.1,740.1,4232.0,4939.200000000001
North Carolina,2024-03-01,2024,3,3.6,4212.6,743.2,4246.8,4955.8
North Carolina,2024-04-01,2024,4,3.6,4243.6,743.3,4279.4,4986.900000000001
North Carolina,2024-05-01,2024,5,3.6,4269.5,745.4,4309.3,5014.9
North Carolina,2024-06-01,2024,6,3.6,4284.4,750.6,4289.6,5035.0
North Carolina,2024-07-01,2024,7,3.7,4277.6,748.9,4228.7,5026.5
North Carolina,2024-08-01,2024,8,3.7,4280.1,747.7,4279.3,5027.8
North Carolina,2024-09-01,2024,9,3.7,4250.9,746.1,4279.6,4997.0
North Carolina,2024-10-01,2024,10,3.7,4258.9,743.7,4296.9,5002.599999999999
North Carolina,2024-11-01,2024,11,3.7,4278.2,743.5,4326.6,5021.7
North Carolina,2024-12-01,2024,12,3.8,4276.6,743.3,4316.6,5019.900000000001
North Carolina,2025-01-01,2025,1,3.8,4205.4,738.1,4240.9,4943.5
North Carolina,2025-02-01,2025,2,3.8,4223.8,741.6,4263.1,4965.400000000001
North Carolina,2025-03-01,2025,3,3.8,4230.6,744.1,4268.6,4974.700000000001
North Carolina,2025-04-01,2025,4,3.8,4269.0,745.2,4311.6,5014.2
North Carolina,2025-05-01,2025,5,3.8,4298.1,747.1,4339.8,5045.200000000001
North Carolina,2025-06-01,2025,6,3.8,4302.0,750.6,4316.0,5052.6
North Carolina,2025-07-01,2025,7,3.9,4312.4,748.4,4272.3,5060.799999999999
North Carolina,2025-08-01,2025,8,3.9,4310.9,746.9,4317.5,5057.799999999999
North Carolina,2025-09-01,2025,9,3.9,4269.2,743.2,4308.6,5012.4
North Carolina,2025-10-01,2025,10,,4297.7,744.2,4340.1,5041.9
North Carolina,2025-11-01,2025,11,3.8,4309.8,743.8,4358.8,5053.6
North Carolina,2025-12-01,2025,12,3.8,4310.0,741.3,4356.0,5051.3
North Carolina,2026-01-01,2026,1,3.8,4246.1,736.8,4286.0,4982.900000000001
North Carolina,2026-02-01,2026,2,3.8,4255.6,738.8,4302.7,4994.400000000001
North Dakota,2016-01-01,2016,1,3.0,346.4,67.7,361.3,414.09999999999997
North Dakota,2016-02-01,2016,2,3.1,344.6,66.4,362.8,411.0
North Dakota,2016-03-01,2016,3,3.1,343.7,65.9,362.7,409.6
North Dakota,2016-04-01,2016,4,3.1,349.2,69.3,364.8,418.5
North Dakota,2016-05-01,2016,5,3.1,353.1,71.8,367.4,424.90000000000003
North Dakota,2016-06-01,2016,6,3.1,355.2,74.5,364.1,429.7
North Dakota,2016-07-01,2016,7,3.0,358.5,76.4,359.1,434.9
North Dakota,2016-08-01,2016,8,3.0,358.2,76.6,358.3,434.79999999999995
North Dakota,2016-09-01,2016,9,3.0,357.2,75.9,365.0,433.1
North Dakota,2016-10-01,2016,10,2.9,355.8,74.5,366.4,430.3
North Dakota,2016-11-01,2016,11,2.9,353.2,71.9,366.5,425.1
North Dakota,2016-12-01,2016,12,2.9,347.8,67.0,366.0,414.8
North Dakota,2017-01-01,2017,1,2.8,338.9,63.1,359.2,402.0
North Dakota,2017-02-01,2017,2,2.8,339.3,63.3,360.7,402.6
North Dakota,2017-03-01,2017,3,2.7,340.8,64.1,361.1,404.9
North Dakota,2017-04-01,2017,4,2.6,347.9,68.1,364.4,416.0
North Dakota,2017-05-01,2017,5,2.5,352.8,71.4,366.6,424.20000000000005
North Dakota,2017-06-01,2017,6,2.5,355.7,73.4,364.8,429.1
North Dakota,2017-07-01,2017,7,2.5,356.7,74.5,357.9,431.2
North Dakota,2017-08-01,2017,8,2.5,355.9,74.2,357.6,430.09999999999997
North Dakota,2017-09-01,2017,9,2.5,354.5,73.9,363.3,428.4
North Dakota,2017-10-01,2017,10,2.6,354.8,73.7,365.4,428.5
North Dakota,2017-11-01,2017,11,2.6,353.0,71.8,365.3,424.8
North Dakota,2017-12-01,2017,12,2.6,350.4,69.3,366.0,419.7
North Dakota,2018-01-01,2018,1,2.6,342.4,66.1,358.8,408.5
North Dakota,2018-02-01,2018,2,2.6,342.5,66.1,360.2,408.6
North Dakota,2018-03-01,2018,3,2.6,344.3,66.9,361.4,411.20000000000005
North Dakota,2018-04-01,2018,4,2.5,347.1,69.1,361.4,416.20000000000005
North Dakota,2018-05-01,2018,5,2.4,355.4,73.8,366.5,429.2
North Dakota,2018-06-01,2018,6,2.3,360.0,77.3,364.9,437.3
North Dakota,2018-07-01,2018,7,2.3,360.7,77.9,359.0,438.6
North Dakota,2018-08-01,2018,8,2.2,360.1,78.4,358.0,438.5
North Dakota,2018-09-01,2018,9,2.3,359.3,78.3,363.9,437.6
North Dakota,2018-10-01,2018,10,2.3,359.9,78.4,365.9,438.29999999999995
North Dakota,2018-11-01,2018,11,2.3,358.5,76.4,366.7,434.9
North Dakota,2018-12-01,2018,12,2.3,356.6,74.5,367.2,431.1
North Dakota,2019-01-01,2019,1,2.4,348.3,71.3,359.9,419.6
North Dakota,2019-02-01,2019,2,2.3,347.9,70.9,361.3,418.79999999999995
North Dakota,2019-03-01,2019,3,2.3,349.1,71.6,361.7,420.70000000000005
North Dakota,2019-04-01,2019,4,2.2,354.3,73.9,364.5,428.20000000000005
North Dakota,2019-05-01,2019,5,2.1,361.3,77.6,369.1,438.9
North Dakota,2019-06-01,2019,6,2.1,364.7,80.7,366.6,445.4
North Dakota,2019-07-01,2019,7,2.1,364.8,81.3,359.7,446.1
North Dakota,2019-08-01,2019,8,2.1,365.3,81.6,360.1,446.9
North Dakota,2019-09-01,2019,9,2.1,362.0,80.4,364.9,442.4
North Dakota,2019-10-01,2019,10,2.1,363.0,80.2,367.7,443.2
North Dakota,2019-11-01,2019,11,2.0,360.2,77.2,367.9,437.4
North Dakota,2019-12-01,2019,12,2.0,357.1,74.6,368.4,431.70000000000005
North Dakota,2020-01-01,2020,1,2.1,349.4,70.4,361.5,419.79999999999995
North Dakota,2020-02-01,2020,2,2.2,348.7,69.9,363.2,418.6
North Dakota,2020-03-01,2020,3,2.5,347.5,70.3,362.1,417.8
North Dakota,2020-04-01,2020,4,8.7,308.3,64.4,320.1,372.70000000000005
North Dakota,2020-05-01,2020,5,7.3,322.4,66.0,333.4,388.4
North Dakota,2020-06-01,2020,6,6.5,328.4,66.6,337.4,395.0
North Dakota,2020-07-01,2020,7,6.2,331.1,66.8,336.7,397.90000000000003
North Dakota,2020-08-01,2020,8,5.6,333.7,67.3,339.5,401.0
North Dakota,2020-09-01,2020,9,5.3,333.1,67.3,346.5,400.40000000000003
North Dakota,2020-10-01,2020,10,4.8,334.9,66.8,349.9,401.7
North Dakota,2020-11-01,2020,11,4.5,330.1,64.0,347.7,394.1
North Dakota,2020-12-01,2020,12,4.4,329.3,62.9,348.4,392.2
North Dakota,2021-01-01,2021,1,4.0,322.5,58.8,343.9,381.3
North Dakota,2021-02-01,2021,2,3.9,322.3,57.9,346.3,380.2
North Dakota,2021-03-01,2021,3,3.7,325.8,59.6,348.0,385.40000000000003
North Dakota,2021-04-01,2021,4,3.5,331.2,63.2,350.4,394.4
North Dakota,2021-05-01,2021,5,3.3,335.9,65.8,352.9,401.7
North Dakota,2021-06-01,2021,6,3.1,339.9,68.3,352.9,408.2
North Dakota,2021-07-01,2021,7,3.0,343.7,70.4,347.9,414.1
North Dakota,2021-08-01,2021,8,2.8,343.0,69.9,348.3,412.9
North Dakota,2021-09-01,2021,9,2.7,341.6,69.3,354.5,410.90000000000003
North Dakota,2021-10-01,2021,10,2.5,342.9,69.3,356.9,412.2
North Dakota,2021-11-01,2021,11,2.4,342.1,67.5,357.6,409.6
North Dakota,2021-12-01,2021,12,2.3,340.7,65.8,358.3,406.5
North Dakota,2022-01-01,2022,1,2.3,332.5,62.5,351.8,395.0
North Dakota,2022-02-01,2022,2,2.2,334.0,62.6,354.0,396.6
North Dakota,2022-03-01,2022,3,2.1,336.8,64.1,355.6,400.9
North Dakota,2022-04-01,2022,4,2.1,340.0,66.3,356.0,406.3
North Dakota,2022-05-01,2022,5,2.0,346.2,70.0,359.6,416.2
North Dakota,2022-06-01,2022,6,2.0,350.7,72.6,360.3,423.29999999999995
North Dakota,2022-07-01,2022,7,2.1,353.9,74.0,355.5,427.9
North Dakota,2022-08-01,2022,8,2.1,353.8,74.4,354.9,428.20000000000005
North Dakota,2022-09-01,2022,9,2.1,353.7,74.5,360.9,428.2
North Dakota,2022-10-01,2022,10,2.2,353.7,74.0,363.4,427.7
North Dakota,2022-11-01,2022,11,2.2,352.4,72.5,364.3,424.9
North Dakota,2022-12-01,2022,12,2.1,349.1,70.4,363.2,419.5
North Dakota,2023-01-01,2023,1,2.1,344.4,68.6,358.2,413.0
North Dakota,2023-02-01,2023,2,2.1,345.7,69.2,360.2,414.9
North Dakota,2023-03-01,2023,3,2.0,346.9,69.8,361.2,416.7
North Dakota,2023-04-01,2023,4,2.0,348.7,71.2,361.6,419.9
North Dakota,2023-05-01,2023,5,2.0,355.4,74.6,365.8,430.0
North Dakota,2023-06-01,2023,6,2.0,361.6,77.8,365.8,439.40000000000003
North Dakota,2023-07-01,2023,7,2.0,361.7,78.7,359.7,440.4
North Dakota,2023-08-01,2023,8,2.0,361.4,78.6,359.7,440.0
North Dakota,2023-09-01,2023,9,2.1,361.1,78.4,367.1,439.5
North Dakota,2023-10-01,2023,10,2.1,360.3,77.4,368.8,437.70000000000005
North Dakota,2023-11-01,2023,11,2.2,358.5,75.4,368.9,433.9
North Dakota,2023-12-01,2023,12,2.2,358.1,73.9,370.8,432.0
North Dakota,2024-01-01,2024,1,2.2,349.2,70.7,362.9,419.9
North Dakota,2024-02-01,2024,2,2.2,350.6,70.8,365.2,421.40000000000003
North Dakota,2024-03-01,2024,3,2.3,353.3,71.9,367.3,425.20000000000005
North Dakota,2024-04-01,2024,4,2.3,357.6,74.3,369.3,431.90000000000003
North Dakota,2024-05-01,2024,5,2.4,363.9,78.0,373.0,441.9
North Dakota,2024-06-01,2024,6,2.4,367.0,80.4,371.9,447.4
North Dakota,2024-07-01,2024,7,2.5,368.3,81.4,366.4,449.70000000000005
North Dakota,2024-08-01,2024,8,2.5,367.4,80.7,367.0,448.09999999999997
North Dakota,2024-09-01,2024,9,2.5,366.5,79.9,373.0,446.4
North Dakota,2024-10-01,2024,10,2.5,365.7,79.3,373.8,445.0
North Dakota,2024-11-01,2024,11,2.5,364.4,76.9,375.2,441.29999999999995
North Dakota,2024-12-01,2024,12,2.5,361.4,74.3,374.9,435.7
North Dakota,2025-01-01,2025,1,2.6,352.7,71.0,368.1,423.7
North Dakota,2025-02-01,2025,2,2.6,352.4,70.5,369.2,422.9
North Dakota,2025-03-01,2025,3,2.6,354.0,71.8,370.0,425.8
North Dakota,2025-04-01,2025,4,2.6,358.4,74.0,371.7,432.4
North Dakota,2025-05-01,2025,5,2.6,363.3,76.9,374.6,440.20000000000005
North Dakota,2025-06-01,2025,6,2.6,366.7,79.0,373.4,445.7
North Dakota,2025-07-01,2025,7,2.6,366.4,79.4,367.0,445.79999999999995
North Dakota,2025-08-01,2025,8,2.6,365.9,79.3,366.2,445.2
North Dakota,2025-09-01,2025,9,2.6,364.4,78.6,372.6,443.0
North Dakota,2025-10-01,2025,10,,365.3,77.7,374.7,443.0
North Dakota,2025-11-01,2025,11,2.6,361.7,76.2,373.2,437.9
North Dakota,2025-12-01,2025,12,2.6,357.1,73.2,371.5,430.3
North Dakota,2026-01-01,2026,1,2.6,351.5,70.9,367.3,422.4
North Dakota,2026-02-01,2026,2,2.6,353.3,70.6,370.4,423.9
Ohio,2016-01-01,2016,1,5.0,4586.8,881.0,4466.8,5467.8
Ohio,2016-02-01,2016,2,5.0,4589.3,879.7,4490.4,5469.0
Ohio,2016-03-01,2016,3,5.0,4621.2,887.2,4515.3,5508.4
Ohio,2016-04-01,2016,4,5.0,4684.4,899.2,4581.3,5583.599999999999
Ohio,2016-05-01,2016,5,5.0,4731.6,908.6,4614.6,5640.200000000001
Ohio,2016-06-01,2016,6,5.0,4746.9,918.0,4587.0,5664.9
Ohio,2016-07-01,2016,7,5.0,4757.1,917.9,4579.7,5675.0
Ohio,2016-08-01,2016,8,5.0,4758.4,917.2,4585.4,5675.599999999999
Ohio,2016-09-01,2016,9,5.1,4732.2,911.9,4603.4,5644.099999999999
Ohio,2016-10-01,2016,10,5.2,4742.5,911.1,4630.8,5653.6
Ohio,2016-11-01,2016,11,5.2,4758.2,909.8,4651.8,5668.0
Ohio,2016-12-01,2016,12,5.2,4744.7,901.0,4635.1,5645.7
Ohio,2017-01-01,2017,1,5.2,4624.6,882.0,4523.7,5506.6
Ohio,2017-02-01,2017,2,5.1,4633.0,882.2,4546.0,5515.2
Ohio,2017-03-01,2017,3,5.1,4660.4,891.8,4564.8,5552.2
Ohio,2017-04-01,2017,4,5.0,4718.2,906.8,4609.1,5625.0
Ohio,2017-05-01,2017,5,5.0,4770.6,921.3,4642.8,5691.900000000001
Ohio,2017-06-01,2017,6,5.0,4804.0,935.3,4630.2,5739.3
Ohio,2017-07-01,2017,7,4.9,4790.8,930.9,4602.6,5721.7
Ohio,2017-08-01,2017,8,4.9,4800.8,935.4,4612.1,5736.2
Ohio,2017-09-01,2017,9,4.9,4762.3,926.1,4618.8,5688.400000000001
Ohio,2017-10-01,2017,10,4.8,4783.6,929.1,4654.7,5712.700000000001
Ohio,2017-11-01,2017,11,4.7,4794.2,927.2,4670.8,5721.4
Ohio,2017-12-01,2017,12,4.6,4783.8,920.9,4657.9,5704.7
Ohio,2018-01-01,2018,1,4.6,4658.9,894.7,4540.5,5553.599999999999
Ohio,2018-02-01,2018,2,4.5,4674.4,902.0,4568.5,5576.4
Ohio,2018-03-01,2018,3,4.5,4698.6,909.8,4585.9,5608.400000000001
Ohio,2018-04-01,2018,4,4.5,4744.9,920.6,4622.7,5665.5
Ohio,2018-05-01,2018,5,4.5,4801.3,935.5,4658.2,5736.8
Ohio,2018-06-01,2018,6,4.4,4837.7,949.7,4654.3,5787.4
Ohio,2018-07-01,2018,7,4.4,4833.8,949.7,4629.0,5783.5
Ohio,2018-08-01,2018,8,4.4,4839.1,951.1,4640.2,5790.200000000001
Ohio,2018-09-01,2018,9,4.4,4797.4,944.9,4639.9,5742.299999999999
Ohio,2018-10-01,2018,10,4.5,4815.1,945.6,4676.6,5760.700000000001
Ohio,2018-11-01,2018,11,4.5,4823.3,942.6,4690.7,5765.900000000001
Ohio,2018-12-01,2018,12,4.5,4809.3,937.2,4673.9,5746.5
Ohio,2019-01-01,2019,1,4.4,4710.9,918.4,4569.0,5629.299999999999
Ohio,2019-02-01,2019,2,4.2,4708.2,917.6,4586.7,5625.8
Ohio,2019-03-01,2019,3,4.0,4725.8,923.3,4603.6,5649.1
Ohio,2019-04-01,2019,4,3.9,4780.1,935.3,4651.1,5715.400000000001
Ohio,2019-05-01,2019,5,3.9,4830.6,945.8,4685.2,5776.400000000001
Ohio,2019-06-01,2019,6,3.9,4857.6,956.4,4674.2,5814.0
Ohio,2019-07-01,2019,7,4.0,4856.2,956.6,4658.9,5812.8
Ohio,2019-08-01,2019,8,4.1,4856.3,954.8,4666.5,5811.1
Ohio,2019-09-01,2019,9,4.2,4811.7,947.4,4656.6,5759.099999999999
Ohio,2019-10-01,2019,10,4.3,4831.2,943.8,4698.3,5775.0
Ohio,2019-11-01,2019,11,4.3,4849.7,940.8,4720.9,5790.5
Ohio,2019-12-01,2019,12,4.3,4839.1,933.0,4708.5,5772.1
Ohio,2020-01-01,2020,1,4.4,4733.2,915.2,4604.7,5648.4
Ohio,2020-02-01,2020,2,4.5,4732.1,913.5,4621.2,5645.6
Ohio,2020-03-01,2020,3,4.8,4701.0,914.4,4585.6,5615.4
Ohio,2020-04-01,2020,4,16.5,3957.2,782.4,3941.7,4739.599999999999
Ohio,2020-05-01,2020,5,12.8,4185.0,826.7,4108.3,5011.7
Ohio,2020-06-01,2020,6,11.0,4442.8,885.3,4285.4,5328.1
Ohio,2020-07-01,2020,7,9.8,4492.9,885.9,4322.8,5378.799999999999
Ohio,2020-08-01,2020,8,8.3,4522.2,889.2,4357.4,5411.4
Ohio,2020-09-01,2020,9,7.6,4521.0,890.4,4385.9,5411.4
Ohio,2020-10-01,2020,10,6.7,4579.6,892.9,4454.7,5472.5
Ohio,2020-11-01,2020,11,6.4,4595.1,891.7,4470.3,5486.8
Ohio,2020-12-01,2020,12,6.3,4589.0,889.8,4456.0,5478.8
Ohio,2021-01-01,2021,1,6.1,4498.1,871.1,4372.8,5369.200000000001
Ohio,2021-02-01,2021,2,6.0,4500.4,868.1,4391.0,5368.5
Ohio,2021-03-01,2021,3,6.0,4530.9,879.8,4411.8,5410.7
Ohio,2021-04-01,2021,4,5.9,4569.9,887.4,4449.1,5457.299999999999
Ohio,2021-05-01,2021,5,5.7,4616.9,895.5,4485.8,5512.4
Ohio,2021-06-01,2021,6,5.5,4655.2,905.3,4494.2,5560.5
Ohio,2021-07-01,2021,7,5.3,4698.2,910.6,4518.7,5608.8
Ohio,2021-08-01,2021,8,5.0,4700.2,912.2,4518.0,5612.4
Ohio,2021-09-01,2021,9,4.7,4638.6,906.6,4488.2,5545.200000000001
Ohio,2021-10-01,2021,10,4.5,4710.4,912.3,4574.0,5622.7
Ohio,2021-11-01,2021,11,4.3,4734.1,914.7,4598.0,5648.8
Ohio,2021-12-01,2021,12,4.1,4730.4,912.1,4585.8,5642.5
Ohio,2022-01-01,2022,1,4.0,4632.4,892.4,4496.8,5524.799999999999
Ohio,2022-02-01,2022,2,3.9,4655.0,896.5,4528.8,5551.5
Ohio,2022-03-01,2022,3,3.9,4682.1,907.5,4543.0,5589.6
Ohio,2022-04-01,2022,4,3.8,4746.1,922.4,4601.8,5668.5
Ohio,2022-05-01,2022,5,3.9,4787.0,931.2,4627.1,5718.2
Ohio,2022-06-01,2022,6,3.9,4810.8,937.3,4622.1,5748.1
Ohio,2022-07-01,2022,7,4.0,4829.6,939.4,4630.3,5769.0
Ohio,2022-08-01,2022,8,4.1,4828.2,939.4,4629.0,5767.599999999999
Ohio,2022-09-01,2022,9,4.1,4795.4,935.8,4620.9,5731.2
Ohio,2022-10-01,2022,10,4.1,4820.8,937.3,4663.6,5758.1
Ohio,2022-11-01,2022,11,4.0,4829.5,935.5,4676.8,5765.0
Ohio,2022-12-01,2022,12,3.9,4819.0,931.1,4658.4,5750.1
Ohio,2023-01-01,2023,1,3.8,4740.6,915.4,4588.3,5656.0
Ohio,2023-02-01,2023,2,3.6,4747.6,916.7,4612.6,5664.3
Ohio,2023-03-01,2023,3,3.5,4769.2,921.7,4626.9,5690.9
Ohio,2023-04-01,2023,4,3.5,4809.7,931.3,4664.4,5741.0
Ohio,2023-05-01,2023,5,3.4,4853.6,938.3,4701.4,5791.900000000001
Ohio,2023-06-01,2023,6,3.5,4900.8,950.0,4715.3,5850.8
Ohio,2023-07-01,2023,7,3.6,4891.7,948.9,4699.6,5840.599999999999
Ohio,2023-08-01,2023,8,3.7,4891.9,947.9,4700.2,5839.799999999999
Ohio,2023-09-01,2023,9,3.8,4859.7,944.1,4695.4,5803.8
Ohio,2023-10-01,2023,10,3.8,4868.2,934.8,4729.8,5803.0
Ohio,2023-11-01,2023,11,3.9,4876.3,936.7,4737.9,5813.0
Ohio,2023-12-01,2023,12,3.9,4869.1,934.5,4722.7,5803.6
Ohio,2024-01-01,2024,1,3.9,4770.1,917.5,4635.2,5687.6
Ohio,2024-02-01,2024,2,4.0,4776.1,920.7,4654.3,5696.8
Ohio,2024-03-01,2024,3,4.1,4805.0,927.5,4673.6,5732.5
Ohio,2024-04-01,2024,4,4.2,4839.6,933.7,4708.1,5773.3
Ohio,2024-05-01,2024,5,4.3,4891.6,944.7,4743.6,5836.3
Ohio,2024-06-01,2024,6,4.3,4920.3,955.9,4743.6,5876.2
Ohio,2024-07-01,2024,7,4.4,4913.1,952.1,4726.3,5865.200000000001
Ohio,2024-08-01,2024,8,4.4,4912.7,953.6,4722.0,5866.3
Ohio,2024-09-01,2024,9,4.5,4880.1,950.9,4719.2,5831.0
Ohio,2024-10-01,2024,10,4.6,4895.4,946.3,4757.2,5841.7
Ohio,2024-11-01,2024,11,4.7,4904.7,947.7,4767.9,5852.4
Ohio,2024-12-01,2024,12,4.8,4894.1,942.2,4749.9,5836.3
Ohio,2025-01-01,2025,1,4.8,4775.5,917.0,4649.6,5692.5
Ohio,2025-02-01,2025,2,4.9,4788.4,925.0,4667.9,5713.4
Ohio,2025-03-01,2025,3,4.8,4809.6,932.3,4677.0,5741.900000000001
Ohio,2025-04-01,2025,4,4.8,4854.2,940.7,4721.5,5794.9
Ohio,2025-05-01,2025,5,4.7,4900.8,950.6,4756.4,5851.400000000001
Ohio,2025-06-01,2025,6,4.6,4919.1,958.2,4742.0,5877.3
Ohio,2025-07-01,2025,7,4.5,4923.9,955.6,4738.7,5879.5
Ohio,2025-08-01,2025,8,4.4,4930.2,956.9,4741.9,5887.099999999999
Ohio,2025-09-01,2025,9,4.3,4883.0,950.1,4723.6,5833.1
Ohio,2025-10-01,2025,10,,4889.6,954.3,4740.2,5843.900000000001
Ohio,2025-11-01,2025,11,4.3,4891.3,954.2,4744.4,5845.5
Ohio,2025-12-01,2025,12,4.4,4879.3,946.8,4732.1,5826.1
Ohio,2026-01-01,2026,1,4.3,4790.4,926.5,4651.2,5716.9
Ohio,2026-02-01,2026,2,4.2,4798.2,928.5,4664.9,5726.7
Oklahoma,2016-01-01,2016,1,4.5,1291.5,260.3,1382.1,1551.8
Oklahoma,2016-02-01,2016,2,4.5,1293.8,259.9,1392.2,1553.6999999999998
Oklahoma,2016-03-01,2016,3,4.6,1294.3,256.9,1397.1,1551.1999999999998
Oklahoma,2016-04-01,2016,4,4.6,1301.0,255.3,1405.3,1556.3
Oklahoma,2016-05-01,2016,5,4.7,1299.7,254.1,1404.6,1553.8
Oklahoma,2016-06-01,2016,6,4.8,1301.1,254.8,1392.2,1555.8999999999999
Oklahoma,2016-07-01,2016,7,4.8,1301.9,254.9,1380.2,1556.8000000000002
Oklahoma,2016-08-01,2016,8,4.8,1305.5,254.6,1390.0,1560.1
Oklahoma,2016-09-01,2016,9,4.7,1304.3,254.9,1402.6,1559.2
Oklahoma,2016-10-01,2016,10,4.7,1303.6,253.7,1405.0,1557.3
Oklahoma,2016-11-01,2016,11,4.6,1308.5,253.0,1411.9,1561.5
Oklahoma,2016-12-01,2016,12,4.5,1308.6,253.8,1411.4,1562.3999999999999
Oklahoma,2017-01-01,2017,1,4.4,1278.1,249.5,1375.1,1527.6
Oklahoma,2017-02-01,2017,2,4.3,1285.1,251.7,1387.2,1536.8
Oklahoma,2017-03-01,2017,3,4.2,1295.2,253.1,1397.7,1548.3
Oklahoma,2017-04-01,2017,4,4.1,1305.6,253.7,1406.9,1559.3
Oklahoma,2017-05-01,2017,5,4.0,1310.7,256.1,1410.1,1566.8000000000002
Oklahoma,2017-06-01,2017,6,4.0,1322.0,260.8,1405.4,1582.8
Oklahoma,2017-07-01,2017,7,4.0,1319.3,261.6,1389.8,1580.9
Oklahoma,2017-08-01,2017,8,4.0,1323.4,262.9,1397.8,1586.3000000000002
Oklahoma,2017-09-01,2017,9,3.9,1326.5,264.1,1412.7,1590.6
Oklahoma,2017-10-01,2017,10,3.9,1326.4,263.3,1416.1,1589.7
Oklahoma,2017-11-01,2017,11,3.8,1331.8,263.1,1422.5,1594.9
Oklahoma,2017-12-01,2017,12,3.8,1335.0,264.8,1423.8,1599.8
Oklahoma,2018-01-01,2018,1,3.7,1310.2,261.1,1395.1,1571.3000000000002
Oklahoma,2018-02-01,2018,2,3.6,1316.2,263.6,1404.7,1579.8000000000002
Oklahoma,2018-03-01,2018,3,3.5,1328.4,266.3,1415.1,1594.7
Oklahoma,2018-04-01,2018,4,3.4,1330.4,266.8,1415.2,1597.2
Oklahoma,2018-05-01,2018,5,3.3,1338.8,269.2,1423.3,1608.0
Oklahoma,2018-06-01,2018,6,3.2,1348.1,272.9,1417.2,1621.0
Oklahoma,2018-07-01,2018,7,3.1,1345.3,272.7,1401.9,1618.0
Oklahoma,2018-08-01,2018,8,3.1,1351.3,275.1,1411.6,1626.4
Oklahoma,2018-09-01,2018,9,3.1,1352.2,276.0,1424.5,1628.2
Oklahoma,2018-10-01,2018,10,3.1,1351.8,276.1,1431.5,1627.9
Oklahoma,2018-11-01,2018,11,3.2,1356.7,275.9,1438.5,1632.6
Oklahoma,2018-12-01,2018,12,3.2,1358.8,276.5,1439.2,1635.3
Oklahoma,2019-01-01,2019,1,3.2,1331.2,272.1,1406.4,1603.3000000000002
Oklahoma,2019-02-01,2019,2,3.2,1336.3,274.4,1418.4,1610.6999999999998
Oklahoma,2019-03-01,2019,3,3.1,1343.4,274.7,1426.1,1618.1000000000001
Oklahoma,2019-04-01,2019,4,3.1,1350.9,273.9,1434.5,1624.8000000000002
Oklahoma,2019-05-01,2019,5,3.0,1353.4,272.9,1440.1,1626.3000000000002
Oklahoma,2019-06-01,2019,6,3.0,1358.3,275.2,1427.5,1633.5
Oklahoma,2019-07-01,2019,7,3.1,1356.3,273.5,1416.1,1629.8
Oklahoma,2019-08-01,2019,8,3.1,1356.5,271.4,1425.1,1627.9
Oklahoma,2019-09-01,2019,9,3.2,1357.3,269.5,1443.9,1626.8
Oklahoma,2019-10-01,2019,10,3.2,1356.5,266.1,1451.6,1622.6
Oklahoma,2019-11-01,2019,11,3.1,1362.6,263.7,1460.7,1626.3
Oklahoma,2019-12-01,2019,12,3.1,1362.0,261.9,1461.2,1623.9
Oklahoma,2020-01-01,2020,1,3.1,1333.0,257.9,1427.5,1590.9
Oklahoma,2020-02-01,2020,2,3.2,1333.1,256.6,1436.5,1589.6999999999998
Oklahoma,2020-03-01,2020,3,3.2,1330.0,256.2,1432.6,1586.2
Oklahoma,2020-04-01,2020,4,12.5,1186.8,241.0,1296.5,1427.8
Oklahoma,2020-05-01,2020,5,9.8,1232.9,239.9,1332.4,1472.8000000000002
Oklahoma,2020-06-01,2020,6,8.2,1267.6,239.4,1361.8,1507.0
Oklahoma,2020-07-01,2020,7,7.4,1264.2,234.4,1357.1,1498.6000000000001
Oklahoma,2020-08-01,2020,8,6.3,1271.6,234.4,1369.8,1506.0
Oklahoma,2020-09-01,2020,9,5.9,1276.3,233.8,1390.8,1510.1
Oklahoma,2020-10-01,2020,10,5.5,1288.1,232.7,1405.9,1520.8
Oklahoma,2020-11-01,2020,11,5.3,1295.8,231.7,1414.1,1527.5
Oklahoma,2020-12-01,2020,12,5.2,1297.7,232.8,1415.2,1530.5
Oklahoma,2021-01-01,2021,1,5.0,1274.0,230.2,1383.1,1504.2
Oklahoma,2021-02-01,2021,2,4.9,1264.2,227.6,1383.6,1491.8
Oklahoma,2021-03-01,2021,3,4.8,1286.3,233.8,1400.4,1520.1
Oklahoma,2021-04-01,2021,4,4.7,1292.0,234.5,1407.4,1526.5
Oklahoma,2021-05-01,2021,5,4.5,1297.0,233.7,1413.3,1530.7
Oklahoma,2021-06-01,2021,6,4.3,1308.4,236.4,1411.8,1544.8000000000002
Oklahoma,2021-07-01,2021,7,4.0,1309.0,235.6,1401.8,1544.6
Oklahoma,2021-08-01,2021,8,3.7,1310.2,235.9,1407.0,1546.1000000000001
Oklahoma,2021-09-01,2021,9,3.4,1311.9,235.6,1426.7,1547.5
Oklahoma,2021-10-01,2021,10,3.1,1326.2,237.7,1443.3,1563.9
Oklahoma,2021-11-01,2021,11,2.9,1332.9,237.6,1450.6,1570.5
Oklahoma,2021-12-01,2021,12,2.9,1337.5,239.3,1453.4,1576.8
Oklahoma,2022-01-01,2022,1,2.9,1312.3,236.5,1420.4,1548.8
Oklahoma,2022-02-01,2022,2,2.9,1322.1,238.8,1435.7,1560.8999999999999
Oklahoma,2022-03-01,2022,3,2.9,1327.5,240.6,1439.9,1568.1
Oklahoma,2022-04-01,2022,4,2.9,1342.4,241.4,1456.1,1583.8000000000002
Oklahoma,2022-05-01,2022,5,3.0,1347.5,242.3,1460.6,1589.8
Oklahoma,2022-06-01,2022,6,3.0,1353.4,244.0,1450.6,1597.4
Oklahoma,2022-07-01,2022,7,3.1,1363.3,246.2,1449.3,1609.5
Oklahoma,2022-08-01,2022,8,3.1,1367.1,246.2,1456.3,1613.3
Oklahoma,2022-09-01,2022,9,3.1,1376.0,247.4,1482.1,1623.4
Oklahoma,2022-10-01,2022,10,3.1,1378.5,247.9,1487.9,1626.4
Oklahoma,2022-11-01,2022,11,3.1,1385.9,248.3,1496.2,1634.2
Oklahoma,2022-12-01,2022,12,3.0,1388.0,249.1,1498.3,1637.1
Oklahoma,2023-01-01,2023,1,3.0,1374.7,248.7,1475.9,1623.4
Oklahoma,2023-02-01,2023,2,3.0,1378.2,249.8,1487.1,1628.0
Oklahoma,2023-03-01,2023,3,2.9,1385.4,251.5,1494.5,1636.9
Oklahoma,2023-04-01,2023,4,2.9,1394.8,253.5,1503.1,1648.3
Oklahoma,2023-05-01,2023,5,3.0,1397.2,253.9,1505.6,1651.1000000000001
Oklahoma,2023-06-01,2023,6,3.0,1405.6,256.4,1502.1,1662.0
Oklahoma,2023-07-01,2023,7,3.1,1396.5,254.4,1482.5,1650.9
Oklahoma,2023-08-01,2023,8,3.2,1399.7,254.2,1492.8,1653.9
Oklahoma,2023-09-01,2023,9,3.3,1405.6,255.5,1516.0,1661.1
Oklahoma,2023-10-01,2023,10,3.4,1407.5,256.6,1522.3,1664.1
Oklahoma,2023-11-01,2023,11,3.4,1411.5,255.6,1528.2,1667.1
Oklahoma,2023-12-01,2023,12,3.4,1413.3,256.6,1527.9,1669.9
Oklahoma,2024-01-01,2024,1,3.3,1388.1,253.6,1493.0,1641.6999999999998
Oklahoma,2024-02-01,2024,2,3.3,1395.3,255.3,1510.4,1650.6
Oklahoma,2024-03-01,2024,3,3.3,1404.3,257.1,1519.3,1661.4
Oklahoma,2024-04-01,2024,4,3.3,1410.3,256.3,1526.8,1666.6
Oklahoma,2024-05-01,2024,5,3.2,1411.8,256.7,1529.2,1668.5
Oklahoma,2024-06-01,2024,6,3.2,1412.7,258.5,1515.3,1671.2
Oklahoma,2024-07-01,2024,7,3.2,1411.2,258.4,1504.0,1669.6
Oklahoma,2024-08-01,2024,8,3.2,1417.0,257.8,1513.7,1674.8
Oklahoma,2024-09-01,2024,9,3.1,1417.7,257.7,1533.7,1675.4
Oklahoma,2024-10-01,2024,10,3.1,1423.1,258.1,1542.0,1681.1999999999998
Oklahoma,2024-11-01,2024,11,3.1,1428.4,258.2,1549.2,1686.6000000000001
Oklahoma,2024-12-01,2024,12,3.1,1428.4,258.5,1546.1,1686.9
Oklahoma,2025-01-01,2025,1,3.1,1405.5,255.8,1516.7,1661.3
Oklahoma,2025-02-01,2025,2,3.1,1407.3,256.7,1526.2,1664.0
Oklahoma,2025-03-01,2025,3,3.1,1415.7,258.6,1534.2,1674.3000000000002
Oklahoma,2025-04-01,2025,4,3.1,1425.7,259.9,1544.5,1685.6
Oklahoma,2025-05-01,2025,5,3.1,1427.9,259.7,1547.0,1687.6000000000001
Oklahoma,2025-06-01,2025,6,3.2,1423.9,261.0,1530.7,1684.9
Oklahoma,2025-07-01,2025,7,3.3,1414.7,258.9,1510.9,1673.6
Oklahoma,2025-08-01,2025,8,3.4,1415.1,258.4,1515.7,1673.5
Oklahoma,2025-09-01,2025,9,3.6,1415.0,258.1,1532.6,1673.1
Oklahoma,2025-10-01,2025,10,,1419.7,259.2,1537.0,1678.9
Oklahoma,2025-11-01,2025,11,3.7,1423.3,259.1,1541.4,1682.4
Oklahoma,2025-12-01,2025,12,3.7,1421.4,258.0,1539.1,1679.4
Oklahoma,2026-01-01,2026,1,3.9,1406.2,258.6,1512.7,1664.8000000000002
Oklahoma,2026-02-01,2026,2,3.9,1406.1,257.2,1522.7,1663.3
Oregon,2016-01-01,2016,1,5.0,1486.8,274.6,1517.7,1761.4
Oregon,2016-02-01,2016,2,4.9,1500.8,277.6,1533.9,1778.4
Oregon,2016-03-01,2016,3,4.9,1508.9,279.2,1542.1,1788.1000000000001
Oregon,2016-04-01,2016,4,4.9,1524.8,281.7,1556.1,1806.5
Oregon,2016-05-01,2016,5,4.9,1532.0,284.6,1563.2,1816.6
Oregon,2016-06-01,2016,6,4.9,1540.0,287.7,1569.1,1827.7
Oregon,2016-07-01,2016,7,4.9,1551.1,291.8,1543.4,1842.8999999999999
Oregon,2016-08-01,2016,8,4.8,1560.5,294.7,1548.1,1855.2
Oregon,2016-09-01,2016,9,4.7,1560.9,292.1,1564.8,1853.0
Oregon,2016-10-01,2016,10,4.5,1560.0,291.1,1582.4,1851.1
Oregon,2016-11-01,2016,11,4.4,1562.9,288.2,1591.7,1851.1000000000001
Oregon,2016-12-01,2016,12,4.2,1558.7,285.6,1587.0,1844.3000000000002
Oregon,2017-01-01,2017,1,4.1,1519.3,278.2,1548.0,1797.5
Oregon,2017-02-01,2017,2,4.0,1538.3,282.5,1570.8,1820.8
Oregon,2017-03-01,2017,3,4.0,1548.2,285.0,1580.6,1833.2
Oregon,2017-04-01,2017,4,3.9,1564.7,289.5,1592.2,1854.2
Oregon,2017-05-01,2017,5,4.0,1574.2,293.3,1600.5,1867.5
Oregon,2017-06-01,2017,6,4.0,1587.4,298.5,1609.6,1885.9
Oregon,2017-07-01,2017,7,4.1,1594.8,303.0,1580.4,1897.8
Oregon,2017-08-01,2017,8,4.1,1600.6,304.9,1583.3,1905.5
Oregon,2017-09-01,2017,9,4.1,1598.8,302.4,1595.2,1901.1999999999998
Oregon,2017-10-01,2017,10,4.2,1595.6,302.4,1607.8,1898.0
Oregon,2017-11-01,2017,11,4.2,1598.2,299.8,1615.3,1898.0
Oregon,2017-12-01,2017,12,4.1,1597.5,299.1,1613.3,1896.6
Oregon,2018-01-01,2018,1,4.1,1588.0,295.4,1586.5,1883.4
Oregon,2018-02-01,2018,2,4.1,1595.7,298.1,1597.2,1893.8000000000002
Oregon,2018-03-01,2018,3,4.0,1604.9,299.7,1605.9,1904.6000000000001
Oregon,2018-04-01,2018,4,3.9,1614.8,302.1,1613.5,1916.9
Oregon,2018-05-01,2018,5,3.9,1625.0,306.1,1622.5,1931.1
Oregon,2018-06-01,2018,6,3.8,1633.4,310.4,1627.6,1943.8000000000002
Oregon,2018-07-01,2018,7,3.9,1641.3,316.1,1595.5,1957.4
Oregon,2018-08-01,2018,8,3.9,1648.4,316.8,1601.8,1965.2
Oregon,2018-09-01,2018,9,4.1,1643.6,314.1,1616.0,1957.6999999999998
Oregon,2018-10-01,2018,10,4.2,1646.0,313.8,1633.3,1959.8
Oregon,2018-11-01,2018,11,4.2,1648.5,311.5,1641.2,1960.0
Oregon,2018-12-01,2018,12,4.3,1646.4,309.9,1638.5,1956.3000000000002
Oregon,2019-01-01,2019,1,4.2,1621.7,306.4,1613.6,1928.1
Oregon,2019-02-01,2019,2,4.1,1621.1,306.1,1616.8,1927.1999999999998
Oregon,2019-03-01,2019,3,4.0,1629.3,308.5,1624.9,1937.8
Oregon,2019-04-01,2019,4,3.9,1644.0,311.1,1637.8,1955.1
Oregon,2019-05-01,2019,5,3.8,1653.6,315.2,1646.5,1968.8
Oregon,2019-06-01,2019,6,3.7,1660.0,317.9,1650.8,1977.9
Oregon,2019-07-01,2019,7,3.7,1670.6,322.1,1622.9,1992.6999999999998
Oregon,2019-08-01,2019,8,3.6,1677.4,323.0,1629.6,2000.4
Oregon,2019-09-01,2019,9,3.5,1670.8,319.2,1640.0,1990.0
Oregon,2019-10-01,2019,10,3.4,1672.2,317.7,1658.7,1989.9
Oregon,2019-11-01,2019,11,3.4,1675.4,315.6,1667.3,1991.0
Oregon,2019-12-01,2019,12,3.4,1673.5,312.5,1666.2,1986.0
Oregon,2020-01-01,2020,1,3.4,1643.3,306.7,1638.7,1950.0
Oregon,2020-02-01,2020,2,3.6,1651.0,308.5,1648.7,1959.5
Oregon,2020-03-01,2020,3,3.7,1639.0,307.8,1637.9,1946.8
Oregon,2020-04-01,2020,4,13.7,1400.8,285.5,1407.3,1686.3
Oregon,2020-05-01,2020,5,11.8,1433.6,291.5,1425.8,1725.1
Oregon,2020-06-01,2020,6,10.2,1497.4,298.1,1481.7,1795.5
Oregon,2020-07-01,2020,7,9.2,1529.8,302.5,1486.0,1832.3
Oregon,2020-08-01,2020,8,7.9,1544.2,303.6,1504.3,1847.8000000000002
Oregon,2020-09-01,2020,9,7.5,1544.1,300.6,1519.9,1844.6999999999998
Oregon,2020-10-01,2020,10,6.8,1563.2,302.8,1542.9,1866.0
Oregon,2020-11-01,2020,11,6.6,1565.7,299.4,1549.0,1865.1
Oregon,2020-12-01,2020,12,6.5,1544.5,298.2,1526.7,1842.7
Oregon,2021-01-01,2021,1,6.3,1514.7,294.3,1498.3,1809.0
Oregon,2021-02-01,2021,2,6.2,1534.5,295.9,1519.6,1830.4
Oregon,2021-03-01,2021,3,6.1,1560.5,299.2,1545.5,1859.7
Oregon,2021-04-01,2021,4,5.9,1577.3,301.9,1563.7,1879.1999999999998
Oregon,2021-05-01,2021,5,5.6,1583.0,303.4,1570.0,1886.4
Oregon,2021-06-01,2021,6,5.4,1594.3,306.1,1577.3,1900.4
Oregon,2021-07-01,2021,7,5.0,1613.6,310.5,1578.0,1924.1
Oregon,2021-08-01,2021,8,4.7,1615.5,310.2,1579.2,1925.7
Oregon,2021-09-01,2021,9,4.4,1610.0,308.3,1585.8,1918.3
Oregon,2021-10-01,2021,10,4.2,1621.1,309.3,1605.6,1930.3999999999999
Oregon,2021-11-01,2021,11,4.0,1627.4,308.0,1614.0,1935.4
Oregon,2021-12-01,2021,12,4.0,1630.0,306.9,1616.2,1936.9
Oregon,2022-01-01,2022,1,3.9,1603.9,303.2,1591.1,1907.1000000000001
Oregon,2022-02-01,2022,2,3.8,1623.0,307.4,1609.7,1930.4
Oregon,2022-03-01,2022,3,3.7,1632.5,308.7,1619.9,1941.2
Oregon,2022-04-01,2022,4,3.8,1647.2,312.8,1632.0,1960.0
Oregon,2022-05-01,2022,5,3.8,1650.2,314.0,1636.0,1964.2
Oregon,2022-06-01,2022,6,3.9,1653.9,316.8,1636.9,1970.7
Oregon,2022-07-01,2022,7,3.9,1674.6,322.7,1629.3,1997.3
Oregon,2022-08-01,2022,8,4.0,1677.8,323.7,1634.3,2001.5
Oregon,2022-09-01,2022,9,4.1,1673.8,321.7,1643.1,1995.5
Oregon,2022-10-01,2022,10,4.2,1667.1,319.9,1647.9,1987.0
Oregon,2022-11-01,2022,11,4.2,1663.3,316.8,1650.5,1980.1
Oregon,2022-12-01,2022,12,4.0,1667.3,315.3,1655.2,1982.6
Oregon,2023-01-01,2023,1,3.9,1655.7,312.2,1645.7,1967.9
Oregon,2023-02-01,2023,2,3.7,1662.0,312.5,1657.0,1974.5
Oregon,2023-03-01,2023,3,3.6,1667.6,312.8,1664.3,1980.3999999999999
Oregon,2023-04-01,2023,4,3.6,1676.4,314.3,1673.7,1990.7
Oregon,2023-05-01,2023,5,3.6,1685.0,316.2,1682.3,2001.2
Oregon,2023-06-01,2023,6,3.7,1693.7,318.7,1691.2,2012.4
Oregon,2023-07-01,2023,7,3.7,1690.9,320.4,1654.3,2011.3000000000002
Oregon,2023-08-01,2023,8,3.8,1693.5,320.5,1659.7,2014.0
Oregon,2023-09-01,2023,9,3.9,1692.0,318.1,1676.0,2010.1
Oregon,2023-10-01,2023,10,3.9,1680.5,314.5,1679.1,1995.0
Oregon,2023-11-01,2023,11,4.0,1680.7,311.3,1684.3,1992.0
Oregon,2023-12-01,2023,12,4.1,1680.4,310.6,1684.6,1991.0
Oregon,2024-01-01,2024,1,4.1,1643.9,303.3,1651.6,1947.2
Oregon,2024-02-01,2024,2,4.1,1656.4,306.0,1666.7,1962.4
Oregon,2024-03-01,2024,3,4.2,1663.4,307.9,1674.2,1971.3000000000002
Oregon,2024-04-01,2024,4,4.2,1678.2,309.4,1688.4,1987.6
Oregon,2024-05-01,2024,5,4.2,1684.7,310.8,1695.3,1995.5
Oregon,2024-06-01,2024,6,4.2,1691.5,314.1,1698.9,2005.6
Oregon,2024-07-01,2024,7,4.2,1688.8,316.2,1663.3,2005.0
Oregon,2024-08-01,2024,8,4.3,1693.2,316.9,1668.8,2010.1
Oregon,2024-09-01,2024,9,4.4,1693.0,314.3,1685.5,2007.3
Oregon,2024-10-01,2024,10,4.4,1683.5,309.0,1694.1,1992.5
Oregon,2024-11-01,2024,11,4.5,1677.6,303.9,1694.7,1981.5
Oregon,2024-12-01,2024,12,4.7,1680.7,303.2,1698.0,1983.9
Oregon,2025-01-01,2025,1,4.8,1652.3,296.1,1675.3,1948.4
Oregon,2025-02-01,2025,2,4.9,1651.7,295.6,1678.2,1947.3000000000002
Oregon,2025-03-01,2025,3,5.0,1653.5,295.8,1681.5,1949.3
Oregon,2025-04-01,2025,4,5.1,1669.9,297.9,1695.5,1967.8000000000002
Oregon,2025-05-01,2025,5,5.2,1676.1,299.9,1702.0,1976.0
Oregon,2025-06-01,2025,6,5.2,1678.0,301.8,1701.5,1979.8
Oregon,2025-07-01,2025,7,5.3,1675.3,304.2,1664.6,1979.5
Oregon,2025-08-01,2025,8,5.3,1678.4,303.7,1670.5,1982.1000000000001
Oregon,2025-09-01,2025,9,5.3,1665.7,299.4,1677.3,1965.1
Oregon,2025-10-01,2025,10,,1663.5,299.4,1684.0,1962.9
Oregon,2025-11-01,2025,11,5.3,1662.5,296.7,1686.6,1959.2
Oregon,2025-12-01,2025,12,5.3,1658.6,292.7,1685.8,1951.3
Oregon,2026-01-01,2026,1,5.2,1635.8,287.0,1665.2,1922.8
Oregon,2026-02-01,2026,2,5.2,1631.8,288.2,1662.3,1920.0
Pennsylvania,2016-01-01,2016,1,5.3,5057.9,805.6,4948.9,5863.5
Pennsylvania,2016-02-01,2016,2,5.3,5070.1,798.1,4987.6,5868.200000000001
Pennsylvania,2016-03-01,2016,3,5.3,5109.4,809.0,5018.9,5918.4
Pennsylvania,2016-04-01,2016,4,5.4,5175.0,822.3,5071.7,5997.3
Pennsylvania,2016-05-01,2016,5,5.4,5200.6,829.8,5083.1,6030.400000000001
Pennsylvania,2016-06-01,2016,6,5.4,5199.1,838.8,5053.3,6037.900000000001
Pennsylvania,2016-07-01,2016,7,5.4,5205.6,842.0,5018.8,6047.6
Pennsylvania,2016-08-01,2016,8,5.4,5199.2,840.4,5014.0,6039.599999999999
Pennsylvania,2016-09-01,2016,9,5.3,5216.7,834.6,5093.2,6051.3
Pennsylvania,2016-10-01,2016,10,5.3,5236.4,833.9,5121.6,6070.299999999999
Pennsylvania,2016-11-01,2016,11,5.3,5248.0,829.7,5142.3,6077.7
Pennsylvania,2016-12-01,2016,12,5.2,5237.0,820.6,5135.8,6057.6
Pennsylvania,2017-01-01,2017,1,5.2,5113.4,803.1,5006.9,5916.5
Pennsylvania,2017-02-01,2017,2,5.1,5132.3,803.9,5045.1,5936.2
Pennsylvania,2017-03-01,2017,3,5.1,5152.8,811.5,5059.5,5964.3
Pennsylvania,2017-04-01,2017,4,5.0,5219.1,830.5,5108.1,6049.6
Pennsylvania,2017-05-01,2017,5,5.0,5258.5,844.4,5131.3,6102.9
Pennsylvania,2017-06-01,2017,6,4.9,5264.9,856.4,5101.1,6121.299999999999
Pennsylvania,2017-07-01,2017,7,4.9,5258.3,859.4,5054.3,6117.7
Pennsylvania,2017-08-01,2017,8,4.9,5258.0,858.5,5056.3,6116.5
Pennsylvania,2017-09-01,2017,9,4.9,5274.6,853.9,5131.1,6128.5
Pennsylvania,2017-10-01,2017,10,4.9,5297.1,853.8,5160.4,6150.900000000001
Pennsylvania,2017-11-01,2017,11,4.9,5315.4,850.2,5187.0,6165.599999999999
Pennsylvania,2017-12-01,2017,12,4.9,5309.2,843.4,5182.4,6152.599999999999
Pennsylvania,2018-01-01,2018,1,4.8,5176.7,821.4,5052.0,5998.099999999999
Pennsylvania,2018-02-01,2018,2,4.7,5203.5,823.1,5095.4,6026.6
Pennsylvania,2018-03-01,2018,3,4.6,5229.1,833.0,5113.1,6062.1
Pennsylvania,2018-04-01,2018,4,4.5,5292.2,848.1,5161.5,6140.3
Pennsylvania,2018-05-01,2018,5,4.4,5326.5,858.4,5181.8,6184.9
Pennsylvania,2018-06-01,2018,6,4.3,5336.9,871.4,5157.9,6208.299999999999
Pennsylvania,2018-07-01,2018,7,4.3,5329.0,874.7,5109.4,6203.7
Pennsylvania,2018-08-01,2018,8,4.2,5326.4,873.5,5111.8,6199.9
Pennsylvania,2018-09-01,2018,9,4.2,5335.1,868.5,5178.0,6203.6
Pennsylvania,2018-10-01,2018,10,4.3,5371.7,872.5,5217.0,6244.2
Pennsylvania,2018-11-01,2018,11,4.3,5382.6,866.6,5239.3,6249.200000000001
Pennsylvania,2018-12-01,2018,12,4.3,5368.7,860.3,5225.8,6229.0
Pennsylvania,2019-01-01,2019,1,4.3,5249.1,842.4,5106.4,6091.5
Pennsylvania,2019-02-01,2019,2,4.3,5261.1,840.6,5136.0,6101.700000000001
Pennsylvania,2019-03-01,2019,3,4.3,5290.5,849.1,5160.1,6139.6
Pennsylvania,2019-04-01,2019,4,4.2,5352.1,865.6,5205.4,6217.700000000001
Pennsylvania,2019-05-01,2019,5,4.2,5380.7,873.7,5220.5,6254.4
Pennsylvania,2019-06-01,2019,6,4.2,5384.3,881.9,5196.5,6266.2
Pennsylvania,2019-07-01,2019,7,4.2,5378.3,883.8,5156.9,6262.1
Pennsylvania,2019-08-01,2019,8,4.2,5380.7,881.6,5166.9,6262.3
Pennsylvania,2019-09-01,2019,9,4.3,5379.2,874.2,5221.0,6253.4
Pennsylvania,2019-10-01,2019,10,4.3,5410.8,872.1,5260.4,6282.900000000001
Pennsylvania,2019-11-01,2019,11,4.3,5428.7,864.4,5291.3,6293.099999999999
Pennsylvania,2019-12-01,2019,12,4.4,5415.3,854.8,5280.4,6270.1
Pennsylvania,2020-01-01,2020,1,4.4,5287.9,839.1,5156.8,6127.0
Pennsylvania,2020-02-01,2020,2,4.6,5303.5,836.5,5187.0,6140.0
Pennsylvania,2020-03-01,2020,3,4.8,5279.2,840.5,5159.7,6119.7
Pennsylvania,2020-04-01,2020,4,16.1,4276.9,676.8,4294.1,4953.7
Pennsylvania,2020-05-01,2020,5,12.9,4511.4,766.5,4424.9,5277.9
Pennsylvania,2020-06-01,2020,6,11.3,4733.2,805.7,4588.6,5538.9
Pennsylvania,2020-07-01,2020,7,10.4,4844.0,809.0,4671.4,5653.0
Pennsylvania,2020-08-01,2020,8,9.3,4876.5,812.4,4712.3,5688.9
Pennsylvania,2020-09-01,2020,9,8.7,4929.3,812.5,4805.5,5741.8
Pennsylvania,2020-10-01,2020,10,8.1,5001.9,814.7,4876.8,5816.599999999999
Pennsylvania,2020-11-01,2020,11,7.8,5019.6,812.4,4897.4,5832.0
Pennsylvania,2020-12-01,2020,12,7.6,4971.4,807.0,4844.4,5778.4
Pennsylvania,2021-01-01,2021,1,7.4,4882.0,789.1,4759.4,5671.1
Pennsylvania,2021-02-01,2021,2,7.1,4911.4,784.8,4806.4,5696.2
Pennsylvania,2021-03-01,2021,3,6.8,4976.0,800.4,4860.5,5776.4
Pennsylvania,2021-04-01,2021,4,6.6,5025.4,814.0,4898.0,5839.4
Pennsylvania,2021-05-01,2021,5,6.3,5065.8,820.9,4927.8,5886.7
Pennsylvania,2021-06-01,2021,6,6.2,5089.7,830.5,4929.6,5920.2
Pennsylvania,2021-07-01,2021,7,5.9,5115.2,837.0,4924.1,5952.2
Pennsylvania,2021-08-01,2021,8,5.6,5117.1,837.5,4926.6,5954.6
Pennsylvania,2021-09-01,2021,9,5.3,5125.8,831.9,4979.0,5957.7
Pennsylvania,2021-10-01,2021,10,5.0,5202.1,836.9,5055.1,6039.0
Pennsylvania,2021-11-01,2021,11,4.7,5238.4,835.0,5097.0,6073.4
Pennsylvania,2021-12-01,2021,12,4.5,5249.1,831.1,5105.9,6080.200000000001
Pennsylvania,2022-01-01,2022,1,4.3,5128.6,811.2,4990.0,5939.8
Pennsylvania,2022-02-01,2022,2,4.3,5181.8,817.0,5051.1,5998.8
Pennsylvania,2022-03-01,2022,3,4.2,5228.8,829.1,5087.4,6057.900000000001
Pennsylvania,2022-04-01,2022,4,4.2,5288.0,844.0,5132.6,6132.0
Pennsylvania,2022-05-01,2022,5,4.2,5319.6,850.0,5153.5,6169.6
Pennsylvania,2022-06-01,2022,6,4.2,5321.3,857.9,5133.1,6179.2
Pennsylvania,2022-07-01,2022,7,4.2,5348.2,863.1,5127.0,6211.3
Pennsylvania,2022-08-01,2022,8,4.1,5342.2,860.7,5122.4,6202.9
Pennsylvania,2022-09-01,2022,9,4.1,5357.2,855.6,5189.2,6212.8
Pennsylvania,2022-10-01,2022,10,4.0,5382.5,855.1,5217.1,6237.6
Pennsylvania,2022-11-01,2022,11,4.0,5394.6,851.4,5239.1,6246.0
Pennsylvania,2022-12-01,2022,12,3.9,5389.6,845.5,5236.5,6235.1
Pennsylvania,2023-01-01,2023,1,3.9,5292.0,830.8,5138.7,6122.8
Pennsylvania,2023-02-01,2023,2,3.8,5307.8,830.1,5169.1,6137.900000000001
Pennsylvania,2023-03-01,2023,3,3.7,5346.1,837.3,5202.8,6183.400000000001
Pennsylvania,2023-04-01,2023,4,3.6,5384.3,849.6,5230.1,6233.900000000001
Pennsylvania,2023-05-01,2023,5,3.6,5413.5,855.4,5244.9,6268.9
Pennsylvania,2023-06-01,2023,6,3.5,5432.5,865.3,5243.4,6297.8
Pennsylvania,2023-07-01,2023,7,3.5,5416.3,864.1,5205.4,6280.400000000001
Pennsylvania,2023-08-01,2023,8,3.6,5406.1,861.6,5204.5,6267.700000000001
Pennsylvania,2023-09-01,2023,9,3.6,5427.7,857.4,5268.7,6285.099999999999
Pennsylvania,2023-10-01,2023,10,3.7,5442.8,854.9,5289.8,6297.7
Pennsylvania,2023-11-01,2023,11,3.7,5454.4,847.7,5316.9,6302.099999999999
Pennsylvania,2023-12-01,2023,12,3.7,5455.2,844.5,5316.1,6299.7
Pennsylvania,2024-01-01,2024,1,3.7,5332.1,826.2,5196.5,6158.3
Pennsylvania,2024-02-01,2024,2,3.7,5352.9,825.7,5232.5,6178.599999999999
Pennsylvania,2024-03-01,2024,3,3.7,5396.6,834.5,5269.9,6231.1
Pennsylvania,2024-04-01,2024,4,3.7,5426.6,842.7,5292.3,6269.3
Pennsylvania,2024-05-01,2024,5,3.7,5457.5,848.7,5315.8,6306.2
Pennsylvania,2024-06-01,2024,6,3.8,5468.6,859.8,5294.9,6328.400000000001
Pennsylvania,2024-07-01,2024,7,3.8,5452.6,859.9,5254.7,6312.5
Pennsylvania,2024-08-01,2024,8,3.8,5445.5,856.9,5258.1,6302.4
Pennsylvania,2024-09-01,2024,9,3.9,5469.1,851.5,5325.3,6320.6
Pennsylvania,2024-10-01,2024,10,3.9,5487.9,849.5,5352.2,6337.4
Pennsylvania,2024-11-01,2024,11,4.0,5495.6,844.8,5370.3,6340.400000000001
Pennsylvania,2024-12-01,2024,12,4.0,5492.5,838.9,5368.9,6331.4
Pennsylvania,2025-01-01,2025,1,4.1,5371.7,819.3,5255.6,6191.0
Pennsylvania,2025-02-01,2025,2,4.1,5384.6,819.6,5276.3,6204.200000000001
Pennsylvania,2025-03-01,2025,3,4.2,5426.9,830.7,5309.9,6257.599999999999
Pennsylvania,2025-04-01,2025,4,4.2,5460.6,840.1,5336.3,6300.700000000001
Pennsylvania,2025-05-01,2025,5,4.2,5492.0,848.6,5359.3,6340.6
Pennsylvania,2025-06-01,2025,6,4.3,5495.8,856.1,5336.0,6351.900000000001
Pennsylvania,2025-07-01,2025,7,4.4,5479.4,856.6,5288.6,6336.0
Pennsylvania,2025-08-01,2025,8,4.4,5469.7,853.1,5286.4,6322.8
Pennsylvania,2025-09-01,2025,9,4.4,5480.2,846.4,5344.0,6326.599999999999
Pennsylvania,2025-10-01,2025,10,,5510.1,842.7,5379.3,6352.8
Pennsylvania,2025-11-01,2025,11,4.4,5510.1,839.3,5387.0,6349.400000000001
Pennsylvania,2025-12-01,2025,12,4.4,5510.1,832.0,5389.8,6342.1
Pennsylvania,2026-01-01,2026,1,4.3,5412.1,822.5,5286.6,6234.6
Pennsylvania,2026-02-01,2026,2,4.2,5401.7,815.0,5294.0,6216.7
Rhode Island,2016-01-01,2016,1,5.6,414.3,56.7,422.8,471.0
Rhode Island,2016-02-01,2016,2,5.5,417.1,56.2,426.6,473.3
Rhode Island,2016-03-01,2016,3,5.5,420.6,56.9,429.6,477.5
Rhode Island,2016-04-01,2016,4,5.4,428.0,58.3,435.5,486.3
Rhode Island,2016-05-01,2016,5,5.4,432.4,59.2,439.5,491.59999999999997
Rhode Island,2016-06-01,2016,6,5.3,435.6,59.9,439.1,495.5
Rhode Island,2016-07-01,2016,7,5.3,434.6,59.6,435.7,494.20000000000005
Rhode Island,2016-08-01,2016,8,5.2,433.9,60.0,434.0,493.9
Rhode Island,2016-09-01,2016,9,5.1,434.3,59.5,440.7,493.8
Rhode Island,2016-10-01,2016,10,5.0,435.0,59.8,441.4,494.8
Rhode Island,2016-11-01,2016,11,4.9,434.1,59.5,441.0,493.6
Rhode Island,2016-12-01,2016,12,4.7,432.2,59.0,439.5,491.2
Rhode Island,2017-01-01,2017,1,4.6,416.7,56.7,425.4,473.4
Rhode Island,2017-02-01,2017,2,4.5,420.1,56.5,429.4,476.6
Rhode Island,2017-03-01,2017,3,4.5,421.8,56.7,431.1,478.5
Rhode Island,2017-04-01,2017,4,4.4,430.3,58.5,437.8,488.8
Rhode Island,2017-05-01,2017,5,4.4,436.1,59.3,443.6,495.40000000000003
Rhode Island,2017-06-01,2017,6,4.4,439.8,60.2,443.6,500.0
Rhode Island,2017-07-01,2017,7,4.4,438.2,59.7,439.6,497.9
Rhode Island,2017-08-01,2017,8,4.5,439.1,60.3,439.3,499.40000000000003
Rhode Island,2017-09-01,2017,9,4.5,437.6,59.9,444.1,497.5
Rhode Island,2017-10-01,2017,10,4.5,437.5,60.0,444.1,497.5
Rhode Island,2017-11-01,2017,11,4.5,438.2,60.1,444.5,498.3
Rhode Island,2017-12-01,2017,12,4.5,436.9,59.9,443.8,496.79999999999995
Rhode Island,2018-01-01,2018,1,4.5,417.7,57.1,426.3,474.8
Rhode Island,2018-02-01,2018,2,4.4,423.8,58.0,432.0,481.8
Rhode Island,2018-03-01,2018,3,4.3,425.5,58.5,433.1,484.0
Rhode Island,2018-04-01,2018,4,4.1,433.1,59.5,439.8,492.6
Rhode Island,2018-05-01,2018,5,4.0,439.4,60.4,446.6,499.79999999999995
Rhode Island,2018-06-01,2018,6,4.0,442.1,60.9,445.7,503.0
Rhode Island,2018-07-01,2018,7,3.9,441.5,60.3,442.5,501.8
Rhode Island,2018-08-01,2018,8,3.9,441.8,61.0,441.8,502.8
Rhode Island,2018-09-01,2018,9,3.9,440.6,60.8,447.1,501.40000000000003
Rhode Island,2018-10-01,2018,10,3.9,441.3,60.6,447.4,501.90000000000003
Rhode Island,2018-11-01,2018,11,3.9,441.1,60.4,447.4,501.5
Rhode Island,2018-12-01,2018,12,3.8,439.7,60.1,446.6,499.8
Rhode Island,2019-01-01,2019,1,3.8,424.4,58.3,432.5,482.7
Rhode Island,2019-02-01,2019,2,3.7,428.3,57.8,436.9,486.1
Rhode Island,2019-03-01,2019,3,3.6,428.3,58.2,437.1,486.5
Rhode Island,2019-04-01,2019,4,3.5,436.3,59.8,443.5,496.1
Rhode Island,2019-05-01,2019,5,3.5,441.8,60.5,448.6,502.3
Rhode Island,2019-06-01,2019,6,3.5,444.4,61.3,447.8,505.7
Rhode Island,2019-07-01,2019,7,3.5,444.5,60.7,445.1,505.2
Rhode Island,2019-08-01,2019,8,3.5,444.7,61.4,444.7,506.09999999999997
Rhode Island,2019-09-01,2019,9,3.5,443.2,60.9,449.5,504.09999999999997
Rhode Island,2019-10-01,2019,10,3.4,443.4,60.9,449.6,504.29999999999995
Rhode Island,2019-11-01,2019,11,3.4,443.9,60.9,450.1,504.79999999999995
Rhode Island,2019-12-01,2019,12,3.4,442.1,60.2,449.0,502.3
Rhode Island,2020-01-01,2020,1,3.5,426.9,58.3,435.4,485.2
Rhode Island,2020-02-01,2020,2,3.6,431.6,58.3,440.3,489.90000000000003
Rhode Island,2020-03-01,2020,3,3.7,427.7,58.3,436.2,486.0
Rhode Island,2020-04-01,2020,4,17.9,335.6,49.1,350.6,384.70000000000005
Rhode Island,2020-05-01,2020,5,15.4,355.1,53.4,365.8,408.5
Rhode Island,2020-06-01,2020,6,13.4,380.3,55.8,386.8,436.1
Rhode Island,2020-07-01,2020,7,12.2,391.8,56.1,394.7,447.90000000000003
Rhode Island,2020-08-01,2020,8,10.4,399.9,57.4,402.1,457.29999999999995
Rhode Island,2020-09-01,2020,9,10.0,404.7,57.7,411.0,462.4
Rhode Island,2020-10-01,2020,10,7.0,410.8,58.2,417.6,469.0
Rhode Island,2020-11-01,2020,11,7.0,410.6,58.5,417.1,469.1
Rhode Island,2020-12-01,2020,12,7.0,402.9,58.1,409.0,461.0
Rhode Island,2021-01-01,2021,1,6.6,391.7,55.8,399.0,447.5
Rhode Island,2021-02-01,2021,2,6.4,397.4,55.7,405.5,453.09999999999997
Rhode Island,2021-03-01,2021,3,6.2,402.4,56.8,409.4,459.2
Rhode Island,2021-04-01,2021,4,6.2,411.8,58.5,417.6,470.3
Rhode Island,2021-05-01,2021,5,6.1,418.5,59.3,424.0,477.8
Rhode Island,2021-06-01,2021,6,6.1,423.1,60.3,426.2,483.40000000000003
Rhode Island,2021-07-01,2021,7,5.9,424.6,60.2,425.2,484.8
Rhode Island,2021-08-01,2021,8,5.6,423.9,60.7,422.3,484.59999999999997
Rhode Island,2021-09-01,2021,9,5.1,423.1,60.5,427.5,483.6
Rhode Island,2021-10-01,2021,10,4.6,427.3,61.2,430.7,488.5
Rhode Island,2021-11-01,2021,11,4.1,428.7,61.5,432.1,490.2
Rhode Island,2021-12-01,2021,12,3.7,426.0,61.0,429.9,487.0
Rhode Island,2022-01-01,2022,1,3.5,410.1,58.2,415.4,468.3
Rhode Island,2022-02-01,2022,2,3.3,417.9,58.9,423.6,476.79999999999995
Rhode Island,2022-03-01,2022,3,3.2,421.0,59.6,426.0,480.6
Rhode Island,2022-04-01,2022,4,3.1,433.0,61.4,436.3,494.4
Rhode Island,2022-05-01,2022,5,3.1,437.4,62.0,440.6,499.4
Rhode Island,2022-06-01,2022,6,3.2,441.4,62.5,442.6,503.9
Rhode Island,2022-07-01,2022,7,3.3,442.5,62.3,441.4,504.8
Rhode Island,2022-08-01,2022,8,3.4,441.7,62.7,440.5,504.4
Rhode Island,2022-09-01,2022,9,3.3,438.6,62.3,441.2,500.90000000000003
Rhode Island,2022-10-01,2022,10,3.2,440.3,62.5,443.2,502.8
Rhode Island,2022-11-01,2022,11,3.1,440.4,62.8,443.7,503.2
Rhode Island,2022-12-01,2022,12,3.0,437.1,62.3,440.9,499.40000000000003
Rhode Island,2023-01-01,2023,1,2.9,423.1,60.5,426.7,483.6
Rhode Island,2023-02-01,2023,2,2.8,428.5,60.6,433.2,489.1
Rhode Island,2023-03-01,2023,3,2.7,430.9,60.9,436.3,491.79999999999995
Rhode Island,2023-04-01,2023,4,2.7,435.5,61.9,439.1,497.4
Rhode Island,2023-05-01,2023,5,2.7,443.7,62.8,447.0,506.5
Rhode Island,2023-06-01,2023,6,2.7,449.1,63.4,450.0,512.5
Rhode Island,2023-07-01,2023,7,2.7,448.0,62.7,446.6,510.7
Rhode Island,2023-08-01,2023,8,2.9,447.1,62.9,445.9,510.0
Rhode Island,2023-09-01,2023,9,3.1,447.0,62.6,450.8,509.6
Rhode Island,2023-10-01,2023,10,3.3,445.6,62.4,449.8,508.0
Rhode Island,2023-11-01,2023,11,3.5,445.4,62.3,450.0,507.7
Rhode Island,2023-12-01,2023,12,3.7,444.4,62.0,449.4,506.4
Rhode Island,2024-01-01,2024,1,3.8,427.9,60.0,432.6,487.9
Rhode Island,2024-02-01,2024,2,3.9,433.2,60.1,439.7,493.3
Rhode Island,2024-03-01,2024,3,4.0,437.1,61.0,443.3,498.1
Rhode Island,2024-04-01,2024,4,4.1,444.7,62.1,449.0,506.8
Rhode Island,2024-05-01,2024,5,4.2,450.7,63.1,453.8,513.8
Rhode Island,2024-06-01,2024,6,4.3,454.5,63.6,456.3,518.1
Rhode Island,2024-07-01,2024,7,4.4,453.4,63.3,452.6,516.6999999999999
Rhode Island,2024-08-01,2024,8,4.4,453.6,63.5,452.3,517.1
Rhode Island,2024-09-01,2024,9,4.4,452.2,63.1,456.6,515.3
Rhode Island,2024-10-01,2024,10,4.5,452.1,62.7,456.3,514.8000000000001
Rhode Island,2024-11-01,2024,11,4.5,452.6,62.7,457.1,515.3000000000001
Rhode Island,2024-12-01,2024,12,4.5,450.9,62.2,455.9,513.1
Rhode Island,2025-01-01,2025,1,4.5,434.8,60.1,440.8,494.90000000000003
Rhode Island,2025-02-01,2025,2,4.5,438.9,60.0,445.7,498.9
Rhode Island,2025-03-01,2025,3,4.5,441.5,60.7,447.7,502.2
Rhode Island,2025-04-01,2025,4,4.4,450.2,61.9,455.3,512.1
Rhode Island,2025-05-01,2025,5,4.4,457.4,62.7,460.8,520.1
Rhode Island,2025-06-01,2025,6,4.3,458.4,63.1,460.2,521.5
Rhode Island,2025-07-01,2025,7,4.2,455.9,62.6,455.8,518.5
Rhode Island,2025-08-01,2025,8,4.3,455.3,63.1,454.0,518.4
Rhode Island,2025-09-01,2025,9,4.3,452.5,62.6,456.4,515.1
Rhode Island,2025-10-01,2025,10,,451.8,62.4,454.8,514.2
Rhode Island,2025-11-01,2025,11,4.4,450.5,62.4,454.3,512.9
Rhode Island,2025-12-01,2025,12,4.4,448.6,62.4,452.7,511.0
Rhode Island,2026-01-01,2026,1,4.5,437.6,60.9,441.2,498.5
Rhode Island,2026-02-01,2026,2,4.6,439.1,60.3,444.4,499.40000000000003
South Carolina,2016-01-01,2016,1,5.3,1638.1,330.8,1669.3,1968.8999999999999
South Carolina,2016-02-01,2016,2,5.3,1652.5,332.3,1686.0,1984.8
South Carolina,2016-03-01,2016,3,5.2,1668.6,333.9,1702.4,2002.5
South Carolina,2016-04-01,2016,4,5.1,1691.5,334.7,1725.2,2026.2
South Carolina,2016-05-01,2016,5,5.1,1703.2,336.3,1734.4,2039.5
South Carolina,2016-06-01,2016,6,5.0,1708.7,338.3,1733.0,2047.0
South Carolina,2016-07-01,2016,7,4.9,1710.6,339.6,1721.7,2050.2
South Carolina,2016-08-01,2016,8,4.7,1712.6,339.4,1726.7,2052.0
South Carolina,2016-09-01,2016,9,4.7,1705.7,340.8,1730.2,2046.5
South Carolina,2016-10-01,2016,10,4.6,1698.9,339.1,1727.3,2038.0
South Carolina,2016-11-01,2016,11,4.5,1718.9,342.0,1745.6,2060.9
South Carolina,2016-12-01,2016,12,4.4,1718.1,343.8,1744.4,2061.9
South Carolina,2017-01-01,2017,1,4.4,1684.9,341.9,1707.4,2026.8000000000002
South Carolina,2017-02-01,2017,2,4.3,1699.5,343.9,1723.4,2043.4
South Carolina,2017-03-01,2017,3,4.2,1713.6,345.1,1738.4,2058.7
South Carolina,2017-04-01,2017,4,4.2,1726.9,344.9,1752.0,2071.8
South Carolina,2017-05-01,2017,5,4.1,1740.3,347.4,1762.6,2087.7
South Carolina,2017-06-01,2017,6,4.1,1751.5,350.4,1766.3,2101.9
South Carolina,2017-07-01,2017,7,4.2,1747.0,350.1,1751.3,2097.1
South Carolina,2017-08-01,2017,8,4.2,1744.3,345.9,1755.5,2090.2
South Carolina,2017-09-01,2017,9,4.2,1727.8,345.6,1750.5,2073.4
South Carolina,2017-10-01,2017,10,4.2,1739.8,345.5,1765.8,2085.3
South Carolina,2017-11-01,2017,11,4.2,1754.8,347.4,1781.0,2102.2
South Carolina,2017-12-01,2017,12,4.0,1754.0,349.4,1777.8,2103.4
South Carolina,2018-01-01,2018,1,3.9,1739.1,350.9,1757.8,2090.0
South Carolina,2018-02-01,2018,2,3.7,1755.6,354.3,1773.0,2109.9
South Carolina,2018-03-01,2018,3,3.5,1766.1,355.2,1783.8,2121.2999999999997
South Carolina,2018-04-01,2018,4,3.3,1788.9,358.0,1803.7,2146.9
South Carolina,2018-05-01,2018,5,3.2,1800.3,360.1,1812.8,2160.4
South Carolina,2018-06-01,2018,6,3.2,1812.0,363.2,1816.1,2175.2
South Carolina,2018-07-01,2018,7,3.3,1803.3,361.9,1795.8,2165.2
South Carolina,2018-08-01,2018,8,3.3,1805.4,361.6,1801.7,2167.0
South Carolina,2018-09-01,2018,9,3.3,1780.8,361.1,1789.5,2141.9
South Carolina,2018-10-01,2018,10,3.3,1797.3,362.5,1805.8,2159.8
South Carolina,2018-11-01,2018,11,3.2,1812.1,364.1,1821.2,2176.2
South Carolina,2018-12-01,2018,12,3.2,1808.6,365.9,1815.7,2174.5
South Carolina,2019-01-01,2019,1,3.2,1775.7,364.4,1781.5,2140.1
South Carolina,2019-02-01,2019,2,3.2,1785.0,365.8,1792.6,2150.8
South Carolina,2019-03-01,2019,3,3.1,1796.6,367.0,1804.3,2163.6
South Carolina,2019-04-01,2019,4,3.1,1815.7,369.6,1824.0,2185.3
South Carolina,2019-05-01,2019,5,2.9,1827.7,370.2,1835.6,2197.9
South Carolina,2019-06-01,2019,6,2.7,1834.9,372.3,1835.6,2207.2000000000003
South Carolina,2019-07-01,2019,7,2.6,1833.8,372.3,1822.4,2206.1
South Carolina,2019-08-01,2019,8,2.5,1834.8,371.5,1830.1,2206.3
South Carolina,2019-09-01,2019,9,2.4,1820.7,370.3,1827.4,2191.0
South Carolina,2019-10-01,2019,10,2.4,1823.7,367.9,1836.1,2191.6
South Carolina,2019-11-01,2019,11,2.5,1836.2,368.6,1849.3,2204.8
South Carolina,2019-12-01,2019,12,2.6,1833.2,369.2,1845.9,2202.4
South Carolina,2020-01-01,2020,1,2.8,1792.3,365.3,1805.1,2157.6
South Carolina,2020-02-01,2020,2,2.9,1798.0,365.8,1813.1,2163.8
South Carolina,2020-03-01,2020,3,3.1,1794.7,365.3,1811.4,2160.0
South Carolina,2020-04-01,2020,4,11.7,1531.5,331.1,1568.2,1862.6
South Carolina,2020-05-01,2020,5,9.3,1610.1,337.6,1635.2,1947.6999999999998
South Carolina,2020-06-01,2020,6,7.8,1688.8,350.4,1692.3,2039.1999999999998
South Carolina,2020-07-01,2020,7,7.1,1699.5,348.3,1691.2,2047.8
South Carolina,2020-08-01,2020,8,6.2,1717.8,351.5,1725.2,2069.3
South Carolina,2020-09-01,2020,9,5.8,1716.9,351.7,1732.2,2068.6
South Carolina,2020-10-01,2020,10,5.3,1747.5,352.8,1762.0,2100.3
South Carolina,2020-11-01,2020,11,5.1,1762.5,353.9,1776.9,2116.4
South Carolina,2020-12-01,2020,12,4.9,1769.7,355.8,1783.5,2125.5
South Carolina,2021-01-01,2021,1,4.6,1731.3,352.9,1744.8,2084.2
South Carolina,2021-02-01,2021,2,4.5,1746.0,355.2,1758.4,2101.2
South Carolina,2021-03-01,2021,3,4.3,1757.1,356.3,1769.3,2113.4
South Carolina,2021-04-01,2021,4,4.2,1771.1,357.1,1783.1,2128.2
South Carolina,2021-05-01,2021,5,4.1,1785.2,356.2,1797.2,2141.4
South Carolina,2021-06-01,2021,6,4.0,1791.3,358.5,1796.5,2149.8
South Carolina,2021-07-01,2021,7,3.9,1808.8,361.2,1800.0,2170.0
South Carolina,2021-08-01,2021,8,3.8,1805.4,360.1,1805.4,2165.5
South Carolina,2021-09-01,2021,9,3.6,1795.2,359.8,1803.5,2155.0
South Carolina,2021-10-01,2021,10,3.5,1822.2,362.7,1830.9,2184.9
South Carolina,2021-11-01,2021,11,3.4,1836.2,364.5,1844.1,2200.7
South Carolina,2021-12-01,2021,12,3.3,1841.1,367.6,1844.5,2208.7
South Carolina,2022-01-01,2022,1,3.3,1815.1,364.9,1810.9,2180.0
South Carolina,2022-02-01,2022,2,3.2,1841.8,369.9,1839.6,2211.7
South Carolina,2022-03-01,2022,3,3.2,1843.4,371.8,1840.8,2215.2000000000003
South Carolina,2022-04-01,2022,4,3.2,1868.0,373.7,1863.9,2241.7
South Carolina,2022-05-01,2022,5,3.2,1880.0,373.8,1875.3,2253.8
South Carolina,2022-06-01,2022,6,3.2,1884.3,376.2,1873.9,2260.5
South Carolina,2022-07-01,2022,7,3.2,1897.5,377.7,1877.0,2275.2
South Carolina,2022-08-01,2022,8,3.2,1900.2,378.3,1881.3,2278.5
South Carolina,2022-09-01,2022,9,3.2,1894.8,378.2,1887.7,2273.0
South Carolina,2022-10-01,2022,10,3.2,1903.2,376.7,1900.0,2279.9
South Carolina,2022-11-01,2022,11,3.2,1910.6,376.7,1909.7,2287.2999999999997
South Carolina,2022-12-01,2022,12,3.1,1910.4,378.1,1907.3,2288.5
South Carolina,2023-01-01,2023,1,3.1,1890.4,376.4,1882.7,2266.8
South Carolina,2023-02-01,2023,2,3.0,1901.2,377.8,1898.9,2279.0
South Carolina,2023-03-01,2023,3,3.0,1911.1,378.3,1910.6,2289.4
South Carolina,2023-04-01,2023,4,2.9,1916.5,376.8,1917.2,2293.3
South Carolina,2023-05-01,2023,5,2.8,1930.9,377.7,1928.3,2308.6
South Carolina,2023-06-01,2023,6,2.8,1941.1,381.0,1935.0,2322.1
South Carolina,2023-07-01,2023,7,2.8,1944.2,381.3,1927.7,2325.5
South Carolina,2023-08-01,2023,8,2.8,1948.7,381.2,1939.7,2329.9
South Carolina,2023-09-01,2023,9,2.9,1944.4,381.9,1945.0,2326.3
South Carolina,2023-10-01,2023,10,3.0,1952.8,381.4,1956.0,2334.2
South Carolina,2023-11-01,2023,11,3.2,1962.5,382.0,1968.5,2344.5
South Carolina,2023-12-01,2023,12,3.3,1960.6,383.1,1964.7,2343.7
South Carolina,2024-01-01,2024,1,3.4,1924.1,380.7,1925.1,2304.7999999999997
South Carolina,2024-02-01,2024,2,3.6,1940.2,382.4,1945.5,2322.6
South Carolina,2024-03-01,2024,3,3.7,1950.3,383.7,1955.3,2334.0
South Carolina,2024-04-01,2024,4,3.9,1962.3,384.1,1967.9,2346.4
South Carolina,2024-05-01,2024,5,4.1,1972.0,385.3,1973.6,2357.3
South Carolina,2024-06-01,2024,6,4.3,1983.7,390.4,1979.7,2374.1
South Carolina,2024-07-01,2024,7,4.4,1972.1,387.6,1959.7,2359.7
South Carolina,2024-08-01,2024,8,4.5,1975.2,387.2,1971.5,2362.4
South Carolina,2024-09-01,2024,9,4.5,1975.7,387.2,1981.9,2362.9
South Carolina,2024-10-01,2024,10,4.4,1978.7,387.5,1986.2,2366.2
South Carolina,2024-11-01,2024,11,4.3,1989.8,387.7,1999.2,2377.5
South Carolina,2024-12-01,2024,12,4.2,1987.0,389.2,1994.5,2376.2
South Carolina,2025-01-01,2025,1,4.1,1951.1,386.0,1957.7,2337.1
South Carolina,2025-02-01,2025,2,4.1,1967.1,387.6,1976.5,2354.7
South Carolina,2025-03-01,2025,3,4.2,1985.7,390.2,1992.5,2375.9
South Carolina,2025-04-01,2025,4,4.2,1989.1,388.9,1995.6,2378.0
South Carolina,2025-05-01,2025,5,4.3,2000.1,391.0,2001.9,2391.1
South Carolina,2025-06-01,2025,6,4.4,2006.9,393.9,2004.8,2400.8
South Carolina,2025-07-01,2025,7,4.4,1992.7,391.0,1984.4,2383.7
South Carolina,2025-08-01,2025,8,4.6,1997.4,391.5,1997.4,2388.9
South Carolina,2025-09-01,2025,9,4.7,1986.7,391.7,1994.8,2378.4
South Carolina,2025-10-01,2025,10,,1999.5,391.0,2008.8,2390.5
South Carolina,2025-11-01,2025,11,4.8,2007.2,391.3,2018.3,2398.5
South Carolina,2025-12-01,2025,12,4.8,2002.1,391.8,2012.3,2393.9
South Carolina,2026-01-01,2026,1,4.9,1970.1,390.0,1977.6,2360.1
South Carolina,2026-02-01,2026,2,5.0,1975.0,393.0,1984.4,2368.0
South Dakota,2016-01-01,2016,1,2.8,341.4,61.8,356.7,403.2
South Dakota,2016-02-01,2016,2,2.8,342.1,61.6,359.0,403.70000000000005
South Dakota,2016-03-01,2016,3,2.8,344.4,62.7,360.6,407.09999999999997
South Dakota,2016-04-01,2016,4,2.9,350.2,64.6,365.0,414.79999999999995
South Dakota,2016-05-01,2016,5,2.9,356.6,66.6,370.2,423.20000000000005
South Dakota,2016-06-01,2016,6,3.0,361.1,69.4,371.2,430.5
South Dakota,2016-07-01,2016,7,3.1,363.2,70.0,367.2,433.2
South Dakota,2016-08-01,2016,8,3.1,364.1,68.9,369.4,433.0
South Dakota,2016-09-01,2016,9,3.1,357.6,67.6,369.3,425.20000000000005
South Dakota,2016-10-01,2016,10,3.2,356.0,67.1,368.8,423.1
South Dakota,2016-11-01,2016,11,3.2,354.8,66.2,368.6,421.0
South Dakota,2016-12-01,2016,12,3.1,352.6,64.6,368.1,417.20000000000005
South Dakota,2017-01-01,2017,1,3.1,343.2,61.9,359.5,405.09999999999997
South Dakota,2017-02-01,2017,2,3.1,343.5,62.1,360.8,405.6
South Dakota,2017-03-01,2017,3,3.0,346.0,62.7,363.0,408.7
South Dakota,2017-04-01,2017,4,3.0,352.0,65.2,366.6,417.2
South Dakota,2017-05-01,2017,5,3.0,357.9,66.9,372.1,424.79999999999995
South Dakota,2017-06-01,2017,6,3.0,362.2,69.1,373.4,431.29999999999995
South Dakota,2017-07-01,2017,7,3.0,361.8,69.3,367.1,431.1
South Dakota,2017-08-01,2017,8,3.0,363.9,69.3,369.7,433.2
South Dakota,2017-09-01,2017,9,3.0,358.1,68.3,369.6,426.40000000000003
South Dakota,2017-10-01,2017,10,3.0,357.7,68.1,370.0,425.79999999999995
South Dakota,2017-11-01,2017,11,3.0,355.9,67.5,368.8,423.4
South Dakota,2017-12-01,2017,12,3.0,355.3,66.8,368.7,422.1
South Dakota,2018-01-01,2018,1,2.9,346.6,64.0,360.9,410.6
South Dakota,2018-02-01,2018,2,2.9,347.3,64.1,362.8,411.4
South Dakota,2018-03-01,2018,3,2.9,349.2,64.8,364.6,414.0
South Dakota,2018-04-01,2018,4,2.8,351.4,66.3,365.1,417.7
South Dakota,2018-05-01,2018,5,2.8,361.3,69.1,373.8,430.4
South Dakota,2018-06-01,2018,6,2.7,365.7,71.0,375.6,436.7
South Dakota,2018-07-01,2018,7,2.7,366.0,71.2,369.9,437.2
South Dakota,2018-08-01,2018,8,2.7,368.3,71.1,372.7,439.4
South Dakota,2018-09-01,2018,9,2.7,362.7,70.6,372.3,433.29999999999995
South Dakota,2018-10-01,2018,10,2.7,360.9,70.1,371.8,431.0
South Dakota,2018-11-01,2018,11,2.7,359.9,69.6,371.2,429.5
South Dakota,2018-12-01,2018,12,2.7,359.2,68.5,371.5,427.7
South Dakota,2019-01-01,2019,1,2.8,350.2,66.3,362.9,416.5
South Dakota,2019-02-01,2019,2,2.8,349.7,65.8,364.0,415.5
South Dakota,2019-03-01,2019,3,2.8,350.8,66.3,364.9,417.1
South Dakota,2019-04-01,2019,4,2.8,354.4,67.8,367.3,422.2
South Dakota,2019-05-01,2019,5,2.8,363.7,70.5,374.8,434.2
South Dakota,2019-06-01,2019,6,2.8,367.7,72.2,376.4,439.9
South Dakota,2019-07-01,2019,7,2.8,368.7,72.7,371.4,441.4
South Dakota,2019-08-01,2019,8,2.7,370.0,72.3,373.6,442.3
South Dakota,2019-09-01,2019,9,2.7,363.8,71.3,373.5,435.1
South Dakota,2019-10-01,2019,10,2.7,363.5,70.8,374.2,434.3
South Dakota,2019-11-01,2019,11,2.6,362.5,70.1,374.1,432.6
South Dakota,2019-12-01,2019,12,2.6,361.1,68.7,373.7,429.8
South Dakota,2020-01-01,2020,1,2.5,352.6,65.9,365.3,418.5
South Dakota,2020-02-01,2020,2,2.5,352.9,65.8,367.7,418.7
South Dakota,2020-03-01,2020,3,2.4,351.8,66.3,366.1,418.1
South Dakota,2020-04-01,2020,4,8.8,321.3,66.4,329.7,387.70000000000005
South Dakota,2020-05-01,2020,5,6.6,336.4,68.8,340.8,405.2
South Dakota,2020-06-01,2020,6,5.3,348.0,69.9,352.3,417.9
South Dakota,2020-07-01,2020,7,4.7,354.2,70.9,352.2,425.1
South Dakota,2020-08-01,2020,8,3.9,357.3,70.8,359.5,428.1
South Dakota,2020-09-01,2020,9,3.6,353.9,69.9,362.9,423.79999999999995
South Dakota,2020-10-01,2020,10,3.3,356.3,70.3,366.7,426.6
South Dakota,2020-11-01,2020,11,3.1,353.6,69.1,364.6,422.70000000000005
South Dakota,2020-12-01,2020,12,3.0,352.9,68.8,364.2,421.7
South Dakota,2021-01-01,2021,1,2.8,345.4,65.8,357.1,411.2
South Dakota,2021-02-01,2021,2,2.8,345.6,65.1,359.1,410.70000000000005
South Dakota,2021-03-01,2021,3,2.8,348.9,66.7,361.4,415.59999999999997
South Dakota,2021-04-01,2021,4,2.8,356.5,69.1,366.7,425.6
South Dakota,2021-05-01,2021,5,2.8,363.8,70.8,373.6,434.6
South Dakota,2021-06-01,2021,6,2.7,369.8,72.9,375.9,442.70000000000005
South Dakota,2021-07-01,2021,7,2.6,372.0,73.5,373.2,445.5
South Dakota,2021-08-01,2021,8,2.5,372.2,72.8,374.8,445.0
South Dakota,2021-09-01,2021,9,2.4,366.1,71.7,375.0,437.8
South Dakota,2021-10-01,2021,10,2.3,366.6,71.2,376.3,437.8
South Dakota,2021-11-01,2021,11,2.1,366.1,70.9,375.8,437.0
South Dakota,2021-12-01,2021,12,2.0,365.6,70.2,375.7,435.8
South Dakota,2022-01-01,2022,1,1.9,357.6,67.7,368.4,425.3
South Dakota,2022-02-01,2022,2,1.9,359.7,68.2,371.4,427.9
South Dakota,2022-03-01,2022,3,1.9,362.5,68.9,374.0,431.4
South Dakota,2022-04-01,2022,4,1.9,368.0,71.3,377.3,439.3
South Dakota,2022-05-01,2022,5,1.9,374.4,72.9,382.9,447.29999999999995
South Dakota,2022-06-01,2022,6,1.9,380.5,75.3,385.4,455.8
South Dakota,2022-07-01,2022,7,1.9,382.4,75.6,381.7,458.0
South Dakota,2022-08-01,2022,8,2.0,384.0,75.3,384.5,459.3
South Dakota,2022-09-01,2022,9,2.0,377.8,74.0,384.7,451.8
South Dakota,2022-10-01,2022,10,2.0,377.8,74.3,384.9,452.1
South Dakota,2022-11-01,2022,11,1.9,376.0,73.4,384.2,449.4
South Dakota,2022-12-01,2022,12,1.9,373.8,71.9,383.0,445.70000000000005
South Dakota,2023-01-01,2023,1,1.8,366.8,70.2,375.8,437.0
South Dakota,2023-02-01,2023,2,1.8,368.0,70.3,378.7,438.3
South Dakota,2023-03-01,2023,3,1.8,370.2,71.0,380.7,441.2
South Dakota,2023-04-01,2023,4,1.8,374.4,72.8,383.1,447.2
South Dakota,2023-05-01,2023,5,1.8,382.5,75.2,389.8,457.7
South Dakota,2023-06-01,2023,6,1.8,390.3,78.0,393.8,468.3
South Dakota,2023-07-01,2023,7,1.8,389.4,78.0,387.3,467.4
South Dakota,2023-08-01,2023,8,1.8,391.3,77.7,390.9,469.0
South Dakota,2023-09-01,2023,9,1.8,385.8,76.9,391.2,462.70000000000005
South Dakota,2023-10-01,2023,10,1.8,384.8,76.1,391.8,460.9
South Dakota,2023-11-01,2023,11,1.8,383.6,75.5,391.1,459.1
South Dakota,2023-12-01,2023,12,1.8,383.4,74.9,391.4,458.29999999999995
South Dakota,2024-01-01,2024,1,1.8,372.6,71.6,381.9,444.20000000000005
South Dakota,2024-02-01,2024,2,1.7,374.2,72.1,384.6,446.29999999999995
South Dakota,2024-03-01,2024,3,1.7,377.2,73.3,387.1,450.5
South Dakota,2024-04-01,2024,4,1.8,381.5,74.8,389.6,456.3
South Dakota,2024-05-01,2024,5,1.8,389.6,76.7,396.9,466.3
South Dakota,2024-06-01,2024,6,1.8,393.3,78.3,397.5,471.6
South Dakota,2024-07-01,2024,7,1.8,393.5,78.6,391.7,472.1
South Dakota,2024-08-01,2024,8,1.9,394.6,77.9,394.2,472.5
South Dakota,2024-09-01,2024,9,1.9,389.3,77.1,395.4,466.4
South Dakota,2024-10-01,2024,10,1.9,388.7,76.7,395.5,465.4
South Dakota,2024-11-01,2024,11,1.9,388.5,75.9,396.2,464.4
South Dakota,2024-12-01,2024,12,1.9,386.6,74.7,395.4,461.3
South Dakota,2025-01-01,2025,1,2.0,376.9,71.7,386.4,448.59999999999997
South Dakota,2025-02-01,2025,2,2.0,376.3,71.5,387.5,447.8
South Dakota,2025-03-01,2025,3,2.0,378.1,72.5,388.7,450.6
South Dakota,2025-04-01,2025,4,2.0,384.6,74.8,392.8,459.40000000000003
South Dakota,2025-05-01,2025,5,2.0,391.5,76.3,398.8,467.8
South Dakota,2025-06-01,2025,6,2.0,394.9,77.7,400.1,472.59999999999997
South Dakota,2025-07-01,2025,7,2.0,395.8,77.9,394.5,473.70000000000005
South Dakota,2025-08-01,2025,8,2.1,396.5,77.7,396.3,474.2
South Dakota,2025-09-01,2025,9,2.1,389.6,76.3,396.3,465.90000000000003
South Dakota,2025-10-01,2025,10,,391.2,76.5,397.6,467.7
South Dakota,2025-11-01,2025,11,2.2,388.6,74.4,396.8,463.0
South Dakota,2025-12-01,2025,12,2.2,387.4,72.9,396.8,460.29999999999995
South Dakota,2026-01-01,2026,1,2.2,379.0,71.3,387.6,450.3
South Dakota,2026-02-01,2026,2,2.3,379.4,71.4,389.6,450.79999999999995
Tennessee,2016-01-01,2016,1,4.8,2480.4,450.8,2455.1,2931.2000000000003
Tennessee,2016-02-01,2016,2,4.7,2488.1,451.7,2470.9,2939.7999999999997
Tennessee,2016-03-01,2016,3,4.7,2507.2,456.0,2490.2,2963.2
Tennessee,2016-04-01,2016,4,4.7,2535.3,458.3,2512.9,2993.6000000000004
Tennessee,2016-05-01,2016,5,4.7,2541.6,460.1,2511.5,3001.7
Tennessee,2016-06-01,2016,6,4.7,2554.0,464.0,2488.6,3018.0
Tennessee,2016-07-01,2016,7,4.7,2553.0,464.8,2483.9,3017.8
Tennessee,2016-08-01,2016,8,4.8,2562.3,465.4,2510.5,3027.7000000000003
Tennessee,2016-09-01,2016,9,4.8,2568.2,466.1,2539.6,3034.2999999999997
Tennessee,2016-10-01,2016,10,4.8,2570.6,465.5,2546.0,3036.1
Tennessee,2016-11-01,2016,11,4.8,2589.2,466.1,2567.4,3055.2999999999997
Tennessee,2016-12-01,2016,12,4.7,2595.5,467.6,2568.7,3063.1
Tennessee,2017-01-01,2017,1,4.5,2528.4,461.9,2493.3,2990.3
Tennessee,2017-02-01,2017,2,4.3,2543.8,465.7,2515.9,3009.5
Tennessee,2017-03-01,2017,3,4.1,2557.1,467.9,2527.8,3025.0
Tennessee,2017-04-01,2017,4,3.9,2577.5,470.6,2546.4,3048.1
Tennessee,2017-05-01,2017,5,3.7,2585.4,471.7,2548.0,3057.1
Tennessee,2017-06-01,2017,6,3.6,2601.3,475.0,2528.8,3076.3
Tennessee,2017-07-01,2017,7,3.5,2593.5,473.8,2519.5,3067.3
Tennessee,2017-08-01,2017,8,3.4,2603.6,474.8,2543.3,3078.4
Tennessee,2017-09-01,2017,9,3.4,2605.8,473.9,2571.7,3079.7000000000003
Tennessee,2017-10-01,2017,10,3.4,2611.4,472.5,2581.9,3083.9
Tennessee,2017-11-01,2017,11,3.5,2636.9,474.1,2607.9,3111.0
Tennessee,2017-12-01,2017,12,3.5,2637.8,474.3,2606.3,3112.1000000000004
Tennessee,2018-01-01,2018,1,3.5,2567.7,468.2,2531.1,3035.8999999999996
Tennessee,2018-02-01,2018,2,3.5,2584.8,470.1,2556.2,3054.9
Tennessee,2018-03-01,2018,3,3.5,2602.6,473.6,2572.1,3076.2
Tennessee,2018-04-01,2018,4,3.5,2617.8,476.2,2585.7,3094.0
Tennessee,2018-05-01,2018,5,3.5,2631.0,478.1,2593.2,3109.1
Tennessee,2018-06-01,2018,6,3.5,2647.3,482.6,2573.1,3129.9
Tennessee,2018-07-01,2018,7,3.5,2637.9,482.8,2558.7,3120.7000000000003
Tennessee,2018-08-01,2018,8,3.5,2654.1,485.5,2589.7,3139.6
Tennessee,2018-09-01,2018,9,3.5,2655.0,486.6,2611.8,3141.6
Tennessee,2018-10-01,2018,10,3.5,2659.2,485.3,2623.0,3144.5
Tennessee,2018-11-01,2018,11,3.5,2685.8,486.6,2652.8,3172.4
Tennessee,2018-12-01,2018,12,3.5,2683.6,485.5,2647.6,3169.1
Tennessee,2019-01-01,2019,1,3.5,2632.8,482.4,2586.0,3115.2000000000003
Tennessee,2019-02-01,2019,2,3.4,2644.4,484.6,2605.6,3129.0
Tennessee,2019-03-01,2019,3,3.4,2657.3,486.6,2617.5,3143.9
Tennessee,2019-04-01,2019,4,3.4,2675.5,489.1,2632.7,3164.6
Tennessee,2019-05-01,2019,5,3.3,2686.4,491.8,2636.2,3178.2000000000003
Tennessee,2019-06-01,2019,6,3.2,2700.9,494.9,2616.0,3195.8
Tennessee,2019-07-01,2019,7,3.2,2690.8,494.0,2601.8,3184.8
Tennessee,2019-08-01,2019,8,3.2,2706.3,493.4,2635.8,3199.7000000000003
Tennessee,2019-09-01,2019,9,3.3,2703.7,493.0,2657.1,3196.7
Tennessee,2019-10-01,2019,10,3.3,2696.5,486.6,2659.5,3183.1
Tennessee,2019-11-01,2019,11,3.4,2733.3,492.8,2692.9,3226.1000000000004
Tennessee,2019-12-01,2019,12,3.4,2731.3,492.5,2687.8,3223.8
Tennessee,2020-01-01,2020,1,3.4,2678.9,486.3,2632.8,3165.2000000000003
Tennessee,2020-02-01,2020,2,3.5,2685.0,486.3,2649.5,3171.3
Tennessee,2020-03-01,2020,3,3.5,2676.5,486.7,2642.1,3163.2
Tennessee,2020-04-01,2020,4,15.7,2346.0,425.7,2357.8,2771.7
Tennessee,2020-05-01,2020,5,12.1,2417.2,433.8,2409.4,2851.0
Tennessee,2020-06-01,2020,6,10.2,2510.5,463.8,2460.4,2974.3
Tennessee,2020-07-01,2020,7,9.0,2532.2,469.5,2452.7,3001.7
Tennessee,2020-08-01,2020,8,7.6,2556.4,471.7,2501.5,3028.1
Tennessee,2020-09-01,2020,9,7.1,2572.2,474.9,2536.1,3047.1
Tennessee,2020-10-01,2020,10,6.3,2615.9,477.8,2580.8,3093.7000000000003
Tennessee,2020-11-01,2020,11,5.9,2648.0,480.1,2611.6,3128.1
Tennessee,2020-12-01,2020,12,5.6,2664.9,483.0,2622.8,3147.9
Tennessee,2021-01-01,2021,1,5.3,2600.0,479.2,2546.4,3079.2
Tennessee,2021-02-01,2021,2,5.2,2608.5,479.9,2564.7,3088.4
Tennessee,2021-03-01,2021,3,5.1,2629.1,485.2,2580.5,3114.2999999999997
Tennessee,2021-04-01,2021,4,5.0,2629.0,484.1,2583.4,3113.1
Tennessee,2021-05-01,2021,5,4.9,2650.1,486.3,2596.4,3136.4
Tennessee,2021-06-01,2021,6,4.7,2665.6,490.6,2601.5,3156.2
Tennessee,2021-07-01,2021,7,4.4,2695.1,495.0,2597.8,3190.1
Tennessee,2021-08-01,2021,8,4.2,2705.8,495.3,2626.1,3201.1000000000004
Tennessee,2021-09-01,2021,9,3.9,2697.1,492.6,2644.3,3189.7
Tennessee,2021-10-01,2021,10,3.7,2721.0,495.3,2668.6,3216.3
Tennessee,2021-11-01,2021,11,3.5,2746.9,497.6,2693.4,3244.5
Tennessee,2021-12-01,2021,12,3.4,2754.8,501.0,2695.9,3255.8
Tennessee,2022-01-01,2022,1,3.4,2717.9,497.5,2650.9,3215.4
Tennessee,2022-02-01,2022,2,3.4,2754.1,503.7,2689.6,3257.7999999999997
Tennessee,2022-03-01,2022,3,3.3,2766.8,508.4,2698.9,3275.2000000000003
Tennessee,2022-04-01,2022,4,3.3,2788.3,511.3,2719.6,3299.6000000000004
Tennessee,2022-05-01,2022,5,3.3,2802.1,514.3,2726.8,3316.3999999999996
Tennessee,2022-06-01,2022,6,3.3,2809.7,518.8,2720.5,3328.5
Tennessee,2022-07-01,2022,7,3.3,2826.7,521.5,2709.3,3348.2
Tennessee,2022-08-01,2022,8,3.3,2838.0,522.3,2737.6,3360.3
Tennessee,2022-09-01,2022,9,3.4,2849.1,523.6,2770.3,3372.7
Tennessee,2022-10-01,2022,10,3.4,2847.3,523.0,2773.3,3370.3
Tennessee,2022-11-01,2022,11,3.4,2868.7,523.2,2799.0,3391.8999999999996
Tennessee,2022-12-01,2022,12,3.4,2865.1,523.6,2792.4,3388.7
Tennessee,2023-01-01,2023,1,3.4,2825.9,519.8,2746.6,3345.7
Tennessee,2023-02-01,2023,2,3.3,2841.8,521.1,2772.2,3362.9
Tennessee,2023-03-01,2023,3,3.3,2851.1,523.3,2780.4,3374.3999999999996
Tennessee,2023-04-01,2023,4,3.2,2864.5,523.0,2790.5,3387.5
Tennessee,2023-05-01,2023,5,3.2,2875.9,525.0,2797.7,3400.9
Tennessee,2023-06-01,2023,6,3.2,2895.3,531.1,2800.7,3426.4
Tennessee,2023-07-01,2023,7,3.2,2887.7,530.4,2770.1,3418.1
Tennessee,2023-08-01,2023,8,3.2,2892.9,529.3,2792.3,3422.2
Tennessee,2023-09-01,2023,9,3.2,2905.4,529.5,2829.3,3434.9
Tennessee,2023-10-01,2023,10,3.3,2900.4,527.3,2829.5,3427.7
Tennessee,2023-11-01,2023,11,3.3,2930.4,529.7,2860.1,3460.1000000000004
Tennessee,2023-12-01,2023,12,3.2,2930.2,530.3,2858.5,3460.5
Tennessee,2024-01-01,2024,1,3.2,2864.8,524.0,2787.4,3388.8
Tennessee,2024-02-01,2024,2,3.2,2887.6,529.8,2815.5,3417.3999999999996
Tennessee,2024-03-01,2024,3,3.2,2904.1,532.8,2832.2,3436.8999999999996
Tennessee,2024-04-01,2024,4,3.2,2910.2,532.1,2837.3,3442.2999999999997
Tennessee,2024-05-01,2024,5,3.3,2922.4,534.0,2841.6,3456.4
Tennessee,2024-06-01,2024,6,3.3,2932.1,537.5,2836.7,3469.6
Tennessee,2024-07-01,2024,7,3.4,2921.3,535.7,2803.4,3457.0
Tennessee,2024-08-01,2024,8,3.5,2928.8,535.5,2827.5,3464.3
Tennessee,2024-09-01,2024,9,3.5,2929.5,533.3,2854.4,3462.8
Tennessee,2024-10-01,2024,10,3.6,2913.7,529.5,2848.4,3443.2
Tennessee,2024-11-01,2024,11,3.6,2934.6,529.5,2873.8,3464.1
Tennessee,2024-12-01,2024,12,3.5,2930.7,529.4,2866.4,3460.1
Tennessee,2025-01-01,2025,1,3.5,2884.1,523.4,2811.2,3407.5
Tennessee,2025-02-01,2025,2,3.5,2897.8,524.0,2835.4,3421.8
Tennessee,2025-03-01,2025,3,3.5,2901.7,527.1,2836.9,3428.7999999999997
Tennessee,2025-04-01,2025,4,3.5,2920.3,528.1,2852.6,3448.4
Tennessee,2025-05-01,2025,5,3.5,2922.4,526.9,2853.8,3449.3
Tennessee,2025-06-01,2025,6,3.5,2913.1,529.6,2829.4,3442.7
Tennessee,2025-07-01,2025,7,3.5,2910.1,527.5,2803.6,3437.6
Tennessee,2025-08-01,2025,8,3.5,2923.3,527.7,2831.5,3451.0
Tennessee,2025-09-01,2025,9,3.5,2912.4,525.5,2848.5,3437.9
Tennessee,2025-10-01,2025,10,,2907.2,524.8,2846.7,3432.0
Tennessee,2025-11-01,2025,11,3.6,2927.2,526.2,2868.8,3453.3999999999996
Tennessee,2025-12-01,2025,12,3.6,2929.5,523.3,2871.5,3452.8
Tennessee,2026-01-01,2026,1,3.5,2884.8,518.4,2816.7,3403.2000000000003
Tennessee,2026-02-01,2026,2,3.6,2884.0,518.8,2828.2,3402.8
Texas,2016-01-01,2016,1,4.5,9925.0,1772.3,10060.8,11697.3
Texas,2016-02-01,2016,2,4.5,9978.1,1775.2,10136.9,11753.300000000001
Texas,2016-03-01,2016,3,4.5,9987.0,1763.5,10163.7,11750.5
Texas,2016-04-01,2016,4,4.5,10051.5,1762.6,10228.6,11814.1
Texas,2016-05-01,2016,5,4.6,10073.3,1756.3,10266.1,11829.599999999999
Texas,2016-06-01,2016,6,4.7,10107.4,1758.7,10270.6,11866.1
Texas,2016-07-01,2016,7,4.7,10125.9,1759.6,10216.0,11885.5
Texas,2016-08-01,2016,8,4.8,10154.0,1756.1,10241.2,11910.1
Texas,2016-09-01,2016,9,4.8,10132.4,1753.8,10293.0,11886.199999999999
Texas,2016-10-01,2016,10,4.8,10154.5,1754.0,10350.7,11908.5
Texas,2016-11-01,2016,11,4.8,10207.8,1746.1,10425.8,11953.9
Texas,2016-12-01,2016,12,4.8,10218.8,1744.3,10440.8,11963.099999999999
Texas,2017-01-01,2017,1,4.8,10064.1,1732.8,10265.2,11796.9
Texas,2017-02-01,2017,2,4.7,10125.2,1752.6,10339.6,11877.800000000001
Texas,2017-03-01,2017,3,4.7,10177.5,1763.0,10389.1,11940.5
Texas,2017-04-01,2017,4,4.6,10216.1,1765.5,10422.0,11981.6
Texas,2017-05-01,2017,5,4.4,10269.6,1779.2,10465.6,12048.800000000001
Texas,2017-06-01,2017,6,4.3,10345.5,1797.6,10491.0,12143.1
Texas,2017-07-01,2017,7,4.2,10312.7,1793.4,10380.4,12106.1
Texas,2017-08-01,2017,8,4.2,10349.8,1796.5,10404.6,12146.3
Texas,2017-09-01,2017,9,4.1,10312.2,1795.6,10433.1,12107.800000000001
Texas,2017-10-01,2017,10,4.1,10376.1,1807.3,10531.8,12183.4
Texas,2017-11-01,2017,11,4.1,10448.6,1813.2,10612.0,12261.800000000001
Texas,2017-12-01,2017,12,4.1,10464.3,1817.8,10621.5,12282.099999999999
Texas,2018-01-01,2018,1,4.1,10286.8,1797.6,10427.9,12084.4
Texas,2018-02-01,2018,2,4.1,10371.5,1823.4,10522.9,12194.9
Texas,2018-03-01,2018,3,4.0,10419.5,1834.6,10570.0,12254.1
Texas,2018-04-01,2018,4,4.0,10467.2,1842.4,10598.1,12309.6
Texas,2018-05-01,2018,5,4.0,10528.8,1855.1,10657.1,12383.9
Texas,2018-06-01,2018,6,3.9,10611.8,1875.8,10690.2,12487.599999999999
Texas,2018-07-01,2018,7,3.9,10609.7,1878.6,10612.4,12488.300000000001
Texas,2018-08-01,2018,8,3.8,10666.2,1888.8,10652.5,12555.0
Texas,2018-09-01,2018,9,3.8,10618.0,1885.9,10670.1,12503.9
Texas,2018-10-01,2018,10,3.8,10691.1,1898.1,10766.0,12589.2
Texas,2018-11-01,2018,11,3.8,10763.8,1903.2,10851.1,12667.0
Texas,2018-12-01,2018,12,3.8,10773.5,1906.8,10854.5,12680.3
Texas,2019-01-01,2019,1,3.7,10599.1,1891.7,10659.9,12490.800000000001
Texas,2019-02-01,2019,2,3.7,10678.2,1913.4,10752.8,12591.6
Texas,2019-03-01,2019,3,3.6,10695.6,1916.1,10775.5,12611.7
Texas,2019-04-01,2019,4,3.5,10754.5,1923.8,10817.4,12678.3
Texas,2019-05-01,2019,5,3.4,10806.1,1929.7,10873.7,12735.800000000001
Texas,2019-06-01,2019,6,3.4,10865.7,1940.6,10895.7,12806.300000000001
Texas,2019-07-01,2019,7,3.5,10881.3,1942.4,10838.3,12823.699999999999
Texas,2019-08-01,2019,8,3.5,10924.5,1945.7,10878.7,12870.2
Texas,2019-09-01,2019,9,3.5,10873.8,1939.0,10900.4,12812.8
Texas,2019-10-01,2019,10,3.5,10932.1,1935.6,11004.9,12867.7
Texas,2019-11-01,2019,11,3.5,11020.1,1936.2,11107.7,12956.300000000001
Texas,2019-12-01,2019,12,3.5,11008.7,1926.3,11101.6,12935.0
Texas,2020-01-01,2020,1,3.5,10837.5,1904.6,10928.2,12742.1
Texas,2020-02-01,2020,2,3.6,10899.1,1918.4,11005.7,12817.5
Texas,2020-03-01,2020,3,5.0,10837.8,1914.0,10954.0,12751.8
Texas,2020-04-01,2020,4,12.8,9544.2,1781.6,9732.5,11325.800000000001
Texas,2020-05-01,2020,5,11.7,9831.5,1771.4,10001.8,11602.9
Texas,2020-06-01,2020,6,10.1,10093.2,1770.6,10239.9,11863.800000000001
Texas,2020-07-01,2020,7,9.3,10077.7,1748.2,10211.2,11825.900000000001
Texas,2020-08-01,2020,8,8.0,10144.1,1745.3,10311.3,11889.4
Texas,2020-09-01,2020,9,7.7,10169.6,1740.6,10397.4,11910.2
Texas,2020-10-01,2020,10,7.1,10356.6,1750.6,10577.2,12107.2
Texas,2020-11-01,2020,11,7.0,10453.1,1752.3,10679.7,12205.4
Texas,2020-12-01,2020,12,6.9,10486.9,1754.3,10711.1,12241.199999999999
Texas,2021-01-01,2021,1,6.8,10332.2,1735.9,10547.9,12068.1
Texas,2021-02-01,2021,2,6.6,10346.3,1741.3,10573.1,12087.599999999999
Texas,2021-03-01,2021,3,6.4,10482.0,1771.5,10680.0,12253.5
Texas,2021-04-01,2021,4,6.2,10565.9,1774.3,10766.2,12340.199999999999
Texas,2021-05-01,2021,5,6.0,10642.5,1773.8,10843.0,12416.3
Texas,2021-06-01,2021,6,5.8,10735.5,1787.7,10897.3,12523.2
Texas,2021-07-01,2021,7,5.6,10837.6,1800.7,10932.9,12638.300000000001
Texas,2021-08-01,2021,8,5.3,10873.0,1802.5,10967.7,12675.5
Texas,2021-09-01,2021,9,5.0,10875.9,1802.9,11035.3,12678.8
Texas,2021-10-01,2021,10,4.8,11085.6,1829.3,11251.1,12914.9
Texas,2021-11-01,2021,11,4.6,11187.6,1837.7,11354.4,13025.300000000001
Texas,2021-12-01,2021,12,4.5,11234.3,1847.0,11387.9,13081.3
Texas,2022-01-01,2022,1,4.3,11038.8,1824.3,11188.7,12863.099999999999
Texas,2022-02-01,2022,2,4.1,11185.0,1856.3,11325.1,13041.3
Texas,2022-03-01,2022,3,4.0,11229.1,1868.1,11361.4,13097.2
Texas,2022-04-01,2022,4,3.9,11362.7,1888.5,11472.6,13251.2
Texas,2022-05-01,2022,5,3.8,11417.7,1898.5,11518.8,13316.2
Texas,2022-06-01,2022,6,3.8,11467.0,1913.6,11526.4,13380.6
Texas,2022-07-01,2022,7,3.8,11580.2,1930.9,11563.2,13511.1
Texas,2022-08-01,2022,8,3.7,11625.6,1937.6,11616.2,13563.2
Texas,2022-09-01,2022,9,3.8,11626.0,1946.7,11671.1,13572.7
Texas,2022-10-01,2022,10,3.9,11715.3,1955.5,11788.2,13670.8
Texas,2022-11-01,2022,11,4.0,11787.6,1959.7,11867.8,13747.300000000001
Texas,2022-12-01,2022,12,4.1,11780.1,1965.1,11852.8,13745.2
Texas,2023-01-01,2023,1,4.1,11657.1,1955.1,11715.3,13612.2
Texas,2023-02-01,2023,2,4.1,11727.7,1975.9,11792.3,13703.6
Texas,2023-03-01,2023,3,4.1,11767.4,1986.6,11827.8,13754.0
Texas,2023-04-01,2023,4,4.0,11809.0,1988.6,11873.5,13797.6
Texas,2023-05-01,2023,5,4.0,11850.8,1996.1,11915.4,13846.9
Texas,2023-06-01,2023,6,4.0,11927.2,2019.0,11941.5,13946.2
Texas,2023-07-01,2023,7,4.0,11897.3,2012.8,11847.2,13910.099999999999
Texas,2023-08-01,2023,8,4.0,11918.6,2016.0,11894.6,13934.6
Texas,2023-09-01,2023,9,4.0,11898.3,2022.9,11936.7,13921.199999999999
Texas,2023-10-01,2023,10,4.0,11961.7,2027.6,12034.4,13989.300000000001
Texas,2023-11-01,2023,11,4.0,12014.4,2025.9,12104.7,14040.3
Texas,2023-12-01,2023,12,4.0,12009.7,2032.4,12092.3,14042.1
Texas,2024-01-01,2024,1,4.0,11834.8,2017.4,11907.0,13852.199999999999
Texas,2024-02-01,2024,2,4.0,11899.5,2043.8,11977.3,13943.3
Texas,2024-03-01,2024,3,4.0,11922.5,2051.1,12001.6,13973.6
Texas,2024-04-01,2024,4,4.1,11974.4,2051.1,12053.3,14025.5
Texas,2024-05-01,2024,5,4.1,12021.4,2057.0,12100.2,14078.4
Texas,2024-06-01,2024,6,4.1,12065.7,2068.3,12096.0,14134.0
Texas,2024-07-01,2024,7,4.2,12015.5,2059.2,11984.8,14074.7
Texas,2024-08-01,2024,8,4.2,12090.1,2072.9,12068.9,14163.0
Texas,2024-09-01,2024,9,4.2,12065.0,2076.3,12097.6,14141.3
Texas,2024-10-01,2024,10,4.2,12146.5,2085.4,12205.1,14231.9
Texas,2024-11-01,2024,11,4.2,12208.0,2087.5,12282.6,14295.5
Texas,2024-12-01,2024,12,4.1,12208.7,2085.3,12275.9,14294.0
Texas,2025-01-01,2025,1,4.1,12017.5,2063.7,12081.6,14081.2
Texas,2025-02-01,2025,2,4.1,12079.8,2087.6,12146.5,14167.4
Texas,2025-03-01,2025,3,4.1,12093.6,2095.4,12155.6,14189.0
Texas,2025-04-01,2025,4,4.1,12165.6,2102.1,12218.3,14267.7
Texas,2025-05-01,2025,5,4.1,12199.8,2106.0,12250.6,14305.8
Texas,2025-06-01,2025,6,4.1,12185.8,2110.4,12193.5,14296.199999999999
Texas,2025-07-01,2025,7,4.2,12185.9,2106.3,12119.0,14292.2
Texas,2025-08-01,2025,8,4.2,12205.2,2105.7,12159.6,14310.900000000001
Texas,2025-09-01,2025,9,4.3,12146.8,2099.1,12174.9,14245.9
Texas,2025-10-01,2025,10,,12211.8,2103.9,12263.0,14315.699999999999
Texas,2025-11-01,2025,11,4.3,12252.0,2097.8,12318.2,14349.8
Texas,2025-12-01,2025,12,4.3,12284.7,2097.5,12348.6,14382.2
Texas,2026-01-01,2026,1,4.3,12139.5,2082.6,12180.2,14222.1
Texas,2026-02-01,2026,2,4.3,12153.9,2087.6,12219.1,14241.5
Utah,2016-01-01,2016,1,3.5,1152.0,218.1,1169.1,1370.1
Utah,2016-02-01,2016,2,3.5,1160.1,219.6,1179.3,1379.6999999999998
Utah,2016-03-01,2016,3,3.5,1168.8,222.2,1186.8,1391.0
Utah,2016-04-01,2016,4,3.4,1176.6,224.9,1194.6,1401.5
Utah,2016-05-01,2016,5,3.4,1175.5,226.7,1193.6,1402.2
Utah,2016-06-01,2016,6,3.3,1185.0,228.5,1197.3,1413.5
Utah,2016-07-01,2016,7,3.3,1193.5,230.9,1186.3,1424.4
Utah,2016-08-01,2016,8,3.3,1200.7,231.2,1194.0,1431.9
Utah,2016-09-01,2016,9,3.2,1202.3,230.6,1215.0,1432.8999999999999
Utah,2016-10-01,2016,10,3.2,1205.1,230.8,1220.7,1435.8999999999999
Utah,2016-11-01,2016,11,3.2,1207.9,230.5,1224.0,1438.4
Utah,2016-12-01,2016,12,3.2,1209.2,228.6,1226.3,1437.8
Utah,2017-01-01,2017,1,3.2,1188.6,224.9,1206.3,1413.5
Utah,2017-02-01,2017,2,3.2,1195.3,227.0,1214.5,1422.3
Utah,2017-03-01,2017,3,3.2,1206.1,231.0,1221.9,1437.1
Utah,2017-04-01,2017,4,3.2,1210.4,232.0,1226.9,1442.4
Utah,2017-05-01,2017,5,3.2,1210.5,235.4,1226.0,1445.9
Utah,2017-06-01,2017,6,3.2,1223.7,239.7,1227.5,1463.4
Utah,2017-07-01,2017,7,3.2,1228.2,240.8,1212.6,1469.0
Utah,2017-08-01,2017,8,3.1,1235.6,241.3,1222.7,1476.8999999999999
Utah,2017-09-01,2017,9,3.1,1237.1,240.7,1243.4,1477.8
Utah,2017-10-01,2017,10,3.1,1243.8,242.2,1251.9,1486.0
Utah,2017-11-01,2017,11,3.1,1251.6,242.4,1259.6,1494.0
Utah,2017-12-01,2017,12,3.1,1255.7,242.0,1264.1,1497.7
Utah,2018-01-01,2018,1,3.0,1232.3,238.3,1239.3,1470.6
Utah,2018-02-01,2018,2,3.0,1243.9,240.8,1252.1,1484.7
Utah,2018-03-01,2018,3,3.0,1250.6,242.9,1257.2,1493.5
Utah,2018-04-01,2018,4,2.9,1254.1,244.2,1261.5,1498.3
Utah,2018-05-01,2018,5,2.9,1255.6,246.8,1262.3,1502.3999999999999
Utah,2018-06-01,2018,6,2.9,1267.7,250.7,1263.9,1518.4
Utah,2018-07-01,2018,7,2.9,1271.3,251.4,1249.0,1522.7
Utah,2018-08-01,2018,8,2.9,1281.3,252.0,1262.0,1533.3
Utah,2018-09-01,2018,9,2.9,1281.0,250.8,1281.6,1531.8
Utah,2018-10-01,2018,10,2.9,1288.0,251.7,1290.5,1539.7
Utah,2018-11-01,2018,11,2.9,1296.0,252.4,1297.2,1548.4
Utah,2018-12-01,2018,12,2.8,1298.2,251.3,1300.0,1549.5
Utah,2019-01-01,2019,1,2.8,1274.1,246.6,1277.1,1520.6999999999998
Utah,2019-02-01,2019,2,2.7,1282.0,247.9,1287.2,1529.9
Utah,2019-03-01,2019,3,2.7,1288.8,250.7,1291.9,1539.5
Utah,2019-04-01,2019,4,2.6,1294.2,252.3,1298.9,1546.5
Utah,2019-05-01,2019,5,2.6,1295.1,256.3,1299.5,1551.3999999999999
Utah,2019-06-01,2019,6,2.5,1304.0,259.7,1292.8,1563.7
Utah,2019-07-01,2019,7,2.5,1309.2,261.0,1280.6,1570.2
Utah,2019-08-01,2019,8,2.5,1319.1,262.0,1294.6,1581.1
Utah,2019-09-01,2019,9,2.4,1316.3,260.5,1311.1,1576.8
Utah,2019-10-01,2019,10,2.4,1323.8,262.4,1319.8,1586.1999999999998
Utah,2019-11-01,2019,11,2.4,1331.1,262.3,1326.8,1593.3999999999999
Utah,2019-12-01,2019,12,2.4,1330.3,260.7,1327.1,1591.0
Utah,2020-01-01,2020,1,2.5,1303.3,255.3,1301.3,1558.6
Utah,2020-02-01,2020,2,2.5,1310.9,256.8,1310.5,1567.7
Utah,2020-03-01,2020,3,2.5,1308.2,258.6,1306.6,1566.8000000000002
Utah,2020-04-01,2020,4,10.0,1185.4,254.6,1177.2,1440.0
Utah,2020-05-01,2020,5,7.7,1232.6,258.0,1218.6,1490.6
Utah,2020-06-01,2020,6,6.4,1263.7,262.4,1236.9,1526.1
Utah,2020-07-01,2020,7,5.7,1278.9,263.6,1242.5,1542.5
Utah,2020-08-01,2020,8,4.8,1293.6,265.1,1264.2,1558.6999999999998
Utah,2020-09-01,2020,9,4.5,1299.9,264.0,1284.8,1563.9
Utah,2020-10-01,2020,10,4.0,1325.9,267.1,1310.4,1593.0
Utah,2020-11-01,2020,11,3.8,1332.1,266.6,1314.8,1598.6999999999998
Utah,2020-12-01,2020,12,3.6,1337.3,268.1,1318.7,1605.4
Utah,2021-01-01,2021,1,3.4,1319.0,265.8,1298.9,1584.8
Utah,2021-02-01,2021,2,3.3,1331.2,269.1,1311.4,1600.3000000000002
Utah,2021-03-01,2021,3,3.1,1336.5,272.1,1315.8,1608.6
Utah,2021-04-01,2021,4,3.0,1349.2,274.9,1327.6,1624.1
Utah,2021-05-01,2021,5,2.9,1351.2,276.6,1330.0,1627.8000000000002
Utah,2021-06-01,2021,6,2.8,1362.4,279.3,1330.8,1641.7
Utah,2021-07-01,2021,7,2.7,1373.4,283.4,1324.4,1656.8000000000002
Utah,2021-08-01,2021,8,2.6,1378.1,283.6,1334.9,1661.6999999999998
Utah,2021-09-01,2021,9,2.4,1372.5,281.9,1343.1,1654.4
Utah,2021-10-01,2021,10,2.4,1391.2,284.8,1361.4,1676.0
Utah,2021-11-01,2021,11,2.3,1397.0,285.1,1367.1,1682.1
Utah,2021-12-01,2021,12,2.2,1401.0,284.4,1370.2,1685.4
Utah,2022-01-01,2022,1,2.2,1383.4,281.1,1352.8,1664.5
Utah,2022-02-01,2022,2,2.3,1401.5,284.9,1370.1,1686.4
Utah,2022-03-01,2022,3,2.3,1407.4,287.5,1374.0,1694.9
Utah,2022-04-01,2022,4,2.3,1421.7,290.6,1386.8,1712.3000000000002
Utah,2022-05-01,2022,5,2.3,1421.1,293.0,1387.0,1714.1
Utah,2022-06-01,2022,6,2.3,1425.9,295.5,1382.5,1721.4
Utah,2022-07-01,2022,7,2.4,1435.4,298.8,1373.9,1734.2
Utah,2022-08-01,2022,8,2.4,1442.4,299.5,1386.8,1741.9
Utah,2022-09-01,2022,9,2.5,1440.9,297.8,1400.8,1738.7
Utah,2022-10-01,2022,10,2.5,1446.6,298.8,1408.7,1745.3999999999999
Utah,2022-11-01,2022,11,2.5,1452.6,298.8,1414.5,1751.3999999999999
Utah,2022-12-01,2022,12,2.6,1449.8,295.8,1414.1,1745.6
Utah,2023-01-01,2023,1,2.6,1431.5,290.7,1398.3,1722.2
Utah,2023-02-01,2023,2,2.6,1440.8,291.5,1411.3,1732.3
Utah,2023-03-01,2023,3,2.6,1442.2,292.5,1412.1,1734.7
Utah,2023-04-01,2023,4,2.6,1451.1,294.2,1421.1,1745.3
Utah,2023-05-01,2023,5,2.6,1454.1,298.0,1424.3,1752.1
Utah,2023-06-01,2023,6,2.6,1462.5,302.5,1424.7,1765.0
Utah,2023-07-01,2023,7,2.7,1458.0,303.1,1402.7,1761.1
Utah,2023-08-01,2023,8,2.8,1462.2,303.3,1415.5,1765.5
Utah,2023-09-01,2023,9,2.8,1466.5,302.6,1433.2,1769.1
Utah,2023-10-01,2023,10,2.9,1469.8,302.4,1439.5,1772.1999999999998
Utah,2023-11-01,2023,11,2.9,1472.1,301.4,1443.2,1773.5
Utah,2023-12-01,2023,12,3.0,1474.0,300.9,1444.6,1774.9
Utah,2024-01-01,2024,1,3.0,1446.4,294.2,1420.8,1740.6000000000001
Utah,2024-02-01,2024,2,3.1,1454.7,296.1,1431.4,1750.8000000000002
Utah,2024-03-01,2024,3,3.1,1461.6,298.0,1437.4,1759.6
Utah,2024-04-01,2024,4,3.2,1464.6,299.9,1439.6,1764.5
Utah,2024-05-01,2024,5,3.3,1463.9,302.9,1439.0,1766.8000000000002
Utah,2024-06-01,2024,6,3.3,1465.6,306.3,1432.5,1771.8999999999999
Utah,2024-07-01,2024,7,3.4,1468.5,307.4,1417.2,1775.9
Utah,2024-08-01,2024,8,3.4,1476.4,308.6,1432.6,1785.0
Utah,2024-09-01,2024,9,3.4,1480.5,307.9,1449.5,1788.4
Utah,2024-10-01,2024,10,3.4,1488.4,308.2,1460.1,1796.6000000000001
Utah,2024-11-01,2024,11,3.3,1493.3,307.9,1465.0,1801.1999999999998
Utah,2024-12-01,2024,12,3.3,1492.0,306.5,1463.9,1798.5
Utah,2025-01-01,2025,1,3.3,1470.0,301.9,1443.2,1771.9
Utah,2025-02-01,2025,2,3.4,1474.9,302.2,1451.2,1777.1000000000001
Utah,2025-03-01,2025,3,3.4,1479.5,303.8,1454.1,1783.3
Utah,2025-04-01,2025,4,3.4,1490.1,306.6,1464.1,1796.6999999999998
Utah,2025-05-01,2025,5,3.5,1489.5,309.5,1463.7,1799.0
Utah,2025-06-01,2025,6,3.5,1486.7,311.0,1453.0,1797.7
Utah,2025-07-01,2025,7,3.5,1490.4,310.7,1442.4,1801.1000000000001
Utah,2025-08-01,2025,8,3.6,1497.0,310.2,1458.0,1807.2
Utah,2025-09-01,2025,9,3.6,1495.7,309.1,1466.8,1804.8000000000002
Utah,2025-10-01,2025,10,,1497.1,307.8,1469.1,1804.8999999999999
Utah,2025-11-01,2025,11,3.7,1500.3,306.7,1473.2,1807.0
Utah,2025-12-01,2025,12,3.7,1502.3,305.5,1475.1,1807.8
Utah,2026-01-01,2026,1,3.8,1480.0,301.4,1452.7,1781.4
Utah,2026-02-01,2026,2,3.8,1487.3,303.0,1462.0,1790.3
Vermont,2016-01-01,2016,1,3.2,254.0,44.2,266.0,298.2
Vermont,2016-02-01,2016,2,3.2,255.0,43.8,269.1,298.8
Vermont,2016-03-01,2016,3,3.2,254.6,43.6,269.0,298.2
Vermont,2016-04-01,2016,4,3.1,252.3,45.2,265.1,297.5
Vermont,2016-05-01,2016,5,3.1,254.7,46.6,265.3,301.3
Vermont,2016-06-01,2016,6,3.1,257.6,47.7,264.7,305.3
Vermont,2016-07-01,2016,7,3.1,261.3,48.0,260.9,309.3
Vermont,2016-08-01,2016,8,3.1,261.3,47.8,262.2,309.1
Vermont,2016-09-01,2016,9,3.1,258.8,47.1,268.7,305.90000000000003
Vermont,2016-10-01,2016,10,3.1,259.3,47.1,270.9,306.40000000000003
Vermont,2016-11-01,2016,11,3.1,257.7,46.4,270.2,304.09999999999997
Vermont,2016-12-01,2016,12,3.1,262.4,45.7,274.8,308.09999999999997
Vermont,2017-01-01,2017,1,3.1,255.8,43.5,268.5,299.3
Vermont,2017-02-01,2017,2,3.1,254.5,42.8,269.6,297.3
Vermont,2017-03-01,2017,3,3.1,256.4,43.1,271.3,299.5
Vermont,2017-04-01,2017,4,3.0,254.0,44.1,268.1,298.1
Vermont,2017-05-01,2017,5,2.9,255.8,45.9,267.0,301.7
Vermont,2017-06-01,2017,6,2.9,260.9,47.1,269.3,308.0
Vermont,2017-07-01,2017,7,2.9,261.6,47.1,263.0,308.70000000000005
Vermont,2017-08-01,2017,8,2.9,262.5,47.1,265.9,309.6
Vermont,2017-09-01,2017,9,2.9,259.5,46.6,270.1,306.1
Vermont,2017-10-01,2017,10,2.9,260.5,46.7,272.6,307.2
Vermont,2017-11-01,2017,11,2.9,260.0,46.2,272.6,306.2
Vermont,2017-12-01,2017,12,2.8,264.4,45.9,277.2,310.29999999999995
Vermont,2018-01-01,2018,1,2.8,256.1,43.3,267.1,299.40000000000003
Vermont,2018-02-01,2018,2,2.8,257.6,43.3,272.2,300.90000000000003
Vermont,2018-03-01,2018,3,2.7,258.1,43.5,272.1,301.6
Vermont,2018-04-01,2018,4,2.6,255.0,44.5,268.5,299.5
Vermont,2018-05-01,2018,5,2.5,255.8,46.1,267.2,301.90000000000003
Vermont,2018-06-01,2018,6,2.5,259.7,47.2,268.1,306.9
Vermont,2018-07-01,2018,7,2.4,263.1,47.7,265.4,310.8
Vermont,2018-08-01,2018,8,2.4,263.4,47.7,267.3,311.09999999999997
Vermont,2018-09-01,2018,9,2.4,260.5,47.0,270.1,307.5
Vermont,2018-10-01,2018,10,2.3,261.8,47.2,273.5,309.0
Vermont,2018-11-01,2018,11,2.3,261.4,46.7,273.0,308.09999999999997
Vermont,2018-12-01,2018,12,2.3,264.5,46.1,276.9,310.6
Vermont,2019-01-01,2019,1,2.3,257.7,44.0,269.0,301.7
Vermont,2019-02-01,2019,2,2.2,258.5,43.7,273.0,302.2
Vermont,2019-03-01,2019,3,2.1,260.7,44.0,274.7,304.7
Vermont,2019-04-01,2019,4,2.0,256.2,44.8,269.6,301.0
Vermont,2019-05-01,2019,5,2.0,256.5,46.4,267.9,302.9
Vermont,2019-06-01,2019,6,2.0,260.4,47.6,269.2,308.0
Vermont,2019-07-01,2019,7,2.0,262.0,48.0,264.0,310.0
Vermont,2019-08-01,2019,8,2.1,262.4,47.8,266.3,310.2
Vermont,2019-09-01,2019,9,2.1,259.3,47.3,268.8,306.6
Vermont,2019-10-01,2019,10,2.2,260.9,47.2,272.2,308.09999999999997
Vermont,2019-11-01,2019,11,2.1,260.0,46.8,271.8,306.8
Vermont,2019-12-01,2019,12,2.1,263.2,46.3,275.2,309.5
Vermont,2020-01-01,2020,1,2.1,257.5,44.4,268.7,301.9
Vermont,2020-02-01,2020,2,2.2,258.0,44.0,271.7,302.0
Vermont,2020-03-01,2020,3,2.4,255.6,43.6,268.8,299.2
Vermont,2020-04-01,2020,4,14.1,193.7,34.0,213.0,227.7
Vermont,2020-05-01,2020,5,9.6,208.8,41.4,219.6,250.20000000000002
Vermont,2020-06-01,2020,6,7.7,221.6,43.7,229.1,265.3
Vermont,2020-07-01,2020,7,6.6,227.9,44.3,231.1,272.2
Vermont,2020-08-01,2020,8,5.4,232.2,44.7,236.9,276.9
Vermont,2020-09-01,2020,9,4.9,235.8,44.7,244.4,280.5
Vermont,2020-10-01,2020,10,4.3,239.0,45.0,248.9,284.0
Vermont,2020-11-01,2020,11,4.2,237.1,44.9,246.7,282.0
Vermont,2020-12-01,2020,12,4.3,236.3,44.5,245.6,280.8
Vermont,2021-01-01,2021,1,4.2,231.8,42.3,240.8,274.1
Vermont,2021-02-01,2021,2,4.2,233.6,41.9,245.6,275.5
Vermont,2021-03-01,2021,3,4.2,235.8,42.2,246.6,278.0
Vermont,2021-04-01,2021,4,4.1,238.1,43.7,248.0,281.8
Vermont,2021-05-01,2021,5,3.9,239.4,44.8,248.3,284.2
Vermont,2021-06-01,2021,6,3.6,243.2,45.9,248.6,289.09999999999997
Vermont,2021-07-01,2021,7,3.4,248.3,46.4,249.5,294.7
Vermont,2021-08-01,2021,8,3.2,247.4,46.2,249.7,293.6
Vermont,2021-09-01,2021,9,3.0,244.0,45.5,251.3,289.5
Vermont,2021-10-01,2021,10,2.8,248.2,45.8,257.2,294.0
Vermont,2021-11-01,2021,11,2.7,246.8,45.5,256.2,292.3
Vermont,2021-12-01,2021,12,2.5,249.3,45.4,258.5,294.7
Vermont,2022-01-01,2022,1,2.4,243.7,43.3,253.5,287.0
Vermont,2022-02-01,2022,2,2.3,246.7,43.2,258.1,289.9
Vermont,2022-03-01,2022,3,2.3,248.1,43.6,259.0,291.7
Vermont,2022-04-01,2022,4,2.2,248.4,44.8,258.1,293.2
Vermont,2022-05-01,2022,5,2.3,247.7,45.8,256.5,293.5
Vermont,2022-06-01,2022,6,2.3,251.2,46.6,256.8,297.8
Vermont,2022-07-01,2022,7,2.3,255.6,47.0,258.2,302.6
Vermont,2022-08-01,2022,8,2.4,254.0,47.1,256.6,301.1
Vermont,2022-09-01,2022,9,2.4,250.9,46.3,259.0,297.2
Vermont,2022-10-01,2022,10,2.4,253.4,46.4,262.9,299.8
Vermont,2022-11-01,2022,11,2.3,253.3,46.0,263.5,299.3
Vermont,2022-12-01,2022,12,2.2,254.3,45.3,263.5,299.6
Vermont,2023-01-01,2023,1,2.1,251.7,44.2,262.1,295.9
Vermont,2023-02-01,2023,2,2.0,253.5,43.8,265.6,297.3
Vermont,2023-03-01,2023,3,1.9,254.2,43.9,266.1,298.09999999999997
Vermont,2023-04-01,2023,4,1.8,252.1,44.6,263.7,296.7
Vermont,2023-05-01,2023,5,1.8,251.6,45.5,262.4,297.1
Vermont,2023-06-01,2023,6,1.8,257.0,46.4,264.9,303.4
Vermont,2023-07-01,2023,7,1.9,257.8,46.7,262.1,304.5
Vermont,2023-08-01,2023,8,1.9,256.4,46.4,261.0,302.79999999999995
Vermont,2023-09-01,2023,9,2.0,254.7,45.8,264.9,300.5
Vermont,2023-10-01,2023,10,2.0,256.6,45.8,267.8,302.40000000000003
Vermont,2023-11-01,2023,11,2.0,255.7,45.2,267.7,300.9
Vermont,2023-12-01,2023,12,2.0,257.4,44.6,269.0,302.0
Vermont,2024-01-01,2024,1,2.0,253.4,43.3,265.5,296.7
Vermont,2024-02-01,2024,2,2.1,255.3,43.0,269.5,298.3
Vermont,2024-03-01,2024,3,2.1,255.6,43.1,269.4,298.7
Vermont,2024-04-01,2024,4,2.1,252.7,43.5,266.4,296.2
Vermont,2024-05-01,2024,5,2.2,252.9,45.1,265.1,298.0
Vermont,2024-06-01,2024,6,2.3,256.3,45.6,266.1,301.90000000000003
Vermont,2024-07-01,2024,7,2.3,259.5,46.2,265.1,305.7
Vermont,2024-08-01,2024,8,2.4,259.1,46.0,265.5,305.1
Vermont,2024-09-01,2024,9,2.4,256.6,45.3,267.2,301.90000000000003
Vermont,2024-10-01,2024,10,2.5,257.9,45.4,270.2,303.29999999999995
Vermont,2024-11-01,2024,11,2.5,256.6,45.1,269.3,301.70000000000005
Vermont,2024-12-01,2024,12,2.5,258.3,44.6,270.8,302.90000000000003
Vermont,2025-01-01,2025,1,2.6,255.5,43.1,268.1,298.6
Vermont,2025-02-01,2025,2,2.6,255.3,42.8,270.3,298.1
Vermont,2025-03-01,2025,3,2.6,255.4,43.1,270.1,298.5
Vermont,2025-04-01,2025,4,2.6,252.3,43.9,266.2,296.2
Vermont,2025-05-01,2025,5,2.6,252.3,45.0,263.4,297.3
Vermont,2025-06-01,2025,6,2.6,255.4,45.4,265.4,300.8
Vermont,2025-07-01,2025,7,2.6,257.6,45.8,262.5,303.40000000000003
Vermont,2025-08-01,2025,8,2.6,257.5,46.0,263.7,303.5
Vermont,2025-09-01,2025,9,2.6,254.4,45.3,265.8,299.7
Vermont,2025-10-01,2025,10,,255.3,45.1,268.2,300.40000000000003
Vermont,2025-11-01,2025,11,2.7,253.3,44.5,266.8,297.8
Vermont,2025-12-01,2025,12,2.7,255.8,43.8,269.6,299.6
Vermont,2026-01-01,2026,1,2.7,253.3,43.7,265.7,297.0
Vermont,2026-02-01,2026,2,2.6,253.9,43.2,268.4,297.1
Virginia,2016-01-01,2016,1,4.0,3131.8,421.0,3417.2,3552.8
Virginia,2016-02-01,2016,2,4.0,3133.9,419.2,3434.0,3553.1
Virginia,2016-03-01,2016,3,4.0,3156.2,422.6,3460.9,3578.7999999999997
Virginia,2016-04-01,2016,4,4.0,3195.3,426.4,3494.3,3621.7000000000003
Virginia,2016-05-01,2016,5,4.0,3201.9,428.4,3493.1,3630.3
Virginia,2016-06-01,2016,6,4.0,3228.6,432.2,3511.1,3660.7999999999997
Virginia,2016-07-01,2016,7,4.0,3231.5,433.4,3486.6,3664.9
Virginia,2016-08-01,2016,8,4.0,3238.6,432.9,3491.2,3671.5
Virginia,2016-09-01,2016,9,4.0,3220.1,432.9,3502.6,3653.0
Virginia,2016-10-01,2016,10,4.0,3228.8,435.1,3515.5,3663.9
Virginia,2016-11-01,2016,11,4.0,3244.1,434.5,3541.7,3678.6
Virginia,2016-12-01,2016,12,4.0,3235.7,432.6,3529.2,3668.2999999999997
Virginia,2017-01-01,2017,1,4.0,3171.3,423.6,3457.5,3594.9
Virginia,2017-02-01,2017,2,3.9,3186.0,425.8,3482.8,3611.8
Virginia,2017-03-01,2017,3,3.8,3202.9,429.2,3496.9,3632.1
Virginia,2017-04-01,2017,4,3.7,3230.0,434.1,3523.1,3664.1
Virginia,2017-05-01,2017,5,3.7,3246.5,436.4,3532.4,3682.9
Virginia,2017-06-01,2017,6,3.6,3276.9,441.0,3558.0,3717.9
Virginia,2017-07-01,2017,7,3.5,3279.0,441.2,3528.2,3720.2
Virginia,2017-08-01,2017,8,3.5,3278.9,441.7,3524.6,3720.6
Virginia,2017-09-01,2017,9,3.5,3256.5,440.4,3534.7,3696.9
Virginia,2017-10-01,2017,10,3.5,3271.3,441.6,3552.8,3712.9
Virginia,2017-11-01,2017,11,3.4,3283.2,440.7,3575.4,3723.8999999999996
Virginia,2017-12-01,2017,12,3.4,3280.8,440.9,3566.7,3721.7000000000003
Virginia,2018-01-01,2018,1,3.4,3220.1,431.6,3503.4,3651.7
Virginia,2018-02-01,2018,2,3.3,3234.4,435.1,3526.5,3669.5
Virginia,2018-03-01,2018,3,3.2,3251.7,438.5,3542.7,3690.2
Virginia,2018-04-01,2018,4,3.1,3280.3,442.5,3568.6,3722.8
Virginia,2018-05-01,2018,5,2.9,3296.1,446.1,3578.0,3742.2
Virginia,2018-06-01,2018,6,2.8,3326.2,451.7,3602.1,3777.8999999999996
Virginia,2018-07-01,2018,7,2.8,3329.5,453.6,3573.3,3783.1
Virginia,2018-08-01,2018,8,2.8,3328.7,453.4,3569.8,3782.1
Virginia,2018-09-01,2018,9,2.8,3294.1,450.8,3568.2,3744.9
Virginia,2018-10-01,2018,10,2.9,3317.6,452.7,3595.2,3770.2999999999997
Virginia,2018-11-01,2018,11,3.0,3335.9,452.9,3623.5,3788.8
Virginia,2018-12-01,2018,12,3.0,3321.3,451.8,3603.3,3773.1000000000004
Virginia,2019-01-01,2019,1,3.1,3267.5,445.5,3542.2,3713.0
Virginia,2019-02-01,2019,2,3.0,3275.7,446.5,3563.7,3722.2
Virginia,2019-03-01,2019,3,2.9,3294.1,450.2,3579.2,3744.2999999999997
Virginia,2019-04-01,2019,4,2.8,3318.0,453.7,3604.7,3771.7
Virginia,2019-05-01,2019,5,2.7,3330.8,456.7,3609.0,3787.5
Virginia,2019-06-01,2019,6,2.5,3363.9,459.9,3637.9,3823.8
Virginia,2019-07-01,2019,7,2.5,3360.4,459.1,3608.5,3819.5
Virginia,2019-08-01,2019,8,2.5,3358.8,459.0,3607.4,3817.8
Virginia,2019-09-01,2019,9,2.6,3326.6,455.5,3606.1,3782.1
Virginia,2019-10-01,2019,10,2.7,3360.2,457.9,3645.5,3818.1
Virginia,2019-11-01,2019,11,2.7,3376.5,456.9,3671.9,3833.4
Virginia,2019-12-01,2019,12,2.7,3363.8,455.7,3651.0,3819.5
Virginia,2020-01-01,2020,1,2.8,3316.0,450.4,3598.0,3766.4
Virginia,2020-02-01,2020,2,2.9,3318.0,451.1,3611.1,3769.1
Virginia,2020-03-01,2020,3,3.2,3305.2,452.5,3604.1,3757.7
Virginia,2020-04-01,2020,4,11.9,2899.4,426.7,3195.9,3326.1
Virginia,2020-05-01,2020,5,10.0,2940.7,428.5,3215.9,3369.2
Virginia,2020-06-01,2020,6,8.9,3043.9,437.7,3300.7,3481.6
Virginia,2020-07-01,2020,7,8.3,3118.0,441.4,3333.8,3559.4
Virginia,2020-08-01,2020,8,7.3,3145.9,444.0,3390.4,3589.9
Virginia,2020-09-01,2020,9,6.7,3152.1,444.4,3416.7,3596.5
Virginia,2020-10-01,2020,10,5.9,3197.1,448.6,3459.2,3645.7
Virginia,2020-11-01,2020,11,5.3,3215.3,449.5,3484.1,3664.8
Virginia,2020-12-01,2020,12,5.0,3212.3,451.0,3471.9,3663.3
Virginia,2021-01-01,2021,1,4.8,3167.6,443.2,3421.1,3610.7999999999997
Virginia,2021-02-01,2021,2,4.7,3169.8,443.9,3434.0,3613.7000000000003
Virginia,2021-03-01,2021,3,4.6,3189.1,446.7,3454.6,3635.7999999999997
Virginia,2021-04-01,2021,4,4.4,3212.2,449.5,3479.2,3661.7
Virginia,2021-05-01,2021,5,4.2,3229.8,451.4,3488.8,3681.2000000000003
Virginia,2021-06-01,2021,6,4.0,3256.0,450.5,3515.2,3706.5
Virginia,2021-07-01,2021,7,3.8,3300.5,455.2,3522.0,3755.7
Virginia,2021-08-01,2021,8,3.5,3296.2,454.1,3532.5,3750.2999999999997
Virginia,2021-09-01,2021,9,3.3,3263.7,451.1,3526.9,3714.7999999999997
Virginia,2021-10-01,2021,10,3.1,3310.9,455.0,3575.2,3765.9
Virginia,2021-11-01,2021,11,2.9,3334.6,455.8,3602.9,3790.4
Virginia,2021-12-01,2021,12,2.8,3330.2,455.9,3596.1,3786.1
Virginia,2022-01-01,2022,1,2.7,3263.1,446.2,3521.0,3709.2999999999997
Virginia,2022-02-01,2022,2,2.6,3296.3,451.4,3564.0,3747.7000000000003
Virginia,2022-03-01,2022,3,2.6,3306.2,455.6,3571.5,3761.7999999999997
Virginia,2022-04-01,2022,4,2.6,3354.1,460.1,3617.3,3814.2
Virginia,2022-05-01,2022,5,2.5,3362.7,461.2,3618.9,3823.8999999999996
Virginia,2022-06-01,2022,6,2.6,3384.2,464.6,3632.3,3848.7999999999997
Virginia,2022-07-01,2022,7,2.6,3416.0,467.4,3630.2,3883.4
Virginia,2022-08-01,2022,8,2.7,3418.2,467.0,3647.6,3885.2
Virginia,2022-09-01,2022,9,2.8,3396.4,467.1,3654.3,3863.5
Virginia,2022-10-01,2022,10,2.9,3413.6,468.2,3674.9,3881.7999999999997
Virginia,2022-11-01,2022,11,2.9,3433.2,467.7,3706.1,3900.8999999999996
Virginia,2022-12-01,2022,12,2.9,3423.1,466.6,3686.7,3889.7
Virginia,2023-01-01,2023,1,2.9,3388.4,461.7,3643.2,3850.1
Virginia,2023-02-01,2023,2,2.8,3402.5,463.6,3674.0,3866.1
Virginia,2023-03-01,2023,3,2.7,3409.3,464.9,3681.9,3874.2000000000003
Virginia,2023-04-01,2023,4,2.6,3430.2,465.2,3704.2,3895.3999999999996
Virginia,2023-05-01,2023,5,2.6,3444.0,466.9,3711.0,3910.9
Virginia,2023-06-01,2023,6,2.5,3475.7,470.3,3738.3,3946.0
Virginia,2023-07-01,2023,7,2.6,3482.5,470.6,3713.2,3953.1
Virginia,2023-08-01,2023,8,2.6,3482.5,470.8,3725.9,3953.3
Virginia,2023-09-01,2023,9,2.7,3460.1,470.9,3732.5,3931.0
Virginia,2023-10-01,2023,10,2.8,3473.6,469.6,3754.3,3943.2
Virginia,2023-11-01,2023,11,2.8,3488.1,469.7,3777.6,3957.7999999999997
Virginia,2023-12-01,2023,12,2.8,3479.7,468.8,3763.3,3948.5
Virginia,2024-01-01,2024,1,2.8,3426.4,461.9,3707.2,3888.3
Virginia,2024-02-01,2024,2,2.8,3438.4,464.4,3733.3,3902.8
Virginia,2024-03-01,2024,3,2.8,3454.1,465.9,3756.8,3920.0
Virginia,2024-04-01,2024,4,2.8,3478.7,468.2,3771.1,3946.8999999999996
Virginia,2024-05-01,2024,5,2.8,3487.7,469.9,3774.0,3957.6
Virginia,2024-06-01,2024,6,2.9,3515.6,474.1,3797.6,3989.7
Virginia,2024-07-01,2024,7,2.9,3525.7,474.9,3768.7,4000.6
Virginia,2024-08-01,2024,8,3.0,3520.6,474.1,3773.8,3994.7
Virginia,2024-09-01,2024,9,3.0,3501.9,473.1,3789.3,3975.0
Virginia,2024-10-01,2024,10,3.1,3512.7,472.2,3810.7,3984.8999999999996
Virginia,2024-11-01,2024,11,3.1,3524.3,472.7,3831.1,3997.0
Virginia,2024-12-01,2024,12,3.1,3513.5,472.4,3814.7,3985.9
Virginia,2025-01-01,2025,1,3.2,3467.9,463.4,3764.2,3931.3
Virginia,2025-02-01,2025,2,3.2,3475.0,467.3,3781.5,3942.3
Virginia,2025-03-01,2025,3,3.3,3489.1,470.7,3791.9,3959.7999999999997
Virginia,2025-04-01,2025,4,3.3,3513.7,475.1,3813.5,3988.7999999999997
Virginia,2025-05-01,2025,5,3.3,3528.1,477.5,3818.1,4005.6
Virginia,2025-06-01,2025,6,3.2,3546.4,479.8,3830.1,4026.2000000000003
Virginia,2025-07-01,2025,7,3.3,3540.0,478.8,3794.4,4018.8
Virginia,2025-08-01,2025,8,3.3,3533.9,477.1,3795.1,4011.0
Virginia,2025-09-01,2025,9,3.4,3505.0,475.0,3798.2,3980.0
Virginia,2025-10-01,2025,10,,3508.3,469.9,3805.6,3978.2000000000003
Virginia,2025-11-01,2025,11,3.6,3518.9,467.2,3831.0,3986.1
Virginia,2025-12-01,2025,12,3.6,3502.3,464.3,3804.2,3966.6000000000004
Virginia,2026-01-01,2026,1,3.7,3448.6,456.7,3738.3,3905.2999999999997
Virginia,2026-02-01,2026,2,3.7,3434.5,454.0,3745.8,3888.5
Washington,2016-01-01,2016,1,5.4,2580.9,467.1,2685.9,3048.0
Washington,2016-02-01,2016,2,5.4,2595.6,470.7,2701.4,3066.2999999999997
Washington,2016-03-01,2016,3,5.3,2612.0,473.1,2717.1,3085.1
Washington,2016-04-01,2016,4,5.3,2641.7,478.7,2744.8,3120.3999999999996
Washington,2016-05-01,2016,5,5.3,2662.8,482.9,2766.2,3145.7000000000003
Washington,2016-06-01,2016,6,5.3,2687.7,487.8,2777.5,3175.5
Washington,2016-07-01,2016,7,5.2,2700.6,494.3,2766.3,3194.9
Washington,2016-08-01,2016,8,5.2,2709.3,495.1,2760.2,3204.4
Washington,2016-09-01,2016,9,5.1,2713.2,494.4,2787.1,3207.6
Washington,2016-10-01,2016,10,5.0,2692.6,488.5,2790.6,3181.1
Washington,2016-11-01,2016,11,4.9,2699.9,484.5,2806.0,3184.4
Washington,2016-12-01,2016,12,4.9,2703.1,481.5,2805.3,3184.6
Washington,2017-01-01,2017,1,4.8,2651.8,473.6,2760.4,3125.4
Washington,2017-02-01,2017,2,4.7,2664.0,476.6,2774.4,3140.6
Washington,2017-03-01,2017,3,4.7,2686.3,481.3,2795.2,3167.6000000000004
Washington,2017-04-01,2017,4,4.6,2705.6,485.1,2814.3,3190.7
Washington,2017-05-01,2017,5,4.6,2732.2,489.6,2840.6,3221.7999999999997
Washington,2017-06-01,2017,6,4.6,2764.0,498.2,2856.9,3262.2
Washington,2017-07-01,2017,7,4.6,2766.1,498.8,2842.1,3264.9
Washington,2017-08-01,2017,8,4.6,2775.7,500.2,2830.9,3275.8999999999996
Washington,2017-09-01,2017,9,4.7,2775.6,500.4,2850.3,3276.0
Washington,2017-10-01,2017,10,4.7,2758.1,495.5,2858.1,3253.6
Washington,2017-11-01,2017,11,4.6,2765.4,492.0,2871.2,3257.4
Washington,2017-12-01,2017,12,4.6,2771.7,490.7,2870.9,3262.3999999999996
Washington,2018-01-01,2018,1,4.6,2734.6,484.7,2840.5,3219.2999999999997
Washington,2018-02-01,2018,2,4.5,2746.9,489.3,2850.8,3236.2000000000003
Washington,2018-03-01,2018,3,4.5,2769.2,495.0,2869.3,3264.2
Washington,2018-04-01,2018,4,4.4,2779.0,498.2,2878.8,3277.2
Washington,2018-05-01,2018,5,4.3,2807.2,505.2,2902.7,3312.3999999999996
Washington,2018-06-01,2018,6,4.3,2835.1,511.8,2916.0,3346.9
Washington,2018-07-01,2018,7,4.2,2840.8,516.5,2897.1,3357.3
Washington,2018-08-01,2018,8,4.2,2857.2,519.6,2895.5,3376.7999999999997
Washington,2018-09-01,2018,9,4.3,2849.5,518.6,2906.3,3368.1
Washington,2018-10-01,2018,10,4.4,2841.2,517.6,2917.1,3358.7999999999997
Washington,2018-11-01,2018,11,4.5,2849.6,515.8,2926.5,3365.3999999999996
Washington,2018-12-01,2018,12,4.6,2848.7,513.4,2920.3,3362.1
Washington,2019-01-01,2019,1,4.7,2808.0,505.2,2890.2,3313.2
Washington,2019-02-01,2019,2,4.6,2792.5,498.7,2882.3,3291.2
Washington,2019-03-01,2019,3,4.6,2830.2,510.2,2910.9,3340.3999999999996
Washington,2019-04-01,2019,4,4.4,2853.6,513.9,2933.6,3367.5
Washington,2019-05-01,2019,5,4.3,2879.3,521.1,2956.4,3400.4
Washington,2019-06-01,2019,6,4.2,2902.1,526.4,2971.0,3428.5
Washington,2019-07-01,2019,7,4.1,2915.7,529.8,2961.3,3445.5
Washington,2019-08-01,2019,8,4.0,2927.7,531.7,2958.8,3459.3999999999996
Washington,2019-09-01,2019,9,3.9,2916.4,529.2,2964.4,3445.6000000000004
Washington,2019-10-01,2019,10,3.9,2904.1,524.3,2973.6,3428.3999999999996
Washington,2019-11-01,2019,11,3.8,2910.1,520.9,2985.2,3431.0
Washington,2019-12-01,2019,12,3.7,2917.5,517.7,2990.6,3435.2
Washington,2020-01-01,2020,1,3.6,2868.1,507.8,2955.9,3375.9
Washington,2020-02-01,2020,2,3.8,2878.2,512.1,2964.4,3390.2999999999997
Washington,2020-03-01,2020,3,6.0,2870.4,512.0,2957.3,3382.4
Washington,2020-04-01,2020,4,17.1,2522.5,457.8,2634.1,2980.3
Washington,2020-05-01,2020,5,13.6,2548.5,475.2,2622.8,3023.7
Washington,2020-06-01,2020,6,11.7,2643.0,491.1,2704.4,3134.1
Washington,2020-07-01,2020,7,10.5,2687.4,493.6,2736.0,3181.0
Washington,2020-08-01,2020,8,9.0,2705.6,493.7,2758.5,3199.2999999999997
Washington,2020-09-01,2020,9,8.2,2724.2,492.6,2782.2,3216.7999999999997
Washington,2020-10-01,2020,10,7.3,2731.7,490.3,2790.3,3222.0
Washington,2020-11-01,2020,11,6.9,2741.5,485.2,2804.5,3226.7
Washington,2020-12-01,2020,12,6.7,2720.0,482.9,2781.9,3202.9
Washington,2021-01-01,2021,1,6.4,2669.3,473.4,2743.9,3142.7000000000003
Washington,2021-02-01,2021,2,6.2,2696.2,474.1,2773.0,3170.2999999999997
Washington,2021-03-01,2021,3,5.9,2730.4,480.1,2806.0,3210.5
Washington,2021-04-01,2021,4,5.7,2760.8,484.3,2840.8,3245.1000000000004
Washington,2021-05-01,2021,5,5.5,2786.1,488.1,2864.0,3274.2
Washington,2021-06-01,2021,6,5.3,2815.4,491.9,2890.2,3307.3
Washington,2021-07-01,2021,7,5.1,2845.2,496.9,2903.7,3342.1
Washington,2021-08-01,2021,8,4.9,2858.4,496.7,2909.9,3355.1
Washington,2021-09-01,2021,9,4.7,2864.9,497.8,2928.5,3362.7000000000003
Washington,2021-10-01,2021,10,4.4,2890.1,499.0,2958.5,3389.1
Washington,2021-11-01,2021,11,4.2,2899.4,497.2,2971.7,3396.6
Washington,2021-12-01,2021,12,4.0,2905.2,494.9,2975.0,3400.1
Washington,2022-01-01,2022,1,4.0,2851.9,482.9,2927.2,3334.8
Washington,2022-02-01,2022,2,3.9,2891.5,491.7,2962.3,3383.2
Washington,2022-03-01,2022,3,3.9,2914.2,495.6,2983.1,3409.7999999999997
Washington,2022-04-01,2022,4,3.9,2933.6,498.7,3001.1,3432.2999999999997
Washington,2022-05-01,2022,5,3.9,2951.5,503.0,3017.5,3454.5
Washington,2022-06-01,2022,6,4.0,2973.9,508.8,3031.4,3482.7000000000003
Washington,2022-07-01,2022,7,4.0,2998.9,516.9,3042.8,3515.8
Washington,2022-08-01,2022,8,4.1,3011.0,519.0,3045.9,3530.0
Washington,2022-09-01,2022,9,4.2,3004.3,519.8,3048.4,3524.1000000000004
Washington,2022-10-01,2022,10,4.2,2995.1,515.9,3054.7,3511.0
Washington,2022-11-01,2022,11,4.2,2996.3,511.6,3060.1,3507.9
Washington,2022-12-01,2022,12,4.2,2991.7,507.4,3058.9,3499.1
Washington,2023-01-01,2023,1,4.1,2955.6,497.3,3033.3,3452.9
Washington,2023-02-01,2023,2,4.1,2966.3,499.5,3047.2,3465.8
Washington,2023-03-01,2023,3,4.0,2980.2,503.8,3059.0,3484.0
Washington,2023-04-01,2023,4,4.0,2987.8,505.4,3074.5,3493.2000000000003
Washington,2023-05-01,2023,5,4.0,3007.2,510.4,3093.8,3517.6
Washington,2023-06-01,2023,6,4.0,3035.5,516.8,3117.2,3552.3
Washington,2023-07-01,2023,7,4.1,3025.8,516.2,3089.8,3542.0
Washington,2023-08-01,2023,8,4.2,3029.1,517.8,3081.9,3546.8999999999996
Washington,2023-09-01,2023,9,4.4,3027.3,516.5,3091.6,3543.8
Washington,2023-10-01,2023,10,4.5,3005.7,510.1,3090.6,3515.7999999999997
Washington,2023-11-01,2023,11,4.6,3009.1,506.1,3100.5,3515.2
Washington,2023-12-01,2023,12,4.6,3009.5,503.4,3105.0,3512.9
Washington,2024-01-01,2024,1,4.6,2944.3,490.9,3055.5,3435.2000000000003
Washington,2024-02-01,2024,2,4.6,2955.8,493.5,3075.0,3449.3
Washington,2024-03-01,2024,3,4.6,2975.8,497.5,3094.8,3473.3
Washington,2024-04-01,2024,4,4.6,2985.3,500.5,3103.1,3485.8
Washington,2024-05-01,2024,5,4.6,3009.3,504.7,3128.1,3514.0
Washington,2024-06-01,2024,6,4.6,3029.3,509.5,3141.2,3538.8
Washington,2024-07-01,2024,7,4.5,3032.4,512.5,3125.1,3544.9
Washington,2024-08-01,2024,8,4.5,3038.4,513.5,3118.3,3551.9
Washington,2024-09-01,2024,9,4.4,3044.5,512.6,3136.9,3557.1
Washington,2024-10-01,2024,10,4.4,2985.6,476.3,3128.9,3461.9
Washington,2024-11-01,2024,11,4.3,3012.4,499.9,3137.4,3512.3
Washington,2024-12-01,2024,12,4.3,3021.2,497.5,3146.0,3518.7
Washington,2025-01-01,2025,1,4.4,2968.5,488.1,3101.0,3456.6
Washington,2025-02-01,2025,2,4.4,2970.2,488.4,3105.0,3458.6
Washington,2025-03-01,2025,3,4.5,2982.3,490.2,3117.2,3472.5
Washington,2025-04-01,2025,4,4.5,3003.4,494.1,3136.0,3497.5
Washington,2025-05-01,2025,5,4.5,3031.9,497.6,3164.6,3529.5
Washington,2025-06-01,2025,6,4.5,3048.0,500.9,3175.9,3548.9
Washington,2025-07-01,2025,7,4.6,3044.0,502.0,3149.7,3546.0
Washington,2025-08-01,2025,8,4.6,3044.7,501.3,3138.2,3546.0
Washington,2025-09-01,2025,9,4.7,3038.1,499.2,3144.5,3537.2999999999997
Washington,2025-10-01,2025,10,,3025.8,496.5,3143.3,3522.3
Washington,2025-11-01,2025,11,4.9,3019.5,485.5,3151.8,3505.0
Washington,2025-12-01,2025,12,4.9,3027.8,483.6,3159.6,3511.4
Washington,2026-01-01,2026,1,5.0,2979.8,479.1,3113.6,3458.9
Washington,2026-02-01,2026,2,5.1,2985.8,484.3,3118.2,3470.1000000000004
West Virginia,2016-01-01,2016,1,6.3,548.4,95.9,607.2,644.3
West Virginia,2016-02-01,2016,2,6.3,545.5,94.3,606.5,639.8
West Virginia,2016-03-01,2016,3,6.3,551.5,96.7,612.6,648.2
West Virginia,2016-04-01,2016,4,6.2,556.5,98.4,616.0,654.9
West Virginia,2016-05-01,2016,5,6.2,556.6,97.3,626.8,653.9
West Virginia,2016-06-01,2016,6,6.1,554.7,97.9,609.5,652.6
West Virginia,2016-07-01,2016,7,6.1,555.2,98.3,603.2,653.5
West Virginia,2016-08-01,2016,8,6.1,556.0,98.2,605.7,654.2
West Virginia,2016-09-01,2016,9,6.0,559.5,98.5,615.9,658.0
West Virginia,2016-10-01,2016,10,5.9,559.2,98.4,618.3,657.6
West Virginia,2016-11-01,2016,11,5.8,561.2,97.6,630.7,658.8000000000001
West Virginia,2016-12-01,2016,12,5.6,558.9,96.4,619.5,655.3
West Virginia,2017-01-01,2017,1,5.4,542.8,93.1,604.3,635.9
West Virginia,2017-02-01,2017,2,5.2,543.0,93.7,605.2,636.7
West Virginia,2017-03-01,2017,3,5.1,547.2,95.6,609.7,642.8000000000001
West Virginia,2017-04-01,2017,4,5.1,551.6,98.1,610.2,649.7
West Virginia,2017-05-01,2017,5,5.0,556.3,99.6,613.4,655.9
West Virginia,2017-06-01,2017,6,5.1,559.9,101.9,608.4,661.8
West Virginia,2017-07-01,2017,7,5.1,559.4,102.4,602.0,661.8
West Virginia,2017-08-01,2017,8,5.2,561.1,102.6,604.6,663.7
West Virginia,2017-09-01,2017,9,5.2,563.0,104.1,612.5,667.1
West Virginia,2017-10-01,2017,10,5.3,565.3,104.4,616.8,669.6999999999999
West Virginia,2017-11-01,2017,11,5.3,566.1,103.5,617.9,669.6
West Virginia,2017-12-01,2017,12,5.4,563.1,102.2,615.6,665.3000000000001
West Virginia,2018-01-01,2018,1,5.4,548.8,97.6,602.8,646.4
West Virginia,2018-02-01,2018,2,5.4,549.0,98.0,604.2,647.0
West Virginia,2018-03-01,2018,3,5.3,554.1,101.1,607.1,655.2
West Virginia,2018-04-01,2018,4,5.3,560.6,104.7,611.2,665.3000000000001
West Virginia,2018-05-01,2018,5,5.2,567.0,108.4,621.7,675.4
West Virginia,2018-06-01,2018,6,5.1,572.3,112.7,610.3,685.0
West Virginia,2018-07-01,2018,7,5.0,574.2,115.6,603.2,689.8000000000001
West Virginia,2018-08-01,2018,8,5.0,577.2,117.1,606.4,694.3000000000001
West Virginia,2018-09-01,2018,9,5.0,577.7,118.2,610.9,695.9000000000001
West Virginia,2018-10-01,2018,10,5.0,579.6,118.0,616.1,697.6
West Virginia,2018-11-01,2018,11,5.0,578.9,114.8,618.0,693.6999999999999
West Virginia,2018-12-01,2018,12,5.0,574.1,110.8,616.1,684.9
West Virginia,2019-01-01,2019,1,5.0,555.5,104.2,601.9,659.7
West Virginia,2019-02-01,2019,2,4.9,553.4,102.3,603.6,655.6999999999999
West Virginia,2019-03-01,2019,3,4.9,557.0,103.4,607.1,660.4
West Virginia,2019-04-01,2019,4,4.8,563.2,105.8,612.3,669.0
West Virginia,2019-05-01,2019,5,4.8,566.6,107.8,612.7,674.4
West Virginia,2019-06-01,2019,6,4.8,569.0,109.2,610.4,678.2
West Virginia,2019-07-01,2019,7,4.8,568.2,108.6,604.2,676.8000000000001
West Virginia,2019-08-01,2019,8,4.9,568.8,107.7,609.5,676.5
West Virginia,2019-09-01,2019,9,5.0,567.1,106.5,613.3,673.6
West Virginia,2019-10-01,2019,10,5.0,565.2,104.0,618.0,669.2
West Virginia,2019-11-01,2019,11,5.1,564.2,100.6,619.6,664.8000000000001
West Virginia,2019-12-01,2019,12,5.1,560.7,98.2,618.1,658.9000000000001
West Virginia,2020-01-01,2020,1,5.2,547.8,95.8,608.0,643.5999999999999
West Virginia,2020-02-01,2020,2,5.3,545.9,94.0,608.5,639.9
West Virginia,2020-03-01,2020,3,5.3,544.6,94.9,606.6,639.5
West Virginia,2020-04-01,2020,4,15.8,463.7,85.3,524.8,549.0
West Virginia,2020-05-01,2020,5,12.5,483.5,89.0,536.4,572.5
West Virginia,2020-06-01,2020,6,10.6,511.1,92.1,568.9,603.2
West Virginia,2020-07-01,2020,7,9.5,516.0,91.0,562.0,607.0
West Virginia,2020-08-01,2020,8,8.2,520.0,91.9,568.8,611.9
West Virginia,2020-09-01,2020,9,7.6,522.8,91.9,577.2,614.6999999999999
West Virginia,2020-10-01,2020,10,7.0,529.0,93.1,585.0,622.1
West Virginia,2020-11-01,2020,11,6.6,529.9,92.3,586.5,622.1999999999999
West Virginia,2020-12-01,2020,12,6.4,528.0,91.3,584.7,619.3
West Virginia,2021-01-01,2021,1,6.4,516.1,88.5,569.1,604.6
West Virginia,2021-02-01,2021,2,6.1,516.9,88.1,573.8,605.0
West Virginia,2021-03-01,2021,3,5.9,524.3,90.7,581.8,615.0
West Virginia,2021-04-01,2021,4,5.7,527.3,92.4,584.3,619.6999999999999
West Virginia,2021-05-01,2021,5,5.4,531.6,93.8,587.5,625.4
West Virginia,2021-06-01,2021,6,5.2,535.3,95.3,586.4,630.5999999999999
West Virginia,2021-07-01,2021,7,5.0,540.7,96.9,584.8,637.6
West Virginia,2021-08-01,2021,8,4.8,541.3,96.9,587.1,638.1999999999999
West Virginia,2021-09-01,2021,9,4.5,538.5,96.3,590.7,634.8
West Virginia,2021-10-01,2021,10,4.3,545.0,96.8,598.3,641.8
West Virginia,2021-11-01,2021,11,4.2,547.1,96.7,601.4,643.8000000000001
West Virginia,2021-12-01,2021,12,4.1,547.0,95.5,602.0,642.5
West Virginia,2022-01-01,2022,1,4.0,534.0,93.4,588.4,627.4
West Virginia,2022-02-01,2022,2,4.0,537.4,94.1,593.3,631.5
West Virginia,2022-03-01,2022,3,4.0,542.0,95.6,597.2,637.6
West Virginia,2022-04-01,2022,4,4.0,546.6,97.7,599.6,644.3000000000001
West Virginia,2022-05-01,2022,5,4.0,549.0,98.8,609.7,647.8
West Virginia,2022-06-01,2022,6,3.9,549.3,99.9,596.5,649.1999999999999
West Virginia,2022-07-01,2022,7,3.9,551.9,99.8,593.7,651.6999999999999
West Virginia,2022-08-01,2022,8,3.9,552.5,99.8,596.3,652.3
West Virginia,2022-09-01,2022,9,3.8,553.0,100.0,603.3,653.0
West Virginia,2022-10-01,2022,10,3.8,553.0,99.7,604.8,652.7
West Virginia,2022-11-01,2022,11,3.7,553.8,99.2,615.9,653.0
West Virginia,2022-12-01,2022,12,3.6,552.6,98.0,607.5,650.6
West Virginia,2023-01-01,2023,1,3.6,546.0,96.2,599.7,642.2
West Virginia,2023-02-01,2023,2,3.6,547.7,96.6,603.8,644.3000000000001
West Virginia,2023-03-01,2023,3,3.6,551.1,97.7,606.8,648.8000000000001
West Virginia,2023-04-01,2023,4,3.7,554.6,99.3,607.6,653.9
West Virginia,2023-05-01,2023,5,3.8,558.2,100.0,610.5,658.2
West Virginia,2023-06-01,2023,6,3.8,563.5,101.3,612.5,664.8
West Virginia,2023-07-01,2023,7,3.9,561.0,101.7,601.3,662.7
West Virginia,2023-08-01,2023,8,4.0,561.0,101.9,605.1,662.9
West Virginia,2023-09-01,2023,9,4.0,563.1,103.0,611.7,666.1
West Virginia,2023-10-01,2023,10,4.1,565.6,103.1,614.5,668.7
West Virginia,2023-11-01,2023,11,4.1,567.5,102.6,617.4,670.1
West Virginia,2023-12-01,2023,12,4.2,566.3,101.7,617.7,668.0
West Virginia,2024-01-01,2024,1,4.2,556.0,98.6,607.0,654.6
West Virginia,2024-02-01,2024,2,4.2,559.5,99.7,611.8,659.2
West Virginia,2024-03-01,2024,3,4.1,562.9,100.2,616.6,663.1
West Virginia,2024-04-01,2024,4,4.1,565.8,100.8,618.8,666.5999999999999
West Virginia,2024-05-01,2024,5,4.1,569.8,101.7,631.2,671.5
West Virginia,2024-06-01,2024,6,4.1,572.9,102.9,617.6,675.8
West Virginia,2024-07-01,2024,7,4.1,570.3,102.2,610.1,672.5
West Virginia,2024-08-01,2024,8,4.0,572.2,102.4,614.8,674.6
West Virginia,2024-09-01,2024,9,4.0,570.4,101.8,618.9,672.1999999999999
West Virginia,2024-10-01,2024,10,3.9,569.6,101.2,620.9,670.8000000000001
West Virginia,2024-11-01,2024,11,3.9,571.8,101.0,624.3,672.8
West Virginia,2024-12-01,2024,12,3.9,570.1,99.6,622.2,669.7
West Virginia,2025-01-01,2025,1,3.8,555.7,95.6,606.8,651.3000000000001
West Virginia,2025-02-01,2025,2,3.8,561.8,97.4,614.9,659.1999999999999
West Virginia,2025-03-01,2025,3,3.9,566.5,99.2,618.3,665.7
West Virginia,2025-04-01,2025,4,3.9,567.3,101.1,617.1,668.4
West Virginia,2025-05-01,2025,5,4.0,571.2,102.3,621.5,673.5
West Virginia,2025-06-01,2025,6,4.0,572.6,102.4,617.0,675.0
West Virginia,2025-07-01,2025,7,4.2,572.4,102.0,611.8,674.4
West Virginia,2025-08-01,2025,8,4.3,574.5,102.2,615.3,676.7
West Virginia,2025-09-01,2025,9,4.5,571.9,102.2,617.9,674.1
West Virginia,2025-10-01,2025,10,,574.3,102.6,620.4,676.9
West Virginia,2025-11-01,2025,11,4.6,572.9,101.6,620.7,674.5
West Virginia,2025-12-01,2025,12,4.6,571.5,100.6,619.2,672.1
West Virginia,2026-01-01,2026,1,4.6,561.3,99.4,605.6,660.6999999999999
West Virginia,2026-02-01,2026,2,4.7,561.1,99.0,608.9,660.1
Wisconsin,2016-01-01,2016,1,4.2,2447.7,566.6,2286.2,3014.2999999999997
Wisconsin,2016-02-01,2016,2,4.1,2448.5,564.4,2305.4,3012.9
Wisconsin,2016-03-01,2016,3,4.1,2459.1,568.4,2311.1,3027.5
Wisconsin,2016-04-01,2016,4,4.0,2494.0,577.5,2345.9,3071.5
Wisconsin,2016-05-01,2016,5,4.0,2521.4,584.3,2354.7,3105.7
Wisconsin,2016-06-01,2016,6,3.9,2553.8,597.3,2362.7,3151.1000000000004
Wisconsin,2016-07-01,2016,7,3.9,2565.9,601.8,2350.0,3167.7
Wisconsin,2016-08-01,2016,8,3.9,2567.3,600.9,2356.1,3168.2000000000003
Wisconsin,2016-09-01,2016,9,3.8,2537.4,591.8,2356.5,3129.2
Wisconsin,2016-10-01,2016,10,3.8,2532.4,589.1,2367.0,3121.5
Wisconsin,2016-11-01,2016,11,3.8,2530.1,586.2,2380.1,3116.3
Wisconsin,2016-12-01,2016,12,3.7,2521.5,579.5,2368.5,3101.0
Wisconsin,2017-01-01,2017,1,3.6,2472.1,569.6,2306.6,3041.7
Wisconsin,2017-02-01,2017,2,3.5,2472.2,569.2,2323.2,3041.3999999999996
Wisconsin,2017-03-01,2017,3,3.4,2488.6,574.1,2331.4,3062.7
Wisconsin,2017-04-01,2017,4,3.3,2512.5,583.4,2355.9,3095.9
Wisconsin,2017-05-01,2017,5,3.3,2545.8,591.7,2374.3,3137.5
Wisconsin,2017-06-01,2017,6,3.2,2589.6,607.1,2385.6,3196.7
Wisconsin,2017-07-01,2017,7,3.3,2589.9,611.0,2364.0,3200.9
Wisconsin,2017-08-01,2017,8,3.3,2590.8,610.0,2361.2,3200.8
Wisconsin,2017-09-01,2017,9,3.2,2559.2,601.1,2366.9,3160.2999999999997
Wisconsin,2017-10-01,2017,10,3.2,2555.5,599.3,2378.5,3154.8
Wisconsin,2017-11-01,2017,11,3.1,2557.2,596.7,2384.9,3153.8999999999996
Wisconsin,2017-12-01,2017,12,3.0,2556.4,593.2,2383.9,3149.6000000000004
Wisconsin,2018-01-01,2018,1,3.0,2506.0,584.2,2323.7,3090.2
Wisconsin,2018-02-01,2018,2,3.0,2507.0,584.2,2344.6,3091.2
Wisconsin,2018-03-01,2018,3,3.0,2520.2,588.9,2350.6,3109.1
Wisconsin,2018-04-01,2018,4,3.0,2533.6,595.2,2365.0,3128.8
Wisconsin,2018-05-01,2018,5,3.0,2571.2,605.6,2387.2,3176.7999999999997
Wisconsin,2018-06-01,2018,6,3.0,2616.3,622.2,2400.9,3238.5
Wisconsin,2018-07-01,2018,7,3.0,2615.2,625.3,2376.7,3240.5
Wisconsin,2018-08-01,2018,8,3.0,2618.5,625.8,2379.5,3244.3
Wisconsin,2018-09-01,2018,9,3.0,2582.2,616.4,2375.7,3198.6
Wisconsin,2018-10-01,2018,10,3.0,2578.2,613.5,2387.6,3191.7
Wisconsin,2018-11-01,2018,11,3.0,2578.5,611.1,2398.2,3189.6
Wisconsin,2018-12-01,2018,12,3.0,2576.5,607.8,2393.8,3184.3
Wisconsin,2019-01-01,2019,1,3.1,2527.4,598.6,2330.6,3126.0
Wisconsin,2019-02-01,2019,2,3.1,2519.3,595.1,2341.7,3114.4
Wisconsin,2019-03-01,2019,3,3.1,2529.3,597.6,2352.1,3126.9
Wisconsin,2019-04-01,2019,4,3.2,2553.1,605.4,2372.3,3158.5
Wisconsin,2019-05-01,2019,5,3.2,2586.0,614.1,2386.5,3200.1
Wisconsin,2019-06-01,2019,6,3.2,2627.3,627.5,2407.5,3254.8
Wisconsin,2019-07-01,2019,7,3.3,2625.8,630.7,2380.7,3256.5
Wisconsin,2019-08-01,2019,8,3.3,2626.8,628.7,2377.0,3255.5
Wisconsin,2019-09-01,2019,9,3.3,2588.0,618.3,2373.1,3206.3
Wisconsin,2019-10-01,2019,10,3.3,2586.4,614.9,2393.0,3201.3
Wisconsin,2019-11-01,2019,11,3.2,2582.9,608.9,2399.5,3191.8
Wisconsin,2019-12-01,2019,12,3.2,2582.3,605.8,2400.8,3188.1000000000004
Wisconsin,2020-01-01,2020,1,3.1,2533.2,594.3,2342.0,3127.5
Wisconsin,2020-02-01,2020,2,3.1,2528.6,591.9,2359.3,3120.5
Wisconsin,2020-03-01,2020,3,3.0,2520.4,593.5,2347.9,3113.9
Wisconsin,2020-04-01,2020,4,14.1,2192.9,554.2,2028.7,2747.1000000000004
Wisconsin,2020-05-01,2020,5,10.5,2286.8,572.2,2087.1,2859.0
Wisconsin,2020-06-01,2020,6,8.7,2416.9,590.2,2183.8,3007.1000000000004
Wisconsin,2020-07-01,2020,7,7.6,2450.4,593.2,2210.4,3043.6000000000004
Wisconsin,2020-08-01,2020,8,6.3,2467.3,594.3,2238.6,3061.6000000000004
Wisconsin,2020-09-01,2020,9,5.8,2453.6,590.0,2251.6,3043.6
Wisconsin,2020-10-01,2020,10,5.2,2464.3,590.5,2272.7,3054.8
Wisconsin,2020-11-01,2020,11,5.0,2455.1,587.8,2269.5,3042.8999999999996
Wisconsin,2020-12-01,2020,12,4.8,2463.4,588.3,2269.5,3051.7
Wisconsin,2021-01-01,2021,1,4.6,2420.5,575.7,2226.3,2996.2
Wisconsin,2021-02-01,2021,2,4.5,2418.1,569.7,2243.8,2987.8
Wisconsin,2021-03-01,2021,3,4.3,2436.0,578.9,2252.8,3014.9
Wisconsin,2021-04-01,2021,4,4.2,2469.3,589.6,2284.3,3058.9
Wisconsin,2021-05-01,2021,5,4.1,2499.1,595.8,2300.7,3094.8999999999996
Wisconsin,2021-06-01,2021,6,4.0,2542.7,608.4,2322.4,3151.1
Wisconsin,2021-07-01,2021,7,3.8,2561.5,615.1,2320.0,3176.6
Wisconsin,2021-08-01,2021,8,3.6,2558.6,613.8,2311.0,3172.3999999999996
Wisconsin,2021-09-01,2021,9,3.4,2519.3,606.3,2308.0,3125.6000000000004
Wisconsin,2021-10-01,2021,10,3.2,2530.6,608.6,2326.3,3139.2
Wisconsin,2021-11-01,2021,11,3.1,2532.5,607.6,2329.6,3140.1
Wisconsin,2021-12-01,2021,12,3.0,2533.9,604.6,2330.9,3138.5
Wisconsin,2022-01-01,2022,1,2.9,2489.0,592.3,2283.7,3081.3
Wisconsin,2022-02-01,2022,2,2.9,2507.0,596.0,2311.7,3103.0
Wisconsin,2022-03-01,2022,3,2.9,2518.2,599.7,2320.2,3117.8999999999996
Wisconsin,2022-04-01,2022,4,2.9,2543.0,608.3,2344.2,3151.3
Wisconsin,2022-05-01,2022,5,2.8,2571.6,615.3,2357.2,3186.8999999999996
Wisconsin,2022-06-01,2022,6,2.8,2611.9,628.5,2373.1,3240.4
Wisconsin,2022-07-01,2022,7,2.8,2632.9,635.8,2372.9,3268.7
Wisconsin,2022-08-01,2022,8,2.8,2633.2,635.4,2376.3,3268.6
Wisconsin,2022-09-01,2022,9,2.8,2603.5,627.8,2377.7,3231.3
Wisconsin,2022-10-01,2022,10,2.8,2600.5,626.1,2385.0,3226.6
Wisconsin,2022-11-01,2022,11,2.7,2596.0,623.1,2391.3,3219.1
Wisconsin,2022-12-01,2022,12,2.7,2594.0,618.4,2385.2,3212.4
Wisconsin,2023-01-01,2023,1,2.6,2553.1,607.2,2338.1,3160.3
Wisconsin,2023-02-01,2023,2,2.6,2555.0,606.5,2360.3,3161.5
Wisconsin,2023-03-01,2023,3,2.6,2566.2,609.0,2369.5,3175.2
Wisconsin,2023-04-01,2023,4,2.7,2585.5,613.6,2391.3,3199.1
Wisconsin,2023-05-01,2023,5,2.7,2612.7,618.3,2405.7,3231.0
Wisconsin,2023-06-01,2023,6,2.8,2661.0,631.3,2428.8,3292.3
Wisconsin,2023-07-01,2023,7,2.9,2661.7,633.7,2408.2,3295.3999999999996
Wisconsin,2023-08-01,2023,8,3.0,2662.7,633.0,2406.6,3295.7
Wisconsin,2023-09-01,2023,9,3.0,2629.5,625.0,2413.5,3254.5
Wisconsin,2023-10-01,2023,10,3.0,2620.3,621.2,2418.1,3241.5
Wisconsin,2023-11-01,2023,11,2.9,2616.9,617.3,2418.4,3234.2
Wisconsin,2023-12-01,2023,12,2.9,2618.5,612.4,2424.3,3230.9
Wisconsin,2024-01-01,2024,1,2.9,2566.1,599.6,2367.3,3165.7
Wisconsin,2024-02-01,2024,2,2.9,2569.4,598.6,2390.5,3168.0
Wisconsin,2024-03-01,2024,3,2.9,2582.3,603.0,2400.3,3185.3
Wisconsin,2024-04-01,2024,4,3.0,2601.3,606.4,2424.3,3207.7000000000003
Wisconsin,2024-05-01,2024,5,3.0,2634.3,613.3,2434.8,3247.6000000000004
Wisconsin,2024-06-01,2024,6,3.0,2669.9,623.3,2450.5,3293.2
Wisconsin,2024-07-01,2024,7,3.0,2674.1,626.1,2437.1,3300.2
Wisconsin,2024-08-01,2024,8,3.0,2673.6,624.2,2443.7,3297.8
Wisconsin,2024-09-01,2024,9,3.0,2640.9,617.1,2439.6,3258.0
Wisconsin,2024-10-01,2024,10,3.1,2634.9,613.7,2448.1,3248.6000000000004
Wisconsin,2024-11-01,2024,11,3.1,2628.4,610.5,2455.8,3238.9
Wisconsin,2024-12-01,2024,12,3.2,2625.2,605.0,2443.8,3230.2
Wisconsin,2025-01-01,2025,1,3.3,2577.2,593.8,2395.4,3171.0
Wisconsin,2025-02-01,2025,2,3.3,2571.6,591.7,2406.0,3163.3
Wisconsin,2025-03-01,2025,3,3.2,2579.3,595.2,2406.9,3174.5
Wisconsin,2025-04-01,2025,4,3.2,2603.1,602.4,2432.1,3205.5
Wisconsin,2025-05-01,2025,5,3.1,2634.4,609.7,2442.2,3244.1000000000004
Wisconsin,2025-06-01,2025,6,3.1,2666.1,620.7,2453.9,3286.8
Wisconsin,2025-07-01,2025,7,3.0,2673.9,624.5,2440.1,3298.4
Wisconsin,2025-08-01,2025,8,3.1,2671.5,623.1,2439.4,3294.6
Wisconsin,2025-09-01,2025,9,3.1,2627.0,613.7,2426.3,3240.7
Wisconsin,2025-10-01,2025,10,,2621.1,613.4,2425.0,3234.5
Wisconsin,2025-11-01,2025,11,3.2,2616.9,609.0,2427.6,3225.9
Wisconsin,2025-12-01,2025,12,3.2,2606.5,604.8,2419.8,3211.3
Wisconsin,2026-01-01,2026,1,3.3,2566.2,595.2,2376.1,3161.3999999999996
Wisconsin,2026-02-01,2026,2,3.4,2560.3,594.4,2382.1,3154.7000000000003
Wyoming,2016-01-01,2016,1,5.0,212.5,50.2,232.9,262.7
Wyoming,2016-02-01,2016,2,5.2,210.5,49.0,233.4,259.5
Wyoming,2016-03-01,2016,3,5.4,210.6,48.7,234.5,259.3
Wyoming,2016-04-01,2016,4,5.5,210.7,49.5,233.2,260.2
Wyoming,2016-05-01,2016,5,5.5,214.8,49.6,238.5,264.40000000000003
Wyoming,2016-06-01,2016,6,5.5,221.3,49.5,244.1,270.8
Wyoming,2016-07-01,2016,7,5.4,223.9,50.1,241.5,274.0
Wyoming,2016-08-01,2016,8,5.3,222.8,50.0,240.6,272.8
Wyoming,2016-09-01,2016,9,5.2,217.9,49.3,239.8,267.2
Wyoming,2016-10-01,2016,10,5.2,214.2,49.1,236.7,263.3
Wyoming,2016-11-01,2016,11,5.1,208.4,48.4,231.3,256.8
Wyoming,2016-12-01,2016,12,5.0,208.9,47.3,233.1,256.2
Wyoming,2017-01-01,2017,1,4.8,204.7,45.2,228.9,249.89999999999998
Wyoming,2017-02-01,2017,2,4.7,204.2,45.2,229.9,249.39999999999998
Wyoming,2017-03-01,2017,3,4.5,205.5,45.8,231.2,251.3
Wyoming,2017-04-01,2017,4,4.3,206.8,47.5,230.3,254.3
Wyoming,2017-05-01,2017,5,4.2,213.3,48.9,236.6,262.2
Wyoming,2017-06-01,2017,6,4.2,221.3,49.8,242.3,271.1
Wyoming,2017-07-01,2017,7,4.2,224.0,50.3,240.2,274.3
Wyoming,2017-08-01,2017,8,4.2,224.3,50.6,240.5,274.90000000000003
Wyoming,2017-09-01,2017,9,4.2,220.6,50.7,239.9,271.3
Wyoming,2017-10-01,2017,10,4.3,216.0,50.4,236.0,266.4
Wyoming,2017-11-01,2017,11,4.3,210.8,49.9,230.8,260.7
Wyoming,2017-12-01,2017,12,4.2,212.1,49.1,232.9,261.2
Wyoming,2018-01-01,2018,1,4.2,208.4,47.6,228.5,256.0
Wyoming,2018-02-01,2018,2,4.2,207.3,47.2,229.2,254.5
Wyoming,2018-03-01,2018,3,4.1,208.6,47.7,230.5,256.3
Wyoming,2018-04-01,2018,4,4.1,210.0,48.6,231.0,258.6
Wyoming,2018-05-01,2018,5,4.1,216.9,50.1,237.1,267.0
Wyoming,2018-06-01,2018,6,4.1,224.4,51.3,242.4,275.7
Wyoming,2018-07-01,2018,7,4.1,227.1,52.1,240.6,279.2
Wyoming,2018-08-01,2018,8,4.0,227.0,53.1,239.8,280.1
Wyoming,2018-09-01,2018,9,4.0,222.3,52.5,239.1,274.8
Wyoming,2018-10-01,2018,10,4.0,220.2,53.3,236.7,273.5
Wyoming,2018-11-01,2018,11,4.0,216.0,53.3,232.1,269.3
Wyoming,2018-12-01,2018,12,3.9,217.2,52.6,233.9,269.8
Wyoming,2019-01-01,2019,1,3.7,213.5,51.4,229.5,264.9
Wyoming,2019-02-01,2019,2,3.6,213.7,51.1,231.5,264.8
Wyoming,2019-03-01,2019,3,3.5,214.2,51.5,232.2,265.7
Wyoming,2019-04-01,2019,4,3.5,214.9,52.5,231.9,267.4
Wyoming,2019-05-01,2019,5,3.5,221.2,54.0,238.2,275.2
Wyoming,2019-06-01,2019,6,3.6,229.1,55.2,243.7,284.3
Wyoming,2019-07-01,2019,7,3.7,231.8,55.5,242.2,287.3
Wyoming,2019-08-01,2019,8,3.8,231.6,56.2,242.1,287.8
Wyoming,2019-09-01,2019,9,3.8,227.0,55.3,241.0,282.3
Wyoming,2019-10-01,2019,10,3.9,223.6,55.0,239.6,278.6
Wyoming,2019-11-01,2019,11,4.0,217.1,53.5,234.2,270.6
Wyoming,2019-12-01,2019,12,4.2,218.1,51.9,236.8,270.0
Wyoming,2020-01-01,2020,1,4.4,214.3,50.3,232.8,264.6
Wyoming,2020-02-01,2020,2,4.6,212.5,49.3,233.5,261.8
Wyoming,2020-03-01,2020,3,4.8,211.6,49.2,233.2,260.8
Wyoming,2020-04-01,2020,4,5.1,190.3,46.9,212.2,237.20000000000002
Wyoming,2020-05-01,2020,5,8.7,196.4,46.2,217.8,242.60000000000002
Wyoming,2020-06-01,2020,6,7.3,205.2,46.1,225.7,251.29999999999998
Wyoming,2020-07-01,2020,7,6.8,209.0,45.9,226.8,254.9
Wyoming,2020-08-01,2020,8,6.2,209.9,46.1,229.8,256.0
Wyoming,2020-09-01,2020,9,5.9,207.6,45.5,231.6,253.1
Wyoming,2020-10-01,2020,10,5.6,206.2,45.0,230.6,251.2
Wyoming,2020-11-01,2020,11,5.5,201.7,43.8,226.9,245.5
Wyoming,2020-12-01,2020,12,5.4,204.3,43.8,229.5,248.10000000000002
Wyoming,2021-01-01,2021,1,5.3,199.3,41.4,224.7,240.70000000000002
Wyoming,2021-02-01,2021,2,5.3,199.8,41.1,227.0,240.9
Wyoming,2021-03-01,2021,3,5.2,201.3,41.8,228.4,243.10000000000002
Wyoming,2021-04-01,2021,4,5.1,203.9,43.7,229.0,247.60000000000002
Wyoming,2021-05-01,2021,5,4.9,209.5,44.9,234.4,254.4
Wyoming,2021-06-01,2021,6,4.7,217.4,46.1,240.5,263.5
Wyoming,2021-07-01,2021,7,4.5,219.8,46.7,238.6,266.5
Wyoming,2021-08-01,2021,8,4.3,219.0,47.2,237.6,266.2
Wyoming,2021-09-01,2021,9,4.1,216.2,47.3,237.5,263.5
Wyoming,2021-10-01,2021,10,3.9,213.6,47.0,235.7,260.6
Wyoming,2021-11-01,2021,11,3.7,210.2,46.7,232.0,256.9
Wyoming,2021-12-01,2021,12,3.6,212.2,45.8,234.9,258.0
Wyoming,2022-01-01,2022,1,3.5,207.3,43.7,230.5,251.0
Wyoming,2022-02-01,2022,2,3.4,208.0,43.7,232.4,251.7
Wyoming,2022-03-01,2022,3,3.4,209.0,44.3,233.1,253.3
Wyoming,2022-04-01,2022,4,3.4,211.9,46.2,234.1,258.1
Wyoming,2022-05-01,2022,5,3.4,215.5,47.2,237.5,262.7
Wyoming,2022-06-01,2022,6,3.4,223.4,48.3,243.1,271.7
Wyoming,2022-07-01,2022,7,3.5,226.7,48.9,243.2,275.59999999999997
Wyoming,2022-08-01,2022,8,3.5,225.9,49.1,242.4,275.0
Wyoming,2022-09-01,2022,9,3.5,223.0,49.2,242.8,272.2
Wyoming,2022-10-01,2022,10,3.5,218.9,48.9,239.6,267.8
Wyoming,2022-11-01,2022,11,3.4,215.0,48.6,235.8,263.6
Wyoming,2022-12-01,2022,12,3.4,216.8,47.6,238.8,264.40000000000003
Wyoming,2023-01-01,2023,1,3.3,213.4,46.0,235.3,259.4
Wyoming,2023-02-01,2023,2,3.1,213.2,46.0,236.3,259.2
Wyoming,2023-03-01,2023,3,3.0,214.6,46.7,237.6,261.3
Wyoming,2023-04-01,2023,4,2.9,215.9,47.9,237.9,263.8
Wyoming,2023-05-01,2023,5,2.9,221.5,49.2,243.5,270.7
Wyoming,2023-06-01,2023,6,2.8,229.8,50.6,249.1,280.40000000000003
Wyoming,2023-07-01,2023,7,2.8,231.9,51.0,247.0,282.9
Wyoming,2023-08-01,2023,8,2.8,231.0,51.3,246.4,282.3
Wyoming,2023-09-01,2023,9,2.8,227.4,51.0,246.9,278.4
Wyoming,2023-10-01,2023,10,2.8,223.2,51.1,243.0,274.3
Wyoming,2023-11-01,2023,11,2.8,219.0,50.3,239.5,269.3
Wyoming,2023-12-01,2023,12,2.8,220.2,49.3,241.7,269.5
Wyoming,2024-01-01,2024,1,2.8,215.1,47.7,237.6,262.8
Wyoming,2024-02-01,2024,2,2.9,214.9,47.3,239.0,262.2
Wyoming,2024-03-01,2024,3,2.9,216.1,47.8,239.9,263.9
Wyoming,2024-04-01,2024,4,3.0,217.3,48.8,240.3,266.1
Wyoming,2024-05-01,2024,5,3.1,223.4,50.4,245.7,273.8
Wyoming,2024-06-01,2024,6,3.1,230.4,51.1,250.8,281.5
Wyoming,2024-07-01,2024,7,3.2,233.2,52.1,248.6,285.3
Wyoming,2024-08-01,2024,8,3.2,233.3,52.6,249.6,285.90000000000003
Wyoming,2024-09-01,2024,9,3.3,228.9,51.8,249.3,280.7
Wyoming,2024-10-01,2024,10,3.3,224.8,51.6,245.6,276.40000000000003
Wyoming,2024-11-01,2024,11,3.3,219.8,50.9,241.5,270.7
Wyoming,2024-12-01,2024,12,3.3,221.1,49.8,243.4,270.9
Wyoming,2025-01-01,2025,1,3.2,215.9,47.8,238.5,263.7
Wyoming,2025-02-01,2025,2,3.2,215.4,47.4,240.1,262.8
Wyoming,2025-03-01,2025,3,3.2,215.8,47.9,240.3,263.7
Wyoming,2025-04-01,2025,4,3.2,218.0,49.2,241.1,267.2
Wyoming,2025-05-01,2025,5,3.2,223.5,50.2,246.4,273.7
Wyoming,2025-06-01,2025,6,3.2,229.5,50.9,250.7,280.4
Wyoming,2025-07-01,2025,7,3.3,231.7,50.4,250.4,282.09999999999997
Wyoming,2025-08-01,2025,8,3.3,230.8,50.4,249.7,281.2
Wyoming,2025-09-01,2025,9,3.4,226.0,49.4,249.0,275.4
Wyoming,2025-10-01,2025,10,,222.4,49.1,246.2,271.5
Wyoming,2025-11-01,2025,11,3.5,219.6,49.7,242.3,269.3
Wyoming,2025-12-01,2025,12,3.5,220.7,48.4,244.3,269.09999999999997
Wyoming,2026-01-01,2026,1,3.6,216.9,47.3,239.1,264.2
Wyoming,2026-02-01,2026,2,3.6,216.6,47.5,240.9,264.1
