State,Date,Year,Month,Unemployment_Rate,Goods_Producing,Service_Providing,Mining_and_Logging,Construction,Manufacturing,Trade_Transport_and_Utilities,Information,Financial_Activities,Professional_and_Tech_Services,Education_and_Health_Services,Leisure_and_Hospitality,Government,Total_Tech_Employment_Thousands
Alabama,2016-01-01,2016,1,5.9,351.2,1611.6,9.9,82.7,258.6,376.4,20.8,95.1,229.1,233.2,186.2,378.5,249.9
Alabama,2016-02-01,2016,2,5.9,351.2,1623.6,9.5,82.7,259.0,375.8,20.7,95.3,230.7,236.7,190.0,381.7,251.39999999999998
Alabama,2016-03-01,2016,3,5.9,352.8,1632.0,9.5,84.5,258.8,377.3,20.6,95.5,231.9,235.6,194.6,383.0,252.5
Alabama,2016-04-01,2016,4,5.8,354.6,1646.8,9.3,85.4,259.9,379.2,20.8,95.9,235.4,237.9,199.7,383.5,256.2
Alabama,2016-05-01,2016,5,5.8,353.6,1650.0,9.2,84.5,259.9,379.7,21.0,96.1,234.9,237.3,202.2,384.6,255.9
Alabama,2016-06-01,2016,6,5.8,354.5,1649.4,9.2,84.3,261.0,379.8,21.0,96.2,234.3,236.4,203.2,383.6,255.3
Alabama,2016-07-01,2016,7,5.8,355.0,1636.6,9.3,84.2,261.5,379.6,20.8,96.4,232.7,237.0,202.2,372.7,253.5
Alabama,2016-08-01,2016,8,5.8,354.2,1643.8,9.2,83.3,261.7,378.8,20.7,96.6,234.6,239.2,202.6,376.4,255.29999999999998
Alabama,2016-09-01,2016,9,5.8,356.4,1650.6,9.4,84.7,262.3,378.7,20.5,96.6,234.1,241.6,200.5,383.5,254.6
Alabama,2016-10-01,2016,10,5.8,354.9,1650.9,9.1,84.4,261.4,379.8,20.7,96.6,234.9,241.5,197.4,385.3,255.6
Alabama,2016-11-01,2016,11,5.7,354.5,1659.1,9.3,83.6,261.6,386.8,20.9,96.6,235.5,240.8,197.2,386.5,256.4
Alabama,2016-12-01,2016,12,5.6,356.1,1660.0,9.3,84.6,262.2,388.7,20.9,96.6,234.9,242.4,194.4,387.2,255.8
Alabama,2017-01-01,2017,1,5.4,354.3,1630.2,9.6,83.1,261.6,376.8,20.5,95.5,231.6,237.2,192.2,381.6,252.1
Alabama,2017-02-01,2017,2,5.2,356.4,1642.6,9.7,83.9,262.8,375.3,20.7,95.7,234.3,240.8,195.7,384.8,255.0
Alabama,2017-03-01,2017,3,5.0,357.8,1652.8,9.7,85.3,262.8,376.4,20.9,96.0,237.0,240.2,200.1,386.3,257.9
Alabama,2017-04-01,2017,4,4.8,356.8,1659.9,9.7,84.1,263.0,377.1,20.7,95.7,237.7,241.9,204.2,386.5,258.4
Alabama,2017-05-01,2017,5,4.6,357.6,1665.4,9.7,85.0,262.9,377.6,21.1,96.1,239.0,241.0,206.5,387.7,260.1
Alabama,2017-06-01,2017,6,4.5,358.2,1669.8,9.7,84.7,263.8,378.8,21.0,96.3,241.3,241.0,208.0,386.8,262.3
Alabama,2017-07-01,2017,7,4.3,358.0,1653.3,9.8,84.7,263.5,377.5,21.0,97.0,238.9,239.3,207.7,375.4,259.9
Alabama,2017-08-01,2017,8,4.2,358.7,1661.0,9.9,85.1,263.7,377.8,20.7,97.1,242.1,240.9,207.9,378.1,262.8
Alabama,2017-09-01,2017,9,4.1,359.9,1664.7,10.0,86.2,263.7,376.8,20.6,97.5,240.7,243.3,204.2,385.1,261.3
Alabama,2017-10-01,2017,10,4.0,361.7,1669.0,9.9,87.7,264.1,378.7,20.8,98.4,242.3,243.1,202.2,387.3,263.1
Alabama,2017-11-01,2017,11,4.0,361.2,1678.4,10.0,86.5,264.7,386.3,20.9,97.7,242.5,245.1,201.4,388.2,263.4
Alabama,2017-12-01,2017,12,4.0,362.1,1676.7,10.0,86.3,265.8,390.9,20.9,96.5,241.1,245.0,198.6,387.7,262.0
Alabama,2018-01-01,2018,1,4.0,358.2,1645.5,9.9,84.1,264.2,378.9,20.7,95.4,236.7,240.8,195.8,381.7,257.4
Alabama,2018-02-01,2018,2,4.0,361.7,1658.4,9.9,86.4,265.4,377.4,21.0,95.5,240.2,244.0,199.2,385.3,261.2
Alabama,2018-03-01,2018,3,4.0,363.1,1668.0,9.9,88.0,265.2,379.9,21.1,95.6,242.0,243.0,203.1,386.9,263.1
Alabama,2018-04-01,2018,4,4.0,363.3,1678.7,9.9,88.4,265.0,380.6,21.1,95.6,243.9,245.3,207.2,388.3,265.0
Alabama,2018-05-01,2018,5,4.0,363.9,1682.1,9.9,88.5,265.5,381.8,21.3,95.9,242.1,244.2,209.7,389.9,263.4
Alabama,2018-06-01,2018,6,4.0,366.0,1689.6,9.9,89.2,266.9,382.2,21.2,96.6,244.7,245.0,211.9,390.1,265.9
Alabama,2018-07-01,2018,7,3.9,366.8,1674.5,10.1,89.2,267.5,382.5,21.1,96.7,244.1,243.2,211.4,378.1,265.2
Alabama,2018-08-01,2018,8,3.9,368.0,1681.4,10.1,89.9,268.0,382.1,21.0,96.8,245.3,245.1,211.8,381.5,266.3
Alabama,2018-09-01,2018,9,3.9,368.8,1683.2,10.1,90.6,268.1,381.1,21.1,96.9,244.7,246.8,207.0,387.6,265.8
Alabama,2018-10-01,2018,10,3.8,369.7,1692.7,10.1,91.7,267.9,383.7,21.0,97.4,249.5,247.0,206.4,389.7,270.5
Alabama,2018-11-01,2018,11,3.8,370.5,1705.9,10.0,91.2,269.3,395.0,21.2,96.7,250.1,248.8,205.0,390.8,271.3
Alabama,2018-12-01,2018,12,3.8,371.6,1703.8,10.2,91.1,270.3,397.5,21.2,96.1,247.6,248.6,203.1,391.5,268.8
Alabama,2019-01-01,2019,1,3.7,367.4,1675.8,10.2,88.9,268.3,386.6,21.2,94.8,244.4,245.1,199.3,386.3,265.6
Alabama,2019-02-01,2019,2,3.6,369.3,1687.1,10.2,90.2,268.9,383.7,21.4,95.1,246.7,248.2,203.3,389.8,268.09999999999997
Alabama,2019-03-01,2019,3,3.4,371.7,1692.1,10.2,92.9,268.6,383.8,21.9,95.1,247.7,246.9,206.4,391.2,269.59999999999997
Alabama,2019-04-01,2019,4,3.3,371.8,1704.7,10.0,93.5,268.3,385.3,21.9,95.7,249.0,249.4,211.3,392.3,270.9
Alabama,2019-05-01,2019,5,3.2,372.4,1709.2,10.1,93.7,268.6,386.0,21.6,96.2,249.6,249.4,213.1,393.7,271.2
Alabama,2019-06-01,2019,6,3.0,373.5,1711.7,10.3,93.8,269.4,386.0,21.7,96.9,250.2,249.2,213.7,393.9,271.9
Alabama,2019-07-01,2019,7,3.0,373.2,1700.9,10.3,93.8,269.1,385.8,21.1,97.0,250.8,249.2,212.8,384.7,271.90000000000003
Alabama,2019-08-01,2019,8,3.0,373.9,1707.1,10.3,94.7,268.9,385.3,21.0,96.9,252.3,251.2,212.9,388.0,273.3
Alabama,2019-09-01,2019,9,3.0,373.4,1706.0,10.2,95.0,268.2,384.6,20.8,97.5,248.7,252.5,208.4,393.9,269.5
Alabama,2019-10-01,2019,10,3.0,374.2,1712.4,10.1,95.6,268.5,387.3,20.8,97.4,251.3,252.5,208.5,395.2,272.1
Alabama,2019-11-01,2019,11,3.0,374.6,1727.6,10.1,95.1,269.4,397.8,21.0,97.5,254.0,254.4,206.9,396.5,275.0
Alabama,2019-12-01,2019,12,3.1,375.7,1724.7,10.1,95.1,270.5,399.8,21.0,97.7,251.1,253.5,205.3,396.7,272.1
Alabama,2020-01-01,2020,1,3.2,371.9,1694.1,9.9,93.4,268.6,385.9,20.8,96.8,248.1,250.2,200.6,392.6,268.9
Alabama,2020-02-01,2020,2,3.3,373.8,1703.4,9.9,93.5,270.4,384.6,20.8,97.1,249.9,252.5,204.0,394.9,270.7
Alabama,2020-03-01,2020,3,3.4,374.5,1699.2,9.6,94.3,270.6,384.0,20.5,97.1,249.8,250.1,202.4,395.9,270.3
Alabama,2020-04-01,2020,4,13.8,332.0,1512.7,9.8,90.0,232.2,352.9,19.0,95.3,219.0,224.8,130.9,386.6,238.0
Alabama,2020-05-01,2020,5,10.4,343.6,1552.0,9.8,91.0,242.8,366.2,18.8,95.4,223.7,230.0,155.7,374.3,242.5
Alabama,2020-06-01,2020,6,8.6,357.0,1590.5,9.8,92.6,254.6,378.3,18.9,96.2,228.9,231.5,173.6,371.4,247.8
Alabama,2020-07-01,2020,7,7.5,358.3,1600.9,9.7,92.1,256.5,379.7,18.9,96.4,235.9,231.6,176.9,369.6,254.8
Alabama,2020-08-01,2020,8,6.3,359.0,1622.9,9.5,91.8,257.7,384.8,19.0,96.9,240.2,234.5,178.4,378.1,259.2
Alabama,2020-09-01,2020,9,5.9,361.0,1631.1,9.5,92.3,259.2,384.6,19.1,96.5,241.5,236.5,176.1,385.7,260.6
Alabama,2020-10-01,2020,10,5.2,364.7,1656.6,9.4,93.9,261.4,391.4,19.2,97.7,250.8,239.8,178.4,386.4,270.0
Alabama,2020-11-01,2020,11,4.8,364.9,1668.0,9.2,93.2,262.5,400.2,19.2,97.3,251.7,239.6,179.9,386.9,270.9
Alabama,2020-12-01,2020,12,4.5,366.6,1673.7,9.2,94.1,263.3,403.6,19.2,96.9,252.1,241.5,179.6,388.2,271.3
Alabama,2021-01-01,2021,1,4.2,363.2,1639.9,9.2,91.9,262.1,388.2,19.3,95.9,247.5,237.8,175.2,383.6,266.8
Alabama,2021-02-01,2021,2,3.9,364.7,1652.7,9.1,92.4,263.2,389.0,19.5,96.4,249.9,240.1,178.0,386.3,269.4
Alabama,2021-03-01,2021,3,3.8,366.3,1658.8,9.2,93.8,263.3,389.4,19.6,97.2,250.2,239.1,181.5,387.8,269.8
Alabama,2021-04-01,2021,4,3.7,364.3,1667.3,8.5,93.6,262.2,388.5,19.7,98.0,251.1,240.7,185.2,389.0,270.8
Alabama,2021-05-01,2021,5,3.6,364.3,1675.2,8.5,93.8,262.0,391.6,20.0,98.4,251.2,240.1,189.2,389.6,271.2
Alabama,2021-06-01,2021,6,3.5,366.0,1683.2,8.6,93.8,263.6,393.0,20.3,98.6,250.1,240.7,195.4,389.3,270.4
Alabama,2021-07-01,2021,7,3.4,367.7,1683.0,8.4,95.0,264.3,394.5,20.8,98.7,251.8,241.5,197.9,382.0,272.6
Alabama,2021-08-01,2021,8,3.2,366.5,1684.0,8.5,94.3,263.7,393.9,20.9,98.8,252.4,242.0,195.4,384.7,273.3
Alabama,2021-09-01,2021,9,3.0,367.9,1687.9,8.3,95.4,264.2,395.9,20.7,99.4,252.0,242.3,192.4,389.2,272.7
Alabama,2021-10-01,2021,10,2.9,371.4,1706.5,8.7,96.1,266.6,402.0,21.2,100.2,259.1,244.7,192.4,390.4,280.3
Alabama,2021-11-01,2021,11,2.8,372.4,1720.9,8.8,96.0,267.6,412.0,21.5,99.9,260.5,246.4,192.4,391.6,282.0
Alabama,2021-12-01,2021,12,2.7,374.7,1723.4,8.9,96.3,269.5,416.2,21.5,100.0,259.4,245.9,192.1,391.3,280.9
Alabama,2022-01-01,2022,1,2.6,370.9,1690.9,8.9,95.2,266.8,400.4,21.7,100.0,254.9,242.7,187.9,386.5,276.6
Alabama,2022-02-01,2022,2,2.6,376.3,1708.6,9.0,97.1,270.2,403.2,22.0,100.5,259.6,244.9,192.4,388.4,281.6
Alabama,2022-03-01,2022,3,2.6,379.0,1707.1,9.0,99.0,271.0,401.2,22.4,100.3,257.7,243.7,194.1,389.6,280.09999999999997
Alabama,2022-04-01,2022,4,2.6,380.4,1721.3,9.1,99.5,271.8,402.1,22.6,100.9,261.4,245.9,197.6,391.9,284.0
Alabama,2022-05-01,2022,5,2.6,381.3,1724.4,9.1,99.6,272.6,402.0,22.8,101.4,261.3,245.9,199.9,392.5,284.1
Alabama,2022-06-01,2022,6,2.6,382.6,1727.6,9.2,99.7,273.7,401.5,22.9,101.8,260.7,246.3,203.2,392.5,283.59999999999997
Alabama,2022-07-01,2022,7,2.6,385.1,1728.1,9.3,100.1,275.7,406.1,23.3,102.7,262.2,247.3,203.8,384.7,285.5
Alabama,2022-08-01,2022,8,2.6,385.1,1729.9,9.3,99.7,276.1,404.3,23.4,102.8,263.0,249.3,201.7,387.6,286.4
Alabama,2022-09-01,2022,9,2.5,386.6,1740.4,9.2,100.5,276.9,405.8,23.2,102.6,265.4,252.2,199.4,393.7,288.59999999999997
Alabama,2022-10-01,2022,10,2.5,387.5,1745.3,9.3,100.7,277.5,406.4,23.1,105.2,266.7,252.2,197.4,396.1,289.8
Alabama,2022-11-01,2022,11,2.4,387.8,1755.7,9.3,99.9,278.6,415.2,23.2,104.6,267.6,252.8,197.6,397.3,290.8
Alabama,2022-12-01,2022,12,2.3,389.4,1758.3,9.3,100.0,280.1,420.1,23.4,103.7,266.0,253.6,196.0,398.5,289.4
Alabama,2023-01-01,2023,1,2.3,386.5,1737.2,9.4,98.2,278.9,405.6,23.4,103.8,264.2,252.2,196.6,394.8,287.59999999999997
Alabama,2023-02-01,2023,2,2.3,388.5,1750.6,9.4,99.2,279.9,405.4,23.4,104.1,267.3,255.6,200.2,397.8,290.7
Alabama,2023-03-01,2023,3,2.3,389.2,1753.9,9.3,99.9,280.0,405.0,23.2,104.2,266.4,255.9,202.0,400.3,289.59999999999997
Alabama,2023-04-01,2023,4,2.3,390.1,1763.3,9.2,100.7,280.2,405.4,23.3,104.7,268.0,257.7,205.6,401.2,291.3
Alabama,2023-05-01,2023,5,2.3,390.5,1768.2,9.2,100.5,280.8,406.4,23.6,104.7,267.1,258.3,207.9,402.3,290.70000000000005
Alabama,2023-06-01,2023,6,2.4,394.1,1776.5,9.4,101.9,282.8,408.3,23.7,104.9,268.2,258.6,211.3,403.4,291.9
Alabama,2023-07-01,2023,7,2.4,393.6,1764.0,9.3,101.6,282.7,407.6,23.5,104.6,266.4,257.6,210.3,396.2,289.9
Alabama,2023-08-01,2023,8,2.5,394.1,1769.2,9.3,102.2,282.6,406.4,23.3,104.0,268.1,259.8,209.3,400.6,291.40000000000003
Alabama,2023-09-01,2023,9,2.6,395.2,1777.2,9.3,102.9,283.0,407.2,23.1,104.2,267.3,262.5,207.5,407.3,290.40000000000003
Alabama,2023-10-01,2023,10,2.7,395.4,1785.9,9.3,104.0,282.1,409.6,23.1,104.4,270.0,261.9,206.2,412.6,293.1
Alabama,2023-11-01,2023,11,2.8,395.6,1793.5,9.4,103.6,282.6,416.4,23.1,103.9,270.2,262.3,205.8,414.2,293.3
Alabama,2023-12-01,2023,12,2.8,397.1,1794.2,9.4,103.7,284.0,419.6,23.0,103.7,268.0,262.7,204.5,414.9,291.0
Alabama,2024-01-01,2024,1,2.9,394.0,1762.4,9.3,102.9,281.8,407.4,22.9,102.6,262.9,258.4,200.4,410.5,285.79999999999995
Alabama,2024-02-01,2024,2,2.9,398.3,1778.2,9.3,104.8,284.2,407.2,22.8,102.8,265.9,263.0,204.1,414.3,288.7
Alabama,2024-03-01,2024,3,2.9,399.2,1782.0,9.3,105.5,284.4,406.8,22.8,102.8,264.9,262.4,206.7,416.8,287.7
Alabama,2024-04-01,2024,4,2.9,399.7,1789.6,9.4,105.5,284.8,406.9,22.9,103.2,266.2,262.6,211.9,417.4,289.09999999999997
Alabama,2024-05-01,2024,5,2.9,400.8,1794.9,9.5,106.5,284.8,407.9,23.0,103.7,266.2,263.3,214.0,418.6,289.2
Alabama,2024-06-01,2024,6,2.9,404.7,1795.6,9.5,107.7,287.5,408.2,23.0,104.5,264.8,262.6,215.5,418.9,287.8
Alabama,2024-07-01,2024,7,3.0,403.3,1780.6,9.4,107.6,286.3,408.5,23.0,105.1,260.3,261.9,215.7,408.7,283.3
Alabama,2024-08-01,2024,8,3.0,403.5,1786.8,9.4,108.3,285.8,407.9,23.0,104.9,261.9,265.0,214.7,412.5,284.9
Alabama,2024-09-01,2024,9,3.1,404.5,1785.1,9.4,108.8,286.3,407.3,22.8,104.1,260.4,264.9,211.3,417.5,283.2
Alabama,2024-10-01,2024,10,3.1,403.2,1796.3,9.4,108.1,285.7,408.9,22.8,106.4,264.0,266.3,211.4,420.4,286.8
Alabama,2024-11-01,2024,11,3.1,402.7,1804.9,9.4,107.5,285.8,415.4,22.9,105.5,264.4,263.3,211.0,426.9,287.29999999999995
Alabama,2024-12-01,2024,12,3.1,402.6,1803.1,9.4,107.4,285.8,418.9,22.9,104.1,262.7,262.3,209.8,427.6,285.59999999999997
Alabama,2025-01-01,2025,1,3.1,399.7,1773.9,9.4,106.4,283.9,406.7,22.9,103.7,257.4,261.4,204.5,423.9,280.29999999999995
Alabama,2025-02-01,2025,2,3.0,402.3,1786.1,9.5,107.4,285.4,405.8,22.8,103.8,261.4,263.7,208.7,426.3,284.2
Alabama,2025-03-01,2025,3,3.0,402.2,1784.7,9.4,108.1,284.7,403.5,22.7,103.7,260.3,263.0,210.3,427.8,283.0
Alabama,2025-04-01,2025,4,2.9,402.7,1795.4,9.3,108.6,284.8,404.5,22.6,103.8,263.9,263.5,216.3,427.0,286.5
Alabama,2025-05-01,2025,5,2.9,402.9,1800.9,9.3,109.3,284.3,405.4,22.8,103.9,264.8,264.4,217.7,428.1,287.6
Alabama,2025-06-01,2025,6,2.9,404.4,1798.7,9.3,110.0,285.1,405.9,22.7,104.1,263.0,262.4,219.8,426.8,285.7
Alabama,2025-07-01,2025,7,2.8,403.4,1785.7,9.4,110.5,283.5,405.3,22.5,104.9,262.8,262.6,217.6,416.3,285.3
Alabama,2025-08-01,2025,8,2.8,402.9,1791.2,9.3,110.6,283.0,404.6,22.5,104.5,263.5,264.9,216.7,421.0,286.0
Alabama,2025-09-01,2025,9,2.8,402.5,1792.0,9.2,110.9,282.4,403.7,22.3,104.2,263.2,264.7,214.1,426.3,285.5
Alabama,2025-10-01,2025,10,,404.1,1797.6,9.3,111.6,283.2,405.0,22.3,104.5,264.3,265.0,214.9,427.7,286.6
Alabama,2025-11-01,2025,11,2.7,404.5,1802.9,9.3,110.9,284.3,408.0,22.4,104.0,265.1,265.4,214.4,429.9,287.5
Alabama,2025-12-01,2025,12,2.7,403.5,1803.1,9.4,110.5,283.6,412.3,22.6,103.8,263.4,264.5,213.3,429.8,286.0
Alabama,2026-01-01,2026,1,2.7,400.9,1782.4,9.3,109.5,282.1,402.3,22.0,102.9,262.9,263.1,209.4,426.5,284.9
Alabama,2026-02-01,2026,2,2.7,403.1,1792.2,9.3,110.5,283.3,400.0,21.9,102.8,264.3,266.3,213.0,429.8,286.2
Alaska,2016-01-01,2016,1,6.4,41.0,276.7,15.7,13.9,11.4,61.6,6.2,11.7,27.6,47.8,29.9,81.1,33.800000000000004
Alaska,2016-02-01,2016,2,6.5,43.2,278.9,15.6,14.2,13.4,61.6,6.3,11.6,27.8,48.3,30.3,82.2,34.1
Alaska,2016-03-01,2016,3,6.5,43.7,280.0,15.6,14.3,13.8,61.7,6.2,11.7,27.8,48.5,30.8,82.4,34.0
Alaska,2016-04-01,2016,4,6.6,43.2,286.8,15.1,15.5,12.6,63.9,6.4,11.8,28.8,48.8,32.1,83.9,35.2
Alaska,2016-05-01,2016,5,6.6,43.0,297.2,15.0,17.3,10.7,67.8,6.4,12.0,29.3,48.7,38.0,83.7,35.7
Alaska,2016-06-01,2016,6,6.7,49.7,302.1,14.6,18.6,16.5,69.2,6.4,12.4,30.0,48.3,42.0,82.5,36.4
Alaska,2016-07-01,2016,7,6.7,59.0,299.1,14.3,19.5,25.2,70.0,6.4,12.9,29.8,48.8,43.2,76.7,36.2
Alaska,2016-08-01,2016,8,6.7,54.1,299.9,14.2,19.2,20.7,70.1,6.3,12.8,29.9,48.8,43.2,77.7,36.199999999999996
Alaska,2016-09-01,2016,9,6.7,45.5,297.0,13.9,18.0,13.6,67.7,6.3,12.1,29.2,48.7,39.6,82.3,35.5
Alaska,2016-10-01,2016,10,6.7,41.3,286.8,13.7,16.7,10.9,64.9,6.1,11.9,28.0,48.8,33.2,82.9,34.1
Alaska,2016-11-01,2016,11,6.7,36.4,281.6,13.5,14.6,8.3,63.2,6.1,11.9,26.9,48.9,30.8,82.8,33.0
Alaska,2016-12-01,2016,12,6.7,34.4,281.6,13.7,13.5,7.2,63.0,6.1,11.9,27.5,49.2,31.0,82.1,33.6
Alaska,2017-01-01,2017,1,6.7,34.9,275.6,13.1,12.2,9.6,60.9,6.1,11.5,26.7,49.0,29.8,80.9,32.8
Alaska,2017-02-01,2017,2,6.6,38.6,278.6,13.1,12.8,12.7,60.9,6.1,11.7,27.4,49.4,30.1,82.2,33.5
Alaska,2017-03-01,2017,3,6.6,39.0,279.2,13.1,13.0,12.9,60.9,6.1,11.6,26.9,49.7,30.9,82.3,33.0
Alaska,2017-04-01,2017,4,6.6,38.5,283.4,13.0,13.9,11.6,62.6,6.0,11.8,27.3,49.8,32.0,82.7,33.3
Alaska,2017-05-01,2017,5,6.6,39.1,296.2,13.1,15.5,10.5,66.5,6.0,12.0,28.5,50.0,38.1,83.7,34.5
Alaska,2017-06-01,2017,6,6.6,47.4,302.3,13.4,17.5,16.5,68.5,6.0,12.5,29.4,50.1,42.4,81.8,35.4
Alaska,2017-07-01,2017,7,6.6,55.5,298.1,13.5,18.0,24.0,69.5,6.0,12.6,29.6,49.8,43.5,75.7,35.6
Alaska,2017-08-01,2017,8,6.6,52.5,298.7,13.5,18.1,20.9,69.5,5.9,12.6,29.5,49.9,43.2,76.8,35.4
Alaska,2017-09-01,2017,9,6.6,44.8,295.7,13.2,17.4,14.2,66.9,5.9,11.9,28.7,49.6,39.9,81.5,34.6
Alaska,2017-10-01,2017,10,6.6,39.9,285.3,12.8,16.3,10.8,63.9,5.8,11.8,27.5,49.9,33.6,81.7,33.3
Alaska,2017-11-01,2017,11,6.6,34.6,280.1,12.3,14.2,8.1,62.5,5.8,11.7,27.0,50.1,30.5,81.5,32.8
Alaska,2017-12-01,2017,12,6.6,32.6,279.5,12.4,13.3,6.9,62.2,5.8,11.7,26.6,50.2,30.7,81.4,32.4
Alaska,2018-01-01,2018,1,6.5,33.8,274.2,12.2,12.6,9.0,60.5,5.7,11.4,26.1,50.0,29.8,79.9,31.8
Alaska,2018-02-01,2018,2,6.4,37.4,277.3,12.3,13.0,12.1,60.3,5.7,11.5,26.7,50.4,30.5,81.4,32.4
Alaska,2018-03-01,2018,3,6.3,37.8,278.5,12.5,13.5,11.8,60.7,5.7,11.5,26.7,50.6,31.0,81.5,32.4
Alaska,2018-04-01,2018,4,6.1,38.1,281.4,12.4,14.2,11.5,62.2,5.7,11.6,26.2,50.4,32.1,82.1,31.9
Alaska,2018-05-01,2018,5,6.0,38.9,293.9,12.7,16.0,10.2,66.5,5.7,11.7,27.5,50.5,38.0,82.7,33.2
Alaska,2018-06-01,2018,6,6.0,46.9,300.4,12.9,17.9,16.1,68.6,5.7,12.4,28.5,50.5,42.2,81.0,34.2
Alaska,2018-07-01,2018,7,5.9,54.9,296.5,12.9,18.4,23.6,69.1,5.7,12.4,28.5,50.2,43.8,75.5,34.2
Alaska,2018-08-01,2018,8,5.9,51.0,298.3,13.0,18.7,19.3,69.4,5.6,12.3,28.8,50.2,43.9,76.9,34.4
Alaska,2018-09-01,2018,9,5.9,44.4,294.1,12.9,18.1,13.4,67.0,5.5,11.7,28.1,50.1,39.9,80.9,33.6
Alaska,2018-10-01,2018,10,6.0,40.5,285.6,12.8,17.4,10.3,64.2,5.5,11.6,27.4,50.5,34.2,81.2,32.9
Alaska,2018-11-01,2018,11,6.0,35.6,280.2,12.5,15.5,7.6,62.5,5.5,11.5,26.8,50.8,31.1,81.1,32.3
Alaska,2018-12-01,2018,12,6.1,34.2,279.0,12.8,14.8,6.6,62.2,5.5,11.4,26.7,50.9,31.0,80.5,32.2
Alaska,2019-01-01,2019,1,6.0,35.1,274.4,12.6,13.4,9.1,60.5,5.4,11.4,26.1,50.3,30.3,79.8,31.5
Alaska,2019-02-01,2019,2,5.9,38.9,277.5,12.9,13.8,12.2,60.4,5.4,11.3,26.8,50.6,31.1,81.2,32.2
Alaska,2019-03-01,2019,3,5.8,39.0,278.9,13.1,14.2,11.7,61.1,5.4,11.3,26.6,50.8,31.6,81.3,32.0
Alaska,2019-04-01,2019,4,5.7,40.0,282.4,13.2,15.2,11.6,62.5,5.4,11.4,27.2,50.8,32.5,81.7,32.6
Alaska,2019-05-01,2019,5,5.6,40.6,294.0,13.3,17.1,10.2,66.7,5.4,11.6,28.2,50.9,38.6,81.4,33.6
Alaska,2019-06-01,2019,6,5.6,48.5,300.9,13.6,18.6,16.3,68.5,5.4,12.4,28.7,50.8,42.8,80.9,34.1
Alaska,2019-07-01,2019,7,5.6,57.2,298.2,13.7,19.0,24.5,69.8,5.4,12.2,29.1,50.7,44.4,75.3,34.5
Alaska,2019-08-01,2019,8,5.6,53.3,298.9,13.9,19.3,20.1,69.6,5.3,12.2,29.4,50.9,44.5,75.9,34.699999999999996
Alaska,2019-09-01,2019,9,5.5,47.9,295.4,13.6,18.5,15.8,67.4,5.3,11.5,28.3,50.7,40.9,80.3,33.6
Alaska,2019-10-01,2019,10,5.4,41.8,285.9,13.5,17.5,10.8,64.5,5.3,11.4,27.5,50.9,34.6,80.7,32.8
Alaska,2019-11-01,2019,11,5.3,36.7,280.5,13.3,15.6,7.8,62.3,5.3,11.3,27.1,51.2,31.8,80.5,32.4
Alaska,2019-12-01,2019,12,5.2,35.2,279.3,13.5,14.9,6.8,62.1,5.3,11.2,27.0,51.4,31.4,80.0,32.3
Alaska,2020-01-01,2020,1,5.3,36.3,274.6,13.1,13.8,9.4,60.4,5.2,11.1,26.9,51.2,30.3,78.7,32.1
Alaska,2020-02-01,2020,2,5.4,40.0,277.3,13.3,14.3,12.4,60.3,5.1,11.1,27.2,51.4,31.3,80.0,32.3
Alaska,2020-03-01,2020,3,5.4,39.6,277.3,13.2,14.5,11.9,60.3,5.1,11.1,27.4,51.3,31.0,80.3,32.5
Alaska,2020-04-01,2020,4,11.6,35.1,243.0,11.9,13.4,9.8,55.0,4.6,10.4,24.7,45.8,17.9,76.1,29.299999999999997
Alaska,2020-05-01,2020,5,11.7,36.6,251.9,10.9,15.9,9.8,56.3,4.8,10.6,25.5,47.4,22.8,74.9,30.3
Alaska,2020-06-01,2020,6,11.2,42.5,258.9,10.7,17.5,14.3,58.2,4.8,10.8,25.8,48.5,27.2,73.6,30.6
Alaska,2020-07-01,2020,7,11.1,48.1,258.9,10.4,17.9,19.8,58.6,4.8,11.0,26.1,48.5,28.6,71.0,30.900000000000002
Alaska,2020-08-01,2020,8,8.6,44.8,263.6,10.4,18.3,16.1,59.2,4.8,11.0,26.2,48.8,28.2,75.4,31.0
Alaska,2020-09-01,2020,9,7.8,40.7,265.7,10.3,18.0,12.4,59.2,4.9,10.9,26.1,49.0,27.4,78.1,31.0
Alaska,2020-10-01,2020,10,7.2,37.1,266.1,9.8,16.9,10.4,59.3,4.8,10.7,25.9,49.8,26.3,78.9,30.7
Alaska,2020-11-01,2020,11,7.0,32.9,263.8,9.7,15.1,8.1,59.8,4.8,10.7,25.5,50.0,25.1,77.7,30.3
Alaska,2020-12-01,2020,12,7.1,31.5,262.7,10.0,14.3,7.2,60.0,4.7,10.6,25.3,50.3,24.0,77.8,30.0
Alaska,2021-01-01,2021,1,6.9,32.2,259.4,9.9,13.1,9.2,58.4,4.7,10.5,24.8,50.1,24.5,76.5,29.5
Alaska,2021-02-01,2021,2,6.9,33.7,263.0,9.9,13.3,10.5,58.7,4.7,10.6,25.3,50.7,25.4,77.6,30.0
Alaska,2021-03-01,2021,3,7.0,34.6,264.6,10.1,13.6,10.9,58.8,4.7,10.6,25.6,51.0,26.1,77.8,30.3
Alaska,2021-04-01,2021,4,7.0,35.9,268.2,10.2,14.3,11.4,59.6,4.7,10.8,25.8,50.9,27.5,78.7,30.5
Alaska,2021-05-01,2021,5,6.8,37.3,273.2,10.3,16.5,10.5,60.9,4.8,10.8,26.7,50.8,30.7,78.1,31.5
Alaska,2021-06-01,2021,6,6.8,43.8,277.9,10.7,18.2,14.9,62.3,4.9,11.0,27.6,50.5,34.6,76.1,32.5
Alaska,2021-07-01,2021,7,6.5,51.9,279.5,11.1,19.0,21.8,63.6,4.9,11.1,27.9,50.8,36.9,73.3,32.8
Alaska,2021-08-01,2021,8,6.3,48.0,280.6,10.9,18.7,18.4,63.8,4.8,11.1,27.8,50.3,37.0,74.9,32.6
Alaska,2021-09-01,2021,9,6.0,42.7,278.5,10.6,17.8,14.3,62.7,4.8,11.0,27.1,49.9,34.5,77.9,31.900000000000002
Alaska,2021-10-01,2021,10,5.8,37.6,273.2,10.7,17.0,9.9,61.4,4.8,10.9,26.4,50.3,30.1,78.7,31.2
Alaska,2021-11-01,2021,11,5.5,33.2,271.3,10.5,15.1,7.6,61.1,4.8,10.8,26.2,50.3,28.8,78.6,31.0
Alaska,2021-12-01,2021,12,5.4,32.0,271.3,10.6,14.3,7.1,61.0,4.8,10.9,26.1,50.4,29.0,78.6,30.900000000000002
Alaska,2022-01-01,2022,1,5.3,33.3,266.2,10.3,13.3,9.7,59.6,4.7,10.7,25.7,49.5,28.3,77.3,30.4
Alaska,2022-02-01,2022,2,5.0,35.5,270.1,10.4,13.6,11.5,60.3,4.8,10.8,26.2,50.0,29.1,78.3,31.0
Alaska,2022-03-01,2022,3,4.7,35.9,272.2,10.6,13.9,11.4,60.6,4.7,10.9,26.3,50.2,30.0,78.8,31.0
Alaska,2022-04-01,2022,4,4.5,36.8,275.7,10.7,14.9,11.2,62.2,4.7,11.0,26.5,50.3,31.5,78.5,31.2
Alaska,2022-05-01,2022,5,4.4,38.2,284.9,10.8,16.9,10.5,65.5,4.8,11.1,27.6,50.3,36.1,78.3,32.4
Alaska,2022-06-01,2022,6,4.2,45.0,289.0,11.1,18.5,15.4,67.1,4.8,11.3,28.3,50.3,40.6,74.8,33.1
Alaska,2022-07-01,2022,7,4.1,52.5,289.4,11.3,18.8,22.4,68.3,4.8,11.3,29.1,50.1,42.2,71.8,33.9
Alaska,2022-08-01,2022,8,3.9,48.1,290.7,11.3,18.8,18.0,68.4,4.8,11.3,29.0,50.0,41.8,73.8,33.8
Alaska,2022-09-01,2022,9,4.0,41.1,288.0,11.2,17.9,12.0,66.3,4.8,11.1,28.0,49.8,38.4,78.4,32.8
Alaska,2022-10-01,2022,10,4.1,37.7,278.3,11.3,17.1,9.3,63.4,4.6,10.9,27.2,50.1,32.2,78.6,31.799999999999997
Alaska,2022-11-01,2022,11,4.1,34.1,275.6,11.1,15.4,7.6,62.1,4.6,10.9,26.8,50.7,30.4,78.8,31.4
Alaska,2022-12-01,2022,12,4.1,32.6,275.9,11.2,14.5,6.9,62.2,4.6,10.8,27.0,50.4,31.0,78.7,31.6
Alaska,2023-01-01,2023,1,4.1,35.2,271.6,11.0,13.9,10.3,61.1,4.6,10.6,26.2,50.5,30.1,77.4,30.799999999999997
Alaska,2023-02-01,2023,2,4.1,37.5,276.3,11.1,14.3,12.1,61.7,4.6,10.7,26.8,50.9,30.9,79.4,31.4
Alaska,2023-03-01,2023,3,4.1,38.1,277.1,11.2,14.6,12.3,62.0,4.6,10.7,26.6,51.0,31.4,79.5,31.200000000000003
Alaska,2023-04-01,2023,4,4.1,38.0,281.9,11.4,15.4,11.2,63.6,4.6,10.8,27.4,51.1,32.8,80.1,32.0
Alaska,2023-05-01,2023,5,4.1,38.8,291.2,11.5,17.4,9.9,67.0,4.6,11.0,28.3,51.1,37.4,80.1,32.9
Alaska,2023-06-01,2023,6,4.2,48.7,298.3,11.8,19.3,17.6,69.3,4.7,11.2,29.8,51.6,43.2,76.1,34.5
Alaska,2023-07-01,2023,7,4.2,55.0,296.2,12.1,19.9,23.0,69.7,4.6,11.1,29.8,51.6,44.1,72.9,34.4
Alaska,2023-08-01,2023,8,4.3,51.1,297.9,12.2,20.2,18.7,69.8,4.6,11.0,29.8,51.6,44.0,74.8,34.4
Alaska,2023-09-01,2023,9,4.4,45.9,295.5,12.1,19.4,14.4,67.9,4.6,11.0,28.9,51.7,40.0,79.6,33.5
Alaska,2023-10-01,2023,10,4.4,40.6,284.6,11.9,18.6,10.1,64.9,4.5,10.8,27.9,51.9,32.8,80.0,32.4
Alaska,2023-11-01,2023,11,4.5,35.9,281.0,11.7,16.5,7.7,63.0,4.4,10.6,28.3,52.1,30.7,80.2,32.7
Alaska,2023-12-01,2023,12,4.5,34.6,281.9,11.9,16.1,6.6,63.4,4.4,10.7,27.8,52.2,31.4,80.3,32.2
Alaska,2024-01-01,2024,1,4.5,36.6,276.3,11.8,15.4,9.4,61.7,4.4,10.5,27.2,52.2,30.1,78.6,31.6
Alaska,2024-02-01,2024,2,4.5,39.8,280.7,12.0,16.5,11.3,62.0,4.4,10.6,27.8,52.7,30.8,80.7,32.2
Alaska,2024-03-01,2024,3,4.5,40.6,282.7,12.2,16.7,11.7,62.6,4.4,10.7,27.9,52.8,31.6,80.9,32.3
Alaska,2024-04-01,2024,4,4.5,40.8,286.6,12.3,17.5,11.0,64.4,4.4,10.6,28.1,52.7,33.0,81.4,32.5
Alaska,2024-05-01,2024,5,4.5,41.0,298.0,12.3,19.2,9.5,68.4,4.4,10.8,29.3,52.8,38.4,81.6,33.7
Alaska,2024-06-01,2024,6,4.5,49.3,301.7,12.6,20.6,16.1,70.3,4.5,11.0,30.2,52.8,43.3,76.9,34.7
Alaska,2024-07-01,2024,7,4.6,55.0,301.9,12.9,20.8,21.3,70.9,4.5,11.1,30.4,53.2,44.5,74.5,34.9
Alaska,2024-08-01,2024,8,4.6,49.6,303.8,12.9,21.0,15.7,71.2,4.4,11.1,30.3,53.3,44.5,76.3,34.7
Alaska,2024-09-01,2024,9,4.6,46.2,300.8,12.8,20.2,13.2,69.1,4.4,10.9,29.7,53.2,40.7,80.8,34.1
Alaska,2024-10-01,2024,10,4.6,42.1,289.4,12.8,19.5,9.8,65.7,4.3,10.8,29.0,53.5,33.1,81.0,33.3
Alaska,2024-11-01,2024,11,4.6,37.7,285.5,12.6,17.6,7.5,63.9,4.3,10.7,28.7,53.8,31.1,81.1,33.0
Alaska,2024-12-01,2024,12,4.5,37.0,285.7,12.9,17.4,6.7,63.9,4.3,10.7,28.4,53.6,31.6,81.3,32.699999999999996
Alaska,2025-01-01,2025,1,4.5,39.9,281.6,12.9,17.0,10.0,62.5,4.3,10.4,27.8,54.0,30.9,80.0,32.1
Alaska,2025-02-01,2025,2,4.6,42.7,283.2,13.1,17.7,11.9,62.6,4.3,10.5,27.9,54.1,31.2,80.9,32.199999999999996
Alaska,2025-03-01,2025,3,4.6,43.2,284.9,13.1,18.2,11.9,63.1,4.3,10.5,28.1,54.1,31.7,81.4,32.4
Alaska,2025-04-01,2025,4,4.6,43.4,288.9,13.2,18.8,11.4,64.9,4.2,10.7,28.6,54.5,32.6,81.6,32.800000000000004
Alaska,2025-05-01,2025,5,4.6,42.7,300.9,13.1,19.6,10.0,69.3,4.3,10.8,29.6,54.6,38.7,81.4,33.9
Alaska,2025-06-01,2025,6,4.6,50.5,304.4,13.3,21.0,16.2,71.2,4.3,10.9,30.4,54.6,42.9,77.6,34.699999999999996
Alaska,2025-07-01,2025,7,4.6,57.2,302.8,13.5,21.4,22.3,71.8,4.3,11.0,30.6,54.4,44.5,73.6,34.9
Alaska,2025-08-01,2025,8,4.6,52.2,304.8,13.6,21.3,17.3,72.0,4.3,11.0,30.1,54.2,44.4,76.4,34.4
Alaska,2025-09-01,2025,9,4.7,46.9,299.8,13.5,20.3,13.1,69.9,4.2,10.8,29.1,53.9,40.3,79.8,33.300000000000004
Alaska,2025-10-01,2025,10,,43.9,289.5,13.5,19.7,10.7,66.9,4.2,10.6,28.3,54.0,34.5,79.2,32.5
Alaska,2025-11-01,2025,11,4.8,39.4,286.3,13.5,17.8,8.1,65.8,4.2,10.7,28.2,54.2,32.4,79.0,32.4
Alaska,2025-12-01,2025,12,4.8,37.9,286.7,13.7,16.9,7.3,65.1,4.2,10.9,28.2,54.0,33.2,79.1,32.4
Alaska,2026-01-01,2026,1,4.8,40.7,282.1,13.5,16.8,10.4,63.7,4.1,10.7,28.4,53.8,32.0,77.7,32.5
Alaska,2026-02-01,2026,2,4.7,42.5,284.4,13.7,16.7,12.1,64.3,4.1,10.9,28.5,54.1,31.9,78.7,32.6
Arizona,2016-01-01,2016,1,5.7,300.3,2363.5,11.8,127.2,161.3,508.4,46.1,197.1,404.4,409.1,300.3,410.7,450.5
Arizona,2016-02-01,2016,2,5.7,303.4,2389.7,12.0,129.5,161.9,507.7,46.9,198.6,405.2,411.9,307.3,423.7,452.09999999999997
Arizona,2016-03-01,2016,3,5.6,304.2,2397.8,11.5,131.2,161.5,508.6,46.3,199.0,405.7,412.6,312.4,424.5,452.0
Arizona,2016-04-01,2016,4,5.6,305.3,2412.3,11.5,132.3,161.5,510.3,46.9,200.5,410.8,415.2,315.5,424.5,457.7
Arizona,2016-05-01,2016,5,5.6,305.9,2398.1,11.4,132.8,161.7,510.2,47.3,200.5,407.8,414.1,313.9,414.8,455.1
Arizona,2016-06-01,2016,6,5.5,309.1,2338.2,11.6,135.0,162.5,508.1,46.9,200.7,404.8,407.9,307.0,373.8,451.7
Arizona,2016-07-01,2016,7,5.5,310.6,2331.4,11.6,136.9,162.1,509.7,46.6,202.3,410.7,407.6,302.7,363.8,457.3
Arizona,2016-08-01,2016,8,5.4,310.8,2380.0,11.5,137.2,162.1,511.0,46.0,203.4,413.1,416.5,307.2,395.2,459.1
Arizona,2016-09-01,2016,9,5.4,309.8,2420.7,11.4,136.6,161.8,510.6,45.5,204.3,416.5,421.4,310.2,424.0,462.0
Arizona,2016-10-01,2016,10,5.4,309.3,2445.4,11.4,136.8,161.1,519.7,46.0,206.1,419.9,424.2,314.0,426.7,465.9
Arizona,2016-11-01,2016,11,5.3,309.2,2469.2,11.4,136.1,161.7,534.0,46.1,207.6,422.2,427.1,314.2,428.9,468.3
Arizona,2016-12-01,2016,12,5.3,311.2,2471.3,11.5,136.2,163.5,538.4,46.2,208.7,423.0,429.1,312.6,425.0,469.2
Arizona,2017-01-01,2017,1,5.2,309.1,2422.2,11.3,135.3,162.5,519.8,46.0,207.5,415.2,423.9,309.5,413.0,461.2
Arizona,2017-02-01,2017,2,5.2,312.1,2446.8,11.4,137.0,163.7,517.3,46.7,208.1,415.4,428.4,316.8,425.9,462.09999999999997
Arizona,2017-03-01,2017,3,5.1,313.7,2455.7,11.4,139.2,163.1,516.3,46.8,208.9,415.6,429.4,324.0,426.1,462.40000000000003
Arizona,2017-04-01,2017,4,5.0,315.8,2466.5,11.6,141.0,163.2,517.2,47.4,209.1,417.6,431.1,327.7,426.7,465.0
Arizona,2017-05-01,2017,5,5.0,318.6,2450.5,11.6,143.0,164.0,517.1,47.5,209.4,415.9,430.1,324.2,416.1,463.4
Arizona,2017-06-01,2017,6,4.9,323.7,2403.3,11.9,145.9,165.9,517.4,47.4,210.8,415.6,425.0,318.5,378.4,463.0
Arizona,2017-07-01,2017,7,4.9,325.0,2378.8,12.1,146.6,166.3,517.5,47.0,211.7,413.4,421.8,312.4,365.9,460.4
Arizona,2017-08-01,2017,8,4.8,326.1,2432.4,12.1,147.4,166.6,519.1,46.9,212.6,416.2,431.2,316.7,400.9,463.09999999999997
Arizona,2017-09-01,2017,9,4.8,326.5,2468.1,12.0,147.7,166.8,519.2,46.1,213.2,419.5,435.5,319.6,426.0,465.6
Arizona,2017-10-01,2017,10,4.8,329.2,2494.0,12.2,149.9,167.1,526.4,46.6,214.7,425.3,439.6,323.2,428.2,471.90000000000003
Arizona,2017-11-01,2017,11,4.9,330.8,2521.3,12.2,150.4,168.2,543.8,47.0,215.9,429.6,441.9,323.0,429.4,476.6
Arizona,2017-12-01,2017,12,4.9,332.5,2524.6,12.3,150.9,169.3,545.8,47.3,216.4,433.1,444.1,322.8,424.5,480.40000000000003
Arizona,2018-01-01,2018,1,4.9,329.2,2478.5,12.3,148.9,168.0,530.1,47.1,214.9,423.9,439.1,319.1,414.3,471.0
Arizona,2018-02-01,2018,2,4.8,333.0,2506.4,12.5,151.1,169.4,526.6,48.1,216.3,427.3,444.1,326.7,426.3,475.40000000000003
Arizona,2018-03-01,2018,3,4.8,335.8,2514.7,12.7,153.0,170.1,527.0,47.2,216.1,428.2,445.4,333.5,425.8,475.4
Arizona,2018-04-01,2018,4,4.7,336.7,2516.6,13.0,154.2,169.5,526.3,47.5,217.1,428.6,445.7,332.6,426.0,476.1
Arizona,2018-05-01,2018,5,4.7,337.8,2507.4,13.0,155.3,169.5,527.9,47.7,217.1,427.1,444.5,330.5,419.5,474.8
Arizona,2018-06-01,2018,6,4.7,343.2,2454.6,13.3,158.0,171.9,527.5,47.5,217.7,428.7,435.3,324.1,380.6,476.2
Arizona,2018-07-01,2018,7,4.7,344.8,2438.5,13.3,159.0,172.5,528.5,47.4,218.3,430.6,435.1,318.0,368.1,478.0
Arizona,2018-08-01,2018,8,4.7,346.0,2500.5,13.4,159.8,172.8,529.9,47.2,219.3,434.9,447.0,322.0,407.9,482.09999999999997
Arizona,2018-09-01,2018,9,4.8,346.6,2529.8,13.3,160.2,173.1,531.8,46.7,219.6,436.1,451.0,323.1,428.7,482.8
Arizona,2018-10-01,2018,10,4.9,347.9,2558.8,13.3,161.4,173.2,539.0,47.5,221.5,443.4,455.5,326.6,431.8,490.9
Arizona,2018-11-01,2018,11,5.0,350.5,2591.1,13.2,162.8,174.5,557.8,48.4,222.8,448.5,458.8,328.1,432.8,496.9
Arizona,2018-12-01,2018,12,5.0,352.7,2590.9,13.3,163.9,175.5,560.1,48.7,223.3,450.8,459.6,327.4,428.3,499.5
Arizona,2019-01-01,2019,1,5.0,350.4,2549.3,13.3,162.1,175.0,543.2,48.1,221.4,440.1,454.9,324.8,423.5,488.20000000000005
Arizona,2019-02-01,2019,2,5.0,353.5,2569.1,13.3,164.3,175.9,538.2,48.7,222.8,442.9,460.2,330.8,431.3,491.59999999999997
Arizona,2019-03-01,2019,3,4.9,355.1,2574.4,13.3,165.6,176.2,537.6,48.6,223.7,442.5,459.5,336.9,431.5,491.1
Arizona,2019-04-01,2019,4,4.9,358.0,2580.3,13.3,168.4,176.3,536.5,49.1,224.8,445.1,462.1,337.4,431.1,494.20000000000005
Arizona,2019-05-01,2019,5,4.8,360.1,2568.7,13.3,169.8,177.0,535.7,49.5,224.8,442.0,461.7,334.8,425.4,491.5
Arizona,2019-06-01,2019,6,4.8,363.9,2515.2,13.6,171.7,178.6,536.3,49.3,225.6,443.5,452.5,328.8,384.5,492.8
Arizona,2019-07-01,2019,7,4.8,365.1,2498.7,13.7,172.0,179.4,535.7,49.6,226.3,445.9,451.0,323.5,372.6,495.5
Arizona,2019-08-01,2019,8,4.8,365.7,2574.8,13.7,172.2,179.8,537.6,50.1,227.4,448.0,466.1,329.3,422.2,498.1
Arizona,2019-09-01,2019,9,4.7,365.2,2593.4,13.6,172.2,179.4,538.8,49.2,227.6,447.4,470.1,331.0,435.0,496.59999999999997
Arizona,2019-10-01,2019,10,4.7,366.8,2624.2,13.3,174.0,179.5,549.9,49.7,230.4,454.0,474.0,334.6,437.1,503.7
Arizona,2019-11-01,2019,11,4.7,367.0,2659.6,12.5,174.6,179.9,569.8,50.5,231.8,460.6,478.8,334.6,438.3,511.1
Arizona,2019-12-01,2019,12,4.7,368.4,2665.9,12.5,174.9,181.0,573.4,50.3,232.9,461.0,480.0,335.9,437.2,511.3
Arizona,2020-01-01,2020,1,4.8,366.2,2619.1,13.0,173.0,180.2,553.8,49.9,231.4,450.7,480.0,333.6,425.5,500.59999999999997
Arizona,2020-02-01,2020,2,4.8,368.4,2639.2,12.7,175.2,180.5,550.3,50.1,232.6,451.1,481.6,340.6,438.1,501.20000000000005
Arizona,2020-03-01,2020,3,4.9,367.7,2620.1,12.8,174.4,180.5,549.7,49.2,232.2,447.0,478.7,334.8,434.3,496.2
Arizona,2020-04-01,2020,4,13.8,357.6,2310.1,12.6,170.9,174.1,503.6,43.8,228.8,414.7,432.6,199.0,426.0,458.5
Arizona,2020-05-01,2020,5,11.2,361.1,2375.7,12.6,173.3,175.2,516.1,43.7,229.8,422.5,441.9,235.1,417.7,466.2
Arizona,2020-06-01,2020,6,9.8,363.3,2390.7,12.1,174.7,176.5,535.8,42.8,231.4,424.0,443.0,263.3,367.4,466.8
Arizona,2020-07-01,2020,7,9.0,359.1,2363.5,11.9,172.5,174.7,536.5,43.3,232.5,416.2,440.8,247.4,362.4,459.5
Arizona,2020-08-01,2020,8,7.9,361.1,2440.9,12.0,173.1,176.0,543.9,43.6,233.6,422.9,450.8,250.0,410.7,466.5
Arizona,2020-09-01,2020,9,7.5,360.9,2472.9,11.8,173.3,175.8,550.5,44.7,234.3,422.4,455.1,262.3,417.6,467.09999999999997
Arizona,2020-10-01,2020,10,7.0,364.8,2527.9,11.6,176.0,177.2,566.9,44.9,237.7,434.6,462.8,275.9,417.5,479.5
Arizona,2020-11-01,2020,11,6.7,366.5,2561.7,11.5,176.3,178.7,585.5,45.2,239.2,440.4,465.6,280.5,417.4,485.59999999999997
Arizona,2020-12-01,2020,12,6.5,368.0,2567.1,11.5,176.2,180.3,590.3,45.5,241.0,442.7,468.0,279.5,412.7,488.2
Arizona,2021-01-01,2021,1,6.3,363.8,2526.8,11.8,173.3,178.7,571.5,45.5,241.3,437.8,460.8,275.3,407.6,483.3
Arizona,2021-02-01,2021,2,6.2,365.8,2552.3,11.6,174.4,179.8,572.6,46.3,243.3,444.0,464.3,282.6,411.5,490.3
Arizona,2021-03-01,2021,3,6.0,368.6,2561.9,11.6,176.2,180.8,572.6,45.9,244.7,444.7,464.0,289.2,412.3,490.59999999999997
Arizona,2021-04-01,2021,4,5.8,368.7,2574.1,11.8,176.8,180.1,567.4,46.5,244.2,445.5,467.3,299.1,413.8,492.0
Arizona,2021-05-01,2021,5,5.6,369.2,2574.5,11.8,177.2,180.2,569.2,47.0,243.7,445.3,464.8,304.4,409.0,492.3
Arizona,2021-06-01,2021,6,5.3,372.5,2540.3,12.0,179.0,181.5,573.3,47.3,243.7,440.9,459.2,307.7,376.2,488.2
Arizona,2021-07-01,2021,7,4.9,375.3,2545.0,12.2,180.0,183.1,577.2,48.0,245.9,442.2,459.5,308.7,371.6,490.2
Arizona,2021-08-01,2021,8,4.6,375.4,2598.0,12.1,179.9,183.4,579.6,48.2,246.2,447.5,467.8,314.1,402.4,495.7
Arizona,2021-09-01,2021,9,4.2,377.5,2625.2,12.0,181.7,183.8,583.2,48.0,245.8,449.6,470.9,317.8,416.9,497.6
Arizona,2021-10-01,2021,10,4.0,380.7,2667.1,12.3,183.2,185.2,596.4,49.0,249.1,460.3,476.3,322.8,418.9,509.3
Arizona,2021-11-01,2021,11,3.8,382.2,2694.3,12.3,183.9,186.0,612.2,50.0,250.3,462.8,477.3,325.1,421.3,512.8
Arizona,2021-12-01,2021,12,3.7,386.6,2702.6,12.3,185.9,188.4,618.0,50.2,251.4,465.7,477.4,326.5,417.7,515.9
Arizona,2022-01-01,2022,1,3.6,383.1,2659.0,12.5,184.6,186.0,600.3,50.1,247.0,457.8,475.1,321.8,413.1,507.90000000000003
Arizona,2022-02-01,2022,2,3.6,388.7,2693.4,12.5,188.4,187.8,606.4,50.8,248.1,464.5,479.3,330.4,418.8,515.3
Arizona,2022-03-01,2022,3,3.7,391.6,2690.1,12.5,190.2,188.9,603.8,50.9,247.9,461.3,477.8,334.6,418.2,512.2
Arizona,2022-04-01,2022,4,3.7,395.8,2716.3,12.8,192.6,190.4,604.4,51.8,249.4,468.8,482.7,340.9,420.4,520.6
Arizona,2022-05-01,2022,5,3.7,398.2,2707.6,12.8,194.6,190.8,602.6,52.5,248.6,466.1,482.9,340.5,415.9,518.6
Arizona,2022-06-01,2022,6,3.7,401.4,2651.4,12.9,196.6,191.9,599.7,52.1,247.1,462.2,476.2,336.6,379.0,514.3
Arizona,2022-07-01,2022,7,3.8,405.2,2650.2,13.1,197.5,194.6,601.2,52.3,248.0,462.0,479.2,332.6,376.5,514.3
Arizona,2022-08-01,2022,8,3.8,406.7,2702.2,13.1,198.7,194.9,602.5,52.3,247.7,466.5,489.8,336.5,408.6,518.8
Arizona,2022-09-01,2022,9,3.8,407.7,2727.2,13.0,199.7,195.0,604.0,51.7,247.0,467.0,495.7,338.1,424.8,518.7
Arizona,2022-10-01,2022,10,3.8,411.5,2756.5,13.2,203.0,195.3,612.8,52.0,247.7,470.1,501.0,344.9,427.5,522.1
Arizona,2022-11-01,2022,11,3.8,413.6,2785.2,13.3,204.5,195.8,627.7,52.6,247.7,472.0,504.6,348.2,431.1,524.6
Arizona,2022-12-01,2022,12,3.7,415.2,2775.3,13.4,204.6,197.2,630.3,52.2,246.5,470.0,504.6,349.0,422.1,522.2
Arizona,2023-01-01,2023,1,3.7,411.0,2739.5,13.5,202.9,194.6,613.4,52.0,243.1,462.8,501.9,343.5,422.5,514.8
Arizona,2023-02-01,2023,2,3.7,413.3,2765.5,13.6,205.3,194.4,609.5,52.6,243.0,468.6,506.6,354.1,429.7,521.2
Arizona,2023-03-01,2023,3,3.6,414.6,2764.7,13.6,207.4,193.6,607.8,51.6,243.7,465.1,507.3,357.6,429.8,516.7
Arizona,2023-04-01,2023,4,3.7,420.9,2785.5,13.8,212.4,194.7,609.8,52.0,241.5,469.7,511.1,365.5,433.3,521.7
Arizona,2023-05-01,2023,5,3.7,422.2,2776.4,13.9,214.2,194.1,609.9,52.1,240.7,466.9,509.1,363.6,430.7,519.0
Arizona,2023-06-01,2023,6,3.7,427.4,2727.7,14.2,217.7,195.5,612.1,51.4,241.4,463.2,507.8,356.6,392.1,514.6
Arizona,2023-07-01,2023,7,3.7,426.5,2715.0,14.3,216.3,195.9,612.3,51.0,242.2,462.2,506.2,349.3,389.9,513.2
Arizona,2023-08-01,2023,8,3.7,427.3,2770.4,14.3,217.0,196.0,612.5,51.1,241.9,467.0,517.6,354.7,423.1,518.1
Arizona,2023-09-01,2023,9,3.8,429.2,2799.6,14.1,219.0,196.1,615.6,50.2,241.2,468.7,525.7,357.1,438.3,518.9
Arizona,2023-10-01,2023,10,3.7,421.0,2797.1,13.6,214.5,192.9,618.7,50.3,240.7,468.4,520.3,356.8,439.2,518.6999999999999
Arizona,2023-11-01,2023,11,3.7,422.9,2832.3,13.6,215.6,193.7,637.4,50.3,241.9,474.0,523.7,359.4,441.9,524.3
Arizona,2023-12-01,2023,12,3.6,424.6,2836.4,13.8,216.9,193.9,640.5,50.3,242.9,477.0,526.1,361.1,434.9,527.3
Arizona,2024-01-01,2024,1,3.5,434.7,2815.8,14.6,224.8,195.3,625.9,49.3,239.3,469.4,530.0,359.8,438.6,518.6999999999999
Arizona,2024-02-01,2024,2,3.4,438.5,2833.8,14.5,227.9,196.1,621.3,49.5,239.9,472.3,534.1,367.0,446.0,521.8
Arizona,2024-03-01,2024,3,3.4,440.9,2836.9,14.6,230.1,196.2,619.6,49.3,240.2,471.7,534.7,372.2,445.0,521.0
Arizona,2024-04-01,2024,4,3.5,435.1,2838.4,14.6,225.0,195.5,618.7,49.4,240.1,468.4,536.9,374.4,446.4,517.8
Arizona,2024-05-01,2024,5,3.5,435.9,2819.0,14.6,226.0,195.3,617.6,49.6,239.7,465.0,533.7,371.7,437.2,514.6
Arizona,2024-06-01,2024,6,3.6,440.2,2759.4,14.9,228.2,197.1,616.1,49.7,239.5,457.8,529.2,363.0,399.5,507.5
Arizona,2024-07-01,2024,7,3.7,438.5,2746.9,15.1,226.5,196.9,616.6,49.3,239.9,457.7,528.0,355.8,395.2,507.0
Arizona,2024-08-01,2024,8,3.8,439.1,2794.8,15.0,228.0,196.1,616.6,49.2,239.4,463.8,538.7,359.2,422.8,513.0
Arizona,2024-09-01,2024,9,3.9,437.4,2823.9,14.9,227.5,195.0,617.5,49.3,239.6,463.8,545.0,360.1,443.0,513.1
Arizona,2024-10-01,2024,10,4.0,438.2,2845.1,15.2,227.9,195.1,623.6,49.0,242.0,466.8,548.7,365.3,443.7,515.8
Arizona,2024-11-01,2024,11,4.0,437.9,2877.6,15.4,228.1,194.4,640.5,49.4,243.4,468.2,551.5,370.1,448.9,517.6
Arizona,2024-12-01,2024,12,4.1,437.9,2870.3,15.4,227.4,195.1,644.0,49.3,243.7,466.0,551.6,369.4,442.3,515.3
Arizona,2025-01-01,2025,1,4.2,433.4,2840.9,15.3,224.9,193.2,628.9,49.1,242.9,461.4,548.5,368.1,439.6,510.5
Arizona,2025-02-01,2025,2,4.2,435.2,2856.9,15.4,226.1,193.7,625.8,49.1,243.9,463.1,551.1,374.5,446.6,512.2
Arizona,2025-03-01,2025,3,4.2,435.8,2857.8,15.4,227.0,193.4,623.4,49.2,244.9,461.9,551.3,378.7,444.6,511.09999999999997
Arizona,2025-04-01,2025,4,4.2,434.0,2854.3,15.4,225.9,192.7,621.1,48.7,244.2,460.6,550.9,378.3,446.9,509.3
Arizona,2025-05-01,2025,5,4.3,433.8,2831.6,15.7,225.7,192.4,619.5,48.8,243.9,457.2,548.4,376.7,433.0,506.0
Arizona,2025-06-01,2025,6,4.3,434.5,2768.9,15.8,225.4,193.3,618.4,48.6,242.8,453.0,539.4,365.4,398.6,501.6
Arizona,2025-07-01,2025,7,4.3,433.8,2757.7,16.0,224.6,193.2,617.7,48.4,243.2,451.9,539.6,360.1,394.8,500.29999999999995
Arizona,2025-08-01,2025,8,4.4,432.6,2800.1,15.9,223.4,193.3,618.1,48.2,243.4,456.8,549.5,362.9,419.3,505.0
Arizona,2025-09-01,2025,9,4.4,430.8,2821.1,15.8,222.4,192.6,618.6,47.7,242.7,455.8,552.4,361.3,441.0,503.5
Arizona,2025-10-01,2025,10,,432.9,2842.4,15.9,224.2,192.8,625.5,48.3,242.7,462.5,555.9,367.4,437.7,510.8
Arizona,2025-11-01,2025,11,4.4,432.6,2868.0,16.1,222.5,194.0,638.4,48.5,242.4,467.5,557.6,368.7,441.1,516.0
Arizona,2025-12-01,2025,12,4.4,432.4,2868.7,16.3,223.2,192.9,641.9,49.1,243.5,467.7,559.4,367.8,435.5,516.8
Arizona,2026-01-01,2026,1,4.5,429.1,2826.4,16.5,220.5,192.1,624.2,48.4,240.7,457.3,559.5,364.0,428.5,505.7
Arizona,2026-02-01,2026,2,4.6,432.8,2853.9,16.6,223.4,192.8,621.0,48.9,241.3,464.2,562.5,372.4,438.2,513.1
Arkansas,2016-01-01,2016,1,4.2,209.7,986.3,7.1,48.3,154.3,249.7,13.8,45.6,136.5,177.9,108.9,207.4,150.3
Arkansas,2016-02-01,2016,2,4.1,209.8,996.2,6.9,48.6,154.3,248.9,13.8,45.8,141.4,178.7,110.8,210.3,155.20000000000002
Arkansas,2016-03-01,2016,3,4.0,209.9,1004.4,6.7,49.2,154.0,250.4,13.8,45.9,142.5,178.8,113.8,212.3,156.3
Arkansas,2016-04-01,2016,4,4.0,210.3,1011.4,6.3,50.3,153.7,250.8,13.8,46.4,144.2,180.3,117.0,211.9,158.0
Arkansas,2016-05-01,2016,5,4.0,210.7,1013.6,6.3,50.5,153.9,251.7,13.7,46.4,143.2,180.5,119.0,211.9,156.89999999999998
Arkansas,2016-06-01,2016,6,4.0,212.7,1005.1,6.3,51.5,154.9,252.2,13.8,46.7,140.9,177.8,119.3,206.3,154.70000000000002
Arkansas,2016-07-01,2016,7,4.0,213.2,990.2,6.2,51.6,155.4,252.4,13.7,47.1,140.3,178.4,117.4,192.7,154.0
Arkansas,2016-08-01,2016,8,3.9,212.7,1000.7,6.2,51.1,155.4,252.6,13.5,47.3,141.6,180.5,118.6,198.6,155.1
Arkansas,2016-09-01,2016,9,3.9,213.4,1018.6,6.2,51.5,155.7,252.4,13.5,47.3,144.4,185.7,117.5,209.6,157.9
Arkansas,2016-10-01,2016,10,3.9,212.6,1019.3,6.0,51.1,155.5,253.1,13.5,47.8,145.6,186.7,115.5,209.2,159.1
Arkansas,2016-11-01,2016,11,3.9,211.7,1022.0,6.0,50.1,155.6,257.0,13.5,48.1,145.3,186.9,113.8,209.6,158.8
Arkansas,2016-12-01,2016,12,3.8,211.8,1021.4,6.0,49.6,156.2,257.4,13.6,48.1,144.9,187.2,112.7,209.5,158.5
Arkansas,2017-01-01,2017,1,3.8,210.4,999.7,5.9,48.7,155.8,249.9,13.3,47.9,139.6,185.1,110.7,205.2,152.9
Arkansas,2017-02-01,2017,2,3.7,211.6,1010.1,5.9,49.5,156.2,248.9,13.3,48.3,144.0,186.4,112.5,208.5,157.3
Arkansas,2017-03-01,2017,3,3.7,213.2,1016.8,5.9,50.8,156.5,249.1,13.3,48.7,145.2,187.1,115.3,209.6,158.5
Arkansas,2017-04-01,2017,4,3.7,213.0,1022.0,5.9,51.1,156.0,249.5,13.2,48.9,146.1,188.1,118.1,209.4,159.29999999999998
Arkansas,2017-05-01,2017,5,3.7,213.8,1025.7,6.0,51.6,156.2,250.6,13.1,49.0,146.2,188.4,119.4,210.0,159.29999999999998
Arkansas,2017-06-01,2017,6,3.7,215.8,1016.9,6.1,52.6,157.1,251.1,13.0,49.2,143.5,186.0,120.0,204.2,156.5
Arkansas,2017-07-01,2017,7,3.7,215.6,1000.6,6.1,52.0,157.5,251.2,12.8,49.3,142.1,184.5,118.1,192.7,154.9
Arkansas,2017-08-01,2017,8,3.7,215.8,1012.5,6.0,51.9,157.9,252.3,12.7,49.3,143.1,186.6,119.4,199.4,155.79999999999998
Arkansas,2017-09-01,2017,9,3.8,216.5,1029.1,6.0,52.4,158.1,251.5,12.5,48.7,146.1,190.6,118.3,211.6,158.6
Arkansas,2017-10-01,2017,10,3.8,215.9,1029.5,6.0,51.4,158.5,251.7,12.4,49.1,147.2,191.6,117.2,210.6,159.6
Arkansas,2017-11-01,2017,11,3.8,216.4,1032.9,6.0,51.4,159.0,255.5,12.5,49.0,147.0,192.0,116.2,211.0,159.5
Arkansas,2017-12-01,2017,12,3.8,216.4,1032.4,5.9,50.9,159.6,256.9,12.3,49.2,146.6,192.1,114.6,210.6,158.9
Arkansas,2018-01-01,2018,1,3.8,213.2,1012.0,5.8,48.5,158.9,250.6,12.6,48.9,141.4,189.7,112.6,206.8,154.0
Arkansas,2018-02-01,2018,2,3.8,214.9,1020.0,5.9,49.2,159.8,250.0,12.5,49.0,145.1,190.6,114.4,209.3,157.6
Arkansas,2018-03-01,2018,3,3.7,215.5,1025.8,5.9,49.5,160.1,251.1,12.4,48.8,145.9,191.3,117.1,210.2,158.3
Arkansas,2018-04-01,2018,4,3.7,215.3,1030.8,5.9,50.0,159.4,251.8,12.4,49.2,147.2,191.6,119.6,209.5,159.6
Arkansas,2018-05-01,2018,5,3.6,216.7,1035.2,6.0,50.9,159.8,253.1,12.5,49.7,146.9,192.1,121.3,209.6,159.4
Arkansas,2018-06-01,2018,6,3.6,218.2,1023.9,6.1,51.6,160.5,252.4,12.5,50.1,143.6,189.2,121.0,204.4,156.1
Arkansas,2018-07-01,2018,7,3.5,218.7,1011.0,6.0,51.9,160.8,252.8,12.4,50.4,143.8,187.9,120.1,192.6,156.20000000000002
Arkansas,2018-08-01,2018,8,3.5,218.8,1023.1,6.0,51.9,160.9,253.6,12.4,50.6,144.3,190.0,122.0,199.1,156.70000000000002
Arkansas,2018-09-01,2018,9,3.6,219.4,1037.6,6.0,52.1,161.3,253.2,12.3,50.3,146.4,193.5,119.7,210.8,158.70000000000002
Arkansas,2018-10-01,2018,10,3.6,219.6,1039.7,5.9,52.0,161.7,254.2,12.3,51.0,146.9,194.1,119.2,210.6,159.20000000000002
Arkansas,2018-11-01,2018,11,3.7,219.5,1043.8,5.8,51.3,162.4,259.4,12.4,51.2,146.4,194.0,117.4,211.4,158.8
Arkansas,2018-12-01,2018,12,3.7,220.3,1041.5,5.8,51.4,163.1,259.4,12.5,51.1,146.0,194.6,116.2,209.9,158.5
Arkansas,2019-01-01,2019,1,3.7,218.3,1024.1,5.7,50.1,162.5,253.3,12.4,50.8,141.7,193.1,114.9,206.0,154.1
Arkansas,2019-02-01,2019,2,3.6,219.2,1030.7,5.7,50.5,163.0,251.7,12.4,50.9,144.9,193.8,117.0,208.4,157.3
Arkansas,2019-03-01,2019,3,3.5,219.7,1034.1,5.8,51.1,162.8,252.2,12.4,50.9,145.0,193.9,119.0,209.3,157.4
Arkansas,2019-04-01,2019,4,3.4,220.2,1038.9,5.8,52.5,161.9,252.9,12.5,51.4,145.7,193.6,122.3,209.1,158.2
Arkansas,2019-05-01,2019,5,3.4,220.8,1040.3,5.9,52.5,162.4,253.3,12.5,51.5,145.5,193.3,123.2,209.0,158.0
Arkansas,2019-06-01,2019,6,3.4,221.9,1028.8,6.0,53.2,162.7,253.3,12.6,51.9,142.6,190.3,122.7,202.8,155.2
Arkansas,2019-07-01,2019,7,3.4,221.3,1013.9,5.9,53.4,162.0,252.9,12.3,52.1,141.0,189.6,122.7,190.4,153.3
Arkansas,2019-08-01,2019,8,3.5,221.7,1025.0,6.0,53.5,162.2,252.9,12.4,52.3,142.2,191.2,123.7,197.3,154.6
Arkansas,2019-09-01,2019,9,3.5,221.2,1037.7,6.0,53.6,161.6,252.9,12.3,51.8,143.7,194.7,121.5,207.5,156.0
Arkansas,2019-10-01,2019,10,3.5,222.1,1044.7,5.9,54.0,162.2,254.3,12.3,52.5,146.2,194.2,121.9,209.5,158.5
Arkansas,2019-11-01,2019,11,3.5,221.2,1051.4,5.8,53.0,162.4,259.5,12.4,52.6,147.2,195.1,120.9,209.8,159.6
Arkansas,2019-12-01,2019,12,3.5,221.0,1050.8,5.8,53.2,162.0,259.6,12.4,52.7,147.0,195.5,120.0,209.2,159.4
Arkansas,2020-01-01,2020,1,3.5,218.6,1034.3,5.7,51.9,161.0,253.1,12.4,52.5,143.5,195.0,117.7,205.5,155.9
Arkansas,2020-02-01,2020,2,3.6,218.4,1039.2,5.5,51.8,161.1,251.6,12.4,52.5,145.4,196.0,119.8,207.1,157.8
Arkansas,2020-03-01,2020,3,4.8,218.3,1039.2,5.6,52.7,160.0,251.9,12.4,52.2,145.9,195.3,119.4,208.2,158.3
Arkansas,2020-04-01,2020,4,10.1,206.3,937.5,5.4,51.5,149.4,234.6,11.3,51.5,132.0,177.3,76.1,204.9,143.3
Arkansas,2020-05-01,2020,5,8.9,209.7,965.2,5.5,52.9,151.3,241.6,11.4,51.9,132.4,181.7,93.0,201.8,143.8
Arkansas,2020-06-01,2020,6,7.9,211.4,978.4,5.5,53.5,152.4,247.3,11.3,52.0,133.4,180.6,103.1,198.6,144.70000000000002
Arkansas,2020-07-01,2020,7,7.3,210.1,969.9,5.4,53.5,151.2,247.8,11.2,52.4,133.7,180.8,105.7,186.4,144.89999999999998
Arkansas,2020-08-01,2020,8,6.4,212.5,988.8,5.4,53.8,153.3,249.7,11.1,52.6,135.4,185.0,107.7,195.6,146.5
Arkansas,2020-09-01,2020,9,5.9,213.7,1002.1,5.4,54.0,154.3,249.5,11.2,52.1,137.8,187.4,108.2,204.4,149.0
Arkansas,2020-10-01,2020,10,5.4,214.7,1013.7,5.4,54.4,154.9,252.5,11.3,52.9,143.4,188.1,109.0,205.0,154.70000000000002
Arkansas,2020-11-01,2020,11,5.1,215.1,1019.5,5.4,54.3,155.4,257.3,11.4,53.0,145.1,188.6,108.6,204.3,156.5
Arkansas,2020-12-01,2020,12,5.0,215.9,1012.5,5.3,54.7,155.9,255.6,11.4,53.2,144.2,185.6,107.6,204.0,155.6
Arkansas,2021-01-01,2021,1,4.9,213.8,1003.4,5.2,53.1,155.5,251.4,11.5,53.1,142.3,188.2,105.2,201.0,153.8
Arkansas,2021-02-01,2021,2,4.8,213.0,1002.7,5.2,52.1,155.7,249.9,11.4,53.3,142.3,187.7,105.5,202.1,153.70000000000002
Arkansas,2021-03-01,2021,3,4.7,216.6,1014.8,5.2,54.5,156.9,253.0,11.4,53.4,143.1,189.1,110.4,203.4,154.5
Arkansas,2021-04-01,2021,4,4.6,216.7,1019.6,5.3,55.5,155.9,250.0,11.6,54.0,146.6,188.1,115.4,203.1,158.2
Arkansas,2021-05-01,2021,5,4.4,216.4,1022.4,5.3,55.6,155.5,251.4,11.8,54.3,146.7,187.7,117.7,202.2,158.5
Arkansas,2021-06-01,2021,6,4.2,218.2,1015.8,5.4,56.0,156.8,251.5,11.9,54.6,145.2,185.2,120.2,196.6,157.1
Arkansas,2021-07-01,2021,7,4.0,218.8,1000.0,5.2,56.2,157.4,251.8,12.0,55.1,143.1,183.0,120.8,184.1,155.1
Arkansas,2021-08-01,2021,8,3.7,218.5,1012.7,5.2,56.0,157.3,254.5,12.0,55.3,144.5,185.3,121.0,190.3,156.5
Arkansas,2021-09-01,2021,9,3.5,218.9,1022.9,5.2,56.0,157.7,256.2,11.9,54.8,144.8,185.3,119.4,201.3,156.70000000000002
Arkansas,2021-10-01,2021,10,3.3,220.4,1039.9,5.2,56.4,158.8,261.6,12.2,56.2,149.8,188.2,119.7,202.9,162.0
Arkansas,2021-11-01,2021,11,3.2,220.4,1044.2,5.2,55.9,159.3,265.5,12.4,56.6,150.6,188.5,118.9,202.7,163.0
Arkansas,2021-12-01,2021,12,3.2,221.5,1043.1,5.2,56.2,160.1,267.6,12.4,56.6,150.7,185.6,119.4,202.0,163.1
Arkansas,2022-01-01,2022,1,3.2,218.5,1029.8,5.2,54.7,158.6,262.3,12.5,56.5,147.7,187.4,114.9,200.6,160.2
Arkansas,2022-02-01,2022,2,3.2,221.2,1040.8,5.2,55.2,160.8,264.7,12.6,57.4,150.8,188.7,116.9,201.8,163.4
Arkansas,2022-03-01,2022,3,3.2,222.0,1044.2,5.2,55.8,161.0,264.5,12.6,57.2,151.0,189.2,119.4,202.5,163.6
Arkansas,2022-04-01,2022,4,3.2,223.0,1052.6,5.2,56.7,161.1,265.4,12.7,57.7,152.4,190.4,122.9,202.7,165.1
Arkansas,2022-05-01,2022,5,3.2,224.6,1056.7,5.1,57.5,162.0,266.3,12.8,57.9,153.2,191.2,124.3,202.4,166.0
Arkansas,2022-06-01,2022,6,3.2,226.5,1050.0,5.2,58.4,162.9,265.7,13.0,58.2,154.1,187.4,125.6,196.9,167.1
Arkansas,2022-07-01,2022,7,3.2,228.0,1040.3,5.2,59.1,163.7,266.5,13.0,58.9,152.9,188.2,125.5,186.3,165.9
Arkansas,2022-08-01,2022,8,3.2,228.2,1053.7,5.2,59.4,163.6,267.1,13.0,59.1,154.6,192.4,125.9,192.5,167.6
Arkansas,2022-09-01,2022,9,3.2,229.5,1069.0,5.3,60.3,163.9,268.3,13.0,58.9,155.7,195.1,125.3,203.5,168.7
Arkansas,2022-10-01,2022,10,3.2,229.7,1073.8,5.2,60.7,163.8,267.3,13.2,59.4,158.2,196.3,124.5,205.7,171.39999999999998
Arkansas,2022-11-01,2022,11,3.1,228.9,1079.1,5.2,60.3,163.4,271.0,13.2,59.4,159.4,196.6,123.9,206.2,172.6
Arkansas,2022-12-01,2022,12,3.0,229.0,1077.7,5.2,60.0,163.8,272.1,13.1,59.1,158.3,196.4,123.6,205.7,171.4
Arkansas,2023-01-01,2023,1,2.9,227.9,1064.6,5.2,59.5,163.2,266.2,13.1,59.2,155.5,196.1,121.5,203.3,168.6
Arkansas,2023-02-01,2023,2,2.9,228.7,1070.0,5.2,60.1,163.4,265.3,13.1,59.3,157.0,197.1,123.0,205.2,170.1
Arkansas,2023-03-01,2023,3,2.9,229.3,1077.2,5.3,61.1,162.9,266.2,13.1,59.2,157.3,198.2,126.3,206.7,170.4
Arkansas,2023-04-01,2023,4,2.9,230.0,1080.2,5.2,62.6,162.2,265.4,13.0,59.3,158.8,198.5,128.0,206.8,171.8
Arkansas,2023-05-01,2023,5,3.0,231.0,1084.5,5.2,63.2,162.6,266.1,12.9,59.5,158.5,199.0,130.5,207.1,171.4
Arkansas,2023-06-01,2023,6,3.0,233.9,1076.3,5.3,64.7,163.9,267.2,13.0,59.6,155.9,196.8,130.9,201.5,168.9
Arkansas,2023-07-01,2023,7,3.2,232.4,1058.7,5.3,64.2,162.9,266.6,12.9,59.9,153.4,195.7,128.9,190.2,166.3
Arkansas,2023-08-01,2023,8,3.3,232.6,1069.3,5.3,64.4,162.9,266.9,12.7,59.5,154.8,199.3,129.9,195.1,167.5
Arkansas,2023-09-01,2023,9,3.4,233.2,1086.5,5.3,64.9,163.0,267.2,12.6,59.2,158.3,202.4,128.6,207.2,170.9
Arkansas,2023-10-01,2023,10,3.4,233.0,1091.0,5.3,65.3,162.4,268.9,12.7,59.6,159.8,202.9,128.0,208.0,172.5
Arkansas,2023-11-01,2023,11,3.5,232.9,1093.7,5.3,65.1,162.5,272.6,12.7,59.4,159.1,203.0,127.5,208.3,171.79999999999998
Arkansas,2023-12-01,2023,12,3.5,233.3,1096.0,5.3,65.4,162.6,274.0,12.6,59.4,159.5,203.7,127.3,208.3,172.1
Arkansas,2024-01-01,2024,1,3.4,230.4,1076.3,5.3,63.8,161.3,266.5,12.7,59.0,156.9,202.5,122.6,205.6,169.6
Arkansas,2024-02-01,2024,2,3.4,231.9,1085.9,5.3,64.9,161.7,266.0,12.8,59.0,159.2,205.0,125.2,207.7,172.0
Arkansas,2024-03-01,2024,3,3.4,234.0,1093.6,5.3,66.2,162.5,266.9,12.7,59.1,160.2,205.7,128.1,209.6,172.89999999999998
Arkansas,2024-04-01,2024,4,3.4,233.5,1095.3,5.2,66.6,161.7,266.1,12.4,59.0,161.3,205.6,130.6,208.7,173.70000000000002
Arkansas,2024-05-01,2024,5,3.4,234.0,1098.5,5.2,67.2,161.6,267.4,12.3,59.1,161.3,205.4,132.1,209.0,173.60000000000002
Arkansas,2024-06-01,2024,6,3.4,236.0,1090.2,5.2,68.3,162.5,268.0,12.3,59.3,159.9,202.0,132.4,203.9,172.20000000000002
Arkansas,2024-07-01,2024,7,3.5,235.5,1075.4,5.2,67.9,162.4,268.4,12.4,59.9,156.8,201.6,131.6,192.3,169.20000000000002
Arkansas,2024-08-01,2024,8,3.5,235.6,1087.5,5.2,68.2,162.2,268.9,12.4,59.9,158.5,206.0,131.6,198.1,170.9
Arkansas,2024-09-01,2024,9,3.5,235.9,1101.8,5.1,68.1,162.7,269.1,12.3,59.5,161.5,208.2,130.4,208.8,173.8
Arkansas,2024-10-01,2024,10,3.6,234.4,1108.3,5.0,68.1,161.3,270.8,12.3,59.8,162.9,209.1,130.5,210.7,175.20000000000002
Arkansas,2024-11-01,2024,11,3.7,233.6,1113.0,5.0,67.3,161.3,274.7,12.4,60.0,163.4,209.7,129.7,211.1,175.8
Arkansas,2024-12-01,2024,12,3.7,233.9,1111.6,5.0,67.2,161.7,275.1,12.4,59.9,163.1,209.6,129.8,209.7,175.5
Arkansas,2025-01-01,2025,1,3.8,230.5,1093.7,4.9,65.0,160.6,269.0,12.5,59.5,161.3,207.9,125.1,206.6,173.8
Arkansas,2025-02-01,2025,2,3.8,231.0,1101.0,4.9,65.2,160.9,268.7,12.4,59.7,163.1,209.5,126.9,208.5,175.5
Arkansas,2025-03-01,2025,3,3.9,231.7,1106.7,4.9,66.2,160.6,269.1,12.3,59.5,164.6,210.2,129.2,209.2,176.9
Arkansas,2025-04-01,2025,4,3.9,230.7,1113.2,4.8,66.6,159.3,269.1,12.0,59.9,166.3,210.7,132.9,209.6,178.3
Arkansas,2025-05-01,2025,5,4.0,230.9,1115.1,4.8,66.6,159.5,269.7,11.9,60.1,165.7,210.5,134.7,209.8,177.6
Arkansas,2025-06-01,2025,6,4.0,231.8,1104.2,4.8,67.3,159.7,269.4,12.0,60.0,164.7,206.6,135.2,203.3,176.7
Arkansas,2025-07-01,2025,7,4.1,230.8,1089.8,4.8,66.9,159.1,270.4,12.1,60.4,161.3,206.8,133.9,191.8,173.4
Arkansas,2025-08-01,2025,8,4.2,230.3,1101.6,4.8,66.8,158.7,271.4,12.0,60.3,163.3,209.7,133.8,197.8,175.3
Arkansas,2025-09-01,2025,9,4.2,230.2,1113.1,4.8,66.8,158.6,271.4,11.9,59.7,164.9,212.0,132.8,207.6,176.8
Arkansas,2025-10-01,2025,10,,230.6,1118.0,4.8,67.0,158.8,273.5,12.0,60.1,166.3,212.3,133.1,207.8,178.3
Arkansas,2025-11-01,2025,11,4.3,229.5,1119.1,4.8,66.3,158.4,276.2,12.0,59.7,165.5,212.7,132.1,208.3,177.5
Arkansas,2025-12-01,2025,12,4.3,230.0,1121.2,4.8,66.4,158.8,279.7,12.0,59.4,165.9,212.9,131.1,207.4,177.9
Arkansas,2026-01-01,2026,1,4.4,227.7,1105.2,4.8,64.7,158.2,274.0,11.9,59.3,163.7,211.5,127.6,204.6,175.6
Arkansas,2026-02-01,2026,2,4.4,228.2,1108.9,4.8,65.0,158.4,272.1,11.7,58.8,165.0,212.8,129.8,206.5,176.7
California,2016-01-01,2016,1,5.7,2032.4,14117.7,23.7,738.0,1270.8,2920.0,515.3,809.8,2523.8,2493.9,1823.9,2490.8,3039.1000000000004
California,2016-02-01,2016,2,5.6,2047.3,14214.0,23.0,748.7,1275.6,2904.1,523.6,812.3,2540.7,2526.1,1846.8,2513.0,3064.2999999999997
California,2016-03-01,2016,3,5.6,2042.3,14240.7,22.3,744.8,1275.1,2901.3,522.7,812.0,2525.6,2531.6,1859.6,2540.8,3048.3
California,2016-04-01,2016,4,5.5,2063.3,14366.8,22.2,764.4,1276.8,2918.2,532.3,819.6,2548.1,2553.1,1894.7,2547.3,3080.3999999999996
California,2016-05-01,2016,5,5.5,2073.7,14407.0,22.6,770.2,1281.0,2925.6,537.3,821.2,2541.0,2556.4,1910.5,2560.2,3078.3
California,2016-06-01,2016,6,5.5,2087.6,14380.1,22.8,777.7,1287.1,2919.7,533.2,821.3,2547.5,2534.7,1924.2,2544.8,3080.7
California,2016-07-01,2016,7,5.5,2117.8,14275.5,22.8,794.9,1300.1,2947.7,532.8,829.7,2569.9,2514.6,1940.9,2381.7,3102.7
California,2016-08-01,2016,8,5.5,2125.2,14344.1,22.3,799.7,1303.1,2961.8,536.3,829.6,2579.8,2523.6,1942.4,2413.2,3116.1000000000004
California,2016-09-01,2016,9,5.5,2118.4,14432.5,22.2,797.9,1298.3,2955.3,533.2,825.6,2584.4,2556.3,1925.6,2493.3,3117.6000000000004
California,2016-10-01,2016,10,5.5,2107.3,14585.5,22.2,799.9,1285.2,2985.6,529.8,828.1,2594.1,2604.1,1924.4,2557.1,3123.8999999999996
California,2016-11-01,2016,11,5.4,2094.8,14690.9,22.0,792.8,1280.1,3060.5,538.9,829.4,2597.8,2614.5,1915.0,2577.2,3136.7000000000003
California,2016-12-01,2016,12,5.4,2084.7,14708.1,21.7,782.9,1280.2,3083.8,537.9,831.2,2593.5,2620.3,1917.1,2569.2,3131.4
California,2017-01-01,2017,1,5.3,2039.2,14422.7,21.1,747.1,1271.1,2984.7,521.3,822.6,2538.8,2591.4,1874.1,2543.5,3060.1000000000004
California,2017-02-01,2017,2,5.1,2056.6,14525.0,20.7,761.7,1274.2,2950.4,543.2,824.4,2563.3,2627.3,1898.0,2565.3,3106.5
California,2017-03-01,2017,3,5.0,2074.9,14595.7,20.7,781.1,1273.1,2951.9,526.5,824.5,2580.0,2644.7,1924.0,2586.1,3106.5
California,2017-04-01,2017,4,5.0,2085.8,14642.3,21.4,793.6,1270.8,2962.2,525.2,827.8,2579.0,2647.9,1946.1,2589.4,3104.2
California,2017-05-01,2017,5,4.9,2106.7,14716.3,22.1,806.7,1277.9,2972.2,525.6,831.3,2592.5,2654.9,1968.1,2603.3,3118.1
California,2017-06-01,2017,6,4.8,2131.2,14741.7,22.7,821.3,1287.3,2977.5,529.8,832.7,2611.4,2635.9,1989.5,2594.0,3141.2
California,2017-07-01,2017,7,4.8,2149.9,14571.2,22.9,831.3,1295.7,2989.3,532.9,837.1,2631.7,2608.5,1991.5,2412.1,3164.6
California,2017-08-01,2017,8,4.8,2163.1,14639.8,22.9,837.5,1302.7,3004.4,535.9,835.7,2644.5,2626.6,1990.5,2434.2,3180.4
California,2017-09-01,2017,9,4.7,2159.9,14728.7,22.9,838.6,1298.4,3000.9,539.2,831.7,2641.3,2658.4,1965.5,2523.2,3180.5
California,2017-10-01,2017,10,4.6,2154.3,14887.0,22.9,840.4,1291.0,3028.4,542.4,837.4,2660.8,2692.9,1965.9,2590.0,3203.2000000000003
California,2017-11-01,2017,11,4.5,2144.5,15006.0,22.7,836.7,1285.1,3112.1,544.5,836.9,2675.9,2703.4,1957.1,2609.3,3220.4
California,2017-12-01,2017,12,4.5,2142.7,15033.1,22.5,833.4,1286.8,3134.3,552.5,840.4,2676.2,2705.9,1957.9,2600.2,3228.7
California,2018-01-01,2018,1,4.4,2110.8,14756.6,21.9,815.6,1273.3,3024.8,541.5,832.1,2629.1,2679.3,1917.5,2574.0,3170.6
California,2018-02-01,2018,2,4.3,2139.5,14856.1,21.9,837.5,1280.1,2998.4,552.0,835.3,2655.0,2710.4,1945.0,2594.7,3207.0
California,2018-03-01,2018,3,4.3,2136.3,14910.7,21.8,830.6,1283.9,2996.4,550.2,833.6,2664.9,2721.8,1962.7,2614.7,3215.1000000000004
California,2018-04-01,2018,4,4.2,2148.4,14937.6,21.9,846.2,1280.3,2991.1,536.6,835.0,2677.8,2716.9,1985.8,2621.5,3214.4
California,2018-05-01,2018,5,4.2,2163.2,14982.7,22.6,855.6,1285.1,3002.5,535.3,836.6,2681.1,2717.0,2004.1,2630.7,3216.3999999999996
California,2018-06-01,2018,6,4.2,2184.6,15016.5,22.9,868.4,1293.3,3007.0,546.7,838.1,2696.0,2703.9,2021.0,2626.2,3242.7
California,2018-07-01,2018,7,4.2,2206.0,14833.4,23.2,877.3,1305.4,3022.7,544.4,841.5,2714.1,2677.4,2029.2,2429.3,3258.5
California,2018-08-01,2018,8,4.2,2217.0,14930.2,23.3,884.5,1309.2,3031.3,553.5,840.5,2733.1,2703.5,2028.3,2465.8,3286.6
California,2018-09-01,2018,9,4.2,2212.2,14985.3,23.4,882.4,1306.5,3026.2,553.4,832.5,2729.3,2718.6,2004.3,2548.7,3282.7000000000003
California,2018-10-01,2018,10,4.3,2209.0,15160.9,23.3,886.5,1299.2,3048.5,553.8,839.9,2763.2,2762.1,2002.4,2611.8,3317.0
California,2018-11-01,2018,11,4.3,2194.0,15278.9,23.1,878.1,1292.8,3129.4,557.2,838.1,2776.0,2772.8,1995.8,2634.1,3333.2
California,2018-12-01,2018,12,4.3,2183.8,15304.5,22.7,869.9,1291.3,3145.2,562.6,839.6,2777.3,2776.6,2003.9,2627.5,3339.9
California,2019-01-01,2019,1,4.3,2143.2,14999.4,22.1,843.8,1277.3,3039.1,559.1,828.9,2704.7,2749.6,1961.7,2594.6,3263.7999999999997
California,2019-02-01,2019,2,4.3,2154.8,15095.2,22.1,848.5,1284.2,3002.1,575.2,832.4,2726.5,2787.7,1988.0,2614.7,3301.7
California,2019-03-01,2019,3,4.2,2169.8,15138.5,22.1,861.7,1286.1,2996.0,568.2,831.0,2730.6,2796.1,2009.1,2636.5,3298.8
California,2019-04-01,2019,4,4.1,2178.6,15163.1,22.2,872.0,1284.3,2994.2,551.7,832.9,2737.8,2798.8,2030.9,2640.1,3289.5
California,2019-05-01,2019,5,4.0,2193.5,15211.0,23.0,883.0,1287.5,3005.0,552.2,835.0,2737.9,2802.6,2048.2,2650.1,3290.1000000000004
California,2019-06-01,2019,6,4.0,2214.4,15232.6,23.2,896.1,1295.1,3008.5,562.1,838.5,2756.0,2783.5,2066.2,2637.0,3318.1
California,2019-07-01,2019,7,4.0,2230.2,15083.5,23.5,905.9,1300.9,3027.0,560.1,845.5,2767.2,2767.0,2069.8,2466.3,3327.2999999999997
California,2019-08-01,2019,8,4.0,2243.3,15166.5,23.4,911.8,1308.2,3037.9,570.4,846.1,2786.6,2789.1,2064.7,2491.0,3357.0
California,2019-09-01,2019,9,4.0,2234.2,15201.0,23.3,906.8,1304.1,3024.7,576.5,839.2,2772.9,2811.7,2043.5,2554.5,3349.4
California,2019-10-01,2019,10,4.0,2228.2,15381.7,23.2,907.6,1297.4,3056.5,570.2,848.6,2807.6,2853.0,2046.4,2618.3,3377.8
California,2019-11-01,2019,11,4.1,2219.5,15539.8,23.0,906.2,1290.3,3150.0,582.0,849.4,2824.6,2871.1,2041.5,2640.3,3406.6
California,2019-12-01,2019,12,4.1,2201.2,15535.9,22.3,888.6,1290.3,3167.9,578.5,853.0,2819.6,2872.0,2041.3,2625.4,3398.1
California,2020-01-01,2020,1,4.3,2175.6,15306.1,21.7,876.8,1277.0,3057.3,583.9,842.5,2771.5,2850.2,2001.3,2620.3,3355.4
California,2020-02-01,2020,2,4.4,2197.8,15405.7,21.9,892.7,1283.2,3027.3,597.2,847.0,2797.7,2885.9,2025.9,2635.5,3394.8999999999996
California,2020-03-01,2020,3,5.5,2178.9,15260.2,21.8,876.8,1280.4,3000.4,592.6,839.9,2757.8,2876.1,1966.4,2651.4,3350.4
California,2020-04-01,2020,4,16.1,1919.4,13001.6,20.1,738.3,1161.0,2576.4,510.8,796.2,2500.4,2588.8,1070.9,2562.0,3011.2000000000003
California,2020-05-01,2020,5,15.8,2033.9,13094.3,19.2,829.0,1185.7,2615.3,508.7,797.3,2527.3,2625.3,1128.3,2479.3,3036.0
California,2020-06-01,2020,6,13.8,2094.3,13540.6,19.2,859.7,1215.4,2777.7,504.3,800.0,2555.6,2670.9,1336.7,2454.6,3059.9
California,2020-07-01,2020,7,13.1,2096.3,13475.8,19.9,858.4,1218.1,2821.5,510.3,804.3,2579.9,2657.7,1337.4,2313.3,3090.2000000000003
California,2020-08-01,2020,8,11.8,2110.8,13593.8,19.8,866.8,1224.2,2849.3,519.7,807.0,2597.4,2682.7,1324.2,2387.1,3117.1000000000004
California,2020-09-01,2020,9,9.9,2107.0,13761.2,19.6,861.7,1225.6,2882.7,522.3,803.3,2596.9,2706.6,1359.0,2442.4,3119.2
California,2020-10-01,2020,10,9.3,2122.5,14117.0,19.8,878.9,1223.8,2960.6,540.7,817.8,2669.0,2758.1,1432.2,2461.0,3209.7
California,2020-11-01,2020,11,9.0,2112.6,14270.1,19.4,874.1,1219.0,3048.3,549.3,818.5,2685.3,2771.8,1454.2,2462.2,3234.6000000000004
California,2020-12-01,2020,12,9.0,2105.9,14154.9,19.1,867.3,1219.5,3065.6,546.7,822.4,2693.0,2778.2,1344.5,2450.0,3239.7
California,2021-01-01,2021,1,8.7,2068.2,13767.2,18.5,848.3,1201.4,2972.2,530.4,810.8,2648.1,2743.0,1209.7,2427.6,3178.5
California,2021-02-01,2021,2,8.6,2095.5,14048.5,18.4,862.3,1214.7,2968.3,541.2,815.7,2687.2,2777.3,1359.7,2434.7,3228.3999999999996
California,2021-03-01,2021,3,8.5,2109.3,14178.6,18.6,867.3,1223.4,2966.9,547.8,815.7,2697.6,2790.4,1431.4,2454.5,3245.3999999999996
California,2021-04-01,2021,4,8.4,2126.2,14369.8,19.0,882.2,1225.0,2944.1,552.3,820.1,2715.3,2815.2,1552.4,2474.8,3267.6000000000004
California,2021-05-01,2021,5,8.0,2135.0,14507.7,19.3,885.0,1230.8,2959.2,563.2,820.4,2724.0,2823.3,1618.1,2494.9,3287.2
California,2021-06-01,2021,6,7.9,2144.5,14553.8,19.3,887.0,1238.2,2967.6,561.7,820.2,2711.1,2802.3,1686.9,2493.0,3272.8
California,2021-07-01,2021,7,7.4,2171.7,14595.9,19.4,897.7,1254.5,3001.8,562.0,831.6,2751.8,2791.8,1767.9,2365.4,3313.8
California,2021-08-01,2021,8,7.0,2176.0,14729.9,19.5,897.6,1259.0,3011.6,593.2,831.6,2759.1,2807.3,1790.9,2411.2,3352.3
California,2021-09-01,2021,9,6.5,2163.0,14762.1,19.3,887.7,1256.0,3007.2,573.9,822.2,2755.3,2812.0,1782.9,2484.7,3329.2000000000003
California,2021-10-01,2021,10,6.1,2186.3,15137.7,19.8,903.1,1263.5,3087.7,591.0,843.5,2854.1,2872.3,1823.8,2522.5,3445.1
California,2021-11-01,2021,11,5.7,2183.6,15288.1,19.4,900.8,1263.4,3162.4,606.6,845.6,2873.7,2887.5,1829.2,2539.2,3480.2999999999997
California,2021-12-01,2021,12,5.4,2173.2,15332.6,19.2,887.5,1266.6,3192.0,601.7,849.6,2879.4,2889.9,1843.6,2531.8,3481.1000000000004
California,2022-01-01,2022,1,5.2,2148.0,15034.5,18.7,871.2,1258.1,3089.4,602.6,837.6,2823.9,2849.5,1784.7,2509.9,3426.5
California,2022-02-01,2022,2,4.8,2187.8,15235.5,19.1,896.5,1272.2,3112.9,620.7,842.3,2870.0,2884.1,1836.1,2520.7,3490.7
California,2022-03-01,2022,3,4.5,2201.9,15297.4,19.0,903.6,1279.3,3102.9,616.8,839.3,2872.0,2900.2,1867.8,2546.5,3488.8
California,2022-04-01,2022,4,4.3,2214.6,15403.1,19.5,910.8,1284.4,3096.2,610.8,843.5,2900.5,2923.3,1909.4,2557.1,3511.3
California,2022-05-01,2022,5,4.1,2225.2,15456.0,19.7,916.9,1288.6,3095.2,617.2,841.6,2897.7,2930.5,1937.5,2569.8,3514.8999999999996
California,2022-06-01,2022,6,4.0,2242.9,15462.1,19.8,925.1,1297.9,3092.9,618.6,841.5,2896.7,2909.3,1965.2,2568.9,3515.2999999999997
California,2022-07-01,2022,7,3.9,2263.2,15365.6,20.2,931.0,1312.0,3121.7,620.9,843.9,2913.1,2896.7,1982.9,2416.9,3534.0
California,2022-08-01,2022,8,3.8,2268.8,15444.0,20.2,931.4,1317.3,3125.1,629.7,840.3,2920.1,2922.8,1990.3,2445.2,3549.8
California,2022-09-01,2022,9,4.0,2263.0,15491.6,20.0,928.9,1314.1,3114.8,616.2,832.5,2915.4,2952.5,1972.1,2515.7,3531.6000000000004
California,2022-10-01,2022,10,4.1,2253.9,15637.7,20.1,927.1,1306.8,3139.9,617.4,835.4,2939.6,2996.5,1975.6,2555.9,3557.0
California,2022-11-01,2022,11,4.3,2229.5,15754.8,19.7,909.4,1300.5,3197.1,623.0,833.2,2927.9,3017.4,1977.5,2601.4,3550.9
California,2022-12-01,2022,12,4.4,2219.3,15741.0,19.2,902.5,1297.6,3209.7,617.2,833.4,2914.4,3021.4,1975.6,2594.4,3531.6000000000004
California,2023-01-01,2023,1,4.4,2160.7,15424.9,18.7,856.0,1286.0,3117.0,599.2,814.2,2830.2,3001.6,1924.3,2573.1,3429.3999999999996
California,2023-02-01,2023,2,4.5,2203.2,15498.5,19.1,893.7,1290.4,3086.9,597.6,814.6,2842.0,3038.2,1957.5,2586.7,3439.6
California,2023-03-01,2023,3,4.5,2192.2,15520.2,18.7,882.3,1291.1,3074.9,587.1,811.8,2827.3,3050.6,1980.3,2610.3,3414.4
California,2023-04-01,2023,4,4.5,2207.1,15558.9,19.1,900.7,1287.3,3070.5,568.0,811.1,2829.7,3079.1,1999.1,2620.5,3397.7
California,2023-05-01,2023,5,4.6,2219.6,15647.6,19.6,912.5,1287.6,3077.7,565.3,810.8,2830.2,3105.6,2026.6,2645.6,3395.5
California,2023-06-01,2023,6,4.6,2236.7,15628.3,20.0,925.2,1291.6,3081.6,553.3,812.7,2821.4,3079.6,2044.8,2645.2,3374.7
California,2023-07-01,2023,7,4.7,2242.1,15453.9,19.9,930.8,1291.4,3086.8,544.1,814.5,2819.8,3069.3,2049.4,2475.5,3363.9
California,2023-08-01,2023,8,4.8,2249.5,15528.3,19.8,936.3,1293.3,3087.3,539.8,813.6,2825.0,3105.5,2049.6,2514.3,3364.8
California,2023-09-01,2023,9,4.9,2246.5,15596.7,19.9,934.1,1292.6,3083.9,532.2,806.6,2818.4,3142.9,2030.0,2589.9,3350.6000000000004
California,2023-10-01,2023,10,5.0,2237.5,15719.2,19.6,935.6,1282.3,3115.2,532.7,808.1,2833.2,3176.3,2025.0,2634.6,3365.8999999999996
California,2023-11-01,2023,11,5.0,2211.4,15831.1,19.2,924.1,1268.0,3175.4,543.9,805.4,2824.4,3196.1,2015.3,2677.8,3368.3
California,2023-12-01,2023,12,5.1,2201.3,15853.9,19.1,917.0,1265.2,3187.8,547.9,807.4,2818.2,3210.9,2013.1,2677.9,3366.1
California,2024-01-01,2024,1,5.1,2176.9,15682.6,18.7,902.7,1255.5,3107.9,540.3,806.2,2786.7,3212.1,1981.3,2660.3,3327.0
California,2024-02-01,2024,2,5.1,2166.9,15700.6,18.5,895.3,1253.2,3059.4,549.6,801.3,2792.7,3245.7,1985.5,2676.0,3342.2999999999997
California,2024-03-01,2024,3,5.2,2169.6,15735.6,18.5,898.0,1253.1,3045.2,549.4,797.4,2785.3,3262.3,1997.4,2706.8,3334.7000000000003
California,2024-04-01,2024,4,5.2,2179.2,15764.7,18.9,909.8,1250.5,3042.7,538.7,795.4,2775.4,3280.5,2019.1,2717.2,3314.1000000000004
California,2024-05-01,2024,5,5.2,2184.1,15804.1,19.2,915.2,1249.7,3040.1,539.1,794.6,2772.9,3289.5,2037.0,2733.1,3312.0
California,2024-06-01,2024,6,5.3,2197.8,15745.1,19.5,923.3,1255.0,3037.4,534.5,794.4,2760.3,3263.2,2041.1,2719.7,3294.8
California,2024-07-01,2024,7,5.4,2210.9,15626.7,19.5,933.4,1258.0,3056.7,535.6,802.4,2778.6,3267.3,2045.6,2541.0,3314.2
California,2024-08-01,2024,8,5.4,2208.6,15699.0,19.5,930.4,1258.7,3063.9,542.1,797.7,2784.8,3300.9,2036.1,2576.8,3326.9
California,2024-09-01,2024,9,5.4,2196.1,15742.5,19.5,921.2,1255.4,3056.9,535.1,790.5,2770.6,3316.4,2009.0,2672.2,3305.7
California,2024-10-01,2024,10,5.4,2188.3,15976.7,19.3,925.9,1243.1,3096.4,534.0,804.9,2809.5,3378.4,2027.7,2723.7,3343.5
California,2024-11-01,2024,11,5.4,2168.7,16065.3,18.9,914.6,1235.2,3158.6,545.4,804.2,2800.2,3396.3,2014.2,2747.4,3345.6
California,2024-12-01,2024,12,5.4,2146.7,16003.3,18.5,898.4,1229.8,3170.8,537.4,798.1,2777.0,3386.9,2005.3,2736.7,3314.4
California,2025-01-01,2025,1,5.4,2111.8,15746.2,17.9,875.6,1218.3,3065.2,521.2,788.0,2717.7,3383.4,1955.6,2735.2,3238.8999999999996
California,2025-02-01,2025,2,5.4,2114.6,15798.2,17.7,876.3,1220.6,3028.4,537.9,788.8,2736.5,3425.2,1971.9,2722.9,3274.4
California,2025-03-01,2025,3,5.4,2111.6,15833.5,17.8,874.2,1219.6,3022.0,526.7,786.7,2734.8,3432.0,1989.4,2753.6,3261.5
California,2025-04-01,2025,4,5.4,2132.6,15938.6,17.9,896.7,1218.0,3026.2,525.2,793.5,2751.4,3465.5,2019.5,2762.0,3276.6000000000004
California,2025-05-01,2025,5,5.5,2139.9,15981.9,18.3,903.1,1218.5,3025.4,529.2,794.1,2749.9,3475.1,2043.0,2765.7,3279.1000000000004
California,2025-06-01,2025,6,5.5,2146.6,15905.1,18.3,906.5,1221.8,3019.9,526.6,792.4,2733.2,3436.6,2050.4,2749.5,3259.7999999999997
California,2025-07-01,2025,7,5.5,2154.5,15752.7,18.9,910.9,1224.7,3026.5,527.8,798.7,2748.8,3441.6,2046.5,2565.0,3276.6000000000004
California,2025-08-01,2025,8,5.5,2158.2,15824.1,18.9,911.0,1228.3,3029.9,534.0,797.3,2767.6,3479.9,2048.0,2570.7,3301.6
California,2025-09-01,2025,9,5.5,2141.8,15824.7,18.7,899.8,1223.3,3019.8,525.6,789.4,2754.2,3495.9,2019.5,2628.0,3279.7999999999997
California,2025-10-01,2025,10,,2138.9,16013.7,18.8,899.8,1220.3,3060.0,525.7,798.2,2781.5,3550.6,2027.8,2673.1,3307.2
California,2025-11-01,2025,11,5.5,2121.3,16105.6,18.6,890.2,1212.5,3126.9,523.8,796.4,2774.0,3569.3,2023.0,2693.0,3297.8
California,2025-12-01,2025,12,5.5,2108.6,16104.3,18.2,878.5,1211.9,3145.9,526.5,794.9,2776.8,3556.7,2024.4,2685.8,3303.3
California,2026-01-01,2026,1,5.4,2087.9,15904.7,18.0,867.1,1202.8,3057.5,514.6,782.0,2730.6,3561.5,2002.3,2661.1,3245.2
California,2026-02-01,2026,2,5.4,2089.7,15939.9,18.0,867.5,1204.2,3028.3,521.2,786.3,2752.4,3558.8,2016.1,2677.2,3273.6000000000004
Colorado,2016-01-01,2016,1,3.3,312.2,2231.0,26.0,145.0,141.2,448.1,71.4,161.4,393.1,318.8,316.1,417.0,464.5
Colorado,2016-02-01,2016,2,3.3,312.2,2246.2,25.4,145.2,141.6,445.8,71.8,161.6,394.7,321.3,317.4,428.0,466.5
Colorado,2016-03-01,2016,3,3.3,314.3,2255.7,24.6,148.0,141.7,446.1,71.8,161.8,395.5,322.4,320.8,431.4,467.3
Colorado,2016-04-01,2016,4,3.3,317.4,2269.6,23.7,151.9,141.8,448.0,71.8,162.2,403.2,325.5,318.3,434.5,475.0
Colorado,2016-05-01,2016,5,3.3,319.6,2262.6,23.3,154.2,142.1,449.5,71.9,162.1,403.5,325.7,312.0,431.5,475.4
Colorado,2016-06-01,2016,6,3.2,324.9,2289.5,23.1,158.8,143.0,453.1,72.3,163.9,408.6,324.9,334.0,424.5,480.90000000000003
Colorado,2016-07-01,2016,7,3.2,327.8,2287.6,22.8,160.9,144.1,456.2,73.1,165.3,413.1,325.6,339.8,405.4,486.20000000000005
Colorado,2016-08-01,2016,8,3.1,327.4,2294.5,22.9,160.8,143.7,456.4,73.1,165.7,412.8,326.9,339.5,410.8,485.9
Colorado,2016-09-01,2016,9,3.0,326.2,2301.2,22.9,160.3,143.0,453.7,72.1,164.6,410.8,327.8,327.3,436.4,482.9
Colorado,2016-10-01,2016,10,2.9,327.2,2297.4,22.9,161.1,143.2,456.4,72.3,165.2,411.9,329.6,316.9,436.7,484.2
Colorado,2016-11-01,2016,11,2.8,325.9,2305.2,23.0,159.7,143.2,463.9,72.6,165.4,410.1,330.1,313.5,441.8,482.70000000000005
Colorado,2016-12-01,2016,12,2.7,324.1,2321.2,23.4,157.1,143.6,469.9,72.5,167.0,407.4,330.4,327.6,439.0,479.9
Colorado,2017-01-01,2017,1,2.6,317.6,2273.2,23.5,151.9,142.2,456.1,71.7,165.5,398.2,327.9,324.9,422.4,469.9
Colorado,2017-02-01,2017,2,2.5,319.9,2292.5,24.0,153.6,142.3,453.3,72.0,166.1,400.2,330.7,325.9,436.8,472.2
Colorado,2017-03-01,2017,3,2.4,324.1,2306.8,24.4,156.7,143.0,453.3,71.8,166.6,402.9,332.2,330.3,441.6,474.7
Colorado,2017-04-01,2017,4,2.4,328.1,2313.6,24.9,159.8,143.4,454.5,71.4,167.0,409.3,333.9,327.7,441.7,480.70000000000005
Colorado,2017-05-01,2017,5,2.4,331.3,2315.8,25.4,162.2,143.7,455.2,71.2,166.9,411.8,334.4,322.1,445.8,483.0
Colorado,2017-06-01,2017,6,2.5,338.9,2339.4,26.2,167.3,145.4,460.5,72.1,169.0,417.3,334.0,345.5,431.1,489.4
Colorado,2017-07-01,2017,7,2.6,340.6,2331.1,26.3,168.6,145.7,462.4,72.2,169.4,419.1,332.8,349.6,415.8,491.3
Colorado,2017-08-01,2017,8,2.7,341.2,2338.0,26.5,169.2,145.5,462.8,72.4,169.2,419.4,334.2,347.2,423.1,491.79999999999995
Colorado,2017-09-01,2017,9,2.8,339.7,2341.1,26.6,168.3,144.8,460.8,72.0,168.3,417.1,334.9,335.3,443.8,489.1
Colorado,2017-10-01,2017,10,2.8,341.9,2344.5,27.1,169.7,145.1,463.6,72.5,169.1,419.4,337.1,326.3,447.7,491.9
Colorado,2017-11-01,2017,11,2.8,341.6,2351.1,27.4,169.0,145.2,473.7,73.8,169.3,418.1,338.0,325.3,444.5,491.90000000000003
Colorado,2017-12-01,2017,12,2.9,340.6,2371.1,27.5,167.5,145.6,479.2,73.9,171.1,415.5,338.8,337.7,446.1,489.4
Colorado,2018-01-01,2018,1,2.9,335.0,2326.2,27.3,162.9,144.8,465.7,74.2,169.4,406.6,336.2,334.8,431.2,480.8
Colorado,2018-02-01,2018,2,2.9,337.2,2342.5,27.5,164.6,145.1,461.4,74.9,170.0,410.7,338.9,333.9,444.3,485.6
Colorado,2018-03-01,2018,3,2.9,340.9,2355.5,28.0,166.9,146.0,462.5,74.7,170.2,412.7,339.7,338.0,448.6,487.4
Colorado,2018-04-01,2018,4,3.0,345.1,2365.8,28.1,170.1,146.9,463.0,75.2,170.7,419.8,340.8,336.4,449.8,495.0
Colorado,2018-05-01,2018,5,3.0,347.9,2368.9,28.3,172.8,146.8,464.5,75.5,170.4,422.6,341.1,328.4,455.5,498.1
Colorado,2018-06-01,2018,6,3.1,355.1,2394.7,28.7,177.8,148.6,469.2,76.3,172.3,427.8,339.9,351.9,444.4,504.1
Colorado,2018-07-01,2018,7,3.1,356.1,2387.7,28.8,178.5,148.8,471.9,76.4,173.4,433.2,339.0,354.9,426.1,509.6
Colorado,2018-08-01,2018,8,3.1,356.4,2396.4,29.0,178.7,148.7,472.4,76.1,172.8,432.4,340.4,353.1,436.7,508.5
Colorado,2018-09-01,2018,9,3.1,354.4,2381.9,28.9,177.4,148.1,469.3,75.6,171.4,427.6,339.9,338.5,447.9,503.20000000000005
Colorado,2018-10-01,2018,10,3.1,354.9,2393.7,29.1,177.5,148.3,472.6,76.0,172.2,431.7,343.1,331.7,454.5,507.7
Colorado,2018-11-01,2018,11,3.1,354.3,2406.0,29.4,176.4,148.5,484.5,76.4,172.5,429.5,344.2,331.4,455.9,505.9
Colorado,2018-12-01,2018,12,3.0,353.2,2417.9,29.5,174.4,149.3,488.0,76.4,174.1,427.7,345.1,343.2,452.2,504.1
Colorado,2019-01-01,2019,1,3.0,347.1,2376.4,29.1,169.6,148.4,476.2,76.3,172.5,420.7,342.0,338.3,439.9,497.0
Colorado,2019-02-01,2019,2,2.9,349.7,2393.9,29.2,171.2,149.3,471.9,76.5,173.2,424.5,345.1,339.1,452.5,501.0
Colorado,2019-03-01,2019,3,2.8,351.0,2398.5,29.3,172.0,149.7,470.5,75.8,173.3,425.6,345.0,340.8,456.0,501.40000000000003
Colorado,2019-04-01,2019,4,2.6,355.1,2413.2,29.3,176.0,149.8,469.9,76.2,173.7,434.4,347.4,340.2,458.2,510.59999999999997
Colorado,2019-05-01,2019,5,2.6,358.5,2424.9,29.2,179.2,150.1,471.0,76.3,173.3,437.6,348.0,335.5,468.0,513.9
Colorado,2019-06-01,2019,6,2.5,364.7,2445.1,29.3,184.0,151.4,476.7,77.1,174.8,443.9,346.8,356.8,450.5,521.0
Colorado,2019-07-01,2019,7,2.5,366.5,2445.3,29.3,185.3,151.9,478.5,77.5,175.5,448.8,346.4,363.0,436.3,526.3
Colorado,2019-08-01,2019,8,2.5,365.8,2456.0,29.2,185.1,151.5,478.3,77.6,175.6,450.4,348.7,361.1,446.4,528.0
Colorado,2019-09-01,2019,9,2.5,362.6,2441.0,28.5,183.3,150.8,475.0,77.1,174.5,445.2,347.6,346.1,460.2,522.3
Colorado,2019-10-01,2019,10,2.6,362.0,2451.0,28.3,183.0,150.7,479.2,77.7,175.6,448.6,350.6,338.6,465.0,526.3000000000001
Colorado,2019-11-01,2019,11,2.7,360.3,2461.7,27.5,181.7,151.1,490.7,78.4,175.7,447.1,351.9,336.9,466.3,525.5
Colorado,2019-12-01,2019,12,2.8,357.7,2472.8,26.9,179.3,151.5,496.9,78.3,177.2,443.9,352.0,347.8,461.9,522.1999999999999
Colorado,2020-01-01,2020,1,3.0,351.0,2435.6,26.6,173.6,150.8,483.0,77.9,175.3,437.1,352.2,344.4,451.5,515.0
Colorado,2020-02-01,2020,2,3.2,350.3,2447.2,26.4,172.8,151.1,477.6,78.2,175.9,439.8,354.6,343.7,462.7,518.0
Colorado,2020-03-01,2020,3,3.4,351.5,2437.0,26.2,174.9,150.4,476.7,78.0,175.3,439.0,351.5,336.7,466.2,517.0
Colorado,2020-04-01,2020,4,11.2,332.0,2106.6,23.8,168.2,140.0,425.4,74.4,168.9,412.5,310.6,170.6,452.3,486.9
Colorado,2020-05-01,2020,5,11.7,339.7,2175.7,21.3,175.4,143.0,440.1,74.2,168.9,421.7,325.8,197.3,444.5,495.9
Colorado,2020-06-01,2020,6,11.2,343.9,2243.2,20.1,178.2,145.6,457.8,73.8,169.9,426.5,331.3,250.4,425.1,500.3
Colorado,2020-07-01,2020,7,6.5,343.5,2268.1,19.5,177.5,146.5,466.4,73.3,171.1,428.2,333.7,273.2,411.2,501.5
Colorado,2020-08-01,2020,8,6.2,342.9,2295.5,19.4,176.9,146.6,469.1,73.4,171.7,429.8,337.4,279.5,422.2,503.20000000000005
Colorado,2020-09-01,2020,9,6.3,340.8,2305.2,19.3,175.0,146.5,469.7,74.1,171.5,427.6,338.9,276.1,434.6,501.70000000000005
Colorado,2020-10-01,2020,10,6.2,343.6,2335.1,19.5,177.0,147.1,478.1,74.5,174.3,434.9,343.5,275.4,439.9,509.4
Colorado,2020-11-01,2020,11,6.2,341.7,2337.0,19.6,175.0,147.1,489.3,74.7,174.7,433.8,344.4,268.0,437.9,508.5
Colorado,2020-12-01,2020,12,6.4,340.6,2324.9,19.7,173.8,147.1,498.5,74.4,176.3,434.3,346.0,248.2,433.7,508.70000000000005
Colorado,2021-01-01,2021,1,6.3,334.6,2302.9,19.3,169.0,146.3,484.3,74.3,174.9,429.3,343.8,262.8,420.2,503.6
Colorado,2021-02-01,2021,2,6.3,336.3,2335.5,19.4,169.9,147.0,481.7,75.1,176.0,434.2,347.9,273.1,432.9,509.29999999999995
Colorado,2021-03-01,2021,3,6.2,338.8,2351.4,19.5,171.9,147.4,480.7,75.0,176.8,437.1,347.8,280.2,438.1,512.1
Colorado,2021-04-01,2021,4,6.2,342.7,2371.1,19.7,175.4,147.6,476.8,75.3,176.6,446.7,348.6,291.0,441.8,522.0
Colorado,2021-05-01,2021,5,6.0,345.6,2384.1,19.9,177.8,147.9,477.5,75.6,176.4,450.8,347.8,294.7,445.0,526.4
Colorado,2021-06-01,2021,6,5.9,349.7,2418.4,19.7,180.3,149.7,483.1,76.1,177.5,454.9,347.1,322.1,437.7,531.0
Colorado,2021-07-01,2021,7,5.7,352.3,2427.5,19.8,182.2,150.3,483.9,76.9,179.3,463.4,347.3,331.9,423.8,540.3
Colorado,2021-08-01,2021,8,5.4,351.0,2431.4,19.9,181.2,149.9,484.6,76.9,179.2,463.3,347.2,332.3,426.9,540.2
Colorado,2021-09-01,2021,9,4.9,349.6,2425.6,19.9,180.0,149.7,481.8,76.6,177.3,461.6,346.0,320.1,444.0,538.2
Colorado,2021-10-01,2021,10,4.6,353.1,2454.5,20.1,182.0,151.0,491.2,77.2,180.8,468.6,349.4,317.3,450.3,545.8000000000001
Colorado,2021-11-01,2021,11,4.4,352.3,2466.9,20.1,180.6,151.6,502.0,77.9,181.2,468.0,350.2,315.5,452.2,545.9
Colorado,2021-12-01,2021,12,4.2,351.6,2484.3,20.2,179.1,152.3,510.1,77.9,182.8,467.2,350.2,326.6,449.6,545.1
Colorado,2022-01-01,2022,1,4.0,344.7,2444.1,20.1,173.3,151.3,497.0,78.0,180.1,462.7,346.9,323.0,436.5,540.7
Colorado,2022-02-01,2022,2,3.6,347.6,2469.4,20.1,175.5,152.0,499.3,78.5,180.8,468.9,350.0,325.4,446.2,547.4
Colorado,2022-03-01,2022,3,3.3,348.8,2478.9,20.2,176.3,152.3,497.8,78.9,181.0,470.1,350.4,330.0,449.9,549.0
Colorado,2022-04-01,2022,4,3.1,355.6,2509.0,20.6,182.5,152.5,499.7,79.8,183.0,483.1,354.4,334.1,452.4,562.9
Colorado,2022-05-01,2022,5,3.0,358.0,2510.4,20.7,184.7,152.6,498.3,80.0,182.6,486.4,353.8,330.3,455.5,566.4
Colorado,2022-06-01,2022,6,2.9,363.1,2522.3,20.8,187.9,154.4,499.3,80.0,182.4,488.1,351.2,350.8,446.0,568.1
Colorado,2022-07-01,2022,7,2.7,363.6,2521.7,21.0,187.9,154.7,501.5,80.2,183.2,492.9,351.1,357.4,431.2,573.1
Colorado,2022-08-01,2022,8,2.6,362.8,2530.3,21.1,187.5,154.2,500.8,79.8,183.1,492.9,353.8,355.3,440.6,572.6999999999999
Colorado,2022-09-01,2022,9,2.8,360.4,2520.5,21.0,186.5,152.9,496.5,79.3,181.2,489.6,353.3,340.4,457.5,568.9
Colorado,2022-10-01,2022,10,2.9,361.2,2537.3,21.2,187.1,152.9,503.5,79.4,182.7,493.9,358.6,335.1,460.5,573.3
Colorado,2022-11-01,2022,11,2.9,359.8,2547.2,21.3,185.7,152.8,512.6,79.7,182.2,492.1,360.3,333.8,462.9,571.8000000000001
Colorado,2022-12-01,2022,12,3.0,356.6,2562.7,21.2,182.7,152.7,521.0,78.9,183.4,487.9,360.8,344.7,461.9,566.8
Colorado,2023-01-01,2023,1,3.0,348.9,2525.7,21.1,176.8,151.0,506.9,79.2,179.6,483.8,358.9,340.9,452.5,563.0
Colorado,2023-02-01,2023,2,3.0,349.7,2541.6,21.3,177.6,150.8,503.4,79.4,180.2,487.1,363.0,341.8,462.1,566.5
Colorado,2023-03-01,2023,3,3.1,352.0,2550.5,21.4,179.8,150.8,502.2,78.6,179.8,488.3,363.6,345.5,466.6,566.9
Colorado,2023-04-01,2023,4,3.1,356.7,2567.3,21.6,183.9,151.2,502.7,78.0,178.3,498.3,367.8,344.3,473.0,576.3
Colorado,2023-05-01,2023,5,3.2,359.5,2574.9,21.7,186.7,151.1,503.3,77.8,178.1,500.4,368.5,343.7,476.9,578.1999999999999
Colorado,2023-06-01,2023,6,3.2,364.9,2605.9,21.8,190.6,152.5,507.9,77.6,180.0,504.9,369.1,366.4,470.3,582.5
Colorado,2023-07-01,2023,7,3.3,365.2,2592.3,22.0,190.5,152.7,505.9,77.1,179.8,508.6,368.1,369.0,454.1,585.7
Colorado,2023-08-01,2023,8,3.3,364.2,2598.2,21.9,190.6,151.7,504.8,76.7,178.7,507.8,370.6,366.9,462.9,584.5
Colorado,2023-09-01,2023,9,3.4,360.4,2589.3,21.6,187.5,151.3,503.1,76.5,176.3,505.6,373.2,350.4,477.6,582.1
Colorado,2023-10-01,2023,10,3.5,358.6,2596.1,21.5,186.0,151.1,506.4,78.0,176.8,506.4,379.0,344.0,478.6,584.4
Colorado,2023-11-01,2023,11,3.6,353.8,2602.2,21.3,183.3,149.2,512.5,77.5,176.8,502.6,378.5,342.5,483.1,580.1
Colorado,2023-12-01,2023,12,3.7,352.9,2619.1,21.3,183.2,148.4,520.1,76.8,180.2,496.8,379.6,353.5,482.0,573.6
Colorado,2024-01-01,2024,1,3.8,345.4,2574.6,21.2,176.9,147.3,505.3,76.9,178.1,488.3,378.3,346.9,471.8,565.2
Colorado,2024-02-01,2024,2,3.9,350.8,2594.7,21.1,180.9,148.8,503.1,76.3,177.4,495.2,384.2,345.0,482.7,571.5
Colorado,2024-03-01,2024,3,3.9,351.5,2601.7,21.3,180.9,149.3,502.7,75.4,178.1,494.3,383.0,349.1,487.1,569.7
Colorado,2024-04-01,2024,4,4.0,354.4,2605.3,21.4,183.4,149.6,503.7,74.8,177.0,496.5,386.1,347.8,487.7,571.3
Colorado,2024-05-01,2024,5,4.1,360.9,2612.3,21.5,189.1,150.3,504.7,73.6,178.1,500.9,383.4,346.8,492.5,574.5
Colorado,2024-06-01,2024,6,4.1,365.3,2637.2,21.9,192.2,151.2,511.1,73.3,180.1,504.4,384.0,368.7,480.1,577.6999999999999
Colorado,2024-07-01,2024,7,4.2,364.4,2618.0,22.0,192.4,150.0,511.4,73.4,181.3,498.6,379.6,370.3,469.3,572.0
Colorado,2024-08-01,2024,8,4.3,362.9,2619.3,22.2,191.3,149.4,510.2,72.9,181.0,498.4,381.3,366.5,476.6,571.3
Colorado,2024-09-01,2024,9,4.3,360.6,2611.0,22.0,189.9,148.7,507.5,72.2,180.0,492.7,380.2,354.9,493.7,564.9
Colorado,2024-10-01,2024,10,4.3,360.1,2617.2,21.8,189.7,148.6,509.2,71.7,181.3,496.0,384.2,346.0,497.5,567.7
Colorado,2024-11-01,2024,11,4.3,358.0,2620.2,21.8,187.6,148.6,517.5,71.5,181.4,492.5,385.3,341.1,500.1,564.0
Colorado,2024-12-01,2024,12,4.3,356.8,2632.8,21.8,186.3,148.7,522.2,71.2,182.8,487.9,386.2,352.8,499.8,559.1
Colorado,2025-01-01,2025,1,4.3,349.6,2591.8,21.6,180.9,147.1,508.1,71.5,180.2,481.9,391.1,346.5,482.9,553.4
Colorado,2025-02-01,2025,2,4.3,348.8,2589.9,21.3,180.8,146.7,496.2,71.2,180.4,483.0,393.3,344.4,492.1,554.2
Colorado,2025-03-01,2025,3,4.2,350.1,2592.2,21.4,182.0,146.7,499.8,70.9,179.6,480.5,391.6,346.1,494.4,551.4
Colorado,2025-04-01,2025,4,4.2,351.1,2606.4,21.2,183.8,146.1,498.8,70.9,180.9,490.0,396.5,345.1,493.8,560.9
Colorado,2025-05-01,2025,5,4.1,353.4,2612.8,21.2,186.1,146.1,499.2,70.3,180.1,490.9,396.9,344.9,498.9,561.1999999999999
Colorado,2025-06-01,2025,6,4.0,355.3,2609.0,21.0,187.6,146.7,500.5,70.0,180.4,488.7,392.3,358.7,484.3,558.7
Colorado,2025-07-01,2025,7,3.9,356.7,2621.2,20.7,188.8,147.2,503.1,70.5,181.7,496.4,396.4,365.7,472.4,566.9
Colorado,2025-08-01,2025,8,3.9,355.8,2623.9,20.7,188.2,146.9,502.9,70.0,180.8,495.5,399.9,364.2,477.3,565.5
Colorado,2025-09-01,2025,9,3.8,353.0,2608.9,20.5,186.5,146.0,498.4,69.0,178.8,488.5,399.1,350.7,493.5,557.5
Colorado,2025-10-01,2025,10,,355.8,2616.6,20.4,189.0,146.4,501.6,69.6,180.4,492.2,403.2,346.6,492.7,561.8
Colorado,2025-11-01,2025,11,3.8,350.8,2614.1,20.3,185.6,144.9,509.9,69.2,179.3,484.9,404.3,342.0,494.0,554.1
Colorado,2025-12-01,2025,12,3.8,350.3,2625.1,20.1,185.0,145.2,513.9,69.9,179.8,484.7,403.6,350.5,491.2,554.6
Colorado,2026-01-01,2026,1,3.9,343.0,2583.6,19.9,180.3,142.8,503.1,68.5,176.0,479.1,406.0,342.3,478.4,547.6
Colorado,2026-02-01,2026,2,3.9,346.4,2585.6,20.0,183.0,143.4,497.4,67.6,175.1,480.3,408.6,341.0,487.7,547.9
Connecticut,2016-01-01,2016,1,5.3,211.0,1452.3,0.5,54.7,155.8,297.1,32.3,129.2,213.0,333.8,142.1,241.5,245.3
Connecticut,2016-02-01,2016,2,5.2,209.5,1457.0,0.5,53.3,155.7,292.6,32.5,128.9,214.0,336.8,142.6,246.2,246.5
Connecticut,2016-03-01,2016,3,5.1,211.2,1466.0,0.5,55.0,155.7,293.9,32.2,129.4,215.5,337.5,145.8,247.7,247.7
Connecticut,2016-04-01,2016,4,5.0,214.8,1475.8,0.6,58.7,155.5,293.8,32.2,129.3,220.1,338.6,150.0,247.6,252.3
Connecticut,2016-05-01,2016,5,5.0,217.1,1488.0,0.6,60.7,155.8,297.6,32.3,129.5,219.8,337.7,157.7,248.7,252.10000000000002
Connecticut,2016-06-01,2016,6,4.9,220.0,1488.4,0.6,61.9,157.5,298.5,32.4,131.1,222.8,335.8,164.2,237.3,255.20000000000002
Connecticut,2016-07-01,2016,7,4.8,220.9,1466.5,0.6,62.5,157.8,293.3,32.7,131.0,221.3,334.8,165.1,221.8,254.0
Connecticut,2016-08-01,2016,8,4.7,220.7,1459.0,0.6,62.6,157.5,292.0,33.1,130.6,221.1,332.8,163.1,220.5,254.2
Connecticut,2016-09-01,2016,9,4.7,218.5,1480.2,0.6,61.5,156.4,295.2,32.3,129.0,220.5,340.7,157.0,240.9,252.8
Connecticut,2016-10-01,2016,10,4.6,218.2,1487.8,0.6,61.1,156.5,298.2,32.4,128.8,220.5,343.3,155.1,245.0,252.9
Connecticut,2016-11-01,2016,11,4.6,217.6,1496.2,0.6,60.4,156.6,305.3,32.5,128.5,220.0,345.2,152.7,247.7,252.5
Connecticut,2016-12-01,2016,12,4.6,215.9,1497.9,0.6,57.8,157.5,309.9,32.1,128.4,220.3,344.6,152.0,245.8,252.4
Connecticut,2017-01-01,2017,1,4.6,210.6,1460.1,0.5,53.1,157.0,298.3,31.7,127.9,213.2,339.4,146.1,239.6,244.89999999999998
Connecticut,2017-02-01,2017,2,4.5,209.8,1461.9,0.5,52.4,156.9,292.0,31.9,127.4,213.8,343.0,145.7,244.4,245.70000000000002
Connecticut,2017-03-01,2017,3,4.5,211.1,1466.2,0.5,53.2,157.4,291.8,31.8,127.3,215.5,342.5,148.2,245.0,247.3
Connecticut,2017-04-01,2017,4,4.5,215.2,1477.6,0.5,57.1,157.6,292.4,31.7,127.4,219.9,344.8,152.7,244.2,251.6
Connecticut,2017-05-01,2017,5,4.4,218.4,1489.6,0.6,59.7,158.1,296.7,31.7,127.7,219.6,345.2,159.7,243.8,251.29999999999998
Connecticut,2017-06-01,2017,6,4.4,222.4,1495.1,0.6,61.5,160.3,298.7,31.7,129.6,222.6,342.2,167.9,235.7,254.29999999999998
Connecticut,2017-07-01,2017,7,4.4,223.0,1467.0,0.6,61.9,160.5,292.0,31.5,129.7,222.0,336.4,168.2,220.5,253.5
Connecticut,2017-08-01,2017,8,4.4,222.7,1461.7,0.6,61.9,160.2,290.9,31.7,129.1,221.8,335.4,165.9,220.5,253.5
Connecticut,2017-09-01,2017,9,4.3,220.5,1481.6,0.6,61.3,158.6,295.5,31.3,127.4,220.9,343.4,158.7,239.1,252.20000000000002
Connecticut,2017-10-01,2017,10,4.3,220.8,1486.9,0.6,61.2,159.0,298.3,31.2,127.2,221.5,344.6,157.1,242.3,252.7
Connecticut,2017-11-01,2017,11,4.3,219.7,1498.5,0.6,59.8,159.3,307.5,31.7,126.7,222.6,345.9,155.1,243.9,254.29999999999998
Connecticut,2017-12-01,2017,12,4.3,217.9,1500.4,0.5,57.4,160.0,311.1,31.5,126.8,221.5,347.3,154.2,242.7,253.0
Connecticut,2018-01-01,2018,1,4.2,211.5,1457.2,0.5,52.1,158.9,298.2,31.6,125.5,213.9,340.5,147.6,235.8,245.5
Connecticut,2018-02-01,2018,2,4.2,211.8,1463.1,0.5,52.2,159.1,292.4,32.1,125.4,215.6,345.5,146.9,241.4,247.7
Connecticut,2018-03-01,2018,3,4.1,212.8,1465.0,0.5,53.2,159.1,292.2,31.6,125.3,216.5,344.3,148.2,242.5,248.1
Connecticut,2018-04-01,2018,4,4.0,216.8,1473.7,0.5,56.8,159.5,290.9,31.6,124.8,220.1,346.6,153.5,240.7,251.7
Connecticut,2018-05-01,2018,5,3.9,220.3,1488.1,0.5,59.7,160.1,296.5,31.6,125.0,221.5,346.3,160.9,240.5,253.1
Connecticut,2018-06-01,2018,6,3.9,224.1,1496.3,0.5,61.5,162.1,299.1,31.8,127.1,224.0,343.7,168.8,234.3,255.8
Connecticut,2018-07-01,2018,7,3.8,225.0,1468.7,0.6,62.0,162.4,292.2,31.7,126.9,223.6,338.5,169.1,219.3,255.29999999999998
Connecticut,2018-08-01,2018,8,3.8,224.6,1464.6,0.6,62.1,161.9,291.1,31.9,126.3,224.4,337.8,167.0,219.3,256.3
Connecticut,2018-09-01,2018,9,3.8,223.0,1482.8,0.6,61.9,160.5,294.3,31.5,125.0,222.8,345.4,160.2,238.1,254.3
Connecticut,2018-10-01,2018,10,3.7,224.2,1490.2,0.6,62.5,161.1,297.4,31.6,124.9,223.8,347.7,159.5,240.0,255.4
Connecticut,2018-11-01,2018,11,3.7,223.8,1500.6,0.6,61.7,161.5,307.0,31.7,124.7,224.2,348.9,155.5,242.8,255.89999999999998
Connecticut,2018-12-01,2018,12,3.7,222.6,1503.3,0.5,59.9,162.2,309.3,31.7,124.8,222.1,351.3,156.8,241.5,253.79999999999998
Connecticut,2019-01-01,2019,1,3.7,215.8,1453.3,0.5,54.2,161.1,294.9,31.2,123.1,211.7,343.4,148.1,236.7,242.89999999999998
Connecticut,2019-02-01,2019,2,3.6,215.4,1458.1,0.5,53.9,161.0,288.2,31.5,123.1,213.2,348.5,147.8,241.7,244.7
Connecticut,2019-03-01,2019,3,3.5,216.8,1459.9,0.5,54.9,161.4,287.0,31.4,122.9,213.8,347.9,150.2,242.0,245.20000000000002
Connecticut,2019-04-01,2019,4,3.5,221.4,1471.8,0.5,59.5,161.4,286.4,31.3,122.9,220.0,350.2,155.2,240.6,251.3
Connecticut,2019-05-01,2019,5,3.5,223.6,1481.8,0.5,61.3,161.8,289.6,31.4,123.2,220.4,348.9,162.1,240.6,251.8
Connecticut,2019-06-01,2019,6,3.5,226.4,1483.7,0.5,62.2,163.7,291.2,31.8,124.9,222.8,345.4,168.6,232.3,254.60000000000002
Connecticut,2019-07-01,2019,7,3.5,227.7,1463.0,0.6,63.2,163.9,286.6,31.9,125.9,222.7,341.7,169.3,218.1,254.6
Connecticut,2019-08-01,2019,8,3.6,226.1,1456.0,0.6,62.8,162.7,286.5,32.0,125.2,222.4,340.8,165.7,217.2,254.4
Connecticut,2019-09-01,2019,9,3.6,224.3,1477.4,0.6,62.2,161.5,290.3,31.6,123.6,220.4,349.2,158.7,238.7,252.0
Connecticut,2019-10-01,2019,10,3.6,224.4,1487.3,0.5,62.3,161.6,295.3,31.4,123.6,220.7,352.2,157.5,241.2,252.1
Connecticut,2019-11-01,2019,11,3.7,223.7,1499.0,0.5,61.6,161.6,306.0,31.8,123.1,220.8,354.9,153.8,243.5,252.60000000000002
Connecticut,2019-12-01,2019,12,3.7,219.8,1496.1,0.5,58.2,161.1,309.5,31.5,123.2,218.1,354.4,154.2,239.6,249.6
Connecticut,2020-01-01,2020,1,3.8,214.2,1462.5,0.5,53.6,160.1,295.1,31.2,122.0,213.7,349.2,148.1,238.5,244.89999999999998
Connecticut,2020-02-01,2020,2,3.8,213.8,1461.9,0.5,53.3,160.0,289.0,31.4,121.8,211.9,353.3,148.4,241.5,243.3
Connecticut,2020-03-01,2020,3,3.9,214.9,1449.6,0.5,54.9,159.5,287.7,31.2,121.6,213.3,349.3,142.6,240.4,244.5
Connecticut,2020-04-01,2020,4,8.3,197.5,1204.9,0.5,48.8,148.2,234.1,28.7,118.8,196.3,303.3,64.2,217.9,225.0
Connecticut,2020-05-01,2020,5,11.9,206.4,1242.2,0.5,55.3,150.6,246.9,28.5,118.7,199.1,308.9,80.2,214.4,227.6
Connecticut,2020-06-01,2020,6,11.5,212.3,1298.7,0.5,58.3,153.5,267.3,28.4,119.9,201.5,313.0,100.8,214.6,229.9
Connecticut,2020-07-01,2020,7,11.7,213.0,1311.2,0.5,59.3,153.2,269.5,28.1,120.5,202.8,313.6,119.7,201.8,230.9
Connecticut,2020-08-01,2020,8,9.6,213.9,1330.3,0.5,60.4,153.0,272.9,28.6,120.6,204.6,318.0,123.9,205.6,233.2
Connecticut,2020-09-01,2020,9,8.8,212.8,1369.5,0.5,60.0,152.3,281.0,28.7,119.4,205.4,326.3,123.7,229.0,234.1
Connecticut,2020-10-01,2020,10,7.9,213.5,1390.9,0.5,60.8,152.2,288.2,29.1,119.3,209.9,333.1,123.5,231.0,239.0
Connecticut,2020-11-01,2020,11,7.5,212.5,1397.3,0.5,60.1,151.9,296.1,29.1,119.2,210.5,334.0,118.9,233.1,239.6
Connecticut,2020-12-01,2020,12,7.4,210.9,1393.1,0.5,58.5,151.9,301.1,29.1,119.0,210.1,334.6,114.6,228.1,239.2
Connecticut,2021-01-01,2021,1,7.2,204.8,1356.6,0.4,53.4,151.0,290.5,29.0,118.3,203.0,327.5,109.2,223.9,232.0
Connecticut,2021-02-01,2021,2,7.2,204.2,1362.0,0.4,52.7,151.1,284.6,29.4,118.0,206.1,331.0,111.6,226.0,235.5
Connecticut,2021-03-01,2021,3,7.1,207.3,1371.3,0.4,54.7,152.2,284.1,29.4,118.3,206.4,333.4,116.0,227.8,235.8
Connecticut,2021-04-01,2021,4,7.2,210.8,1383.1,0.5,58.6,151.7,281.8,29.3,117.2,212.3,334.7,124.0,226.9,241.60000000000002
Connecticut,2021-05-01,2021,5,7.0,213.2,1401.6,0.5,60.4,152.3,287.0,29.4,117.2,215.1,333.8,135.1,226.4,244.5
Connecticut,2021-06-01,2021,6,6.9,215.4,1410.1,0.5,61.4,153.5,289.4,29.8,118.1,216.3,330.7,144.9,221.7,246.10000000000002
Connecticut,2021-07-01,2021,7,6.6,217.0,1404.6,0.5,62.0,154.5,287.8,30.5,118.6,216.9,329.2,152.2,209.3,247.4
Connecticut,2021-08-01,2021,8,6.3,216.8,1396.9,0.5,62.5,153.8,286.6,30.7,118.3,216.6,327.6,151.1,205.8,247.29999999999998
Connecticut,2021-09-01,2021,9,5.9,216.0,1415.1,0.5,62.3,153.2,287.8,30.0,116.6,215.4,334.1,144.0,228.3,245.4
Connecticut,2021-10-01,2021,10,5.6,217.0,1437.9,0.5,62.7,153.8,294.5,30.6,118.2,219.7,340.5,144.2,230.4,250.29999999999998
Connecticut,2021-11-01,2021,11,5.3,216.6,1449.8,0.5,61.8,154.3,302.4,31.4,118.6,220.8,342.5,141.3,232.9,252.20000000000002
Connecticut,2021-12-01,2021,12,5.0,215.6,1451.7,0.5,60.1,155.0,306.7,31.4,118.6,220.0,343.4,141.0,230.4,251.4
Connecticut,2022-01-01,2022,1,4.8,208.3,1411.1,0.4,54.7,153.2,296.4,30.8,117.8,213.3,333.4,132.6,228.0,244.10000000000002
Connecticut,2022-02-01,2022,2,4.5,210.2,1426.1,0.4,55.4,154.4,295.8,31.2,117.9,215.8,340.0,135.5,230.5,247.0
Connecticut,2022-03-01,2022,3,4.3,213.3,1433.1,0.4,57.5,155.4,295.3,30.9,118.2,218.6,340.8,138.0,231.4,249.5
Connecticut,2022-04-01,2022,4,4.2,218.2,1444.9,0.5,61.6,156.1,294.0,30.8,118.1,223.1,342.6,144.9,230.8,253.9
Connecticut,2022-05-01,2022,5,4.1,219.5,1457.0,0.5,62.6,156.4,296.9,31.4,118.3,224.1,341.4,153.1,230.6,255.5
Connecticut,2022-06-01,2022,6,4.0,222.2,1460.3,0.5,63.4,158.3,299.3,31.2,119.5,225.5,338.5,160.8,222.8,256.7
Connecticut,2022-07-01,2022,7,3.9,223.6,1446.7,0.5,63.9,159.2,295.3,31.5,120.2,225.3,338.2,163.3,209.7,256.8
Connecticut,2022-08-01,2022,8,3.7,223.3,1440.1,0.5,63.8,159.0,293.3,31.9,119.4,224.3,335.4,161.7,211.1,256.2
Connecticut,2022-09-01,2022,9,3.7,221.8,1457.6,0.5,63.3,158.0,294.9,31.4,118.3,223.2,345.7,152.8,229.7,254.6
Connecticut,2022-10-01,2022,10,3.7,222.3,1465.2,0.5,63.6,158.2,299.4,31.3,118.3,224.3,347.8,150.2,232.6,255.60000000000002
Connecticut,2022-11-01,2022,11,3.6,221.6,1476.4,0.5,62.7,158.4,305.3,31.6,118.4,224.0,351.4,147.4,236.9,255.6
Connecticut,2022-12-01,2022,12,3.5,219.9,1475.9,0.5,60.7,158.7,310.2,31.4,118.4,222.3,351.1,146.7,234.4,253.70000000000002
Connecticut,2023-01-01,2023,1,3.4,215.2,1448.6,0.5,57.1,157.6,298.3,31.7,117.6,216.0,350.5,141.2,232.3,247.7
Connecticut,2023-02-01,2023,2,3.3,215.2,1450.2,0.5,57.0,157.7,293.9,31.6,117.8,216.4,352.4,142.3,234.6,248.0
Connecticut,2023-03-01,2023,3,3.2,217.2,1454.3,0.5,58.5,158.2,293.8,31.5,117.8,218.3,351.6,144.4,235.5,249.8
Connecticut,2023-04-01,2023,4,3.1,219.0,1460.5,0.5,61.5,157.0,288.8,31.5,117.5,222.5,354.9,149.2,234.2,254.0
Connecticut,2023-05-01,2023,5,3.1,221.0,1481.4,0.5,63.1,157.4,296.5,31.7,117.9,223.9,354.2,157.9,236.6,255.6
Connecticut,2023-06-01,2023,6,3.1,224.0,1494.0,0.5,64.2,159.3,299.6,31.5,119.6,225.7,355.3,166.6,231.7,257.2
Connecticut,2023-07-01,2023,7,3.1,224.8,1470.7,0.5,64.8,159.5,297.7,31.5,119.8,223.9,350.9,166.5,216.5,255.4
Connecticut,2023-08-01,2023,8,3.1,224.1,1463.6,0.5,64.7,158.9,295.2,31.2,119.2,223.0,348.9,165.0,217.2,254.2
Connecticut,2023-09-01,2023,9,3.2,221.9,1482.4,0.5,63.9,157.5,297.9,30.8,118.0,222.3,359.7,155.7,235.0,253.10000000000002
Connecticut,2023-10-01,2023,10,3.2,221.7,1492.1,0.5,64.3,156.9,301.8,30.8,118.1,223.3,362.1,154.3,238.4,254.10000000000002
Connecticut,2023-11-01,2023,11,3.3,220.6,1501.2,0.5,63.6,156.5,309.8,31.0,118.0,222.7,365.5,150.7,240.3,253.7
Connecticut,2023-12-01,2023,12,3.3,219.3,1498.4,0.5,62.1,156.7,312.3,31.1,118.5,220.2,364.1,150.8,237.9,251.29999999999998
Connecticut,2024-01-01,2024,1,3.3,214.1,1464.6,0.4,57.8,155.9,301.0,30.7,117.1,214.7,357.8,144.1,236.6,245.39999999999998
Connecticut,2024-02-01,2024,2,3.2,212.9,1469.0,0.4,57.3,155.2,295.9,30.7,117.0,215.5,365.5,144.0,237.8,246.2
Connecticut,2024-03-01,2024,3,3.2,215.2,1474.1,0.5,59.2,155.5,295.6,30.7,117.0,215.9,366.0,146.3,239.3,246.6
Connecticut,2024-04-01,2024,4,3.2,218.8,1483.4,0.5,62.7,155.6,291.8,30.6,117.2,221.9,366.9,150.9,240.4,252.5
Connecticut,2024-05-01,2024,5,3.2,220.7,1498.4,0.5,64.4,155.8,297.5,30.9,117.6,223.8,364.7,159.8,239.8,254.70000000000002
Connecticut,2024-06-01,2024,6,3.2,223.1,1506.5,0.5,65.6,157.0,299.5,31.0,119.3,225.7,362.5,167.5,235.2,256.7
Connecticut,2024-07-01,2024,7,3.3,224.0,1486.4,0.5,66.3,157.2,295.9,31.2,119.5,224.0,362.7,166.2,220.6,255.2
Connecticut,2024-08-01,2024,8,3.3,222.7,1475.0,0.5,66.1,156.1,293.7,31.2,118.6,223.3,360.6,162.9,219.5,254.5
Connecticut,2024-09-01,2024,9,3.4,221.2,1495.0,0.5,65.7,155.0,296.6,30.8,117.4,223.6,370.1,156.4,236.6,254.4
Connecticut,2024-10-01,2024,10,3.4,220.9,1506.4,0.5,65.8,154.6,299.9,30.6,117.4,224.9,373.2,155.0,241.5,255.5
Connecticut,2024-11-01,2024,11,3.5,219.8,1516.0,0.5,65.1,154.2,305.1,31.0,117.5,224.3,377.5,152.1,244.4,255.3
Connecticut,2024-12-01,2024,12,3.5,218.5,1512.9,0.5,63.5,154.5,308.7,30.8,117.4,221.5,377.1,152.7,240.5,252.3
Connecticut,2025-01-01,2025,1,3.6,212.9,1479.6,0.4,58.9,153.6,299.8,30.6,116.1,215.3,371.3,144.0,238.8,245.9
Connecticut,2025-02-01,2025,2,3.7,211.6,1481.8,0.4,58.2,153.0,295.6,30.6,116.0,217.1,376.4,143.7,239.0,247.7
Connecticut,2025-03-01,2025,3,3.7,213.5,1486.4,0.4,60.0,153.1,295.9,30.4,115.9,217.5,375.1,147.6,240.3,247.9
Connecticut,2025-04-01,2025,4,3.8,216.9,1499.7,0.5,63.8,152.6,294.3,30.1,116.2,223.4,378.8,152.3,240.3,253.5
Connecticut,2025-05-01,2025,5,3.8,216.1,1513.8,0.5,65.7,149.9,297.0,30.2,116.4,224.3,377.5,162.2,241.2,254.5
Connecticut,2025-06-01,2025,6,3.9,221.0,1514.3,0.5,66.4,154.1,297.9,30.4,117.7,224.4,372.7,168.7,236.3,254.8
Connecticut,2025-07-01,2025,7,3.9,220.9,1493.9,0.5,66.7,153.7,294.4,30.5,119.3,223.3,371.2,168.4,220.4,253.8
Connecticut,2025-08-01,2025,8,4.1,220.3,1482.0,0.5,66.7,153.1,292.7,30.5,118.5,222.0,368.0,166.3,218.6,252.5
Connecticut,2025-09-01,2025,9,4.2,218.6,1500.4,0.5,66.1,152.0,296.1,30.2,117.1,221.6,377.1,158.2,236.4,251.79999999999998
Connecticut,2025-10-01,2025,10,,219.3,1511.0,0.5,67.0,151.8,298.8,30.5,117.3,223.1,380.6,157.0,239.7,253.6
Connecticut,2025-11-01,2025,11,4.3,219.4,1515.3,0.5,66.8,152.1,303.0,30.1,117.1,222.0,384.5,152.6,241.8,252.1
Connecticut,2025-12-01,2025,12,4.3,216.5,1513.2,0.5,64.1,151.9,307.7,30.0,117.4,220.3,383.8,150.4,238.7,250.3
Connecticut,2026-01-01,2026,1,4.5,212.2,1486.8,0.5,59.9,151.8,298.7,30.1,116.5,216.9,377.9,144.5,237.5,247.0
Connecticut,2026-02-01,2026,2,4.7,210.8,1485.2,0.4,58.1,152.3,293.7,30.7,116.3,216.1,383.4,143.1,238.5,246.79999999999998
Delaware,2016-01-01,2016,1,4.5,45.6,394.0,,,25.8,80.8,4.6,46.6,60.5,75.5,43.9,63.8,65.1
Delaware,2016-02-01,2016,2,4.5,45.8,394.2,,,25.9,80.1,4.6,46.7,59.6,76.1,44.6,64.1,64.2
Delaware,2016-03-01,2016,3,4.5,46.5,398.2,,,25.7,80.8,4.6,46.8,59.7,76.4,45.7,65.7,64.3
Delaware,2016-04-01,2016,4,4.5,46.3,403.3,,,25.8,81.3,4.6,46.7,60.6,76.5,48.5,66.3,65.2
Delaware,2016-05-01,2016,5,4.5,46.6,406.7,,,26.0,81.6,4.3,46.7,61.1,76.8,51.1,66.2,65.4
Delaware,2016-06-01,2016,6,4.5,47.2,408.6,,,26.2,81.7,4.7,47.2,62.7,76.2,54.0,63.1,67.4
Delaware,2016-07-01,2016,7,4.5,47.6,409.7,,,26.2,82.1,4.7,47.4,62.8,76.2,55.2,62.4,67.5
Delaware,2016-08-01,2016,8,4.5,47.9,406.4,,,26.3,82.2,4.7,47.3,62.1,76.1,54.6,60.5,66.8
Delaware,2016-09-01,2016,9,4.6,47.6,406.2,,,26.1,82.0,4.7,46.7,61.1,76.8,51.8,64.5,65.8
Delaware,2016-10-01,2016,10,4.6,47.8,406.4,,,26.1,81.8,4.6,46.8,61.7,77.4,49.3,66.2,66.3
Delaware,2016-11-01,2016,11,4.6,47.8,409.3,,,26.2,83.6,4.6,47.0,63.3,77.5,47.9,66.8,67.89999999999999
Delaware,2016-12-01,2016,12,4.6,47.8,409.5,,,26.3,84.0,4.7,47.4,64.2,77.6,46.7,66.3,68.9
Delaware,2017-01-01,2017,1,4.6,46.9,398.1,,,26.2,80.4,4.6,47.1,61.1,76.2,45.5,64.7,65.7
Delaware,2017-02-01,2017,2,4.6,47.2,398.1,,,26.3,79.2,4.6,47.2,60.5,77.3,45.9,64.9,65.1
Delaware,2017-03-01,2017,3,4.5,47.7,401.0,,,26.1,79.1,4.6,47.3,60.2,77.4,46.9,66.9,64.8
Delaware,2017-04-01,2017,4,4.5,47.8,405.2,,,26.0,79.7,4.5,47.5,61.6,77.7,48.5,66.8,66.1
Delaware,2017-05-01,2017,5,4.5,47.6,408.5,,,26.1,80.0,4.5,47.5,61.7,78.0,51.1,66.8,66.2
Delaware,2017-06-01,2017,6,4.4,48.2,412.6,,,26.3,80.7,4.6,48.4,63.2,77.2,55.2,64.1,67.8
Delaware,2017-07-01,2017,7,4.4,48.3,411.4,,,26.3,80.2,4.5,48.4,63.1,77.2,56.4,62.6,67.6
Delaware,2017-08-01,2017,8,4.3,48.0,409.3,,,26.1,81.1,4.5,48.5,62.6,77.2,55.7,60.8,67.1
Delaware,2017-09-01,2017,9,4.3,48.1,409.8,,,26.1,81.1,4.4,47.9,61.9,78.1,52.6,65.4,66.3
Delaware,2017-10-01,2017,10,4.3,48.0,408.8,,,26.3,81.0,4.3,47.7,61.9,78.9,50.4,66.0,66.2
Delaware,2017-11-01,2017,11,4.2,48.4,412.5,,,26.7,83.7,4.4,47.8,63.8,79.1,48.9,66.2,68.2
Delaware,2017-12-01,2017,12,4.2,48.5,412.3,,,26.9,84.2,4.3,47.8,64.9,79.1,47.5,66.0,69.2
Delaware,2018-01-01,2018,1,4.1,47.4,400.0,,,26.8,79.7,4.2,47.4,61.6,78.5,46.4,63.9,65.8
Delaware,2018-02-01,2018,2,4.0,47.9,401.8,,,26.9,79.1,4.3,47.6,61.5,78.8,47.1,65.1,65.8
Delaware,2018-03-01,2018,3,3.9,48.3,404.8,,,26.9,79.3,4.2,47.5,62.0,79.4,47.9,66.2,66.2
Delaware,2018-04-01,2018,4,3.8,48.9,409.5,,,26.9,80.0,4.1,47.2,63.2,79.7,50.3,66.5,67.3
Delaware,2018-05-01,2018,5,3.7,49.2,415.3,,,26.9,80.8,4.1,47.5,63.7,80.0,53.8,66.8,67.8
Delaware,2018-06-01,2018,6,3.7,50.0,416.8,,,27.3,80.9,4.2,48.0,64.5,79.4,57.0,63.9,68.7
Delaware,2018-07-01,2018,7,3.6,50.0,415.1,,,27.1,80.5,4.0,48.0,64.5,78.7,57.7,62.9,68.5
Delaware,2018-08-01,2018,8,3.5,50.1,412.2,,,27.2,80.5,4.0,47.5,64.0,78.7,57.4,61.4,68.0
Delaware,2018-09-01,2018,9,3.5,49.9,411.2,,,27.1,80.1,3.9,47.0,63.3,79.6,53.4,65.5,67.2
Delaware,2018-10-01,2018,10,3.5,50.1,413.7,,,27.2,80.5,3.9,47.5,64.1,80.8,51.9,66.5,68.0
Delaware,2018-11-01,2018,11,3.5,50.0,415.7,,,27.1,83.1,4.0,47.6,65.0,81.1,49.6,66.9,69.0
Delaware,2018-12-01,2018,12,3.5,50.6,415.3,,,27.4,83.9,3.9,47.6,64.5,81.1,49.0,66.9,68.4
Delaware,2019-01-01,2019,1,3.5,49.5,404.1,,,27.3,80.3,3.9,47.4,62.3,80.0,47.4,64.4,66.2
Delaware,2019-02-01,2019,2,3.5,49.5,405.6,,,27.4,79.9,3.9,47.5,62.0,80.6,47.7,65.7,65.9
Delaware,2019-03-01,2019,3,3.5,50.1,410.0,,,27.3,80.3,3.9,47.5,62.5,81.2,49.4,66.9,66.4
Delaware,2019-04-01,2019,4,3.5,50.4,413.7,,,27.3,80.1,3.8,47.6,63.5,81.2,51.7,67.1,67.3
Delaware,2019-05-01,2019,5,3.5,50.5,417.0,,,27.2,80.3,3.9,47.5,63.5,81.4,55.2,66.4,67.4
Delaware,2019-06-01,2019,6,3.5,50.8,419.7,,,27.3,80.6,3.9,47.9,64.3,80.9,58.4,64.7,68.2
Delaware,2019-07-01,2019,7,3.6,50.7,420.3,,,27.4,80.6,4.0,48.1,64.6,80.7,59.3,64.0,68.6
Delaware,2019-08-01,2019,8,3.6,50.8,418.6,,,27.4,80.3,4.0,48.0,65.1,80.8,58.6,62.8,69.1
Delaware,2019-09-01,2019,9,3.6,50.3,416.1,,,27.2,80.1,3.9,47.4,63.9,81.4,54.8,65.9,67.8
Delaware,2019-10-01,2019,10,3.6,50.5,417.0,,,27.3,80.3,4.0,47.6,64.7,81.4,52.7,67.5,68.7
Delaware,2019-11-01,2019,11,3.6,50.4,420.5,,,27.3,82.9,4.0,47.5,66.0,82.0,51.1,68.1,70.0
Delaware,2019-12-01,2019,12,3.6,50.2,419.5,,,27.4,84.2,3.9,47.5,65.6,81.9,50.1,67.5,69.5
Delaware,2020-01-01,2020,1,3.6,49.7,407.0,,,27.2,80.0,3.9,47.3,63.4,80.8,47.8,65.2,67.3
Delaware,2020-02-01,2020,2,3.6,49.5,408.5,,,27.0,79.4,3.9,47.4,62.7,81.7,48.2,66.6,66.60000000000001
Delaware,2020-03-01,2020,3,5.0,49.9,408.4,,,27.0,79.1,3.9,47.2,63.1,81.6,47.2,67.8,67.0
Delaware,2020-04-01,2020,4,13.1,44.7,353.8,,,23.9,67.5,3.5,46.6,59.2,73.8,24.6,64.3,62.7
Delaware,2020-05-01,2020,5,13.4,46.3,361.9,,,24.6,68.8,3.5,46.8,61.0,74.9,28.1,63.4,64.5
Delaware,2020-06-01,2020,6,12.8,47.6,383.4,,,25.3,75.5,3.5,47.0,61.6,76.1,40.5,62.0,65.1
Delaware,2020-07-01,2020,7,7.6,48.1,390.6,,,25.6,77.3,3.6,47.3,61.7,76.8,44.4,61.8,65.3
Delaware,2020-08-01,2020,8,7.4,48.2,393.0,,,25.4,77.7,3.5,47.3,61.7,77.7,44.8,62.3,65.2
Delaware,2020-09-01,2020,9,7.6,47.7,395.5,,,25.1,78.8,3.6,47.1,61.2,78.2,44.0,64.8,64.8
Delaware,2020-10-01,2020,10,5.2,48.1,398.8,,,25.1,80.5,3.6,47.2,61.8,79.2,42.7,65.7,65.39999999999999
Delaware,2020-11-01,2020,11,5.4,48.1,400.2,,,25.0,82.9,3.5,47.3,61.6,79.4,41.5,65.9,65.1
Delaware,2020-12-01,2020,12,5.6,48.3,398.6,,,25.2,84.0,3.4,47.2,61.7,79.2,39.7,65.6,65.10000000000001
Delaware,2021-01-01,2021,1,5.8,47.1,386.8,,,24.9,79.8,3.3,46.8,60.5,77.7,37.9,63.0,63.8
Delaware,2021-02-01,2021,2,5.9,46.8,388.7,,,24.8,78.7,3.3,46.9,61.2,77.8,38.5,64.5,64.5
Delaware,2021-03-01,2021,3,6.0,47.7,393.2,,,24.8,78.8,3.3,47.0,61.9,78.4,40.1,65.7,65.2
Delaware,2021-04-01,2021,4,6.0,48.1,399.4,,,24.7,79.7,3.4,47.0,63.3,78.4,43.0,66.5,66.7
Delaware,2021-05-01,2021,5,5.9,48.1,402.9,,,24.6,80.8,3.5,47.0,63.2,78.4,46.2,65.6,66.7
Delaware,2021-06-01,2021,6,5.8,48.3,405.9,,,24.6,81.5,3.5,47.2,63.3,77.6,50.1,64.4,66.8
Delaware,2021-07-01,2021,7,5.6,49.0,410.0,,,24.9,81.9,3.8,47.5,64.1,78.4,52.1,63.6,67.89999999999999
Delaware,2021-08-01,2021,8,5.4,49.1,406.7,,,25.1,81.5,3.8,47.3,63.6,77.7,51.4,62.7,67.4
Delaware,2021-09-01,2021,9,5.1,48.8,405.1,,,25.1,82.3,3.8,46.9,62.6,77.4,48.1,65.7,66.4
Delaware,2021-10-01,2021,10,4.9,48.8,410.2,,,25.3,82.8,3.9,47.2,65.0,78.5,47.3,66.8,68.9
Delaware,2021-11-01,2021,11,4.8,48.7,413.7,,,25.5,86.5,3.8,47.3,64.7,78.9,46.8,67.2,68.5
Delaware,2021-12-01,2021,12,4.6,48.8,415.1,,,25.6,88.8,3.7,47.5,64.5,78.7,46.5,66.9,68.2
Delaware,2022-01-01,2022,1,4.5,47.8,403.4,,,25.4,84.4,3.7,47.4,63.3,78.2,43.8,64.5,67.0
Delaware,2022-02-01,2022,2,4.4,48.6,408.0,,,25.8,84.5,3.7,47.5,64.1,78.9,44.8,66.1,67.8
Delaware,2022-03-01,2022,3,4.3,48.8,411.2,,,25.7,84.6,3.7,47.4,64.6,79.1,46.5,66.9,68.3
Delaware,2022-04-01,2022,4,4.2,49.8,418.8,,,25.8,86.1,3.8,47.8,66.4,79.4,48.7,67.8,70.2
Delaware,2022-05-01,2022,5,4.2,49.3,421.6,,,25.7,86.6,3.8,47.8,66.4,79.9,51.0,67.4,70.2
Delaware,2022-06-01,2022,6,4.2,49.8,423.1,,,25.9,86.4,3.8,48.3,66.5,79.4,54.8,65.1,70.3
Delaware,2022-07-01,2022,7,4.1,50.1,425.9,,,26.0,87.6,3.9,49.0,67.5,78.8,56.0,64.3,71.4
Delaware,2022-08-01,2022,8,4.1,50.1,424.3,,,26.1,87.4,3.9,49.1,67.2,79.2,55.5,63.2,71.10000000000001
Delaware,2022-09-01,2022,9,4.1,49.8,424.9,,,26.0,87.6,3.8,49.1,66.9,79.7,51.8,67.4,70.7
Delaware,2022-10-01,2022,10,4.2,50.1,426.9,,,26.2,88.8,3.7,49.4,67.7,80.4,50.3,68.2,71.4
Delaware,2022-11-01,2022,11,4.1,50.1,428.8,,,26.2,91.4,3.7,49.6,67.1,80.7,48.9,68.7,70.8
Delaware,2022-12-01,2022,12,4.1,50.1,428.9,,,26.3,92.7,3.7,49.7,65.7,81.3,48.1,69.1,69.4
Delaware,2023-01-01,2023,1,4.0,49.6,419.6,,,26.5,89.6,3.7,49.7,64.6,80.6,46.9,66.0,68.3
Delaware,2023-02-01,2023,2,3.9,49.8,422.8,,,26.4,89.1,3.7,49.7,65.0,81.0,47.4,68.3,68.7
Delaware,2023-03-01,2023,3,3.9,50.0,425.9,,,26.4,89.2,3.6,49.8,65.1,81.9,48.6,69.2,68.69999999999999
Delaware,2023-04-01,2023,4,3.8,51.4,429.6,,,26.8,88.4,3.6,49.9,65.7,83.0,50.7,69.2,69.3
Delaware,2023-05-01,2023,5,3.8,51.6,434.4,,,26.9,89.9,3.7,50.0,66.0,83.5,53.6,68.6,69.7
Delaware,2023-06-01,2023,6,3.8,51.4,438.7,,,27.2,90.0,3.7,50.7,66.4,83.6,57.3,67.7,70.10000000000001
Delaware,2023-07-01,2023,7,3.9,51.4,438.1,,,27.1,90.1,3.6,50.7,66.2,83.6,58.7,65.8,69.8
Delaware,2023-08-01,2023,8,3.9,51.3,436.0,,,27.1,90.1,3.6,50.4,65.3,83.9,58.1,65.2,68.89999999999999
Delaware,2023-09-01,2023,9,3.9,51.1,435.2,,,27.0,89.9,3.6,49.8,64.9,84.2,54.8,68.9,68.5
Delaware,2023-10-01,2023,10,4.0,50.9,436.9,,,26.8,90.9,3.5,49.7,64.9,85.6,52.6,70.5,68.4
Delaware,2023-11-01,2023,11,3.9,51.0,437.9,,,26.9,93.5,3.5,49.5,64.5,85.9,51.2,70.6,68.0
Delaware,2023-12-01,2023,12,3.9,50.7,437.8,,,26.9,93.8,3.5,49.4,63.7,86.2,50.9,71.1,67.2
Delaware,2024-01-01,2024,1,3.9,49.8,426.2,,,26.5,90.4,3.5,49.5,62.9,84.9,48.3,67.8,66.4
Delaware,2024-02-01,2024,2,3.8,50.0,428.6,,,26.5,89.1,3.5,49.4,63.2,85.6,48.6,70.0,66.7
Delaware,2024-03-01,2024,3,3.8,50.7,433.7,,,26.5,89.4,3.5,49.5,63.9,86.3,50.4,71.4,67.4
Delaware,2024-04-01,2024,4,3.9,51.1,439.1,,,26.6,89.5,3.5,49.5,65.7,87.1,52.4,71.5,69.2
Delaware,2024-05-01,2024,5,3.9,51.0,442.5,,,26.7,89.8,3.5,49.2,65.8,87.8,55.5,71.1,69.3
Delaware,2024-06-01,2024,6,4.0,51.4,444.5,,,26.9,89.8,3.5,49.6,65.7,87.5,58.9,69.5,69.2
Delaware,2024-07-01,2024,7,4.0,51.5,444.4,,,26.9,89.5,3.5,50.3,66.1,88.5,59.8,66.9,69.6
Delaware,2024-08-01,2024,8,3.9,51.4,443.5,,,26.7,89.4,3.5,50.1,66.4,89.1,58.9,66.2,69.9
Delaware,2024-09-01,2024,9,3.9,51.2,444.0,,,26.6,89.9,3.5,49.6,65.9,89.7,55.3,70.4,69.4
Delaware,2024-10-01,2024,10,3.9,51.4,445.2,,,26.6,90.3,3.5,49.4,65.7,91.0,53.3,72.3,69.2
Delaware,2024-11-01,2024,11,4.0,51.5,447.4,,,26.6,92.4,3.6,49.4,65.4,92.3,51.6,72.9,69.0
Delaware,2024-12-01,2024,12,4.0,51.1,445.2,,,26.6,93.4,3.5,49.3,63.8,92.0,51.0,72.7,67.3
Delaware,2025-01-01,2025,1,4.1,49.9,435.0,,,26.5,90.1,3.5,49.5,63.0,90.7,48.0,70.9,66.5
Delaware,2025-02-01,2025,2,4.3,50.1,436.9,,,26.5,89.7,3.5,49.6,63.5,91.4,48.2,71.7,67.0
Delaware,2025-03-01,2025,3,4.4,50.7,440.1,,,26.6,89.5,3.5,49.5,63.9,91.5,49.5,73.2,67.4
Delaware,2025-04-01,2025,4,4.5,51.5,445.0,,,26.8,89.7,3.5,49.5,65.3,92.2,51.7,73.4,68.8
Delaware,2025-05-01,2025,5,4.5,51.7,448.9,,,26.9,90.1,3.6,49.3,65.3,93.0,55.0,73.0,68.89999999999999
Delaware,2025-06-01,2025,6,4.7,52.3,449.6,,,27.1,90.7,3.5,49.5,65.4,92.0,57.5,71.3,68.9
Delaware,2025-07-01,2025,7,4.8,52.2,448.6,,,27.2,90.1,3.5,49.7,65.8,91.6,58.6,69.6,69.3
Delaware,2025-08-01,2025,8,5.0,52.0,446.3,,,27.0,89.4,3.5,49.4,65.3,92.3,58.1,68.7,68.8
Delaware,2025-09-01,2025,9,5.2,51.5,443.9,,,26.6,89.3,3.4,48.9,65.2,91.7,53.7,72.3,68.60000000000001
Delaware,2025-10-01,2025,10,,50.9,443.2,,,26.3,89.9,3.5,48.5,65.3,92.8,51.0,72.9,68.8
Delaware,2025-11-01,2025,11,5.3,50.7,444.0,,,26.3,91.9,3.4,48.8,65.1,93.0,49.0,73.2,68.5
Delaware,2025-12-01,2025,12,5.3,51.0,444.4,,,26.4,92.9,3.4,49.4,64.5,93.5,48.2,72.8,67.9
Delaware,2026-01-01,2026,1,5.4,50.3,435.8,,,26.1,90.2,3.4,48.8,63.5,92.9,46.3,71.0,66.9
Delaware,2026-02-01,2026,2,5.4,49.1,437.7,,,26.1,88.7,3.3,49.0,63.5,94.0,46.7,72.6,66.8
Florida,2016-01-01,2016,1,5.1,806.4,7436.7,5.8,449.2,351.4,1687.3,139.3,543.8,1255.9,1211.6,1148.7,1100.1,1395.2
Florida,2016-02-01,2016,2,5.0,815.4,7503.9,5.8,456.4,353.2,1687.2,140.3,546.0,1268.5,1221.3,1175.7,1111.4,1408.8
Florida,2016-03-01,2016,3,4.9,821.1,7544.1,5.8,460.4,354.9,1690.1,139.8,547.2,1276.7,1224.0,1195.5,1114.7,1416.5
Florida,2016-04-01,2016,4,4.9,829.0,7573.1,5.8,467.4,355.8,1694.5,140.1,549.3,1284.5,1234.9,1196.4,1116.7,1424.6
Florida,2016-05-01,2016,5,4.9,833.9,7557.4,5.8,471.2,356.9,1695.9,140.8,550.1,1281.6,1235.2,1187.2,1110.4,1422.3999999999999
Florida,2016-06-01,2016,6,4.9,839.9,7439.0,5.8,475.8,358.3,1691.3,140.6,550.9,1278.3,1221.3,1176.6,1024.2,1418.8999999999999
Florida,2016-07-01,2016,7,4.9,844.9,7434.9,5.8,479.8,359.3,1692.9,141.4,552.2,1285.8,1219.5,1167.1,1021.5,1427.2
Florida,2016-08-01,2016,8,4.9,847.4,7528.6,5.7,482.1,359.6,1696.8,141.6,553.1,1291.9,1231.9,1163.9,1095.0,1433.5
Florida,2016-09-01,2016,9,4.9,852.8,7560.5,5.7,487.1,360.0,1696.6,139.7,553.5,1293.8,1244.9,1163.0,1113.1,1433.5
Florida,2016-10-01,2016,10,4.9,855.3,7617.4,5.6,489.5,360.2,1710.2,140.1,557.2,1312.4,1255.1,1167.2,1118.6,1452.5
Florida,2016-11-01,2016,11,4.8,860.7,7712.0,5.6,492.9,362.2,1761.2,141.8,559.2,1321.7,1261.1,1184.0,1123.7,1463.5
Florida,2016-12-01,2016,12,4.8,863.0,7737.7,5.5,494.1,363.4,1781.6,141.7,563.5,1318.2,1266.0,1187.5,1121.0,1459.9
Florida,2017-01-01,2017,1,4.7,855.1,7637.8,5.7,488.1,361.3,1729.8,141.1,558.2,1305.6,1253.3,1180.8,1114.5,1446.6999999999998
Florida,2017-02-01,2017,2,4.6,864.2,7691.5,5.7,494.6,363.9,1721.4,142.9,560.7,1312.9,1265.2,1203.7,1127.9,1455.8000000000002
Florida,2017-03-01,2017,3,4.5,870.7,7725.1,5.7,499.5,365.5,1720.8,142.7,562.8,1316.7,1266.8,1226.5,1130.7,1459.4
Florida,2017-04-01,2017,4,4.4,870.6,7728.3,5.7,499.8,365.1,1721.7,141.7,563.3,1321.0,1271.5,1226.2,1125.1,1462.7
Florida,2017-05-01,2017,5,4.3,876.3,7723.5,5.6,504.4,366.3,1721.7,142.8,564.5,1322.3,1273.0,1220.9,1120.0,1465.1
Florida,2017-06-01,2017,6,4.2,883.8,7614.7,5.6,509.8,368.4,1718.7,142.3,567.1,1325.6,1260.5,1212.3,1030.1,1467.8999999999999
Florida,2017-07-01,2017,7,4.2,882.1,7579.5,5.6,509.3,367.2,1714.6,141.4,567.4,1325.6,1249.2,1198.1,1026.7,1467.0
Florida,2017-08-01,2017,8,4.2,885.8,7669.8,5.6,512.7,367.5,1718.5,141.9,567.6,1328.3,1264.8,1194.7,1097.9,1470.2
Florida,2017-09-01,2017,9,4.1,852.4,7544.2,5.5,487.1,359.8,1684.5,138.6,564.4,1297.7,1254.2,1145.4,1111.4,1436.3
Florida,2017-10-01,2017,10,4.1,889.3,7753.5,5.6,517.3,366.4,1731.5,140.4,572.4,1350.7,1282.4,1192.6,1126.1,1491.1000000000001
Florida,2017-11-01,2017,11,4.1,894.0,7858.7,5.6,519.9,368.5,1796.7,142.5,573.5,1361.2,1287.8,1206.7,1130.4,1503.7
Florida,2017-12-01,2017,12,4.0,897.6,7883.9,5.7,521.8,370.1,1815.0,143.1,574.3,1360.0,1290.4,1210.8,1128.2,1503.1
Florida,2018-01-01,2018,1,3.9,890.8,7771.1,5.7,517.7,367.4,1764.0,141.6,569.2,1336.0,1277.9,1200.5,1123.0,1477.6
Florida,2018-02-01,2018,2,3.9,904.6,7837.3,5.8,529.1,369.7,1759.5,144.2,572.6,1345.1,1290.9,1230.0,1132.8,1489.3
Florida,2018-03-01,2018,3,3.8,911.9,7871.8,5.8,534.5,371.6,1759.5,143.3,574.4,1350.2,1294.1,1250.2,1135.8,1493.5
Florida,2018-04-01,2018,4,3.7,913.9,7872.8,5.7,536.6,371.6,1757.9,142.0,575.6,1354.8,1297.3,1247.9,1133.1,1496.8
Florida,2018-05-01,2018,5,3.7,917.3,7862.8,5.8,538.4,373.1,1759.6,143.0,576.6,1355.4,1295.9,1242.5,1125.5,1498.4
Florida,2018-06-01,2018,6,3.6,926.7,7756.5,5.8,545.3,375.6,1757.5,143.1,578.4,1358.7,1284.1,1229.4,1041.0,1501.8
Florida,2018-07-01,2018,7,3.6,926.7,7726.1,5.8,544.8,376.1,1753.0,142.4,579.9,1360.4,1275.4,1221.2,1031.3,1502.8000000000002
Florida,2018-08-01,2018,8,3.5,932.2,7843.7,5.9,549.0,377.3,1756.7,143.7,580.9,1368.5,1296.6,1223.9,1111.3,1512.2
Florida,2018-09-01,2018,9,3.5,934.1,7852.1,5.8,550.6,377.7,1758.1,141.8,579.8,1364.7,1305.2,1215.1,1125.7,1506.5
Florida,2018-10-01,2018,10,3.5,939.8,7927.8,5.8,554.6,379.4,1771.0,142.4,584.4,1386.8,1316.0,1224.3,1137.5,1529.2
Florida,2018-11-01,2018,11,3.5,943.0,8028.5,5.8,556.2,381.0,1829.6,144.6,587.6,1397.8,1322.6,1238.1,1143.8,1542.3999999999999
Florida,2018-12-01,2018,12,3.5,945.4,8037.3,5.8,557.2,382.4,1844.4,144.8,588.3,1391.0,1323.6,1241.7,1139.4,1535.8
Florida,2019-01-01,2019,1,3.5,938.2,7932.1,5.8,550.9,381.5,1797.3,142.1,584.3,1367.9,1315.8,1234.4,1128.3,1510.0
Florida,2019-02-01,2019,2,3.4,946.4,8001.9,5.8,556.0,384.6,1786.9,144.2,587.5,1381.5,1329.7,1266.2,1140.8,1525.7
Florida,2019-03-01,2019,3,3.4,950.4,8022.7,5.8,559.4,385.2,1785.5,143.2,588.1,1382.0,1328.6,1285.5,1143.5,1525.2
Florida,2019-04-01,2019,4,3.3,950.0,8028.3,5.8,559.4,384.8,1780.4,143.4,590.6,1388.5,1334.1,1282.8,1142.6,1531.9
Florida,2019-05-01,2019,5,3.3,954.3,8010.1,5.8,562.3,386.2,1779.1,144.2,591.4,1386.0,1336.4,1273.7,1134.1,1530.2
Florida,2019-06-01,2019,6,3.2,959.8,7896.3,5.7,566.1,388.0,1777.4,143.7,593.8,1385.9,1321.4,1256.6,1052.4,1529.6000000000001
Florida,2019-07-01,2019,7,3.2,959.6,7874.9,5.6,566.6,387.4,1779.3,142.9,595.8,1390.7,1315.2,1248.0,1039.5,1533.6000000000001
Florida,2019-08-01,2019,8,3.2,963.5,7988.0,5.6,570.0,387.9,1781.3,143.0,598.4,1399.0,1335.4,1248.6,1120.2,1542.0
Florida,2019-09-01,2019,9,3.2,962.5,7976.4,5.6,570.0,386.9,1776.6,141.7,596.3,1390.8,1339.4,1233.5,1137.2,1532.5
Florida,2019-10-01,2019,10,3.1,968.6,8079.8,5.6,573.3,389.7,1802.2,142.9,602.3,1408.1,1357.9,1251.0,1149.9,1551.0
Florida,2019-11-01,2019,11,3.1,973.1,8182.4,5.5,576.7,390.9,1857.7,144.4,606.0,1416.9,1367.1,1267.7,1156.2,1561.3000000000002
Florida,2019-12-01,2019,12,3.0,972.1,8200.2,5.5,574.4,392.2,1878.0,144.1,608.9,1414.0,1365.5,1270.5,1153.0,1558.1
Florida,2020-01-01,2020,1,3.0,963.8,8092.0,5.5,568.1,390.2,1821.9,142.7,603.0,1396.9,1355.0,1261.3,1146.0,1539.6000000000001
Florida,2020-02-01,2020,2,3.0,972.0,8147.7,5.5,574.6,391.9,1809.8,144.0,605.3,1409.1,1369.7,1288.4,1153.9,1553.1
Florida,2020-03-01,2020,3,4.0,968.5,8089.2,5.5,572.8,390.2,1800.8,142.1,603.5,1393.9,1360.7,1270.8,1153.0,1536.0
Florida,2020-04-01,2020,4,13.3,906.3,6938.5,5.4,538.1,362.8,1595.3,129.8,579.7,1271.7,1231.9,733.0,1110.4,1401.5
Florida,2020-05-01,2020,5,14.1,935.5,7117.8,5.5,559.2,370.8,1639.8,129.9,581.3,1295.9,1267.2,798.0,1096.7,1425.8000000000002
Florida,2020-06-01,2020,6,11.6,949.5,7286.8,5.5,567.3,376.7,1698.9,130.7,588.2,1318.9,1281.1,915.5,1026.9,1449.6000000000001
Florida,2020-07-01,2020,7,11.6,942.2,7317.7,5.4,562.4,374.4,1705.1,130.0,591.3,1333.4,1267.3,935.0,1027.9,1463.4
Florida,2020-08-01,2020,8,8.6,944.7,7420.5,5.4,564.4,374.9,1720.4,131.6,594.1,1351.1,1280.6,934.3,1081.2,1482.6999999999998
Florida,2020-09-01,2020,9,8.0,941.9,7474.6,5.4,562.3,374.2,1723.5,131.8,592.9,1344.7,1291.3,944.3,1116.3,1476.5
Florida,2020-10-01,2020,10,6.9,951.6,7639.9,5.5,568.6,377.5,1748.9,133.1,601.5,1390.1,1315.7,993.6,1118.7,1523.1999999999998
Florida,2020-11-01,2020,11,6.5,952.2,7736.7,5.5,567.7,379.0,1797.9,133.7,604.4,1398.8,1323.9,1026.3,1112.6,1532.5
Florida,2020-12-01,2020,12,6.2,957.6,7777.3,5.5,570.2,381.9,1821.7,133.6,606.5,1406.9,1325.0,1039.6,1105.3,1540.5
Florida,2021-01-01,2021,1,5.8,950.9,7704.3,5.4,565.0,380.5,1791.3,133.8,604.0,1399.8,1317.1,1020.1,1101.3,1533.6
Florida,2021-02-01,2021,2,5.5,960.3,7783.0,5.4,571.8,383.1,1790.4,136.9,608.2,1417.9,1329.5,1050.0,1110.3,1554.8000000000002
Florida,2021-03-01,2021,3,5.4,968.4,7823.7,5.5,577.7,385.2,1791.3,136.3,612.0,1423.7,1330.9,1075.8,1111.6,1560.0
Florida,2021-04-01,2021,4,5.2,965.9,7845.1,5.4,575.4,385.1,1782.4,136.0,615.7,1429.0,1337.7,1091.6,1109.9,1565.0
Florida,2021-05-01,2021,5,5.0,966.8,7874.4,5.4,575.9,385.5,1794.6,138.2,617.9,1437.0,1333.7,1110.0,1100.9,1575.2
Florida,2021-06-01,2021,6,5.0,968.9,7815.2,5.5,576.1,387.3,1799.7,139.5,620.7,1435.8,1322.9,1130.7,1022.8,1575.3
Florida,2021-07-01,2021,7,4.7,976.4,7880.6,5.4,579.0,392.0,1817.8,142.0,630.1,1458.9,1323.6,1147.2,1016.2,1600.9
Florida,2021-08-01,2021,8,4.5,974.0,7968.1,5.4,577.3,391.3,1818.4,143.8,632.1,1465.8,1336.1,1147.6,1080.7,1609.6
Florida,2021-09-01,2021,9,4.2,975.3,8008.9,5.4,578.3,391.6,1827.7,143.6,630.5,1472.4,1338.4,1147.8,1105.5,1616.0
Florida,2021-10-01,2021,10,4.0,986.3,8180.8,5.4,584.8,396.1,1875.9,147.1,642.7,1516.4,1365.3,1175.7,1107.5,1663.5
Florida,2021-11-01,2021,11,3.8,990.9,8283.2,5.4,586.7,398.8,1928.4,149.9,646.4,1529.6,1372.1,1193.7,1112.2,1679.5
Florida,2021-12-01,2021,12,3.6,993.2,8307.3,5.4,587.1,400.7,1953.1,150.1,649.5,1528.7,1368.1,1200.8,1104.5,1678.8
Florida,2022-01-01,2022,1,3.5,984.0,8209.0,5.4,580.2,398.4,1892.6,150.0,646.3,1529.9,1358.8,1185.2,1097.8,1679.9
Florida,2022-02-01,2022,2,3.3,999.3,8310.9,5.5,590.6,403.2,1912.7,151.7,651.5,1549.0,1374.9,1214.8,1105.2,1700.7
Florida,2022-03-01,2022,3,3.2,1002.8,8325.0,5.5,592.4,404.9,1902.5,153.3,653.5,1551.7,1371.8,1236.2,1105.4,1705.0
Florida,2022-04-01,2022,4,3.1,1009.3,8401.9,5.5,596.8,407.0,1911.4,154.6,660.9,1573.9,1384.5,1254.0,1106.4,1728.5
Florida,2022-05-01,2022,5,3.0,1013.0,8398.3,5.6,599.2,408.2,1910.3,156.2,662.7,1576.1,1386.0,1251.4,1099.4,1732.3
Florida,2022-06-01,2022,6,2.9,1018.6,8294.3,5.5,603.4,409.7,1905.4,155.5,664.1,1575.3,1373.8,1245.8,1019.6,1730.8
Florida,2022-07-01,2022,7,2.9,1023.7,8337.2,5.6,605.7,412.4,1916.9,156.9,669.8,1593.7,1379.7,1245.6,1018.7,1750.6000000000001
Florida,2022-08-01,2022,8,2.8,1025.1,8443.2,5.6,606.4,413.1,1917.9,158.1,671.8,1600.9,1401.3,1249.5,1087.2,1759.0
Florida,2022-09-01,2022,9,2.8,1027.8,8482.1,5.7,608.5,413.6,1920.5,157.1,671.2,1598.7,1421.4,1244.7,1111.6,1755.8
Florida,2022-10-01,2022,10,2.9,1033.3,8558.0,5.6,612.9,414.8,1935.2,158.7,677.9,1626.1,1435.6,1246.2,1119.8,1784.8
Florida,2022-11-01,2022,11,2.9,1035.5,8632.2,5.6,614.2,415.7,1979.2,160.1,677.3,1624.1,1444.5,1261.4,1125.0,1784.1999999999998
Florida,2022-12-01,2022,12,2.8,1041.1,8653.6,5.7,617.9,417.5,1998.3,159.5,678.9,1622.1,1448.0,1265.4,1120.3,1781.6
Florida,2023-01-01,2023,1,2.8,1033.1,8585.7,5.7,611.6,415.8,1950.1,160.2,673.7,1608.0,1441.9,1270.9,1121.0,1768.2
Florida,2023-02-01,2023,2,2.8,1041.2,8651.7,5.7,618.2,417.3,1948.2,160.5,676.0,1618.2,1457.8,1295.1,1133.5,1778.7
Florida,2023-03-01,2023,3,2.8,1046.6,8673.7,5.7,622.4,418.5,1944.3,159.7,678.3,1618.4,1459.7,1314.7,1134.4,1778.1000000000001
Florida,2023-04-01,2023,4,2.8,1051.4,8711.0,5.8,625.4,420.2,1947.9,159.3,681.8,1626.3,1473.5,1317.0,1138.3,1785.6
Florida,2023-05-01,2023,5,2.8,1055.6,8703.9,5.7,628.5,421.4,1953.4,159.5,683.2,1620.5,1475.1,1316.0,1128.5,1780.0
Florida,2023-06-01,2023,6,2.9,1061.9,8616.5,5.8,631.6,424.5,1954.6,159.5,685.9,1618.6,1467.0,1306.4,1055.9,1778.1
Florida,2023-07-01,2023,7,2.9,1061.2,8585.9,5.8,630.0,425.4,1953.2,159.0,686.3,1616.3,1460.6,1291.3,1051.0,1775.3
Florida,2023-08-01,2023,8,3.0,1063.6,8673.2,5.8,632.9,424.9,1955.5,159.3,686.2,1613.8,1479.8,1291.3,1119.7,1773.1
Florida,2023-09-01,2023,9,3.0,1066.6,8703.3,5.8,635.1,425.7,1959.4,157.8,685.4,1608.8,1495.3,1283.1,1144.8,1766.6
Florida,2023-10-01,2023,10,3.1,1075.2,8800.7,5.8,642.1,427.3,1985.7,158.3,689.1,1626.9,1516.1,1295.2,1157.8,1785.2
Florida,2023-11-01,2023,11,3.1,1075.3,8880.5,5.8,641.5,428.0,2033.4,159.4,688.7,1629.1,1522.3,1312.3,1161.9,1788.5
Florida,2023-12-01,2023,12,3.1,1077.6,8886.5,5.8,642.8,429.0,2044.1,158.9,690.9,1622.3,1523.4,1314.5,1157.0,1781.2
Florida,2024-01-01,2024,1,3.1,1065.8,8792.8,5.7,634.7,425.4,1992.1,157.6,681.4,1605.3,1511.4,1313.9,1156.5,1762.8999999999999
Florida,2024-02-01,2024,2,3.2,1074.7,8850.6,5.7,641.8,427.2,1985.2,158.8,682.8,1615.5,1528.3,1334.9,1167.6,1774.3
Florida,2024-03-01,2024,3,3.2,1079.5,8869.9,5.7,645.1,428.7,1981.5,159.2,684.5,1612.6,1528.9,1354.1,1169.9,1771.8
Florida,2024-04-01,2024,4,3.3,1082.4,8894.8,5.7,647.8,428.9,1981.0,156.8,686.8,1624.7,1536.4,1355.0,1173.0,1781.5
Florida,2024-05-01,2024,5,3.3,1086.7,8871.5,5.7,651.9,429.1,1979.7,155.6,686.6,1621.6,1534.2,1349.2,1162.4,1777.1999999999998
Florida,2024-06-01,2024,6,3.4,1089.6,8747.4,5.7,653.7,430.2,1975.4,156.4,688.4,1614.1,1520.2,1325.7,1086.3,1770.5
Florida,2024-07-01,2024,7,3.4,1090.9,8717.5,5.7,655.5,429.7,1976.1,156.2,690.2,1615.5,1512.2,1307.4,1080.4,1771.7
Florida,2024-08-01,2024,8,3.4,1092.3,8811.3,5.7,657.8,428.8,1974.4,157.3,690.5,1619.8,1535.2,1304.5,1150.4,1777.1
Florida,2024-09-01,2024,9,3.5,1091.4,8837.2,5.7,656.6,429.1,1975.8,155.8,689.2,1614.2,1546.9,1299.3,1176.0,1770.0
Florida,2024-10-01,2024,10,3.5,1077.2,8825.0,5.6,645.1,426.5,1975.6,155.0,689.9,1618.3,1551.5,1274.4,1182.0,1773.3
Florida,2024-11-01,2024,11,3.5,1094.4,8981.2,5.7,659.7,429.0,2035.2,156.4,692.5,1637.2,1581.7,1321.2,1172.5,1793.6000000000001
Florida,2024-12-01,2024,12,3.5,1093.2,8979.4,5.7,658.3,429.2,2045.1,156.9,692.6,1625.2,1578.7,1329.9,1166.1,1782.1000000000001
Florida,2025-01-01,2025,1,3.5,1083.2,8895.5,5.7,649.9,427.6,1997.5,154.8,687.2,1610.7,1574.9,1323.8,1163.2,1765.5
Florida,2025-02-01,2025,2,3.6,1091.8,8950.3,5.7,657.1,429.0,1991.2,155.7,689.1,1619.7,1589.8,1345.1,1173.4,1775.4
Florida,2025-03-01,2025,3,3.6,1094.7,8960.1,5.7,659.4,429.6,1988.3,154.2,689.5,1614.9,1589.3,1362.2,1174.8,1769.1000000000001
Florida,2025-04-01,2025,4,3.7,1093.6,8980.7,5.7,658.8,429.1,1986.7,153.4,691.0,1624.9,1598.8,1366.1,1171.2,1778.3000000000002
Florida,2025-05-01,2025,5,3.7,1094.0,8948.2,5.7,660.1,428.2,1982.1,152.5,691.0,1619.5,1595.6,1357.2,1161.9,1772.0
Florida,2025-06-01,2025,6,3.8,1093.3,8809.3,5.6,659.2,428.5,1974.0,153.2,691.0,1613.7,1573.1,1335.3,1082.2,1766.9
Florida,2025-07-01,2025,7,3.9,1087.7,8768.9,5.6,655.8,426.3,1971.5,152.8,692.2,1612.8,1566.0,1316.2,1072.3,1765.6
Florida,2025-08-01,2025,8,4.0,1087.1,8846.2,5.6,655.7,425.8,1968.7,153.0,691.6,1612.2,1586.9,1312.3,1137.7,1765.2
Florida,2025-09-01,2025,9,4.2,1083.4,8842.6,5.6,653.0,424.8,1963.8,150.2,689.5,1603.1,1593.0,1298.6,1161.9,1753.3
Florida,2025-10-01,2025,10,,1083.6,8890.1,5.7,653.3,424.6,1980.7,148.8,689.3,1614.4,1613.4,1305.7,1160.4,1763.2
Florida,2025-11-01,2025,11,4.3,1083.3,8955.8,5.7,652.0,425.6,2022.7,150.7,687.4,1606.9,1626.0,1321.7,1162.3,1757.6000000000001
Florida,2025-12-01,2025,12,4.3,1082.3,8966.7,5.7,651.1,425.5,2038.0,151.3,689.4,1604.2,1623.3,1324.8,1156.2,1755.5
Florida,2026-01-01,2026,1,4.5,1074.0,8875.9,5.7,643.2,425.1,1989.5,152.4,676.6,1590.0,1616.7,1322.7,1150.8,1742.4
Florida,2026-02-01,2026,2,4.6,1081.3,8917.6,5.8,647.2,428.3,1984.4,150.5,681.6,1603.2,1621.3,1337.1,1162.1,1753.7
Georgia,2016-01-01,2016,1,5.7,562.9,3717.3,9.4,170.3,383.2,893.2,111.4,233.7,651.6,555.1,441.2,676.4,763.0
Georgia,2016-02-01,2016,2,5.6,566.6,3738.4,9.4,172.8,384.4,890.7,113.3,233.8,657.3,560.4,445.2,682.4,770.5999999999999
Georgia,2016-03-01,2016,3,5.5,569.0,3749.2,9.5,174.5,385.0,894.3,111.7,234.0,659.6,561.1,454.1,678.6,771.3000000000001
Georgia,2016-04-01,2016,4,5.5,572.5,3791.5,9.5,176.8,386.2,897.5,114.6,235.1,666.7,564.1,472.1,684.0,781.3000000000001
Georgia,2016-05-01,2016,5,5.4,573.9,3802.8,9.4,178.1,386.4,901.0,114.3,236.4,667.5,564.7,477.7,683.0,781.8
Georgia,2016-06-01,2016,6,5.4,577.5,3795.5,9.5,180.3,387.7,901.5,114.5,237.0,668.2,558.4,480.4,675.6,782.7
Georgia,2016-07-01,2016,7,5.4,580.8,3775.5,9.5,183.0,388.3,903.2,115.9,238.5,675.7,556.9,475.7,650.2,791.6
Georgia,2016-08-01,2016,8,5.4,582.0,3808.4,9.6,183.0,389.4,902.8,113.8,238.3,680.5,564.9,475.7,674.2,794.3
Georgia,2016-09-01,2016,9,5.4,583.0,3819.5,9.6,184.2,389.2,903.6,114.9,237.9,682.5,567.7,471.7,684.1,797.4
Georgia,2016-10-01,2016,10,5.4,583.0,3839.5,9.5,184.3,389.2,911.3,116.1,239.1,686.2,572.5,469.0,687.9,802.3000000000001
Georgia,2016-11-01,2016,11,5.4,585.8,3871.5,9.6,185.3,390.9,933.4,117.0,239.4,687.6,573.7,469.2,694.0,804.6
Georgia,2016-12-01,2016,12,5.3,587.7,3872.8,9.6,185.3,392.8,943.6,115.5,239.6,688.5,573.2,467.1,688.3,804.0
Georgia,2017-01-01,2017,1,5.2,582.7,3790.2,9.5,181.8,391.4,911.2,115.7,236.6,671.8,566.1,454.5,678.5,787.5
Georgia,2017-02-01,2017,2,5.1,586.5,3812.4,9.5,183.7,393.3,909.1,117.4,237.6,676.3,570.5,459.9,685.0,793.6999999999999
Georgia,2017-03-01,2017,3,5.0,588.6,3836.9,9.5,185.0,394.1,912.2,117.4,238.5,681.5,573.0,469.8,687.1,798.9
Georgia,2017-04-01,2017,4,4.9,587.3,3855.1,9.5,184.1,393.7,912.3,118.3,238.6,683.2,572.8,482.4,688.8,801.5
Georgia,2017-05-01,2017,5,4.9,590.0,3866.4,9.5,186.3,394.2,914.4,119.1,240.1,684.5,574.1,487.4,686.6,803.6
Georgia,2017-06-01,2017,6,4.8,594.7,3869.0,9.5,188.6,396.6,916.7,119.1,241.8,689.2,568.7,491.8,680.1,808.3000000000001
Georgia,2017-07-01,2017,7,4.7,594.0,3841.6,9.5,187.5,397.0,917.7,118.5,242.2,691.2,566.8,487.0,657.2,809.7
Georgia,2017-08-01,2017,8,4.6,594.8,3880.9,9.5,187.7,397.6,919.3,121.1,242.2,696.8,574.3,487.6,680.1,817.9
Georgia,2017-09-01,2017,9,4.6,594.0,3869.3,9.4,188.0,396.6,917.1,118.5,242.0,691.8,575.3,478.4,688.3,810.3
Georgia,2017-10-01,2017,10,4.5,596.4,3911.2,9.5,189.0,397.9,927.5,124.7,243.8,701.1,580.3,484.4,692.0,825.8000000000001
Georgia,2017-11-01,2017,11,4.4,597.3,3940.6,9.4,188.9,399.0,951.5,124.3,243.7,705.7,582.0,481.4,695.1,830.0
Georgia,2017-12-01,2017,12,4.4,600.5,3934.8,9.4,190.1,401.0,956.3,121.3,244.7,704.2,581.7,478.4,691.6,825.5
Georgia,2018-01-01,2018,1,4.3,595.1,3855.6,9.6,185.9,399.6,925.2,115.0,241.1,688.4,577.1,467.2,686.3,803.4
Georgia,2018-02-01,2018,2,4.2,602.2,3881.2,9.6,190.2,402.4,924.7,116.1,242.9,694.7,582.6,472.5,691.1,810.8000000000001
Georgia,2018-03-01,2018,3,4.2,605.0,3905.8,9.6,192.5,402.9,928.4,116.4,243.5,700.4,583.5,483.5,692.4,816.8
Georgia,2018-04-01,2018,4,4.1,604.5,3917.8,9.5,193.5,401.5,931.1,114.5,243.9,699.9,584.9,492.9,691.8,814.4
Georgia,2018-05-01,2018,5,4.0,607.9,3933.5,9.6,195.3,403.0,935.1,114.5,244.7,698.8,586.4,498.3,694.8,813.3
Georgia,2018-06-01,2018,6,4.0,612.7,3931.7,9.6,197.7,405.4,935.7,114.6,246.2,703.4,581.5,503.5,683.6,818.0
Georgia,2018-07-01,2018,7,3.9,612.1,3913.5,9.6,198.0,404.5,937.7,114.4,246.7,703.9,582.5,501.4,663.6,818.3
Georgia,2018-08-01,2018,8,3.9,613.9,3954.4,9.5,198.4,406.0,938.6,116.0,247.0,711.2,591.5,499.9,687.8,827.2
Georgia,2018-09-01,2018,9,3.9,615.3,3950.8,9.6,198.9,406.8,938.9,116.4,246.9,708.6,593.5,491.9,692.6,825.0
Georgia,2018-10-01,2018,10,3.9,615.2,3974.6,9.5,199.2,406.5,946.8,118.8,247.9,715.7,597.2,488.9,696.9,834.5
Georgia,2018-11-01,2018,11,3.9,613.7,4009.9,9.3,197.2,407.2,972.9,118.8,250.3,720.2,599.2,486.4,700.9,839.0
Georgia,2018-12-01,2018,12,3.9,616.7,4002.2,9.4,198.7,408.6,977.6,115.2,248.9,716.7,598.6,485.7,698.2,831.9000000000001
Georgia,2019-01-01,2019,1,3.9,612.5,3946.7,9.4,198.1,405.0,951.3,115.9,245.9,706.1,598.6,481.1,686.2,822.0
Georgia,2019-02-01,2019,2,3.8,616.5,3969.9,9.5,200.8,406.2,945.3,119.7,247.3,710.5,604.2,487.9,692.2,830.2
Georgia,2019-03-01,2019,3,3.7,618.3,3985.3,9.5,202.1,406.7,947.8,119.2,247.8,711.5,604.6,496.6,694.1,830.7
Georgia,2019-04-01,2019,4,3.7,617.4,3993.3,9.4,201.7,406.3,946.3,116.7,248.2,713.2,604.8,504.8,693.9,829.9000000000001
Georgia,2019-05-01,2019,5,3.6,620.2,4007.1,9.3,204.3,406.6,950.8,116.4,249.1,716.0,605.6,509.8,693.6,832.4
Georgia,2019-06-01,2019,6,3.6,623.7,4002.4,9.4,206.5,407.8,952.5,118.7,250.1,721.0,599.5,512.5,680.5,839.7
Georgia,2019-07-01,2019,7,3.6,623.8,3979.3,9.6,206.9,407.3,955.3,116.3,250.7,719.4,596.6,509.6,663.4,835.6999999999999
Georgia,2019-08-01,2019,8,3.5,623.1,4024.5,9.6,207.2,406.3,953.4,117.7,251.6,726.9,605.8,508.7,692.9,844.6
Georgia,2019-09-01,2019,9,3.5,621.7,4019.3,9.5,207.1,405.1,955.5,116.2,250.9,724.5,608.7,500.4,696.5,840.7
Georgia,2019-10-01,2019,10,3.4,621.6,4047.9,9.6,207.8,404.2,964.3,116.9,253.8,729.8,615.9,500.9,699.2,846.6999999999999
Georgia,2019-11-01,2019,11,3.4,622.0,4082.7,9.6,207.4,405.0,989.4,123.2,254.1,732.0,617.1,498.5,702.0,855.2
Georgia,2019-12-01,2019,12,3.5,623.0,4085.9,9.6,207.0,406.4,997.6,119.8,254.8,731.6,617.7,499.1,698.4,851.4
Georgia,2020-01-01,2020,1,3.6,616.2,4024.4,9.5,203.8,402.9,965.0,117.2,253.8,722.2,615.5,489.7,694.1,839.4000000000001
Georgia,2020-02-01,2020,2,3.6,620.8,4039.6,9.6,206.5,404.7,957.8,120.4,254.5,726.6,620.2,494.8,697.7,847.0
Georgia,2020-03-01,2020,3,3.7,620.3,4022.9,9.6,206.9,403.8,956.0,121.8,254.1,723.3,617.7,484.5,699.2,845.0999999999999
Georgia,2020-04-01,2020,4,12.5,563.4,3500.0,9.4,195.7,358.3,863.7,103.7,247.1,646.7,547.0,289.9,680.7,750.4000000000001
Georgia,2020-05-01,2020,5,9.8,578.0,3620.1,9.5,198.2,370.3,887.3,102.6,247.2,657.3,565.3,349.8,672.5,759.9
Georgia,2020-06-01,2020,6,8.4,589.6,3715.0,9.5,200.9,379.2,918.8,101.9,248.4,666.9,570.3,397.9,664.8,768.8
Georgia,2020-07-01,2020,7,7.7,588.1,3721.2,9.4,200.0,378.7,919.9,103.3,249.0,673.6,568.0,403.9,654.3,776.9
Georgia,2020-08-01,2020,8,6.8,591.3,3789.9,9.4,201.2,380.7,934.2,105.0,250.2,684.9,576.7,409.3,680.2,789.9
Georgia,2020-09-01,2020,9,6.5,594.2,3799.8,9.4,201.9,382.9,935.1,110.5,249.6,686.1,581.2,409.4,678.1,796.6
Georgia,2020-10-01,2020,10,5.6,595.8,3870.7,9.4,203.6,382.8,954.4,111.9,252.8,710.3,590.0,420.3,679.8,822.1999999999999
Georgia,2020-11-01,2020,11,5.3,595.9,3911.8,9.4,201.9,384.6,979.6,114.7,253.5,717.1,592.8,422.4,679.9,831.8000000000001
Georgia,2020-12-01,2020,12,5.1,598.1,3933.8,9.4,201.1,387.6,992.4,114.5,253.9,723.7,595.9,423.2,676.7,838.2
Georgia,2021-01-01,2021,1,4.9,595.5,3866.6,9.5,199.4,386.6,956.9,115.3,252.4,708.0,591.4,416.3,673.7,823.3
Georgia,2021-02-01,2021,2,4.6,600.7,3892.8,9.5,201.3,389.9,959.8,120.5,253.8,717.5,596.0,422.7,669.9,838.0
Georgia,2021-03-01,2021,3,4.5,604.4,3912.3,9.5,203.3,391.6,962.2,123.8,255.0,716.8,598.2,430.0,672.1,840.5999999999999
Georgia,2021-04-01,2021,4,4.3,603.6,3922.3,9.4,203.6,390.6,954.8,122.7,254.6,721.3,599.7,440.7,672.7,844.0
Georgia,2021-05-01,2021,5,4.1,604.0,3953.2,9.5,204.2,390.3,965.2,127.2,254.8,726.7,600.1,451.9,670.6,853.9000000000001
Georgia,2021-06-01,2021,6,4.0,608.9,3964.4,9.5,206.2,393.2,969.9,126.7,256.2,727.2,597.3,466.0,661.4,853.9000000000001
Georgia,2021-07-01,2021,7,3.8,614.7,3989.3,9.6,208.5,396.6,979.7,125.8,260.0,742.0,600.2,471.4,649.1,867.8
Georgia,2021-08-01,2021,8,3.6,613.5,4011.8,9.5,207.3,396.7,980.6,127.6,261.2,741.7,606.4,464.0,670.8,869.3000000000001
Georgia,2021-09-01,2021,9,3.5,614.8,4010.2,9.5,208.0,397.3,986.5,126.3,260.7,741.2,604.3,457.4,676.0,867.5
Georgia,2021-10-01,2021,10,3.3,622.5,4083.7,9.5,210.0,403.0,1008.2,125.7,265.3,768.2,614.4,463.9,678.5,893.9000000000001
Georgia,2021-11-01,2021,11,3.2,625.3,4121.1,9.5,210.1,405.7,1033.2,128.3,267.0,771.0,616.7,463.7,681.5,899.3
Georgia,2021-12-01,2021,12,3.2,627.2,4126.0,9.5,210.2,407.5,1046.6,125.9,267.8,771.3,615.4,463.4,675.9,897.1999999999999
Georgia,2022-01-01,2022,1,3.1,621.3,4060.9,9.5,205.9,405.9,1018.9,123.7,265.6,759.8,611.3,452.2,671.6,883.5
Georgia,2022-02-01,2022,2,3.1,631.4,4105.3,9.6,209.3,412.5,1027.4,128.8,268.0,768.3,617.4,460.9,675.0,897.0999999999999
Georgia,2022-03-01,2022,3,3.0,633.6,4115.6,9.6,210.5,413.5,1029.3,130.8,268.1,766.1,618.5,468.2,674.9,896.9000000000001
Georgia,2022-04-01,2022,4,3.0,635.9,4150.7,9.7,212.4,413.8,1030.9,125.7,269.8,776.1,625.1,484.1,676.6,901.8000000000001
Georgia,2022-05-01,2022,5,3.0,638.5,4163.4,9.7,213.7,415.1,1032.5,128.3,270.9,774.6,626.1,490.8,677.4,902.9000000000001
Georgia,2022-06-01,2022,6,3.1,642.4,4157.7,9.7,215.6,417.1,1030.5,125.6,272.0,772.7,623.2,500.0,669.7,898.3000000000001
Georgia,2022-07-01,2022,7,3.1,644.5,4166.9,9.8,215.2,419.5,1036.5,123.3,274.9,785.6,626.3,502.2,653.7,908.9
Georgia,2022-08-01,2022,8,3.2,643.7,4190.9,9.8,214.8,419.1,1034.8,125.8,274.9,781.7,633.7,497.7,678.2,907.5
Georgia,2022-09-01,2022,9,3.2,647.3,4196.5,9.8,216.4,421.1,1036.5,125.0,274.3,782.2,638.4,492.4,683.5,907.2
Georgia,2022-10-01,2022,10,3.2,648.3,4230.2,9.7,217.8,420.8,1045.4,128.7,276.8,789.8,642.0,495.0,687.6,918.5
Georgia,2022-11-01,2022,11,3.2,648.2,4263.4,9.7,216.4,422.1,1065.5,130.7,276.9,792.9,644.0,496.2,692.6,923.5999999999999
Georgia,2022-12-01,2022,12,3.2,649.7,4260.5,9.7,216.1,423.9,1074.4,125.3,276.1,790.6,643.0,495.5,691.4,915.9
Georgia,2023-01-01,2023,1,3.2,646.5,4203.2,9.6,214.3,422.6,1044.9,128.8,274.9,773.9,639.7,489.0,688.5,902.7
Georgia,2023-02-01,2023,2,3.2,652.0,4226.3,9.6,217.1,425.3,1043.3,132.0,276.0,777.6,646.2,495.1,692.3,909.6
Georgia,2023-03-01,2023,3,3.2,655.1,4232.0,9.7,219.0,426.4,1041.9,127.2,276.9,775.2,648.2,503.6,693.9,902.4000000000001
Georgia,2023-04-01,2023,4,3.2,654.4,4236.0,9.6,219.1,425.7,1037.9,120.9,276.3,773.7,656.5,511.7,691.8,894.6
Georgia,2023-05-01,2023,5,3.2,657.1,4244.6,9.6,220.7,426.8,1040.3,120.3,277.2,767.7,660.9,517.7,692.4,888.0
Georgia,2023-06-01,2023,6,3.2,662.5,4246.7,9.6,223.3,429.6,1043.2,117.8,279.9,767.9,659.1,522.4,685.1,885.6999999999999
Georgia,2023-07-01,2023,7,3.2,661.4,4221.2,9.6,222.1,429.7,1036.8,114.5,280.7,766.3,659.9,521.5,670.4,880.8
Georgia,2023-08-01,2023,8,3.3,661.5,4254.8,9.6,222.0,429.9,1035.9,114.4,280.2,767.4,670.6,518.4,697.8,881.8
Georgia,2023-09-01,2023,9,3.3,663.5,4260.6,9.6,223.3,430.6,1037.8,111.3,279.3,767.2,676.6,512.3,705.6,878.5
Georgia,2023-10-01,2023,10,3.3,663.5,4281.8,9.6,224.5,429.4,1048.7,111.6,280.9,767.3,683.1,511.5,708.1,878.9
Georgia,2023-11-01,2023,11,3.2,664.2,4315.9,9.6,224.7,429.9,1073.0,113.7,281.0,766.8,687.1,510.7,712.4,880.5
Georgia,2023-12-01,2023,12,3.2,664.3,4315.8,9.7,225.0,429.6,1079.2,114.0,281.2,763.0,687.9,509.5,709.3,877.0
Georgia,2024-01-01,2024,1,3.2,657.7,4243.0,9.6,221.8,426.3,1040.4,114.8,278.4,750.9,685.8,497.0,704.7,865.6999999999999
Georgia,2024-02-01,2024,2,3.2,663.4,4262.5,9.5,225.1,428.8,1035.6,120.4,278.8,752.8,693.5,499.3,709.8,873.1999999999999
Georgia,2024-03-01,2024,3,3.3,667.2,4283.5,9.6,227.4,430.2,1035.0,122.2,279.3,753.6,695.1,510.4,714.6,875.8000000000001
Georgia,2024-04-01,2024,4,3.4,666.2,4298.5,9.5,227.2,429.5,1035.5,118.8,280.2,753.8,698.5,525.2,711.7,872.5999999999999
Georgia,2024-05-01,2024,5,3.4,667.6,4317.4,9.6,228.3,429.7,1039.0,121.1,280.8,754.9,701.3,528.8,716.0,876.0
Georgia,2024-06-01,2024,6,3.5,671.4,4306.1,9.6,230.9,430.9,1040.8,118.4,282.8,751.8,698.1,534.1,703.0,870.1999999999999
Georgia,2024-07-01,2024,7,3.5,671.0,4276.0,9.5,230.8,430.7,1040.5,116.6,282.6,751.0,696.2,526.8,686.1,867.6
Georgia,2024-08-01,2024,8,3.5,671.1,4300.1,9.5,231.6,430.0,1036.2,115.4,282.2,752.0,706.9,520.3,712.8,867.4
Georgia,2024-09-01,2024,9,3.5,669.9,4295.7,9.5,231.5,428.9,1036.5,115.0,281.1,749.6,707.4,514.7,717.7,864.6
Georgia,2024-10-01,2024,10,3.5,670.4,4321.7,9.4,233.4,427.6,1040.3,114.5,284.6,757.5,714.3,514.3,722.3,872.0
Georgia,2024-11-01,2024,11,3.4,670.1,4355.4,9.5,232.7,427.9,1064.6,116.4,285.8,758.3,718.5,514.3,724.4,874.6999999999999
Georgia,2024-12-01,2024,12,3.4,670.5,4352.9,9.5,232.8,428.2,1070.6,116.5,285.4,753.7,717.7,516.3,720.0,870.2
Georgia,2025-01-01,2025,1,3.4,663.0,4270.6,9.6,227.9,425.5,1036.5,112.9,282.2,739.6,714.2,498.2,717.1,852.5
Georgia,2025-02-01,2025,2,3.4,670.0,4293.6,9.6,232.0,428.4,1033.1,116.0,283.0,743.8,721.0,505.7,719.4,859.8
Georgia,2025-03-01,2025,3,3.4,671.6,4294.5,9.6,233.4,428.6,1030.2,116.3,282.4,742.4,720.5,512.5,719.2,858.6999999999999
Georgia,2025-04-01,2025,4,3.3,673.2,4320.4,9.5,234.7,429.0,1029.8,114.2,282.7,749.0,725.5,526.7,719.6,863.2
Georgia,2025-05-01,2025,5,3.3,675.2,4328.3,9.5,236.0,429.7,1031.6,114.3,283.0,748.2,727.5,531.7,718.3,862.5
Georgia,2025-06-01,2025,6,3.3,675.4,4308.6,9.5,236.7,429.2,1030.5,114.7,284.0,745.2,718.6,532.3,708.8,859.9000000000001
Georgia,2025-07-01,2025,7,3.3,671.9,4298.2,9.5,236.7,425.7,1030.8,112.4,285.7,750.8,722.8,530.6,690.8,863.1999999999999
Georgia,2025-08-01,2025,8,3.4,673.8,4318.5,9.4,237.5,426.9,1031.2,111.6,285.2,749.8,732.3,524.9,710.8,861.4
Georgia,2025-09-01,2025,9,3.4,672.2,4301.8,9.4,237.4,425.4,1027.9,109.5,283.2,744.6,732.2,516.6,716.6,854.1
Georgia,2025-10-01,2025,10,,672.5,4316.4,9.4,238.7,424.4,1031.8,108.5,286.6,746.8,742.0,515.7,715.4,855.3
Georgia,2025-11-01,2025,11,3.5,670.8,4341.7,9.4,237.0,424.4,1046.1,110.8,285.1,750.1,742.8,518.4,716.9,860.9
Georgia,2025-12-01,2025,12,3.5,673.5,4346.9,9.4,236.9,427.2,1056.3,112.7,285.8,753.5,742.2,511.3,712.9,866.2
Georgia,2026-01-01,2026,1,3.5,666.5,4281.4,9.4,232.3,424.8,1026.9,109.8,282.2,739.5,737.9,506.1,708.5,849.3
Georgia,2026-02-01,2026,2,3.6,665.7,4289.6,9.4,230.6,425.7,1019.2,112.3,282.8,741.8,742.9,506.0,712.3,854.0999999999999
Hawaii,2016-01-01,2016,1,3.1,52.8,584.3,,,14.4,120.8,8.3,28.9,72.4,83.8,119.7,122.9,80.7
Hawaii,2016-02-01,2016,2,3.1,53.3,591.2,,,14.4,120.2,8.7,29.0,73.1,84.1,120.6,127.9,81.8
Hawaii,2016-03-01,2016,3,3.0,53.6,593.7,,,14.4,120.0,8.5,29.0,73.0,85.3,121.2,129.0,81.5
Hawaii,2016-04-01,2016,4,3.0,53.5,592.3,,,14.4,119.7,8.6,29.1,73.5,85.5,121.4,126.6,82.1
Hawaii,2016-05-01,2016,5,3.0,53.8,594.7,,,14.4,119.8,9.1,29.1,72.6,85.1,121.9,129.1,81.69999999999999
Hawaii,2016-06-01,2016,6,3.0,54.0,591.3,,,14.5,119.7,8.6,29.2,72.5,84.5,122.5,126.2,81.1
Hawaii,2016-07-01,2016,7,2.9,54.6,586.5,,,14.6,120.8,8.8,29.5,72.8,84.8,122.9,118.8,81.6
Hawaii,2016-08-01,2016,8,2.9,54.6,589.7,,,14.7,121.3,9.8,29.6,73.0,84.5,123.8,119.7,82.8
Hawaii,2016-09-01,2016,9,2.8,53.9,595.7,,,14.5,121.5,9.2,29.4,72.9,85.9,123.2,125.4,82.10000000000001
Hawaii,2016-10-01,2016,10,2.8,53.3,597.2,,,14.5,122.0,8.8,29.4,72.7,85.2,123.3,127.7,81.5
Hawaii,2016-11-01,2016,11,2.7,53.3,605.7,,,14.5,124.4,9.8,29.4,73.0,85.5,123.5,131.9,82.8
Hawaii,2016-12-01,2016,12,2.6,53.1,604.6,,,14.7,126.4,8.8,29.6,73.5,86.1,124.9,127.1,82.3
Hawaii,2017-01-01,2017,1,2.6,51.4,595.5,,,14.3,122.8,9.0,29.3,72.1,85.2,124.4,124.7,81.1
Hawaii,2017-02-01,2017,2,2.5,51.7,601.7,,,14.4,121.7,9.2,29.3,72.5,85.7,125.7,129.2,81.7
Hawaii,2017-03-01,2017,3,2.5,52.1,605.1,,,14.5,121.8,9.3,29.5,73.0,86.6,127.0,129.4,82.3
Hawaii,2017-04-01,2017,4,2.4,51.9,603.6,,,14.6,121.6,9.2,29.3,72.6,86.7,126.6,129.0,81.8
Hawaii,2017-05-01,2017,5,2.3,52.1,605.4,,,14.6,121.8,9.9,29.4,72.5,86.6,127.0,129.5,82.4
Hawaii,2017-06-01,2017,6,2.2,52.5,602.8,,,14.7,122.2,9.1,29.6,73.5,85.6,127.9,126.0,82.6
Hawaii,2017-07-01,2017,7,2.2,52.3,594.7,,,14.7,122.6,9.2,29.5,73.2,86.6,127.9,117.1,82.4
Hawaii,2017-08-01,2017,8,2.1,52.5,593.6,,,14.8,123.2,10.1,29.5,73.1,86.1,128.3,114.6,83.19999999999999
Hawaii,2017-09-01,2017,9,2.0,52.3,603.1,,,14.8,123.1,9.3,29.4,72.6,88.2,127.5,124.3,81.89999999999999
Hawaii,2017-10-01,2017,10,2.0,51.7,604.8,,,14.8,123.5,8.3,29.5,72.9,87.9,127.8,126.3,81.2
Hawaii,2017-11-01,2017,11,2.0,52.0,609.4,,,14.9,125.9,8.4,29.6,73.3,87.9,127.9,127.6,81.7
Hawaii,2017-12-01,2017,12,2.0,52.2,615.0,,,15.0,127.5,8.7,29.8,73.6,89.0,128.9,128.6,82.3
Hawaii,2018-01-01,2018,1,2.1,51.0,599.6,,,14.8,124.3,8.5,29.5,72.1,87.1,127.4,122.3,80.6
Hawaii,2018-02-01,2018,2,2.1,51.3,606.6,,,14.8,123.3,9.0,29.5,72.3,88.1,127.9,127.8,81.3
Hawaii,2018-03-01,2018,3,2.2,51.6,609.7,,,14.7,123.4,9.1,29.7,73.1,89.0,128.7,127.8,82.19999999999999
Hawaii,2018-04-01,2018,4,2.2,51.9,606.0,,,14.7,123.6,9.6,29.7,72.8,88.0,126.7,126.9,82.39999999999999
Hawaii,2018-05-01,2018,5,2.3,51.9,607.9,,,14.5,123.7,9.8,29.6,72.7,87.5,127.1,128.8,82.5
Hawaii,2018-06-01,2018,6,2.4,52.3,606.2,,,14.4,124.1,9.9,29.7,73.0,87.6,127.6,125.3,82.9
Hawaii,2018-07-01,2018,7,2.4,52.6,595.6,,,14.4,124.5,8.3,29.7,73.0,86.3,127.5,117.6,81.3
Hawaii,2018-08-01,2018,8,2.5,52.6,599.7,,,14.4,124.5,10.0,29.6,73.4,86.5,127.8,119.3,83.4
Hawaii,2018-09-01,2018,9,2.6,52.5,602.9,,,14.3,123.9,9.4,29.5,73.1,87.7,126.5,124.0,82.5
Hawaii,2018-10-01,2018,10,2.6,52.6,606.4,,,14.3,124.2,8.8,29.8,73.8,87.5,127.2,126.5,82.6
Hawaii,2018-11-01,2018,11,2.7,52.4,614.8,,,14.4,126.9,9.4,29.8,74.3,88.4,125.9,131.4,83.7
Hawaii,2018-12-01,2018,12,2.7,52.4,618.0,,,14.4,127.9,9.2,30.0,74.7,88.7,129.0,129.8,83.9
Hawaii,2019-01-01,2019,1,2.8,50.9,601.1,,,14.2,125.0,8.9,29.5,72.9,86.4,126.3,123.7,81.80000000000001
Hawaii,2019-02-01,2019,2,2.7,51.1,608.4,,,14.2,123.7,10.0,29.7,73.3,87.8,126.2,129.2,83.3
Hawaii,2019-03-01,2019,3,2.7,51.9,608.8,,,14.2,123.4,8.7,29.8,73.5,88.5,127.1,129.1,82.2
Hawaii,2019-04-01,2019,4,2.6,51.7,605.8,,,14.1,124.5,8.1,30.0,72.7,87.9,126.3,127.7,80.8
Hawaii,2019-05-01,2019,5,2.6,51.8,608.8,,,14.1,124.6,9.0,30.1,72.4,87.6,126.5,129.9,81.4
Hawaii,2019-06-01,2019,6,2.5,51.6,604.4,,,14.1,125.1,7.9,30.2,72.5,86.4,127.2,126.3,80.4
Hawaii,2019-07-01,2019,7,2.5,51.9,598.2,,,14.0,125.2,8.2,30.1,73.2,86.9,127.5,118.5,81.4
Hawaii,2019-08-01,2019,8,2.4,52.0,598.7,,,14.1,125.5,9.2,30.0,73.5,87.1,127.8,117.2,82.7
Hawaii,2019-09-01,2019,9,2.4,51.8,606.7,,,14.0,125.1,8.7,29.9,73.0,88.5,126.9,126.1,81.7
Hawaii,2019-10-01,2019,10,2.4,51.6,609.1,,,13.9,125.4,8.7,30.2,73.6,88.5,126.3,128.0,82.3
Hawaii,2019-11-01,2019,11,2.3,52.0,615.1,,,13.9,128.0,9.3,30.2,73.8,89.1,127.0,129.2,83.1
Hawaii,2019-12-01,2019,12,2.2,52.0,617.6,,,14.1,128.9,8.4,30.3,74.3,89.2,128.2,129.8,82.7
Hawaii,2020-01-01,2020,1,2.2,50.6,608.8,,,13.8,126.9,8.6,29.9,73.6,88.5,127.2,126.0,82.19999999999999
Hawaii,2020-02-01,2020,2,2.2,50.8,613.0,,,13.7,125.3,9.9,29.9,73.6,89.0,127.2,129.8,83.5
Hawaii,2020-03-01,2020,3,2.1,50.8,606.9,,,13.8,124.0,8.0,29.8,73.1,88.5,125.2,130.3,81.1
Hawaii,2020-04-01,2020,4,22.5,45.1,465.3,,,10.6,95.6,6.4,26.9,61.4,77.0,59.7,117.2,67.8
Hawaii,2020-05-01,2020,5,20.7,48.3,462.3,,,11.3,94.6,7.4,26.8,62.3,79.9,53.9,115.9,69.7
Hawaii,2020-06-01,2020,6,17.3,49.1,475.7,,,11.6,98.2,6.3,26.6,62.7,81.3,61.2,116.8,69.0
Hawaii,2020-07-01,2020,7,15.6,48.2,473.9,,,11.6,98.0,6.3,26.4,61.6,81.3,60.4,117.3,67.9
Hawaii,2020-08-01,2020,8,13.0,48.6,473.9,,,11.6,98.3,6.5,26.3,61.5,81.1,59.9,117.7,68.0
Hawaii,2020-09-01,2020,9,13.3,47.8,461.1,,,11.2,94.0,6.6,25.9,60.8,81.1,52.1,119.8,67.39999999999999
Hawaii,2020-10-01,2020,10,11.3,48.3,482.5,,,11.5,99.5,7.1,26.3,63.5,82.6,61.4,119.8,70.6
Hawaii,2020-11-01,2020,11,10.5,48.7,499.4,,,11.7,103.7,7.0,26.5,64.9,83.9,70.0,120.5,71.9
Hawaii,2020-12-01,2020,12,10.2,49.5,511.9,,,12.0,106.1,7.3,26.8,66.0,85.0,75.3,122.0,73.3
Hawaii,2021-01-01,2021,1,9.5,48.0,502.5,,,11.6,104.2,7.3,26.5,65.0,83.2,75.3,117.9,72.3
Hawaii,2021-02-01,2021,2,9.1,48.6,509.8,,,11.6,103.8,8.3,26.5,66.2,84.0,77.4,120.2,74.5
Hawaii,2021-03-01,2021,3,8.4,48.9,517.2,,,11.7,104.4,8.7,26.7,66.9,84.6,81.6,120.7,75.60000000000001
Hawaii,2021-04-01,2021,4,7.8,49.2,530.2,,,11.8,106.4,7.6,27.0,68.3,85.2,88.9,122.9,75.89999999999999
Hawaii,2021-05-01,2021,5,6.9,49.3,537.3,,,11.9,108.0,7.6,27.1,68.6,85.2,93.2,123.5,76.19999999999999
Hawaii,2021-06-01,2021,6,6.3,49.5,541.0,,,12.1,109.6,7.6,27.3,69.0,84.4,99.3,119.9,76.6
Hawaii,2021-07-01,2021,7,5.4,49.9,546.4,,,12.4,111.3,7.4,27.5,68.9,84.4,104.0,118.1,76.30000000000001
Hawaii,2021-08-01,2021,8,4.7,49.5,544.7,,,12.5,111.3,7.9,27.5,68.9,84.4,104.9,114.9,76.80000000000001
Hawaii,2021-09-01,2021,9,3.9,49.1,546.1,,,12.3,110.2,8.2,27.4,68.6,85.3,102.2,119.2,76.8
Hawaii,2021-10-01,2021,10,3.3,49.5,552.4,,,12.5,112.5,7.7,27.8,70.5,86.0,102.1,120.7,78.2
Hawaii,2021-11-01,2021,11,3.2,49.6,558.9,,,12.6,115.3,7.9,27.8,70.4,86.6,104.2,121.3,78.30000000000001
Hawaii,2021-12-01,2021,12,3.1,49.4,565.3,,,12.5,116.7,9.0,28.1,71.1,85.6,106.8,122.4,80.1
Hawaii,2022-01-01,2022,1,3.1,47.8,552.1,,,12.2,112.9,8.3,27.5,70.1,84.8,105.3,118.0,78.39999999999999
Hawaii,2022-02-01,2022,2,3.2,48.8,560.7,,,12.3,113.0,8.7,27.5,70.9,86.8,106.6,121.7,79.60000000000001
Hawaii,2022-03-01,2022,3,3.2,49.4,562.6,,,12.4,113.6,8.9,27.6,70.9,86.7,107.6,121.6,79.80000000000001
Hawaii,2022-04-01,2022,4,3.3,49.8,565.8,,,12.5,114.0,7.7,27.8,71.5,86.7,109.9,122.3,79.2
Hawaii,2022-05-01,2022,5,3.3,49.4,566.0,,,12.4,113.9,7.7,27.8,71.0,86.2,110.8,122.8,78.7
Hawaii,2022-06-01,2022,6,3.3,49.5,564.3,,,12.5,114.2,8.5,27.8,71.1,84.8,112.1,119.9,79.6
Hawaii,2022-07-01,2022,7,3.3,50.1,566.8,,,12.6,116.1,8.5,27.9,71.5,85.0,114.3,117.3,80.0
Hawaii,2022-08-01,2022,8,3.3,50.2,565.8,,,12.7,116.1,8.3,27.8,71.3,85.0,114.9,116.2,79.6
Hawaii,2022-09-01,2022,9,3.3,50.4,571.0,,,12.7,115.5,8.5,27.9,71.0,86.3,115.0,120.6,79.5
Hawaii,2022-10-01,2022,10,3.3,50.3,576.3,,,12.8,116.4,9.1,27.9,71.5,87.8,115.7,121.7,80.6
Hawaii,2022-11-01,2022,11,3.2,50.5,581.7,,,12.8,118.2,9.4,27.9,71.9,88.6,116.3,123.0,81.30000000000001
Hawaii,2022-12-01,2022,12,3.1,50.7,586.0,,,12.9,119.0,10.6,28.0,72.3,88.2,117.4,124.1,82.89999999999999
Hawaii,2023-01-01,2023,1,3.1,49.9,573.4,,,12.7,117.4,9.0,27.7,71.5,87.6,116.8,116.9,80.5
Hawaii,2023-02-01,2023,2,3.0,50.5,584.1,,,12.7,117.0,10.6,27.8,71.8,88.3,117.8,124.2,82.39999999999999
Hawaii,2023-03-01,2023,3,2.9,50.4,583.3,,,12.6,117.2,9.0,27.8,71.7,88.0,118.4,124.6,80.7
Hawaii,2023-04-01,2023,4,2.8,50.7,584.2,,,12.7,116.7,8.4,27.9,72.2,88.2,118.6,125.7,80.60000000000001
Hawaii,2023-05-01,2023,5,2.8,50.6,585.1,,,12.7,116.8,8.3,27.8,71.8,88.5,119.1,126.2,80.1
Hawaii,2023-06-01,2023,6,2.8,51.2,582.2,,,12.8,117.4,7.9,27.9,72.2,87.8,120.2,122.2,80.10000000000001
Hawaii,2023-07-01,2023,7,2.8,51.2,580.0,,,12.8,117.5,8.1,28.0,72.0,87.7,121.1,119.2,80.1
Hawaii,2023-08-01,2023,8,2.8,50.9,574.2,,,12.7,117.5,7.5,27.8,72.0,87.8,119.5,115.7,79.5
Hawaii,2023-09-01,2023,9,2.8,51.0,575.4,,,12.6,115.4,7.3,27.5,71.1,89.2,115.4,123.3,78.39999999999999
Hawaii,2023-10-01,2023,10,2.8,51.0,578.8,,,12.8,115.8,7.1,27.6,71.3,89.4,116.1,125.3,78.39999999999999
Hawaii,2023-11-01,2023,11,2.9,51.3,585.4,,,12.8,117.7,7.8,27.6,71.5,90.2,117.5,126.5,79.3
Hawaii,2023-12-01,2023,12,2.9,51.3,591.6,,,12.8,119.2,9.1,27.7,72.2,90.0,119.2,127.5,81.3
Hawaii,2024-01-01,2024,1,2.8,50.6,579.2,,,12.7,116.0,7.8,27.3,71.7,89.0,118.3,122.6,79.5
Hawaii,2024-02-01,2024,2,2.8,51.1,587.8,,,12.7,115.7,9.1,27.2,72.5,90.3,118.7,127.8,81.6
Hawaii,2024-03-01,2024,3,2.8,51.6,588.1,,,12.7,115.8,8.1,27.2,72.6,90.4,119.2,128.2,80.69999999999999
Hawaii,2024-04-01,2024,4,2.8,52.0,585.0,,,12.8,114.9,7.9,27.3,72.8,89.9,119.0,126.3,80.7
Hawaii,2024-05-01,2024,5,2.8,52.0,589.3,,,12.8,115.2,9.0,27.4,72.5,89.7,119.5,129.0,81.5
Hawaii,2024-06-01,2024,6,2.8,52.2,582.6,,,12.7,115.8,7.6,27.5,71.9,88.8,119.3,124.9,79.5
Hawaii,2024-07-01,2024,7,2.8,52.4,580.6,,,12.8,116.2,7.3,27.5,72.4,88.9,119.8,121.6,79.7
Hawaii,2024-08-01,2024,8,2.8,52.7,578.6,,,12.9,116.4,7.5,27.5,72.8,89.5,120.5,117.7,80.3
Hawaii,2024-09-01,2024,9,2.8,52.7,584.8,,,12.9,115.9,8.5,27.4,72.1,90.3,119.0,124.6,80.6
Hawaii,2024-10-01,2024,10,2.7,52.6,587.6,,,13.1,116.7,6.8,27.4,73.4,90.6,118.3,127.4,80.2
Hawaii,2024-11-01,2024,11,2.7,52.9,594.6,,,13.1,118.5,7.4,27.6,73.4,91.7,120.0,128.9,80.80000000000001
Hawaii,2024-12-01,2024,12,2.6,52.9,597.3,,,13.2,119.9,8.5,27.6,73.1,91.3,120.6,129.0,81.6
Hawaii,2025-01-01,2025,1,2.6,52.4,588.0,,,13.0,117.0,7.1,27.0,72.5,91.5,120.0,126.1,79.6
Hawaii,2025-02-01,2025,2,2.6,52.7,591.6,,,13.1,116.1,7.2,26.9,73.0,91.5,120.2,129.6,80.2
Hawaii,2025-03-01,2025,3,2.5,53.0,593.4,,,13.0,116.3,7.0,26.8,72.7,91.4,120.0,132.1,79.7
Hawaii,2025-04-01,2025,4,2.5,53.0,591.1,,,13.0,116.1,6.6,27.0,73.1,91.4,120.7,129.0,79.69999999999999
Hawaii,2025-05-01,2025,5,2.4,53.2,591.6,,,13.0,115.3,6.8,27.0,72.5,91.1,121.1,130.5,79.3
Hawaii,2025-06-01,2025,6,2.3,53.0,585.2,,,13.0,115.5,6.8,27.0,72.1,89.6,120.7,126.3,78.89999999999999
Hawaii,2025-07-01,2025,7,2.2,53.4,584.7,,,13.0,116.5,6.8,27.2,72.4,90.5,121.4,122.6,79.2
Hawaii,2025-08-01,2025,8,2.1,53.7,580.7,,,13.0,116.3,6.7,27.0,72.5,90.5,121.6,118.8,79.2
Hawaii,2025-09-01,2025,9,2.1,53.7,584.5,,,13.0,115.5,7.0,26.9,72.0,91.4,119.6,124.8,79.0
Hawaii,2025-10-01,2025,10,,53.4,589.6,,,13.1,116.2,7.1,27.1,72.8,92.7,121.1,125.4,79.89999999999999
Hawaii,2025-11-01,2025,11,2.2,53.9,593.1,,,13.1,117.4,7.1,27.0,73.2,92.9,120.8,127.8,80.3
Hawaii,2025-12-01,2025,12,2.2,54.0,595.9,,,13.0,119.8,7.3,26.9,73.4,92.9,121.6,127.0,80.7
Hawaii,2026-01-01,2026,1,2.2,53.7,585.8,,,13.0,116.0,7.0,26.4,72.6,92.2,121.0,123.2,79.6
Hawaii,2026-02-01,2026,2,2.3,54.2,590.3,,,13.0,115.8,7.1,26.5,72.9,92.5,121.1,127.4,80.0
Idaho,2016-01-01,2016,1,3.8,104.1,562.6,3.6,36.3,64.2,132.9,8.7,32.5,82.8,97.8,67.2,117.4,91.5
Idaho,2016-02-01,2016,2,3.8,105.0,570.4,3.5,37.0,64.5,133.0,8.7,32.6,83.7,98.9,68.3,121.7,92.4
Idaho,2016-03-01,2016,3,3.8,106.9,575.5,3.3,38.6,65.0,133.7,8.7,32.8,85.3,99.3,69.2,122.8,94.0
Idaho,2016-04-01,2016,4,3.8,109.1,578.7,3.4,40.6,65.1,134.6,8.8,32.9,87.6,98.8,69.8,122.3,96.39999999999999
Idaho,2016-05-01,2016,5,3.7,110.7,583.8,3.8,41.8,65.1,135.0,8.8,33.1,88.1,99.2,71.8,123.6,96.89999999999999
Idaho,2016-06-01,2016,6,3.7,113.0,587.8,4.0,43.3,65.7,135.6,8.8,33.5,89.1,99.0,76.0,121.3,97.89999999999999
Idaho,2016-07-01,2016,7,3.7,115.0,587.8,4.1,44.5,66.4,136.9,8.8,34.1,90.3,99.0,78.0,115.4,99.1
Idaho,2016-08-01,2016,8,3.7,115.2,586.0,4.2,44.7,66.3,137.7,8.9,33.9,90.5,97.2,78.3,114.5,99.4
Idaho,2016-09-01,2016,9,3.7,114.3,592.4,4.1,44.4,65.8,137.7,8.7,33.8,89.8,100.0,75.1,122.8,98.5
Idaho,2016-10-01,2016,10,3.7,112.8,593.0,4.0,43.5,65.3,138.1,8.9,33.9,89.7,100.7,72.5,124.8,98.60000000000001
Idaho,2016-11-01,2016,11,3.6,112.3,593.1,3.8,43.1,65.4,139.9,8.9,34.0,90.0,101.3,70.6,124.1,98.9
Idaho,2016-12-01,2016,12,3.5,110.8,590.7,3.8,41.5,65.5,139.7,9.0,34.3,88.9,100.6,71.3,122.8,97.9
Idaho,2017-01-01,2017,1,3.5,108.2,580.6,3.6,39.0,65.6,135.3,8.7,33.9,87.6,101.2,69.8,120.2,96.3
Idaho,2017-02-01,2017,2,3.4,109.1,586.3,3.5,39.7,65.9,134.7,8.7,34.0,88.3,102.4,70.9,123.2,97.0
Idaho,2017-03-01,2017,3,3.3,111.5,592.1,3.1,41.9,66.5,135.4,8.6,34.2,89.8,103.5,72.1,124.2,98.39999999999999
Idaho,2017-04-01,2017,4,3.2,112.9,594.3,2.7,43.6,66.6,135.9,8.5,34.3,90.7,102.4,73.3,124.7,99.2
Idaho,2017-05-01,2017,5,3.1,115.5,601.3,3.3,45.2,67.0,136.9,8.6,34.5,92.1,102.7,75.3,126.4,100.69999999999999
Idaho,2017-06-01,2017,6,3.1,118.8,606.4,3.7,47.1,68.0,137.9,8.6,34.8,93.3,102.6,79.7,124.1,101.89999999999999
Idaho,2017-07-01,2017,7,3.1,119.7,601.1,3.9,47.7,68.1,138.7,8.6,35.2,93.3,102.0,81.1,116.7,101.89999999999999
Idaho,2017-08-01,2017,8,3.1,120.2,600.1,3.8,48.0,68.4,139.4,8.5,35.2,93.7,100.1,81.6,116.1,102.2
Idaho,2017-09-01,2017,9,3.1,119.5,605.7,3.8,47.3,68.4,138.9,8.5,34.9,92.9,102.8,78.4,124.3,101.4
Idaho,2017-10-01,2017,10,3.1,119.7,605.9,3.8,47.2,68.7,139.5,8.4,35.0,92.2,103.8,75.3,126.9,100.60000000000001
Idaho,2017-11-01,2017,11,3.1,119.1,605.9,3.5,46.6,69.0,141.4,8.5,35.1,92.4,104.0,73.5,126.2,100.9
Idaho,2017-12-01,2017,12,3.1,117.8,605.3,3.4,45.6,68.8,141.9,8.4,35.4,91.7,103.5,74.1,125.6,100.10000000000001
Idaho,2018-01-01,2018,1,3.0,115.0,595.2,3.3,43.4,68.3,138.2,8.4,34.9,89.1,104.7,73.7,121.5,97.5
Idaho,2018-02-01,2018,2,2.9,116.4,603.3,3.3,44.5,68.6,137.8,8.4,35.1,91.0,106.0,74.4,125.8,99.4
Idaho,2018-03-01,2018,3,2.9,117.6,607.0,3.0,45.7,68.9,138.3,8.3,35.3,92.0,106.2,75.5,126.5,100.3
Idaho,2018-04-01,2018,4,2.8,119.0,612.0,2.8,47.3,68.9,139.0,8.3,35.6,93.7,106.1,77.4,126.9,102.0
Idaho,2018-05-01,2018,5,2.8,122.1,618.0,3.5,49.3,69.3,140.5,8.3,36.0,94.3,106.4,79.3,127.8,102.6
Idaho,2018-06-01,2018,6,2.8,125.1,623.8,3.7,51.5,69.9,141.2,8.4,36.3,96.3,106.2,83.8,125.6,104.7
Idaho,2018-07-01,2018,7,2.8,126.3,620.7,3.9,52.1,70.3,142.1,8.4,36.7,96.8,106.3,85.3,118.9,105.2
Idaho,2018-08-01,2018,8,2.8,126.5,619.8,3.9,52.4,70.2,143.3,8.3,36.4,97.0,104.6,85.1,118.7,105.3
Idaho,2018-09-01,2018,9,2.8,125.4,621.2,3.8,51.6,70.0,142.4,8.1,36.1,95.5,105.1,82.3,126.0,103.6
Idaho,2018-10-01,2018,10,2.9,125.4,625.4,3.9,51.3,70.2,142.4,8.1,36.3,95.8,108.7,79.5,128.8,103.89999999999999
Idaho,2018-11-01,2018,11,3.0,125.1,624.5,3.8,50.7,70.6,144.3,8.2,36.3,95.7,108.9,77.3,127.9,103.9
Idaho,2018-12-01,2018,12,3.0,123.4,624.0,3.7,49.3,70.4,144.4,8.2,36.4,94.4,108.9,78.5,127.4,102.60000000000001
Idaho,2019-01-01,2019,1,3.0,121.0,612.7,3.5,48.0,69.5,141.3,8.1,36.0,91.5,109.7,77.7,122.8,99.6
Idaho,2019-02-01,2019,2,3.0,121.2,620.3,3.4,48.1,69.7,140.6,8.1,36.1,92.7,110.8,78.5,127.6,100.8
Idaho,2019-03-01,2019,3,2.9,122.2,623.2,3.2,49.0,70.0,141.0,8.0,36.1,93.7,111.0,79.2,128.2,101.7
Idaho,2019-04-01,2019,4,2.9,123.9,629.0,2.9,51.2,69.8,142.3,8.0,36.3,95.4,111.4,80.9,128.6,103.4
Idaho,2019-05-01,2019,5,2.8,126.9,635.8,3.4,53.6,69.9,143.1,8.1,36.6,96.6,111.8,83.3,129.7,104.69999999999999
Idaho,2019-06-01,2019,6,2.8,129.8,639.5,3.9,55.2,70.7,143.7,8.1,36.9,98.1,111.3,87.3,126.8,106.19999999999999
Idaho,2019-07-01,2019,7,2.9,130.6,636.3,4.1,55.9,70.6,143.9,8.2,37.4,99.3,111.2,89.5,119.5,107.5
Idaho,2019-08-01,2019,8,2.9,130.9,636.1,4.1,56.3,70.5,144.7,8.2,37.2,99.9,109.5,89.7,119.7,108.10000000000001
Idaho,2019-09-01,2019,9,2.9,129.4,638.1,4.0,55.3,70.1,144.2,8.0,37.0,98.6,110.1,85.9,127.6,106.6
Idaho,2019-10-01,2019,10,2.9,128.8,643.3,3.9,54.7,70.2,145.1,8.0,37.3,98.6,114.1,83.2,130.4,106.6
Idaho,2019-11-01,2019,11,2.8,129.0,643.5,3.7,54.4,70.9,147.4,8.1,37.3,98.6,115.0,80.6,129.8,106.69999999999999
Idaho,2019-12-01,2019,12,2.8,127.4,642.6,3.7,53.3,70.4,147.8,8.1,37.5,97.9,114.5,81.3,128.9,106.0
Idaho,2020-01-01,2020,1,2.8,124.6,632.7,3.7,51.3,69.6,144.4,8.0,36.7,96.3,115.1,80.7,125.1,104.3
Idaho,2020-02-01,2020,2,2.8,125.4,638.5,3.6,51.9,69.9,143.7,8.0,36.9,97.1,115.9,81.4,129.0,105.1
Idaho,2020-03-01,2020,3,2.8,126.7,639.8,3.3,53.4,70.0,144.1,7.9,36.9,98.1,115.7,81.0,129.6,106.0
Idaho,2020-04-01,2020,4,11.8,122.4,569.9,3.1,52.8,66.5,132.3,6.8,36.2,94.2,105.3,49.0,123.9,101.0
Idaho,2020-05-01,2020,5,9.1,127.2,595.6,3.5,55.9,67.8,138.4,7.1,36.7,97.1,109.0,62.4,121.2,104.19999999999999
Idaho,2020-06-01,2020,6,7.5,130.7,619.2,3.8,57.9,69.0,143.3,7.3,37.1,99.1,110.9,76.9,119.3,106.39999999999999
Idaho,2020-07-01,2020,7,6.6,131.5,626.5,4.0,58.3,69.2,144.7,7.4,37.9,100.1,111.0,81.0,118.6,107.5
Idaho,2020-08-01,2020,8,5.4,132.0,628.7,4.0,58.5,69.5,146.4,7.5,38.0,100.4,110.2,81.8,118.6,107.9
Idaho,2020-09-01,2020,9,5.0,131.7,632.8,4.0,57.9,69.8,146.7,7.6,37.8,99.7,111.5,80.2,124.0,107.3
Idaho,2020-10-01,2020,10,4.4,133.0,641.0,4.1,58.0,70.9,148.8,7.5,38.1,101.2,115.3,78.3,126.2,108.7
Idaho,2020-11-01,2020,11,4.2,133.3,640.0,4.0,57.6,71.7,151.9,7.5,38.2,100.7,115.6,75.1,125.6,108.2
Idaho,2020-12-01,2020,12,4.2,132.9,641.1,4.0,57.0,71.9,154.3,7.6,38.3,100.3,115.9,75.7,123.7,107.89999999999999
Idaho,2021-01-01,2021,1,4.1,129.5,633.1,3.8,54.6,71.1,151.2,7.6,38.1,98.1,116.2,75.4,121.2,105.69999999999999
Idaho,2021-02-01,2021,2,4.1,130.9,642.0,3.8,55.6,71.5,152.2,7.6,38.3,99.7,117.1,77.0,124.8,107.3
Idaho,2021-03-01,2021,3,4.0,132.7,647.0,3.6,57.3,71.8,153.4,7.7,38.3,100.5,117.5,78.5,125.6,108.2
Idaho,2021-04-01,2021,4,3.9,136.1,652.4,3.7,60.4,72.0,153.3,7.9,38.4,102.3,117.2,81.1,126.1,110.2
Idaho,2021-05-01,2021,5,3.7,137.6,658.5,4.0,61.4,72.2,154.2,8.1,38.7,103.5,117.8,83.3,126.7,111.6
Idaho,2021-06-01,2021,6,3.6,140.1,665.6,4.3,62.9,72.9,155.7,8.3,39.1,104.5,117.3,88.3,125.5,112.8
Idaho,2021-07-01,2021,7,3.5,141.4,668.0,4.4,63.9,73.1,156.7,8.5,40.0,106.6,117.6,91.9,119.4,115.1
Idaho,2021-08-01,2021,8,3.4,140.9,665.1,4.4,63.9,72.6,157.2,8.5,40.1,106.7,115.0,91.8,118.6,115.2
Idaho,2021-09-01,2021,9,3.3,139.3,665.9,4.4,62.4,72.5,156.7,8.3,39.6,105.1,115.9,88.2,125.4,113.39999999999999
Idaho,2021-10-01,2021,10,3.1,140.5,670.6,4.4,62.6,73.5,158.7,8.4,40.4,105.1,118.6,85.2,127.5,113.5
Idaho,2021-11-01,2021,11,3.0,141.1,671.7,4.2,62.4,74.5,161.2,8.6,40.5,105.2,118.9,83.3,127.3,113.8
Idaho,2021-12-01,2021,12,2.9,140.1,671.7,4.2,61.4,74.5,162.3,8.6,40.8,104.2,118.9,84.6,125.6,112.8
Idaho,2022-01-01,2022,1,2.8,137.3,662.4,3.9,60.3,73.1,158.1,8.7,40.4,101.7,119.4,83.6,124.0,110.4
Idaho,2022-02-01,2022,2,2.7,139.4,671.6,4.0,61.7,73.7,159.4,8.8,40.8,103.6,120.4,85.0,126.8,112.39999999999999
Idaho,2022-03-01,2022,3,2.7,140.8,675.1,3.8,63.1,73.9,159.7,8.8,41.0,104.9,121.0,85.9,126.8,113.7
Idaho,2022-04-01,2022,4,2.7,141.8,677.9,3.7,64.3,73.8,159.4,8.9,41.0,106.9,120.3,86.8,127.5,115.80000000000001
Idaho,2022-05-01,2022,5,2.8,143.4,682.0,4.0,65.6,73.8,159.6,9.1,41.1,107.9,120.7,88.3,128.0,117.0
Idaho,2022-06-01,2022,6,2.8,146.8,687.7,4.2,68.1,74.5,160.1,9.1,41.3,109.4,120.7,92.4,126.7,118.5
Idaho,2022-07-01,2022,7,2.9,150.0,687.5,4.4,70.1,75.5,160.5,9.4,41.9,110.3,121.8,94.7,120.5,119.7
Idaho,2022-08-01,2022,8,2.9,149.5,686.0,4.3,70.1,75.1,160.8,9.4,41.7,110.4,119.4,94.7,121.2,119.80000000000001
Idaho,2022-09-01,2022,9,3.0,148.3,688.8,4.3,68.8,75.2,160.2,9.3,41.2,109.0,122.4,91.1,127.7,118.3
Idaho,2022-10-01,2022,10,3.0,148.3,690.6,4.2,68.6,75.5,161.2,9.3,41.6,109.6,123.4,88.3,129.3,118.89999999999999
Idaho,2022-11-01,2022,11,3.0,148.3,692.2,4.1,68.0,76.2,163.5,9.4,41.5,109.5,124.1,86.8,129.6,118.9
Idaho,2022-12-01,2022,12,3.0,145.4,690.1,4.1,65.8,75.5,164.8,9.4,41.6,107.4,124.3,87.8,127.0,116.80000000000001
Idaho,2023-01-01,2023,1,3.0,141.8,680.6,3.9,62.9,75.0,159.4,9.4,40.9,104.8,125.5,86.9,126.6,114.2
Idaho,2023-02-01,2023,2,3.0,142.5,686.7,3.9,63.6,75.0,158.9,9.5,40.8,106.6,125.0,88.1,130.4,116.1
Idaho,2023-03-01,2023,3,3.0,142.9,685.7,3.8,64.4,74.7,159.0,9.5,40.7,107.2,122.5,89.2,130.2,116.7
Idaho,2023-04-01,2023,4,3.0,144.7,698.6,3.7,66.7,74.3,160.5,9.5,41.0,109.7,128.2,91.0,130.9,119.2
Idaho,2023-05-01,2023,5,3.1,147.0,702.4,4.0,68.7,74.3,161.2,9.5,41.2,111.0,126.9,93.6,130.9,120.5
Idaho,2023-06-01,2023,6,3.1,150.2,709.7,4.3,70.8,75.1,162.1,9.6,41.7,112.6,126.0,98.8,130.2,122.19999999999999
Idaho,2023-07-01,2023,7,3.2,149.9,701.8,4.3,70.7,74.9,160.7,9.5,41.9,111.9,128.3,99.6,121.5,121.4
Idaho,2023-08-01,2023,8,3.3,150.0,701.4,4.4,70.8,74.8,161.9,9.5,41.6,112.0,125.1,99.6,123.3,121.5
Idaho,2023-09-01,2023,9,3.3,149.5,703.7,4.4,70.2,74.9,162.2,9.3,41.2,110.4,125.4,96.0,131.2,119.7
Idaho,2023-10-01,2023,10,3.4,151.2,713.1,4.4,71.7,75.1,163.8,9.3,41.7,112.0,131.7,93.0,133.1,121.3
Idaho,2023-11-01,2023,11,3.4,151.7,714.1,4.1,71.9,75.7,166.4,9.4,41.5,111.6,131.5,91.7,133.3,121.0
Idaho,2023-12-01,2023,12,3.4,150.9,714.3,4.1,71.0,75.8,167.5,9.4,41.8,110.7,131.5,92.7,132.0,120.10000000000001
Idaho,2024-01-01,2024,1,3.4,143.8,694.6,3.9,65.8,74.1,160.8,9.2,40.6,105.8,134.9,88.9,126.3,115.0
Idaho,2024-02-01,2024,2,3.5,144.9,699.2,3.9,66.7,74.3,160.9,9.2,40.7,106.8,134.9,89.3,129.1,116.0
Idaho,2024-03-01,2024,3,3.5,146.7,700.6,3.8,68.1,74.8,161.5,9.2,40.7,107.9,132.3,90.6,130.0,117.10000000000001
Idaho,2024-04-01,2024,4,3.5,148.6,711.9,3.8,70.0,74.8,162.4,9.3,40.9,110.4,137.4,92.3,130.5,119.7
Idaho,2024-05-01,2024,5,3.6,150.7,715.2,4.1,71.7,74.9,163.6,9.2,41.2,111.6,136.7,94.8,129.1,120.8
Idaho,2024-06-01,2024,6,3.6,153.7,720.6,4.3,73.8,75.6,164.5,9.3,41.4,112.8,135.2,99.2,128.8,122.1
Idaho,2024-07-01,2024,7,3.6,154.8,720.1,4.5,74.4,75.9,165.3,9.2,42.0,113.3,138.1,100.7,121.6,122.5
Idaho,2024-08-01,2024,8,3.6,155.3,718.5,4.6,74.8,75.9,164.9,9.2,41.9,112.7,135.3,100.8,124.0,121.9
Idaho,2024-09-01,2024,9,3.6,154.1,717.3,4.5,73.7,75.9,164.7,9.1,41.6,111.7,134.5,96.7,129.6,120.8
Idaho,2024-10-01,2024,10,3.6,155.0,723.7,4.5,74.0,76.5,165.3,9.0,41.8,112.1,142.0,92.9,131.2,121.1
Idaho,2024-11-01,2024,11,3.6,154.7,720.8,4.4,73.4,76.9,167.7,9.1,41.7,111.1,140.5,90.4,131.1,120.19999999999999
Idaho,2024-12-01,2024,12,3.7,152.2,718.3,4.3,71.7,76.2,167.8,9.1,41.8,109.4,140.3,91.7,129.1,118.5
Idaho,2025-01-01,2025,1,3.7,148.3,709.6,4.1,70.0,74.2,163.1,8.9,41.2,105.6,142.4,89.8,129.7,114.5
Idaho,2025-02-01,2025,2,3.7,148.3,711.1,4.1,69.6,74.6,162.5,8.9,41.3,106.7,141.3,90.1,131.4,115.60000000000001
Idaho,2025-03-01,2025,3,3.6,149.5,710.4,4.0,70.9,74.6,162.4,8.9,41.2,107.9,138.3,91.1,131.6,116.80000000000001
Idaho,2025-04-01,2025,4,3.6,153.0,725.1,4.0,73.8,75.2,163.8,8.9,41.5,111.5,145.5,93.0,131.7,120.4
Idaho,2025-05-01,2025,5,3.6,155.2,728.0,4.4,75.7,75.1,164.5,8.9,41.8,112.9,143.5,95.5,131.3,121.80000000000001
Idaho,2025-06-01,2025,6,3.6,156.9,731.9,4.6,77.0,75.3,165.0,9.0,42.1,113.8,142.3,99.7,130.3,122.8
Idaho,2025-07-01,2025,7,3.6,157.9,734.0,4.7,77.9,75.3,165.8,9.1,42.6,114.9,144.8,101.6,125.0,124.0
Idaho,2025-08-01,2025,8,3.6,157.5,730.7,4.7,77.7,75.1,166.1,9.1,42.4,114.8,140.8,101.6,125.9,123.89999999999999
Idaho,2025-09-01,2025,9,3.6,156.4,726.0,4.6,76.7,75.1,165.2,8.9,41.9,113.3,139.8,96.8,130.6,122.2
Idaho,2025-10-01,2025,10,,157.5,725.7,4.7,76.7,76.1,165.1,8.8,42.9,113.4,142.5,90.8,132.0,122.2
Idaho,2025-11-01,2025,11,3.6,158.3,723.8,4.6,77.4,76.3,166.4,8.9,43.0,112.3,142.7,88.6,131.7,121.2
Idaho,2025-12-01,2025,12,3.6,155.8,723.0,4.5,75.7,75.6,167.0,8.9,42.5,112.6,143.8,88.3,129.7,121.5
Idaho,2026-01-01,2026,1,3.7,151.0,711.7,4.4,71.3,75.3,162.6,8.6,41.8,109.2,143.1,87.9,128.6,117.8
Idaho,2026-02-01,2026,2,3.7,152.6,713.4,4.3,73.5,74.8,162.7,8.7,41.9,107.9,143.8,88.0,131.0,116.60000000000001
Illinois,2016-01-01,2016,1,6.2,776.6,5095.6,8.2,192.6,575.8,1184.3,98.6,380.9,909.4,904.2,561.6,807.7,1008.0
Illinois,2016-02-01,2016,2,6.2,777.1,5119.5,8.0,192.5,576.6,1177.5,98.2,381.3,911.7,911.6,561.9,827.9,1009.9000000000001
Illinois,2016-03-01,2016,3,6.2,786.7,5142.6,7.9,202.4,576.4,1181.0,98.5,381.5,913.0,913.3,571.5,833.4,1011.5
Illinois,2016-04-01,2016,4,6.1,800.4,5204.4,8.0,216.1,576.3,1193.6,99.2,384.2,928.0,919.2,594.7,834.2,1027.2
Illinois,2016-05-01,2016,5,6.0,808.0,5231.2,8.1,222.8,577.1,1198.0,98.7,385.1,928.3,921.0,611.4,836.5,1027.0
Illinois,2016-06-01,2016,6,5.9,818.6,5239.8,8.2,231.1,579.3,1200.8,98.1,388.5,937.5,911.9,622.7,826.5,1035.6
Illinois,2016-07-01,2016,7,5.8,819.1,5198.6,8.0,233.1,578.0,1199.7,98.0,391.4,944.4,905.9,622.1,783.4,1042.4
Illinois,2016-08-01,2016,8,5.8,818.4,5204.0,8.2,233.6,576.6,1201.9,99.9,391.6,948.1,906.9,623.4,778.7,1048.0
Illinois,2016-09-01,2016,9,5.7,814.1,5242.0,8.1,232.0,574.0,1197.1,98.4,387.9,948.4,915.7,610.5,833.4,1046.8
Illinois,2016-10-01,2016,10,5.7,812.7,5269.6,8.1,232.1,572.5,1212.9,101.9,389.9,954.6,923.4,604.4,831.1,1056.5
Illinois,2016-11-01,2016,11,5.6,809.0,5285.5,8.2,227.0,573.8,1232.1,102.6,389.3,954.3,925.9,598.0,832.4,1056.8999999999999
Illinois,2016-12-01,2016,12,5.4,793.8,5283.5,7.8,212.0,574.0,1245.2,101.9,390.4,943.3,924.2,587.9,839.1,1045.2
Illinois,2017-01-01,2017,1,5.3,768.0,5131.9,7.6,191.8,568.6,1196.0,100.5,388.0,910.0,914.3,572.9,801.5,1010.5
Illinois,2017-02-01,2017,2,5.1,769.5,5159.9,7.6,195.0,566.9,1184.9,100.8,388.3,913.0,923.5,576.0,824.6,1013.8
Illinois,2017-03-01,2017,3,5.0,780.0,5194.6,7.8,202.8,569.4,1187.4,101.1,389.1,921.0,927.8,588.5,828.9,1022.1
Illinois,2017-04-01,2017,4,5.0,794.2,5233.6,8.0,215.0,571.2,1191.4,99.3,390.9,934.6,927.2,607.1,830.3,1033.9
Illinois,2017-05-01,2017,5,4.9,807.9,5275.9,7.9,225.6,574.4,1196.6,99.6,392.2,943.0,929.0,627.1,834.5,1042.6
Illinois,2017-06-01,2017,6,4.9,822.3,5294.0,8.0,232.8,581.5,1203.4,99.3,397.8,956.2,918.6,640.1,821.7,1055.5
Illinois,2017-07-01,2017,7,5.0,823.7,5235.4,8.0,234.5,581.2,1199.4,98.0,400.9,955.7,910.0,636.4,779.1,1053.7
Illinois,2017-08-01,2017,8,5.0,824.8,5252.6,7.9,235.3,581.6,1202.8,98.8,400.9,960.4,912.2,640.7,781.4,1059.2
Illinois,2017-09-01,2017,9,4.9,821.8,5278.1,7.8,233.9,580.1,1200.8,96.5,397.0,956.1,922.8,622.2,830.4,1052.6
Illinois,2017-10-01,2017,10,4.9,821.8,5299.3,7.8,233.9,580.1,1208.6,95.8,398.0,964.0,931.1,616.3,832.1,1059.8
Illinois,2017-11-01,2017,11,4.8,818.7,5321.0,7.8,228.7,582.2,1235.1,95.9,397.8,967.6,934.6,604.4,833.0,1063.5
Illinois,2017-12-01,2017,12,4.7,809.9,5322.1,7.7,217.7,584.5,1245.6,95.8,400.1,959.8,934.1,598.6,834.1,1055.6
Illinois,2018-01-01,2018,1,4.5,784.5,5166.8,7.4,197.5,579.6,1200.8,95.6,394.9,921.2,922.4,581.8,799.7,1016.8000000000001
Illinois,2018-02-01,2018,2,4.4,788.4,5197.6,7.3,198.4,582.7,1188.2,95.3,395.5,930.6,933.0,581.9,821.8,1025.9
Illinois,2018-03-01,2018,3,4.4,802.9,5238.4,7.5,210.9,584.5,1193.9,95.7,397.2,933.6,938.1,596.8,829.9,1029.3
Illinois,2018-04-01,2018,4,4.3,812.2,5254.3,7.7,219.7,584.8,1193.7,95.3,399.7,935.8,936.8,611.7,828.5,1031.1
Illinois,2018-05-01,2018,5,4.3,827.2,5299.9,7.9,232.1,587.2,1201.9,95.0,400.7,942.3,936.8,633.2,835.5,1037.3
Illinois,2018-06-01,2018,6,4.3,840.7,5320.9,8.0,241.1,591.6,1208.2,95.3,406.1,955.9,928.6,647.4,821.8,1051.2
Illinois,2018-07-01,2018,7,4.3,840.7,5275.3,8.1,241.3,591.3,1206.6,96.3,408.4,962.8,919.0,645.1,779.9,1059.1
Illinois,2018-08-01,2018,8,4.3,840.6,5287.2,8.1,241.4,591.1,1204.4,97.0,408.7,968.5,920.9,648.2,783.2,1065.5
Illinois,2018-09-01,2018,9,4.4,837.3,5306.0,8.1,240.3,588.9,1197.1,94.8,404.5,965.9,931.6,627.3,831.6,1060.7
Illinois,2018-10-01,2018,10,4.4,836.8,5321.8,8.2,239.1,589.5,1204.1,95.8,406.9,966.4,937.9,622.3,833.2,1062.2
Illinois,2018-11-01,2018,11,4.5,832.1,5348.1,8.1,232.1,591.9,1229.5,96.3,407.1,970.8,941.4,610.3,837.8,1067.1
Illinois,2018-12-01,2018,12,4.6,823.6,5336.4,8.1,222.1,593.4,1236.6,95.9,407.3,957.9,940.3,607.8,834.9,1053.8
Illinois,2019-01-01,2019,1,4.6,797.3,5194.0,7.8,201.9,587.6,1197.3,96.1,403.5,922.4,928.8,589.0,804.6,1018.5
Illinois,2019-02-01,2019,2,4.5,796.4,5209.4,7.8,199.1,589.5,1180.3,96.3,405.5,928.1,934.9,588.4,823.8,1024.4
Illinois,2019-03-01,2019,3,4.4,807.8,5240.5,8.0,210.2,589.6,1183.4,96.4,406.5,927.3,940.4,600.7,831.7,1023.6999999999999
Illinois,2019-04-01,2019,4,4.2,821.5,5285.5,8.5,224.4,588.6,1186.9,95.7,410.2,941.7,943.5,619.1,833.1,1037.4
Illinois,2019-05-01,2019,5,4.0,832.3,5330.0,8.7,234.5,589.1,1193.9,95.6,410.4,951.3,944.1,638.2,839.6,1046.8999999999999
Illinois,2019-06-01,2019,6,3.9,841.8,5351.0,8.4,241.4,592.0,1202.1,95.8,415.7,965.0,934.5,653.4,825.5,1060.8
Illinois,2019-07-01,2019,7,3.8,842.8,5299.9,8.5,244.2,590.1,1198.7,95.4,417.3,964.8,928.8,651.9,784.8,1060.2
Illinois,2019-08-01,2019,8,3.7,840.3,5307.0,8.4,244.7,587.2,1198.2,96.6,417.4,970.6,931.5,650.2,785.8,1067.2
Illinois,2019-09-01,2019,9,3.7,834.9,5319.6,8.5,242.8,583.6,1192.0,95.1,412.2,961.4,940.8,630.3,833.7,1056.5
Illinois,2019-10-01,2019,10,3.7,832.2,5344.2,8.3,241.4,582.5,1200.7,95.3,413.4,967.3,948.5,625.7,837.7,1062.6
Illinois,2019-11-01,2019,11,3.6,822.0,5367.6,8.1,231.3,582.6,1226.5,95.9,413.2,966.6,952.9,617.3,839.4,1062.5
Illinois,2019-12-01,2019,12,3.6,814.4,5362.8,8.0,224.1,582.3,1237.2,94.9,413.8,956.7,951.9,616.3,835.3,1051.6000000000001
Illinois,2020-01-01,2020,1,3.7,790.4,5242.2,7.3,204.3,578.8,1194.7,94.4,410.6,924.1,943.7,597.6,822.4,1018.5
Illinois,2020-02-01,2020,2,3.8,789.5,5255.2,7.2,202.3,580.0,1180.8,94.9,411.1,928.9,952.7,598.6,832.8,1023.8
Illinois,2020-03-01,2020,3,5.1,792.6,5227.6,7.4,207.3,577.9,1180.1,94.4,411.5,918.9,949.8,582.4,837.7,1013.3
Illinois,2020-04-01,2020,4,18.3,735.1,4575.2,6.8,196.4,531.9,1055.9,87.6,402.4,848.9,856.7,328.7,788.7,936.5
Illinois,2020-05-01,2020,5,14.7,758.8,4603.9,6.8,214.5,537.5,1069.5,86.9,401.8,854.7,858.1,351.3,770.2,941.6
Illinois,2020-06-01,2020,6,12.6,785.0,4717.9,6.8,225.4,552.8,1119.4,87.2,404.8,871.0,868.3,398.1,740.4,958.2
Illinois,2020-07-01,2020,7,11.4,785.7,4798.8,6.4,228.6,550.7,1145.3,85.6,407.3,880.1,867.1,459.6,720.2,965.7
Illinois,2020-08-01,2020,8,9.7,789.1,4866.9,6.6,229.7,552.8,1152.0,85.9,408.6,889.4,872.8,474.2,749.0,975.3
Illinois,2020-09-01,2020,9,9.1,786.5,4902.0,6.7,227.0,552.8,1151.6,86.6,406.2,887.3,884.5,466.7,785.6,973.9
Illinois,2020-10-01,2020,10,8.2,787.7,4966.4,6.7,228.9,552.1,1171.8,87.1,408.4,910.3,899.2,467.8,785.7,997.4
Illinois,2020-11-01,2020,11,7.8,781.2,4942.8,6.6,222.7,551.9,1189.4,87.2,407.6,913.7,902.7,425.8,782.5,1000.9000000000001
Illinois,2020-12-01,2020,12,7.6,777.4,4925.1,6.4,215.0,556.0,1201.0,87.3,407.6,914.4,904.1,399.1,779.9,1001.6999999999999
Illinois,2021-01-01,2021,1,7.2,753.0,4826.5,6.2,195.4,551.4,1168.3,87.5,402.8,893.4,894.6,391.3,758.8,980.9
Illinois,2021-02-01,2021,2,7.0,748.2,4878.5,6.0,189.4,552.8,1150.7,88.7,403.6,902.8,904.7,424.9,771.7,991.5
Illinois,2021-03-01,2021,3,6.8,766.3,4923.5,6.3,204.6,555.4,1153.0,89.4,404.7,904.2,910.7,448.8,778.9,993.6
Illinois,2021-04-01,2021,4,6.7,776.9,4973.8,6.6,221.1,549.2,1152.9,88.1,404.8,912.5,914.5,478.9,785.9,1000.6
Illinois,2021-05-01,2021,5,6.6,782.4,5007.6,6.7,227.8,547.9,1159.6,89.2,403.9,916.5,911.6,503.6,785.4,1005.7
Illinois,2021-06-01,2021,6,6.4,797.7,5040.3,6.8,234.6,556.3,1171.3,90.2,406.7,923.7,906.3,531.4,769.9,1013.9000000000001
Illinois,2021-07-01,2021,7,6.2,796.2,5041.2,6.7,237.0,552.5,1174.1,90.2,407.7,930.1,900.8,551.0,745.0,1020.3000000000001
Illinois,2021-08-01,2021,8,5.9,800.6,5040.7,6.7,236.1,557.8,1173.2,91.3,406.6,932.8,895.9,553.3,746.4,1024.1
Illinois,2021-09-01,2021,9,5.5,798.0,5065.7,6.7,236.7,554.6,1166.4,90.2,402.1,930.2,903.4,539.9,794.8,1020.4000000000001
Illinois,2021-10-01,2021,10,5.2,800.4,5143.5,6.8,235.6,558.0,1192.5,92.7,405.5,956.7,916.5,541.8,796.6,1049.4
Illinois,2021-11-01,2021,11,4.9,799.0,5179.4,6.8,230.9,561.3,1217.3,93.7,405.1,965.9,923.7,537.2,794.6,1059.6
Illinois,2021-12-01,2021,12,4.8,793.8,5199.3,6.7,222.1,565.0,1239.0,93.6,404.4,963.3,921.5,538.7,796.0,1056.8999999999999
Illinois,2022-01-01,2022,1,4.7,765.1,5072.7,6.5,200.5,558.1,1198.0,92.6,398.1,937.4,908.5,514.8,783.9,1030.0
Illinois,2022-02-01,2022,2,4.7,771.5,5110.0,6.5,201.3,563.7,1198.9,93.7,397.9,949.4,920.9,519.4,788.8,1043.1
Illinois,2022-03-01,2022,3,4.6,784.8,5144.8,6.6,211.6,566.6,1200.3,93.9,398.7,955.7,925.7,534.8,792.9,1049.6000000000001
Illinois,2022-04-01,2022,4,4.6,800.0,5193.3,6.9,225.3,567.8,1204.5,95.5,400.2,968.0,929.2,555.2,795.4,1063.5
Illinois,2022-05-01,2022,5,4.6,810.4,5226.9,7.1,236.0,567.3,1207.9,97.4,400.5,972.2,930.0,575.4,797.2,1069.6000000000001
Illinois,2022-06-01,2022,6,4.5,821.2,5258.2,6.9,243.5,570.8,1214.8,97.6,403.2,983.5,923.7,594.0,792.3,1081.1
Illinois,2022-07-01,2022,7,4.5,829.9,5252.7,6.9,246.1,576.9,1221.4,99.0,407.4,988.2,922.3,598.2,765.3,1087.2
Illinois,2022-08-01,2022,8,4.5,828.8,5253.9,7.2,247.0,574.6,1222.7,100.5,406.9,989.2,925.1,599.8,760.2,1089.7
Illinois,2022-09-01,2022,9,4.5,825.6,5273.4,7.2,245.9,572.5,1216.4,98.5,402.6,985.1,939.9,581.4,802.6,1083.6
Illinois,2022-10-01,2022,10,4.6,826.9,5288.1,7.2,245.1,574.6,1227.3,98.5,404.6,986.1,943.2,576.0,804.5,1084.6
Illinois,2022-11-01,2022,11,4.5,821.0,5314.1,7.2,238.5,575.3,1246.4,98.7,404.0,982.6,953.6,572.3,808.6,1081.3
Illinois,2022-12-01,2022,12,4.5,812.3,5297.0,7.1,227.5,577.7,1255.5,97.9,402.7,969.2,952.9,566.5,804.2,1067.1000000000001
Illinois,2023-01-01,2023,1,4.4,794.1,5200.8,6.9,209.4,577.8,1225.9,96.6,398.1,939.4,949.1,555.2,789.9,1036.0
Illinois,2023-02-01,2023,2,4.3,793.7,5219.2,6.9,209.0,577.8,1213.2,96.6,397.8,940.9,960.7,557.3,806.2,1037.5
Illinois,2023-03-01,2023,3,4.2,803.5,5252.7,7.0,218.1,578.4,1215.6,96.3,398.2,943.4,967.4,570.8,812.8,1039.7
Illinois,2023-04-01,2023,4,4.2,817.9,5272.9,7.3,234.1,576.5,1215.4,95.6,399.1,953.5,967.0,584.5,808.5,1049.1
Illinois,2023-05-01,2023,5,4.2,824.0,5312.7,7.3,240.8,575.9,1221.9,95.1,398.7,957.1,968.6,604.3,817.1,1052.2
Illinois,2023-06-01,2023,6,4.3,839.6,5369.6,7.5,249.6,582.5,1230.8,95.1,405.1,968.6,969.0,626.5,819.3,1063.7
Illinois,2023-07-01,2023,7,4.4,836.4,5310.8,7.4,249.2,579.8,1224.9,93.2,406.0,965.3,959.3,623.1,785.2,1058.5
Illinois,2023-08-01,2023,8,4.6,836.1,5303.0,7.3,249.1,579.7,1223.9,92.9,405.7,962.6,960.8,624.8,781.6,1055.5
Illinois,2023-09-01,2023,9,4.7,835.4,5325.6,7.3,249.0,579.1,1221.6,91.7,400.5,958.3,973.7,606.6,824.0,1050.0
Illinois,2023-10-01,2023,10,4.8,829.7,5328.8,7.4,248.3,574.0,1232.4,92.9,400.5,954.4,974.6,596.6,829.4,1047.3
Illinois,2023-11-01,2023,11,4.8,829.1,5347.9,7.3,242.7,579.1,1251.5,93.0,398.0,949.3,983.3,590.1,834.4,1042.3
Illinois,2023-12-01,2023,12,4.8,819.9,5336.7,7.3,231.1,581.5,1258.5,92.6,397.7,936.6,983.3,587.4,831.9,1029.2
Illinois,2024-01-01,2024,1,4.9,792.4,5209.3,6.9,210.0,575.5,1219.2,91.3,391.4,909.1,970.8,564.1,818.9,1000.4
Illinois,2024-02-01,2024,2,4.9,795.7,5231.9,6.9,212.2,576.6,1206.8,91.6,390.9,908.4,986.1,567.0,836.2,1000.0
Illinois,2024-03-01,2024,3,5.0,808.4,5270.2,7.1,221.1,580.2,1209.7,91.7,391.2,914.7,992.8,580.2,843.6,1006.4000000000001
Illinois,2024-04-01,2024,4,5.1,818.3,5301.3,7.2,232.7,578.4,1213.1,91.2,391.6,923.6,995.2,594.5,845.0,1014.8000000000001
Illinois,2024-05-01,2024,5,5.1,828.4,5349.2,7.2,241.8,579.4,1219.7,90.6,392.0,929.2,997.5,616.7,854.9,1019.8000000000001
Illinois,2024-06-01,2024,6,5.1,839.9,5363.7,7.3,249.1,583.5,1223.4,91.1,396.7,936.4,992.9,632.7,838.1,1027.5
Illinois,2024-07-01,2024,7,5.1,841.3,5335.6,7.2,251.8,582.3,1222.5,90.8,398.9,933.3,987.9,629.1,821.5,1024.1
Illinois,2024-08-01,2024,8,5.1,838.2,5336.8,7.3,250.9,580.0,1222.6,91.4,397.9,934.5,986.9,629.3,825.8,1025.9
Illinois,2024-09-01,2024,9,5.0,835.3,5349.1,7.2,249.8,578.3,1223.0,90.1,393.7,930.9,1003.2,613.3,848.1,1021.0
Illinois,2024-10-01,2024,10,4.9,831.8,5362.6,7.1,248.3,576.4,1232.5,89.8,395.0,927.2,1010.6,604.3,857.3,1017.0
Illinois,2024-11-01,2024,11,4.8,826.8,5380.4,7.0,243.0,576.8,1250.7,89.3,393.9,924.1,1020.5,595.7,860.2,1013.4
Illinois,2024-12-01,2024,12,4.8,816.3,5376.2,6.8,232.4,577.1,1260.2,89.9,393.4,912.8,1020.0,594.5,859.6,1002.6999999999999
Illinois,2025-01-01,2025,1,4.7,785.2,5254.7,6.6,211.1,567.5,1221.4,90.5,389.5,885.4,1007.7,572.8,843.1,975.9
Illinois,2025-02-01,2025,2,4.7,789.0,5271.5,6.6,212.9,569.5,1211.4,90.5,389.2,892.7,1016.6,572.2,854.9,983.2
Illinois,2025-03-01,2025,3,4.6,803.8,5286.7,6.8,224.6,572.4,1211.8,91.0,388.9,887.1,1022.5,581.7,859.2,978.1
Illinois,2025-04-01,2025,4,4.5,815.1,5330.3,6.9,237.0,571.2,1210.1,89.7,390.5,904.4,1028.4,598.5,862.6,994.1
Illinois,2025-05-01,2025,5,4.4,821.4,5379.7,7.0,246.0,568.4,1217.1,90.3,391.7,914.9,1028.3,621.5,868.0,1005.1999999999999
Illinois,2025-06-01,2025,6,4.3,832.6,5381.5,7.0,252.3,573.3,1218.0,90.4,395.9,919.6,1019.1,634.0,853.4,1010.0
Illinois,2025-07-01,2025,7,4.3,835.2,5352.1,7.0,255.8,572.4,1217.8,90.3,398.4,921.6,1019.2,633.0,820.5,1011.9
Illinois,2025-08-01,2025,8,4.3,831.7,5348.6,7.0,254.8,569.9,1215.4,91.0,397.6,923.1,1015.2,633.6,824.7,1014.1
Illinois,2025-09-01,2025,9,4.5,825.7,5353.2,7.0,252.4,566.3,1212.4,88.6,392.8,918.3,1025.8,612.4,857.2,1006.9
Illinois,2025-10-01,2025,10,,824.2,5379.1,7.1,253.2,563.9,1220.9,89.6,392.7,913.6,1043.4,607.3,862.9,1003.2
Illinois,2025-11-01,2025,11,4.7,818.8,5370.8,7.0,248.1,563.7,1237.6,89.9,390.9,900.4,1045.0,593.9,865.8,990.3
Illinois,2025-12-01,2025,12,4.7,800.0,5379.8,6.9,229.9,563.2,1244.1,91.4,392.6,903.8,1044.0,591.4,864.1,995.1999999999999
Illinois,2026-01-01,2026,1,4.9,795.8,5236.0,6.9,224.8,564.1,1209.7,89.2,387.8,870.1,1025.7,568.6,838.8,959.3000000000001
Illinois,2026-02-01,2026,2,5.0,792.3,5255.7,6.8,219.8,565.7,1195.9,86.4,386.0,871.8,1035.1,570.8,861.8,958.1999999999999
Indiana,2016-01-01,2016,1,4.6,641.9,2363.5,6.2,117.2,518.5,584.6,32.9,131.6,322.4,449.4,288.1,430.5,355.29999999999995
Indiana,2016-02-01,2016,2,4.7,642.9,2382.1,6.3,116.6,520.0,583.4,33.0,131.8,322.2,456.0,291.7,439.4,355.2
Indiana,2016-03-01,2016,3,4.6,648.2,2397.6,6.2,121.1,520.9,585.8,32.9,132.0,325.4,456.1,298.3,441.9,358.29999999999995
Indiana,2016-04-01,2016,4,4.6,656.9,2415.1,6.3,129.9,520.7,588.9,32.9,132.6,333.8,456.2,307.5,437.7,366.7
Indiana,2016-05-01,2016,5,4.5,661.8,2424.7,6.3,133.4,522.1,592.8,33.1,133.5,333.2,455.5,316.5,433.8,366.3
Indiana,2016-06-01,2016,6,4.5,670.0,2403.9,6.3,136.9,526.8,593.8,33.2,134.8,335.1,452.0,319.2,408.5,368.3
Indiana,2016-07-01,2016,7,4.4,671.3,2372.4,6.3,138.4,526.6,595.2,32.9,135.7,337.7,451.8,317.1,374.8,370.59999999999997
Indiana,2016-08-01,2016,8,4.3,671.1,2414.7,6.3,138.5,526.3,594.6,32.7,135.7,339.7,455.6,317.9,412.2,372.4
Indiana,2016-09-01,2016,9,4.2,668.9,2439.9,6.3,139.2,523.4,594.1,32.4,134.8,340.4,456.9,312.8,442.5,372.79999999999995
Indiana,2016-10-01,2016,10,4.2,668.9,2436.7,6.1,139.9,522.9,595.6,32.7,135.0,340.1,462.5,306.9,438.6,372.8
Indiana,2016-11-01,2016,11,4.1,669.0,2449.8,5.9,138.5,524.6,606.2,32.4,134.8,343.1,463.8,303.5,441.0,375.5
Indiana,2016-12-01,2016,12,4.0,666.4,2445.6,5.9,132.8,527.7,609.4,32.5,135.4,339.9,463.1,300.6,439.6,372.4
Indiana,2017-01-01,2017,1,3.9,655.7,2384.6,5.7,124.3,525.7,588.8,32.5,133.5,324.8,457.3,292.5,431.5,357.3
Indiana,2017-02-01,2017,2,3.7,657.7,2397.7,5.7,124.7,527.3,586.1,32.3,134.0,325.5,464.1,295.8,436.0,357.8
Indiana,2017-03-01,2017,3,3.6,663.6,2413.5,5.8,129.7,528.1,587.3,32.6,134.3,329.9,463.9,301.1,439.4,362.5
Indiana,2017-04-01,2017,4,3.5,670.5,2432.5,6.0,136.6,527.9,591.2,32.0,135.0,334.8,465.9,309.8,438.6,366.8
Indiana,2017-05-01,2017,5,3.4,677.2,2448.8,6.0,141.3,529.9,594.5,32.2,135.9,336.6,466.4,317.7,439.1,368.8
Indiana,2017-06-01,2017,6,3.5,686.3,2436.0,6.1,144.3,535.9,597.9,32.1,137.7,340.6,465.2,320.3,414.5,372.70000000000005
Indiana,2017-07-01,2017,7,3.5,685.5,2385.4,6.1,145.3,534.1,594.7,31.6,137.8,338.4,462.1,317.6,376.4,370.0
Indiana,2017-08-01,2017,8,3.5,684.1,2430.6,6.1,144.5,533.5,594.9,31.2,138.1,341.7,465.2,318.8,415.1,372.9
Indiana,2017-09-01,2017,9,3.5,683.6,2451.3,6.2,144.6,532.8,593.7,30.6,137.3,342.2,466.9,312.3,443.6,372.8
Indiana,2017-10-01,2017,10,3.5,683.0,2455.2,6.2,143.5,533.3,596.5,30.5,137.5,343.2,470.8,309.5,441.9,373.7
Indiana,2017-11-01,2017,11,3.4,683.8,2467.4,6.4,141.8,535.6,608.7,30.8,137.6,346.0,470.6,304.7,444.0,376.8
Indiana,2017-12-01,2017,12,3.3,683.2,2470.3,6.1,138.1,539.0,611.1,30.9,138.2,344.6,471.2,303.5,445.6,375.5
Indiana,2018-01-01,2018,1,3.3,670.0,2403.2,5.9,126.8,537.3,588.7,30.0,136.5,333.5,464.5,294.1,432.8,363.5
Indiana,2018-02-01,2018,2,3.3,672.8,2417.4,6.0,127.5,539.3,586.1,29.8,137.1,334.7,470.2,297.8,437.9,364.5
Indiana,2018-03-01,2018,3,3.3,678.8,2433.4,6.0,132.8,540.0,588.5,29.8,137.5,338.8,470.8,303.4,439.7,368.6
Indiana,2018-04-01,2018,4,3.4,683.7,2446.3,6.2,138.0,539.5,589.5,29.7,138.1,341.5,472.3,309.7,439.3,371.2
Indiana,2018-05-01,2018,5,3.4,689.8,2466.1,6.2,142.3,541.3,596.2,29.7,139.2,341.9,472.4,319.7,440.0,371.59999999999997
Indiana,2018-06-01,2018,6,3.4,700.4,2452.5,6.3,147.4,546.7,599.2,29.8,141.2,344.9,470.2,322.0,416.5,374.7
Indiana,2018-07-01,2018,7,3.4,698.6,2407.7,6.4,148.1,544.1,598.8,29.4,141.8,343.5,466.3,321.1,378.6,372.9
Indiana,2018-08-01,2018,8,3.5,699.0,2454.2,6.4,148.0,544.6,597.9,29.1,141.6,347.1,470.0,321.5,420.0,376.20000000000005
Indiana,2018-09-01,2018,9,3.5,696.4,2466.2,6.4,147.0,543.0,597.6,28.8,140.4,344.9,474.2,314.2,439.9,373.7
Indiana,2018-10-01,2018,10,3.5,697.4,2473.3,6.3,148.1,543.0,600.8,28.7,140.5,346.7,477.1,310.8,442.3,375.4
Indiana,2018-11-01,2018,11,3.6,695.2,2484.4,6.3,145.2,543.7,613.3,28.7,140.6,350.1,477.6,305.2,443.0,378.8
Indiana,2018-12-01,2018,12,3.6,693.4,2483.7,6.3,142.2,544.9,615.4,28.8,140.9,345.9,478.5,305.2,443.0,374.7
Indiana,2019-01-01,2019,1,3.5,684.2,2436.4,5.9,135.2,543.1,598.0,28.8,140.0,336.2,473.3,301.9,431.9,365.0
Indiana,2019-02-01,2019,2,3.5,686.0,2446.5,5.9,135.0,545.1,593.8,28.8,140.5,337.3,479.8,304.3,435.3,366.1
Indiana,2019-03-01,2019,3,3.4,689.1,2454.7,6.0,138.3,544.8,594.0,28.7,140.8,338.9,478.3,309.0,437.6,367.59999999999997
Indiana,2019-04-01,2019,4,3.3,690.8,2464.3,6.0,143.7,541.1,593.9,28.8,141.6,345.2,482.2,313.8,431.8,374.0
Indiana,2019-05-01,2019,5,3.2,696.3,2472.2,6.1,148.1,542.1,598.4,29.1,142.5,347.8,481.4,322.3,422.7,376.90000000000003
Indiana,2019-06-01,2019,6,3.2,703.6,2461.5,6.1,151.7,545.8,600.2,29.4,143.9,349.6,478.8,323.9,405.1,379.0
Indiana,2019-07-01,2019,7,3.2,694.1,2422.8,6.1,151.1,536.9,597.5,29.1,144.3,348.6,476.3,322.9,373.8,377.70000000000005
Indiana,2019-08-01,2019,8,3.3,699.5,2466.9,6.1,151.0,542.4,596.9,28.8,143.9,351.2,479.6,321.8,416.5,380.0
Indiana,2019-09-01,2019,9,3.3,695.9,2474.7,6.1,150.4,539.4,595.0,28.6,142.6,347.8,482.8,316.5,434.5,376.40000000000003
Indiana,2019-10-01,2019,10,3.3,694.1,2488.7,6.4,151.1,536.6,604.4,28.6,143.0,351.0,484.3,313.4,436.3,379.6
Indiana,2019-11-01,2019,11,3.3,692.1,2506.9,6.2,148.5,537.4,618.3,28.7,142.9,355.2,485.2,308.5,440.4,383.9
Indiana,2019-12-01,2019,12,3.3,691.2,2506.6,6.1,146.1,539.0,621.8,28.6,143.1,350.3,485.4,308.6,441.5,378.90000000000003
Indiana,2020-01-01,2020,1,3.4,679.9,2440.4,6.0,138.6,535.3,594.3,28.2,141.5,337.8,479.5,301.3,431.2,366.0
Indiana,2020-02-01,2020,2,3.5,680.3,2451.5,5.7,138.7,535.9,590.9,28.3,142.2,338.8,483.2,304.5,436.4,367.1
Indiana,2020-03-01,2020,3,3.6,680.7,2438.0,5.7,140.9,534.1,591.0,28.1,141.3,337.4,479.9,298.1,437.2,365.5
Indiana,2020-04-01,2020,4,16.9,556.8,2113.6,5.1,132.2,419.5,536.7,25.5,138.5,296.7,435.5,177.8,416.2,322.2
Indiana,2020-05-01,2020,5,12.5,606.7,2210.1,5.1,140.4,461.2,563.6,25.6,139.8,304.7,447.6,217.2,412.7,330.3
Indiana,2020-06-01,2020,6,10.3,654.3,2266.1,5.2,146.4,502.7,587.2,25.8,141.2,315.6,451.7,253.3,379.0,341.40000000000003
Indiana,2020-07-01,2020,7,8.9,657.6,2282.3,5.2,147.3,505.1,589.0,25.4,142.6,323.0,453.6,270.7,360.2,348.4
Indiana,2020-08-01,2020,8,7.2,662.7,2341.3,5.2,148.5,509.0,592.8,25.3,142.7,329.2,458.7,274.7,399.9,354.5
Indiana,2020-09-01,2020,9,6.5,664.3,2353.5,5.2,148.7,510.4,593.2,25.6,141.2,327.8,460.5,271.8,416.9,353.40000000000003
Indiana,2020-10-01,2020,10,5.6,666.5,2390.6,5.1,149.9,511.5,605.7,25.7,143.1,339.1,465.9,272.1,421.2,364.8
Indiana,2020-11-01,2020,11,5.2,666.6,2399.9,5.1,148.9,512.6,617.3,25.6,143.2,342.8,467.8,266.5,419.6,368.40000000000003
Indiana,2020-12-01,2020,12,5.0,670.9,2395.1,5.1,147.2,518.6,622.3,25.4,143.2,342.2,467.5,260.7,417.7,367.59999999999997
Indiana,2021-01-01,2021,1,4.7,660.9,2347.4,4.8,137.5,518.6,605.3,25.4,142.5,333.6,463.2,255.6,406.9,359.0
Indiana,2021-02-01,2021,2,4.6,659.1,2351.2,4.7,133.7,520.7,599.7,25.5,142.8,334.3,466.5,258.9,408.3,359.8
Indiana,2021-03-01,2021,3,4.5,668.0,2370.4,4.8,139.8,523.4,601.7,25.5,142.7,336.2,466.6,265.9,415.0,361.7
Indiana,2021-04-01,2021,4,4.4,671.1,2381.0,4.8,147.4,518.9,598.5,25.8,142.1,340.8,467.3,274.4,415.0,366.6
Indiana,2021-05-01,2021,5,4.2,675.3,2404.7,4.9,150.8,519.6,603.2,26.2,142.9,343.2,466.0,285.0,418.5,369.4
Indiana,2021-06-01,2021,6,4.1,684.1,2394.1,4.9,154.0,525.2,606.0,26.3,143.5,344.5,463.3,293.2,395.3,370.8
Indiana,2021-07-01,2021,7,3.9,686.8,2388.2,5.0,155.3,526.5,611.1,26.5,145.5,352.3,463.6,299.5,366.3,378.8
Indiana,2021-08-01,2021,8,3.7,683.7,2418.5,5.0,155.7,523.0,610.2,26.6,145.5,354.2,465.0,298.0,397.7,380.8
Indiana,2021-09-01,2021,9,3.5,685.3,2405.4,5.0,155.9,524.4,602.9,26.1,143.1,349.6,463.9,292.8,407.9,375.70000000000005
Indiana,2021-10-01,2021,10,3.3,690.0,2450.8,5.3,156.5,528.2,617.4,26.3,145.6,361.1,470.6,292.8,415.8,387.40000000000003
Indiana,2021-11-01,2021,11,3.1,693.1,2475.6,5.3,155.9,531.9,632.3,26.6,146.0,364.8,472.7,291.2,420.0,391.40000000000003
Indiana,2021-12-01,2021,12,3.0,693.0,2477.1,5.4,152.8,534.8,637.3,26.7,145.9,364.0,470.1,290.5,419.7,390.7
Indiana,2022-01-01,2022,1,3.0,680.3,2429.5,5.2,142.9,532.2,620.1,26.5,145.1,355.6,465.7,284.2,412.2,382.1
Indiana,2022-02-01,2022,2,2.9,686.7,2442.6,5.3,143.7,537.7,621.2,26.5,145.3,358.7,468.9,288.1,411.7,385.2
Indiana,2022-03-01,2022,3,2.9,692.3,2458.7,5.5,147.3,539.5,623.3,26.6,145.0,360.5,470.3,293.6,416.5,387.1
Indiana,2022-04-01,2022,4,3.0,698.2,2480.7,5.6,153.3,539.3,625.2,26.7,146.0,367.6,473.4,300.9,417.6,394.3
Indiana,2022-05-01,2022,5,3.0,703.6,2495.3,5.7,157.9,540.0,627.4,27.1,146.9,367.5,474.2,309.7,416.7,394.6
Indiana,2022-06-01,2022,6,3.0,710.7,2467.6,5.8,161.8,543.1,627.9,27.1,147.9,368.8,470.6,315.5,380.8,395.90000000000003
Indiana,2022-07-01,2022,7,3.1,715.0,2465.0,5.8,163.2,546.0,632.8,27.5,149.5,374.2,474.4,315.7,361.0,401.7
Indiana,2022-08-01,2022,8,3.1,713.6,2500.1,5.8,163.3,544.5,630.9,27.4,149.4,374.4,476.9,315.4,397.3,401.79999999999995
Indiana,2022-09-01,2022,9,3.1,711.5,2505.8,5.9,163.5,542.1,627.1,26.8,148.4,372.7,480.9,309.5,413.8,399.5
Indiana,2022-10-01,2022,10,3.2,709.8,2520.3,5.5,162.4,541.9,632.3,27.0,149.2,373.0,483.6,307.4,420.5,400.0
Indiana,2022-11-01,2022,11,3.2,708.9,2541.2,5.6,160.7,542.6,644.2,27.1,149.6,373.2,486.8,304.8,427.6,400.3
Indiana,2022-12-01,2022,12,3.3,706.4,2533.4,5.6,157.5,543.3,648.5,27.0,149.4,368.4,486.2,302.8,423.4,395.4
Indiana,2023-01-01,2023,1,3.3,689.5,2488.3,5.7,150.9,532.9,631.3,26.7,147.2,358.4,484.7,296.8,416.7,385.09999999999997
Indiana,2023-02-01,2023,2,3.3,696.6,2506.5,5.7,151.4,539.5,628.4,26.7,147.2,359.9,491.1,301.3,424.2,386.59999999999997
Indiana,2023-03-01,2023,3,3.3,698.6,2518.6,5.7,154.8,538.1,627.8,26.7,147.2,361.4,491.4,305.8,429.6,388.09999999999997
Indiana,2023-04-01,2023,4,3.3,700.6,2530.3,5.8,159.9,534.9,628.6,26.7,148.4,364.2,491.0,312.0,426.9,390.9
Indiana,2023-05-01,2023,5,3.3,702.9,2557.5,5.9,163.3,533.7,631.9,27.1,149.1,365.7,492.3,322.2,432.3,392.8
Indiana,2023-06-01,2023,6,3.4,710.5,2534.7,5.9,167.6,537.0,633.9,27.2,150.5,365.2,492.4,325.9,403.1,392.4
Indiana,2023-07-01,2023,7,3.4,706.7,2505.0,5.8,168.1,532.8,633.1,27.2,151.0,364.0,493.2,323.5,376.2,391.2
Indiana,2023-08-01,2023,8,3.4,706.3,2547.0,5.8,167.5,533.0,633.3,27.1,150.8,366.9,496.6,323.4,411.8,394.0
Indiana,2023-09-01,2023,9,3.5,704.2,2551.0,5.8,167.5,530.9,633.2,26.9,149.4,365.0,501.5,316.6,423.7,391.9
Indiana,2023-10-01,2023,10,3.5,700.0,2567.0,5.7,167.1,527.2,640.5,26.9,149.6,363.2,503.7,313.5,432.1,390.09999999999997
Indiana,2023-11-01,2023,11,3.6,699.1,2582.6,5.8,166.4,526.9,654.0,27.0,149.6,363.1,506.7,309.9,437.2,390.1
Indiana,2023-12-01,2023,12,3.7,698.7,2580.2,5.8,163.8,529.1,655.8,27.0,149.4,358.7,508.0,307.2,438.8,385.7
Indiana,2024-01-01,2024,1,3.7,686.3,2518.1,5.6,156.2,524.5,634.6,26.8,146.8,350.2,502.4,297.1,427.0,377.0
Indiana,2024-02-01,2024,2,3.8,689.5,2536.7,5.6,158.1,525.8,631.2,26.9,147.1,353.5,508.3,300.7,433.4,380.4
Indiana,2024-03-01,2024,3,3.9,693.1,2544.5,5.5,162.0,525.6,630.0,26.7,146.9,352.8,508.8,305.6,438.3,379.5
Indiana,2024-04-01,2024,4,4.0,695.5,2563.5,5.5,166.1,523.9,631.4,26.6,147.5,357.6,510.1,314.3,439.2,384.20000000000005
Indiana,2024-05-01,2024,5,4.1,701.1,2588.4,5.5,170.2,525.4,634.8,26.7,148.8,359.5,509.8,324.0,445.6,386.2
Indiana,2024-06-01,2024,6,4.1,709.4,2556.6,5.5,174.6,529.3,635.8,26.7,150.7,357.3,508.9,325.1,410.8,384.0
Indiana,2024-07-01,2024,7,4.1,701.7,2521.9,5.5,175.4,520.8,636.8,26.6,151.5,356.0,507.6,324.5,377.9,382.6
Indiana,2024-08-01,2024,8,4.2,704.7,2568.1,5.4,175.3,524.0,635.6,26.6,151.2,358.9,511.1,323.6,422.5,385.5
Indiana,2024-09-01,2024,9,4.2,703.4,2562.6,5.4,175.6,522.4,634.3,26.4,150.2,357.2,514.8,316.6,427.5,383.59999999999997
Indiana,2024-10-01,2024,10,4.1,699.1,2585.1,5.3,175.3,518.5,639.9,26.1,151.1,358.1,517.7,313.8,441.6,384.20000000000005
Indiana,2024-11-01,2024,11,4.1,699.0,2604.8,5.3,174.4,519.3,651.0,26.5,151.0,359.5,520.9,310.1,449.0,386.0
Indiana,2024-12-01,2024,12,4.0,697.0,2598.9,5.3,171.4,520.3,652.8,26.6,150.9,355.2,520.8,308.5,447.5,381.8
Indiana,2025-01-01,2025,1,3.9,681.9,2540.2,5.1,161.0,515.8,633.9,26.4,149.6,346.1,516.0,298.4,436.3,372.5
Indiana,2025-02-01,2025,2,3.8,688.2,2548.3,5.1,164.8,518.3,630.7,26.3,150.0,348.5,521.6,300.5,435.9,374.8
Indiana,2025-03-01,2025,3,3.7,692.5,2560.7,5.1,168.5,518.9,628.3,26.4,149.7,351.1,520.0,305.4,444.2,377.5
Indiana,2025-04-01,2025,4,3.7,695.2,2581.0,5.2,172.4,517.6,629.3,26.5,149.9,355.1,521.5,314.2,448.5,381.6
Indiana,2025-05-01,2025,5,3.7,700.3,2599.1,5.3,177.4,517.6,631.8,26.6,150.8,356.3,521.2,324.2,449.5,382.90000000000003
Indiana,2025-06-01,2025,6,3.7,706.6,2563.5,5.3,180.5,520.8,631.8,26.7,151.5,354.0,518.8,326.1,412.2,380.7
Indiana,2025-07-01,2025,7,3.7,701.3,2538.7,5.3,180.7,515.3,630.6,26.8,152.3,355.8,520.0,325.8,385.1,382.6
Indiana,2025-08-01,2025,8,3.7,707.4,2586.0,5.3,182.6,519.5,630.3,26.5,151.4,360.5,520.8,323.9,432.9,387.0
Indiana,2025-09-01,2025,9,3.7,704.0,2569.6,5.3,181.8,516.9,628.0,26.1,150.0,359.9,520.6,315.4,431.2,386.0
Indiana,2025-10-01,2025,10,,704.3,2579.2,5.3,181.2,517.8,631.1,25.9,150.3,365.8,525.3,309.6,431.6,391.7
Indiana,2025-11-01,2025,11,3.5,696.9,2583.6,5.2,177.1,514.6,641.3,26.1,150.7,358.7,527.2,304.5,435.3,384.8
Indiana,2025-12-01,2025,12,3.5,691.6,2568.6,5.2,171.7,514.7,648.1,26.0,151.5,352.0,525.0,296.0,430.7,378.0
Indiana,2026-01-01,2026,1,3.4,683.7,2522.1,5.1,167.2,511.4,630.3,25.2,149.4,349.4,521.5,287.5,420.6,374.59999999999997
Indiana,2026-02-01,2026,2,3.3,687.3,2537.1,5.1,165.6,516.6,624.4,25.4,149.1,350.6,528.2,290.7,429.3,376.0
Iowa,2016-01-01,2016,1,3.6,284.3,1250.7,1.7,68.6,214.0,311.1,23.1,107.5,134.2,227.3,133.1,255.8,157.29999999999998
Iowa,2016-02-01,2016,2,3.6,282.9,1260.8,1.7,67.9,213.3,309.8,23.1,107.5,135.1,231.3,134.6,260.9,158.2
Iowa,2016-03-01,2016,3,3.6,289.4,1265.5,1.9,73.4,214.1,310.6,22.8,107.7,134.9,232.7,137.3,260.9,157.70000000000002
Iowa,2016-04-01,2016,4,3.6,297.0,1281.9,2.4,81.1,213.5,314.0,22.8,107.8,139.3,234.7,142.7,262.0,162.10000000000002
Iowa,2016-05-01,2016,5,3.6,299.2,1285.8,2.4,82.8,214.0,315.1,22.8,108.1,138.3,232.5,147.1,263.0,161.10000000000002
Iowa,2016-06-01,2016,6,3.7,304.0,1278.3,2.5,85.6,215.9,315.6,22.8,108.9,139.0,223.2,150.4,258.9,161.8
Iowa,2016-07-01,2016,7,3.7,306.1,1259.8,2.5,88.0,215.6,317.4,22.9,109.5,141.2,221.8,150.0,237.4,164.1
Iowa,2016-08-01,2016,8,3.7,306.1,1261.7,2.5,88.4,215.2,316.5,22.7,109.1,140.9,222.2,150.2,241.0,163.6
Iowa,2016-09-01,2016,9,3.6,303.4,1278.3,2.5,87.3,213.6,313.7,22.4,108.6,139.9,230.9,145.3,258.8,162.3
Iowa,2016-10-01,2016,10,3.6,301.8,1286.2,2.3,86.7,212.8,315.3,22.3,108.6,140.9,234.8,142.6,263.4,163.20000000000002
Iowa,2016-11-01,2016,11,3.5,298.5,1289.7,2.2,83.8,212.5,319.7,22.2,108.6,140.1,235.3,140.7,265.1,162.29999999999998
Iowa,2016-12-01,2016,12,3.4,292.8,1285.8,2.1,77.3,213.4,322.1,22.2,109.4,138.2,234.1,137.9,264.3,160.39999999999998
Iowa,2017-01-01,2017,1,3.3,281.0,1255.4,1.9,66.9,212.2,311.1,22.1,108.5,133.6,229.0,134.5,259.6,155.7
Iowa,2017-02-01,2017,2,3.3,280.9,1266.6,2.0,66.9,212.0,309.7,22.0,108.4,135.1,235.1,136.1,263.1,157.1
Iowa,2017-03-01,2017,3,3.2,284.6,1270.3,2.2,69.5,212.9,310.1,22.0,108.5,135.3,235.7,138.0,263.5,157.3
Iowa,2017-04-01,2017,4,3.1,292.4,1285.7,2.4,75.7,214.3,313.6,22.0,108.9,140.2,236.6,142.7,264.4,162.2
Iowa,2017-05-01,2017,5,3.1,296.3,1289.5,2.5,78.7,215.1,314.9,22.1,109.3,139.4,234.9,146.8,264.4,161.5
Iowa,2017-06-01,2017,6,3.1,301.0,1288.5,2.5,81.2,217.3,316.3,22.3,110.3,141.1,227.7,150.8,261.5,163.4
Iowa,2017-07-01,2017,7,3.1,301.4,1264.4,2.5,81.1,217.8,315.2,22.4,110.6,141.2,224.6,150.3,241.9,163.6
Iowa,2017-08-01,2017,8,3.1,300.4,1267.6,2.5,80.9,217.0,314.2,22.3,110.3,141.2,225.7,150.3,245.9,163.5
Iowa,2017-09-01,2017,9,3.0,299.6,1280.4,2.5,79.9,217.2,311.8,22.1,109.4,139.9,233.2,145.9,260.9,162.0
Iowa,2017-10-01,2017,10,3.0,300.0,1288.5,2.5,79.6,217.9,314.0,22.0,109.4,139.9,237.8,143.3,265.0,161.9
Iowa,2017-11-01,2017,11,2.9,299.4,1292.5,2.5,78.3,218.6,318.9,22.1,109.4,140.0,238.2,140.7,266.1,162.1
Iowa,2017-12-01,2017,12,2.9,296.3,1290.1,2.4,74.1,219.8,320.8,22.1,110.2,138.3,237.7,138.7,264.9,160.4
Iowa,2018-01-01,2018,1,2.8,285.2,1262.7,1.9,65.0,218.3,309.9,22.0,109.7,135.9,233.3,134.8,260.5,157.9
Iowa,2018-02-01,2018,2,2.7,285.9,1272.2,2.2,65.0,218.7,307.6,22.1,109.4,137.3,238.4,136.8,263.9,159.4
Iowa,2018-03-01,2018,3,2.7,290.2,1273.6,2.4,68.7,219.1,307.7,22.1,109.1,136.8,238.7,138.4,263.7,158.9
Iowa,2018-04-01,2018,4,2.6,298.0,1285.1,2.4,74.8,220.8,310.6,22.1,109.1,139.3,239.0,142.9,264.9,161.4
Iowa,2018-05-01,2018,5,2.5,304.7,1295.8,2.6,80.0,222.1,313.6,22.1,109.9,140.0,238.3,148.9,265.4,162.1
Iowa,2018-06-01,2018,6,2.5,310.8,1291.7,2.7,83.5,224.6,315.1,22.3,110.6,141.0,229.8,151.8,262.5,163.3
Iowa,2018-07-01,2018,7,2.5,312.0,1267.2,2.7,84.3,225.0,313.9,22.2,111.1,142.3,225.4,151.7,242.3,164.5
Iowa,2018-08-01,2018,8,2.5,310.9,1267.8,2.7,84.3,223.9,312.4,22.1,110.8,141.7,226.4,151.1,245.6,163.79999999999998
Iowa,2018-09-01,2018,9,2.5,309.3,1281.1,2.6,82.9,223.8,309.9,22.0,109.8,140.5,235.5,145.8,260.4,162.5
Iowa,2018-10-01,2018,10,2.5,308.9,1290.6,2.6,82.0,224.3,311.9,21.9,110.0,141.0,238.7,144.3,265.3,162.9
Iowa,2018-11-01,2018,11,2.6,308.7,1295.6,2.6,80.8,225.3,318.3,21.9,110.1,140.8,239.0,140.7,267.4,162.70000000000002
Iowa,2018-12-01,2018,12,2.6,304.0,1290.6,2.5,75.7,225.8,319.2,21.9,110.4,138.2,237.7,139.8,265.8,160.1
Iowa,2019-01-01,2019,1,2.6,294.9,1262.9,2.2,68.2,224.5,310.0,21.7,109.0,136.4,233.7,136.3,259.0,158.1
Iowa,2019-02-01,2019,2,2.6,292.0,1269.8,2.2,65.5,224.3,305.7,21.7,108.9,137.2,240.2,136.2,263.2,158.89999999999998
Iowa,2019-03-01,2019,3,2.6,294.5,1272.9,2.4,67.1,225.0,306.5,21.6,109.1,136.2,239.7,138.0,264.6,157.79999999999998
Iowa,2019-04-01,2019,4,2.6,304.5,1286.9,2.4,76.5,225.6,309.3,21.4,109.4,140.3,239.6,143.7,265.8,161.70000000000002
Iowa,2019-05-01,2019,5,2.6,310.2,1293.3,2.6,81.2,226.4,310.7,21.3,109.9,140.1,237.9,148.6,266.8,161.4
Iowa,2019-06-01,2019,6,2.7,315.2,1285.5,2.6,84.0,228.6,311.5,21.4,110.9,141.3,230.3,152.0,259.0,162.70000000000002
Iowa,2019-07-01,2019,7,2.7,316.3,1264.0,2.6,85.3,228.4,311.2,21.3,111.1,142.0,225.8,152.3,241.0,163.3
Iowa,2019-08-01,2019,8,2.7,315.2,1266.5,2.6,85.5,227.1,309.4,21.2,111.1,141.8,227.4,152.3,244.1,163.0
Iowa,2019-09-01,2019,9,2.7,311.2,1281.0,2.5,83.5,225.2,307.5,20.9,110.0,139.9,236.1,146.5,261.6,160.8
Iowa,2019-10-01,2019,10,2.7,311.4,1293.0,2.4,83.3,225.7,310.7,21.0,110.3,141.1,241.2,144.3,266.1,162.1
Iowa,2019-11-01,2019,11,2.7,308.8,1297.7,2.4,80.4,226.0,316.7,20.9,110.3,140.5,241.5,141.8,267.5,161.4
Iowa,2019-12-01,2019,12,2.7,304.8,1294.4,2.4,76.6,225.8,318.1,21.0,110.7,138.1,239.2,140.7,267.9,159.1
Iowa,2020-01-01,2020,1,2.7,294.1,1267.8,2.0,68.9,223.2,308.1,20.7,109.5,136.8,234.6,136.5,263.5,157.5
Iowa,2020-02-01,2020,2,2.7,292.1,1275.1,2.0,67.4,222.7,304.4,20.5,109.7,137.2,241.0,138.0,266.7,157.7
Iowa,2020-03-01,2020,3,2.7,294.8,1271.5,2.2,70.2,222.4,304.4,20.4,109.5,136.8,239.7,136.0,267.5,157.20000000000002
Iowa,2020-04-01,2020,4,11.0,288.2,1129.2,2.2,73.6,212.4,280.0,18.7,107.8,130.2,212.4,77.5,254.6,148.89999999999998
Iowa,2020-05-01,2020,5,8.5,293.3,1143.4,2.3,79.3,211.7,288.4,18.4,108.1,130.7,210.9,93.2,242.4,149.1
Iowa,2020-06-01,2020,6,6.8,297.6,1181.1,2.3,81.6,213.7,298.4,18.7,109.1,132.4,212.4,116.1,240.0,151.1
Iowa,2020-07-01,2020,7,6.0,299.5,1183.7,2.4,82.1,215.0,299.6,18.8,109.8,135.0,213.1,124.3,228.5,153.8
Iowa,2020-08-01,2020,8,5.0,298.8,1190.3,2.4,82.1,214.3,298.6,18.8,109.7,134.4,213.9,124.2,236.1,153.20000000000002
Iowa,2020-09-01,2020,9,4.6,296.0,1213.5,2.4,78.8,214.8,299.5,18.6,109.4,133.7,222.1,121.6,254.2,152.29999999999998
Iowa,2020-10-01,2020,10,4.2,298.1,1236.4,2.4,80.8,214.9,305.4,18.6,109.7,137.4,231.4,122.1,257.0,156.0
Iowa,2020-11-01,2020,11,4.2,297.0,1234.4,2.4,78.8,215.8,309.4,18.6,109.4,137.3,230.5,117.6,257.4,155.9
Iowa,2020-12-01,2020,12,4.2,296.2,1231.2,2.3,75.8,218.1,314.6,18.8,109.5,137.2,228.0,114.4,254.5,156.0
Iowa,2021-01-01,2021,1,4.1,284.9,1210.6,1.9,66.9,216.1,306.6,18.6,108.9,136.4,225.6,112.3,248.7,155.0
Iowa,2021-02-01,2021,2,4.2,281.0,1219.7,1.8,63.5,215.7,302.8,18.6,108.6,136.9,231.0,114.7,253.7,155.5
Iowa,2021-03-01,2021,3,4.3,286.6,1227.2,2.1,68.3,216.2,304.4,18.6,108.7,137.2,231.7,117.9,255.2,155.79999999999998
Iowa,2021-04-01,2021,4,4.4,296.4,1240.2,2.3,77.4,216.7,305.2,18.6,108.8,139.6,229.1,124.5,260.2,158.2
Iowa,2021-05-01,2021,5,4.4,300.2,1244.1,2.4,80.8,217.0,306.7,18.7,109.2,140.4,226.0,130.7,257.8,159.1
Iowa,2021-06-01,2021,6,4.3,305.2,1243.6,2.4,83.8,219.0,308.3,18.8,109.6,141.1,220.1,135.6,254.8,159.9
Iowa,2021-07-01,2021,7,4.1,309.3,1231.5,2.5,85.4,221.4,309.2,19.1,110.5,143.5,217.6,139.3,236.7,162.6
Iowa,2021-08-01,2021,8,3.9,307.5,1232.5,2.4,84.9,220.2,307.9,19.1,110.0,142.9,217.5,138.9,241.0,162.0
Iowa,2021-09-01,2021,9,3.6,304.7,1241.5,2.4,83.5,218.8,304.8,18.9,108.3,140.5,222.9,134.5,257.1,159.4
Iowa,2021-10-01,2021,10,3.3,305.8,1263.1,2.4,83.5,219.9,310.1,18.9,109.4,144.2,232.6,132.3,260.6,163.1
Iowa,2021-11-01,2021,11,3.1,299.1,1269.5,2.3,82.7,214.1,316.9,18.9,109.2,144.6,232.5,130.6,261.8,163.5
Iowa,2021-12-01,2021,12,2.9,302.2,1261.4,2.3,78.9,221.0,318.6,19.0,109.2,143.5,227.1,129.0,259.6,162.5
Iowa,2022-01-01,2022,1,2.8,291.0,1235.0,1.8,70.0,219.2,309.9,19.1,108.5,141.8,222.4,125.0,253.5,160.9
Iowa,2022-02-01,2022,2,2.7,292.3,1254.5,1.9,69.7,220.7,311.8,19.0,108.2,142.6,230.7,129.0,258.1,161.6
Iowa,2022-03-01,2022,3,2.6,295.3,1256.9,2.0,72.1,221.2,311.0,19.0,108.2,143.7,230.2,130.8,258.7,162.7
Iowa,2022-04-01,2022,4,2.6,305.1,1268.7,2.3,80.2,222.6,312.6,18.9,108.3,145.9,230.4,135.6,261.5,164.8
Iowa,2022-05-01,2022,5,2.6,308.5,1272.0,2.3,83.4,222.8,313.0,19.1,108.4,145.9,227.5,140.1,262.4,165.0
Iowa,2022-06-01,2022,6,2.7,314.8,1269.3,2.3,86.7,225.8,314.5,19.2,109.0,147.5,220.7,144.3,257.9,166.7
Iowa,2022-07-01,2022,7,2.8,317.2,1250.1,2.4,87.9,226.9,311.4,19.4,109.5,149.3,218.9,145.1,240.2,168.70000000000002
Iowa,2022-08-01,2022,8,3.0,315.7,1251.2,2.4,87.5,225.8,310.0,19.2,109.2,149.0,219.6,144.5,243.6,168.2
Iowa,2022-09-01,2022,9,3.1,312.9,1268.5,2.4,86.0,224.5,309.3,19.0,107.9,146.5,228.9,140.3,261.3,165.5
Iowa,2022-10-01,2022,10,3.1,313.2,1286.3,2.4,85.4,225.4,313.3,19.0,108.5,148.1,239.5,137.5,264.9,167.1
Iowa,2022-11-01,2022,11,3.1,311.7,1290.2,2.4,84.3,225.0,318.7,19.1,108.5,147.8,239.1,135.2,266.4,166.9
Iowa,2022-12-01,2022,12,3.1,307.3,1281.0,2.3,79.2,225.8,320.0,18.9,108.5,146.5,233.1,133.2,265.2,165.4
Iowa,2023-01-01,2023,1,3.0,299.3,1254.8,1.9,72.3,225.1,311.9,19.0,107.6,143.8,227.5,130.7,259.0,162.8
Iowa,2023-02-01,2023,2,3.0,299.0,1270.4,2.0,71.9,225.1,309.2,18.9,107.4,144.6,238.2,132.7,263.9,163.5
Iowa,2023-03-01,2023,3,2.9,302.1,1271.3,2.1,74.7,225.3,308.4,18.7,107.3,144.4,238.2,134.3,264.5,163.1
Iowa,2023-04-01,2023,4,2.9,311.0,1288.1,2.3,83.1,225.6,311.5,18.6,107.6,146.7,241.8,140.5,265.7,165.29999999999998
Iowa,2023-05-01,2023,5,2.9,313.5,1290.4,2.4,85.8,225.3,312.0,18.6,108.0,146.1,236.7,145.5,267.5,164.7
Iowa,2023-06-01,2023,6,3.0,320.1,1284.7,2.4,89.2,228.5,313.4,18.7,108.9,148.1,227.5,149.0,262.3,166.79999999999998
Iowa,2023-07-01,2023,7,3.0,321.6,1263.7,2.4,89.8,229.4,312.2,18.8,109.2,148.2,224.9,149.2,244.7,167.0
Iowa,2023-08-01,2023,8,3.0,320.1,1266.1,2.4,89.3,228.4,310.9,18.7,108.4,147.4,226.8,149.5,248.2,166.1
Iowa,2023-09-01,2023,9,3.0,318.3,1279.4,2.4,88.5,227.4,310.1,18.4,107.5,145.6,231.6,144.1,266.6,164.0
Iowa,2023-10-01,2023,10,3.0,316.1,1302.2,2.3,88.6,225.2,314.0,18.3,107.7,147.6,247.2,142.1,269.8,165.9
Iowa,2023-11-01,2023,11,2.9,314.4,1303.2,2.3,86.8,225.3,319.5,18.3,107.5,147.1,244.7,139.9,270.6,165.4
Iowa,2023-12-01,2023,12,2.9,311.7,1295.0,2.3,83.4,226.0,320.3,18.4,107.5,145.1,238.9,138.2,270.8,163.5
Iowa,2024-01-01,2024,1,2.8,299.4,1260.0,1.8,74.5,223.1,306.6,18.1,106.2,144.3,234.4,131.3,264.4,162.4
Iowa,2024-02-01,2024,2,2.8,301.4,1285.1,2.0,75.5,223.9,308.5,18.0,105.9,144.8,246.5,136.6,269.7,162.8
Iowa,2024-03-01,2024,3,2.8,306.0,1285.8,2.1,79.6,224.3,308.0,18.0,105.7,144.9,245.6,137.9,270.6,162.9
Iowa,2024-04-01,2024,4,2.9,311.6,1300.0,2.2,85.5,223.9,311.4,18.0,106.1,147.5,245.9,144.6,271.1,165.5
Iowa,2024-05-01,2024,5,3.0,314.9,1304.3,2.3,88.5,224.1,312.9,18.1,106.3,147.4,241.0,149.8,273.2,165.5
Iowa,2024-06-01,2024,6,3.1,319.3,1291.3,2.4,90.6,226.3,313.8,18.1,107.1,147.7,232.0,152.4,264.0,165.79999999999998
Iowa,2024-07-01,2024,7,3.2,317.6,1271.8,2.4,90.9,224.3,312.3,18.2,107.3,148.5,230.3,153.2,245.8,166.7
Iowa,2024-08-01,2024,8,3.3,315.0,1276.0,2.4,90.2,222.4,311.7,18.2,106.7,147.5,232.5,152.2,251.1,165.7
Iowa,2024-09-01,2024,9,3.4,311.5,1285.1,2.3,88.2,221.0,310.5,18.1,105.5,145.4,235.7,145.7,269.0,163.5
Iowa,2024-10-01,2024,10,3.4,307.6,1306.5,2.3,87.0,218.3,312.7,18.2,105.9,145.6,251.3,144.5,272.8,163.79999999999998
Iowa,2024-11-01,2024,11,3.5,306.1,1308.4,2.3,85.9,217.9,318.2,18.3,105.9,145.0,249.3,141.4,275.0,163.3
Iowa,2024-12-01,2024,12,3.5,301.9,1298.5,2.2,81.8,217.9,318.7,18.3,106.0,143.7,243.7,138.8,274.0,162.0
Iowa,2025-01-01,2025,1,3.5,293.6,1276.6,1.9,74.2,217.5,311.1,18.2,105.2,141.1,240.6,135.3,270.4,159.29999999999998
Iowa,2025-02-01,2025,2,3.5,291.7,1288.0,1.9,72.8,217.0,307.5,18.1,105.0,142.1,250.3,136.7,273.5,160.2
Iowa,2025-03-01,2025,3,3.6,296.1,1288.4,2.1,76.9,217.1,307.8,17.9,104.7,142.2,249.5,138.3,273.1,160.1
Iowa,2025-04-01,2025,4,3.6,303.6,1300.0,2.2,83.9,217.5,309.7,17.9,105.2,144.8,247.5,145.9,273.9,162.70000000000002
Iowa,2025-05-01,2025,5,3.6,306.6,1304.8,2.3,86.9,217.4,310.7,17.8,105.4,144.8,242.6,150.9,277.3,162.60000000000002
Iowa,2025-06-01,2025,6,3.5,311.0,1292.6,2.4,89.6,219.0,311.0,17.8,106.0,145.1,234.4,153.2,269.1,162.9
Iowa,2025-07-01,2025,7,3.5,309.6,1265.5,2.3,89.9,217.4,309.6,17.7,105.7,145.1,233.2,151.9,246.6,162.79999999999998
Iowa,2025-08-01,2025,8,3.5,308.4,1267.1,2.3,90.3,215.8,307.8,17.5,105.1,144.1,234.8,151.3,251.4,161.6
Iowa,2025-09-01,2025,9,3.4,305.1,1278.5,2.3,88.8,214.0,306.4,17.3,104.0,142.0,240.3,143.7,270.2,159.3
Iowa,2025-10-01,2025,10,,302.4,1295.1,2.3,85.8,214.3,306.7,17.4,103.8,143.6,255.7,139.0,273.7,161.0
Iowa,2025-11-01,2025,11,3.4,303.6,1294.7,2.3,86.5,214.8,311.2,17.5,103.9,142.5,253.3,137.5,274.3,160.0
Iowa,2025-12-01,2025,12,3.4,296.5,1283.9,2.2,80.5,213.8,310.7,17.4,104.8,141.8,248.9,133.1,272.2,159.20000000000002
Iowa,2026-01-01,2026,1,3.4,290.3,1262.9,2.1,74.5,213.7,302.5,17.3,104.0,140.7,244.8,130.8,268.4,158.0
Iowa,2026-02-01,2026,2,3.4,291.5,1271.8,2.2,75.2,214.1,300.4,17.0,104.3,140.4,250.9,133.3,271.8,157.4
Kansas,2016-01-01,2016,1,3.9,226.7,1155.8,7.2,57.3,162.2,263.1,21.0,79.1,174.5,195.3,121.1,252.2,195.5
Kansas,2016-02-01,2016,2,3.9,226.5,1166.4,6.9,57.2,162.4,262.6,21.0,78.9,174.4,196.4,122.8,260.3,195.4
Kansas,2016-03-01,2016,3,3.9,228.5,1169.9,6.8,59.8,161.9,262.6,20.8,78.6,174.7,196.1,124.7,262.1,195.5
Kansas,2016-04-01,2016,4,4.0,229.9,1184.0,6.7,61.2,162.0,265.5,20.8,79.7,177.9,197.6,128.2,263.3,198.70000000000002
Kansas,2016-05-01,2016,5,4.0,230.4,1183.5,6.8,61.6,162.0,266.5,20.7,79.7,176.6,197.2,130.4,261.7,197.29999999999998
Kansas,2016-06-01,2016,6,4.1,232.1,1171.9,6.8,63.5,161.8,266.2,20.7,79.7,176.6,195.5,131.6,251.2,197.29999999999998
Kansas,2016-07-01,2016,7,4.1,232.1,1155.6,6.9,64.0,161.2,267.3,20.7,80.1,178.8,195.9,130.8,231.6,199.5
Kansas,2016-08-01,2016,8,4.2,232.1,1156.9,6.9,63.4,161.8,266.9,20.5,80.0,178.4,195.3,131.1,234.3,198.9
Kansas,2016-09-01,2016,9,4.2,231.6,1179.8,6.8,63.1,161.7,265.8,20.1,79.1,179.5,197.4,128.4,258.7,199.6
Kansas,2016-10-01,2016,10,4.2,231.6,1188.8,6.7,63.2,161.7,268.2,19.8,79.0,180.2,198.7,128.4,263.4,200.0
Kansas,2016-11-01,2016,11,4.1,231.0,1191.3,6.8,62.3,161.9,272.8,19.9,78.9,179.9,198.8,126.7,263.2,199.8
Kansas,2016-12-01,2016,12,4.0,229.1,1189.2,6.7,60.3,162.1,274.6,19.9,78.8,179.0,198.3,125.1,262.8,198.9
Kansas,2017-01-01,2017,1,3.9,225.4,1154.9,6.6,57.5,161.3,264.9,20.0,78.1,172.3,195.8,121.8,252.0,192.3
Kansas,2017-02-01,2017,2,3.8,227.2,1168.6,6.6,58.4,162.2,264.0,19.8,78.1,172.8,197.5,124.4,261.2,192.60000000000002
Kansas,2017-03-01,2017,3,3.7,228.7,1172.6,6.7,59.9,162.1,263.6,19.7,77.9,174.0,197.5,127.2,261.9,193.7
Kansas,2017-04-01,2017,4,3.7,227.6,1176.1,6.7,59.3,161.6,263.1,19.6,77.7,177.1,197.8,128.1,262.0,196.7
Kansas,2017-05-01,2017,5,3.7,228.9,1178.6,6.7,60.1,162.1,264.4,19.6,77.6,176.8,197.4,130.7,261.6,196.4
Kansas,2017-06-01,2017,6,3.6,232.5,1168.8,6.8,61.8,163.9,264.3,19.4,78.2,177.6,196.7,132.5,250.0,197.0
Kansas,2017-07-01,2017,7,3.6,232.6,1153.3,6.8,62.4,163.4,265.5,19.3,78.5,179.9,196.1,131.9,232.0,199.20000000000002
Kansas,2017-08-01,2017,8,3.6,231.2,1158.3,6.8,61.8,162.6,267.9,19.1,78.2,179.2,196.4,132.0,235.2,198.29999999999998
Kansas,2017-09-01,2017,9,3.6,231.8,1179.0,6.8,60.8,164.2,267.8,18.8,77.4,178.8,197.7,129.7,258.3,197.60000000000002
Kansas,2017-10-01,2017,10,3.5,232.0,1188.8,6.8,61.0,164.2,269.6,18.9,77.8,179.2,199.6,128.8,263.4,198.1
Kansas,2017-11-01,2017,11,3.5,231.5,1195.9,6.7,60.2,164.6,275.8,18.9,77.8,179.6,200.1,128.0,264.3,198.5
Kansas,2017-12-01,2017,12,3.5,231.8,1193.7,6.7,59.8,165.3,276.6,18.9,77.9,179.2,199.7,127.0,263.2,198.1
Kansas,2018-01-01,2018,1,3.4,225.7,1163.0,6.6,56.4,162.7,267.6,18.9,76.7,174.0,198.0,124.1,253.1,192.9
Kansas,2018-02-01,2018,2,3.4,228.7,1174.8,6.6,56.8,165.3,265.7,18.9,76.7,175.3,199.4,125.6,262.2,194.20000000000002
Kansas,2018-03-01,2018,3,3.4,230.2,1175.7,6.7,58.7,164.8,265.2,18.8,76.5,175.7,198.8,126.9,262.9,194.5
Kansas,2018-04-01,2018,4,3.4,232.2,1184.4,6.8,60.0,165.4,266.4,19.0,77.0,178.6,199.3,129.4,263.5,197.6
Kansas,2018-05-01,2018,5,3.3,234.1,1187.6,6.7,61.4,166.0,268.3,18.9,77.2,177.4,199.4,132.1,263.2,196.3
Kansas,2018-06-01,2018,6,3.3,237.8,1177.1,6.8,63.4,167.6,268.2,18.8,78.0,178.5,199.3,133.0,250.7,197.3
Kansas,2018-07-01,2018,7,3.2,238.8,1160.3,6.9,64.2,167.7,268.0,18.8,78.0,179.6,198.5,132.9,233.6,198.4
Kansas,2018-08-01,2018,8,3.2,239.0,1170.2,7.0,64.3,167.7,268.0,18.7,77.8,179.6,198.6,132.5,244.1,198.29999999999998
Kansas,2018-09-01,2018,9,3.2,238.7,1184.1,7.0,64.0,167.7,267.3,18.5,77.0,178.7,200.0,130.2,261.7,197.2
Kansas,2018-10-01,2018,10,3.3,239.5,1192.8,6.9,64.3,168.3,269.7,18.5,77.4,178.3,202.1,129.7,265.4,196.8
Kansas,2018-11-01,2018,11,3.3,239.3,1198.9,6.9,63.3,169.1,275.0,18.5,77.3,178.7,202.8,128.6,266.6,197.2
Kansas,2018-12-01,2018,12,3.3,239.1,1195.8,6.9,62.2,170.0,275.7,18.4,77.5,177.6,202.5,128.0,265.3,196.0
Kansas,2019-01-01,2019,1,3.3,235.1,1164.2,6.7,59.6,168.8,267.0,18.2,76.6,172.5,200.8,124.6,254.0,190.7
Kansas,2019-02-01,2019,2,3.3,235.5,1174.5,6.7,59.3,169.5,264.1,18.2,76.6,172.8,201.9,125.9,264.0,191.0
Kansas,2019-03-01,2019,3,3.2,237.3,1174.6,6.7,61.4,169.2,263.3,18.1,76.4,172.7,202.2,127.3,263.5,190.79999999999998
Kansas,2019-04-01,2019,4,3.2,242.4,1189.1,6.7,65.5,170.2,265.0,18.1,77.3,177.0,202.7,130.7,265.8,195.1
Kansas,2019-05-01,2019,5,3.1,241.7,1192.2,6.7,64.5,170.5,265.8,18.1,77.5,176.5,202.8,132.7,267.2,194.6
Kansas,2019-06-01,2019,6,3.1,245.1,1179.6,6.7,66.5,171.9,265.4,18.1,77.9,177.6,202.2,133.7,253.4,195.7
Kansas,2019-07-01,2019,7,3.1,243.2,1159.9,6.8,65.4,171.0,265.5,18.2,78.4,177.2,201.6,133.6,233.8,195.39999999999998
Kansas,2019-08-01,2019,8,3.1,243.7,1173.4,6.8,65.1,171.8,266.7,18.2,78.6,177.6,202.5,133.4,244.8,195.79999999999998
Kansas,2019-09-01,2019,9,3.1,242.0,1184.8,6.8,64.2,171.0,265.2,18.0,77.9,176.3,203.1,130.4,262.4,194.3
Kansas,2019-10-01,2019,10,3.1,241.6,1197.6,6.6,65.4,169.6,268.6,18.3,78.6,177.4,204.5,130.5,267.7,195.70000000000002
Kansas,2019-11-01,2019,11,3.1,242.4,1202.5,6.6,63.9,171.9,273.8,18.5,78.5,177.4,205.3,129.1,268.0,195.9
Kansas,2019-12-01,2019,12,3.1,241.8,1201.9,6.6,62.9,172.3,275.2,18.5,78.6,176.6,205.1,128.6,267.9,195.1
Kansas,2020-01-01,2020,1,3.1,237.8,1175.5,6.4,60.5,170.9,265.6,18.2,77.7,172.3,204.4,125.2,260.8,190.5
Kansas,2020-02-01,2020,2,3.1,237.5,1181.2,6.4,61.0,170.1,263.6,18.2,77.7,172.5,205.6,126.5,265.5,190.7
Kansas,2020-03-01,2020,3,3.1,238.9,1175.7,6.3,62.9,169.7,262.8,18.1,77.3,172.4,203.4,124.9,265.6,190.5
Kansas,2020-04-01,2020,4,12.1,218.7,1057.4,5.8,61.0,151.9,240.3,16.5,75.7,161.4,188.7,75.4,257.0,177.9
Kansas,2020-05-01,2020,5,9.2,221.3,1087.6,5.8,63.4,152.1,248.2,16.5,76.1,162.8,193.5,94.1,251.8,179.3
Kansas,2020-06-01,2020,6,7.5,222.8,1102.3,5.8,65.1,151.9,257.0,16.5,76.5,165.3,195.4,107.8,237.0,181.8
Kansas,2020-07-01,2020,7,6.7,226.1,1100.8,5.7,65.2,155.2,258.2,16.3,77.2,168.1,195.7,112.5,225.4,184.4
Kansas,2020-08-01,2020,8,5.8,228.2,1119.6,5.7,64.9,157.6,261.0,16.2,77.2,170.0,196.9,112.9,237.4,186.2
Kansas,2020-09-01,2020,9,5.4,226.8,1128.3,5.6,63.7,157.5,260.6,16.3,76.5,168.8,197.2,111.8,249.7,185.10000000000002
Kansas,2020-10-01,2020,10,4.9,227.7,1144.3,5.6,64.3,157.8,264.7,16.0,76.9,169.5,200.5,113.5,255.4,185.5
Kansas,2020-11-01,2020,11,4.6,226.3,1147.5,5.6,63.6,157.1,269.9,15.9,76.6,170.0,199.8,112.2,255.6,185.9
Kansas,2020-12-01,2020,12,4.4,227.6,1146.9,5.6,63.4,158.6,272.1,15.9,76.7,170.5,200.5,110.7,253.8,186.4
Kansas,2021-01-01,2021,1,4.1,224.4,1126.0,5.5,60.5,158.4,265.4,15.9,76.3,166.1,199.0,109.0,247.6,182.0
Kansas,2021-02-01,2021,2,3.9,219.8,1128.8,5.5,56.4,157.9,262.2,16.1,76.4,165.4,198.9,110.5,252.7,181.5
Kansas,2021-03-01,2021,3,3.8,228.3,1136.1,5.7,62.0,160.6,263.1,16.0,76.3,167.5,198.8,113.4,254.4,183.5
Kansas,2021-04-01,2021,4,3.7,228.3,1149.4,5.8,63.3,159.2,263.6,16.3,76.6,170.2,199.8,118.3,256.2,186.5
Kansas,2021-05-01,2021,5,3.7,229.4,1156.9,5.9,64.3,159.2,265.2,16.7,76.5,170.8,199.5,122.3,257.3,187.5
Kansas,2021-06-01,2021,6,3.7,233.3,1148.7,6.0,66.2,161.1,266.2,16.8,76.6,169.5,197.4,124.7,249.4,186.3
Kansas,2021-07-01,2021,7,3.5,235.4,1137.9,6.0,67.4,162.0,266.8,17.1,76.7,172.8,196.9,127.2,231.3,189.9
Kansas,2021-08-01,2021,8,3.4,234.9,1143.1,6.0,66.9,162.0,266.8,17.2,76.3,172.6,196.7,125.9,238.4,189.79999999999998
Kansas,2021-09-01,2021,9,3.1,233.2,1145.2,6.0,65.6,161.6,265.0,17.1,74.8,169.3,194.2,122.6,253.7,186.4
Kansas,2021-10-01,2021,10,2.9,234.5,1168.5,6.0,65.5,163.0,271.5,17.7,76.1,175.5,197.2,123.7,257.4,193.2
Kansas,2021-11-01,2021,11,2.8,234.8,1174.4,6.0,65.0,163.8,276.9,18.0,76.2,175.5,197.0,123.6,257.7,193.5
Kansas,2021-12-01,2021,12,2.6,235.4,1170.6,6.1,64.2,165.1,279.5,18.1,76.3,174.2,196.8,122.8,253.8,192.29999999999998
Kansas,2022-01-01,2022,1,2.6,230.9,1152.3,6.0,60.8,164.1,271.2,17.9,75.3,172.5,196.3,119.8,250.3,190.4
Kansas,2022-02-01,2022,2,2.6,232.8,1163.1,6.0,61.1,165.7,272.3,18.1,75.1,175.9,197.1,121.7,253.7,194.0
Kansas,2022-03-01,2022,3,2.6,234.5,1162.6,6.0,61.7,166.8,271.2,18.2,74.6,174.9,196.7,123.2,254.5,193.1
Kansas,2022-04-01,2022,4,2.6,237.6,1176.6,6.1,64.2,167.3,272.1,18.3,75.6,178.5,198.4,127.2,256.2,196.8
Kansas,2022-05-01,2022,5,2.7,238.9,1179.5,6.1,65.0,167.8,271.9,18.3,75.7,177.8,199.3,129.6,256.5,196.10000000000002
Kansas,2022-06-01,2022,6,2.7,242.8,1164.3,6.2,67.0,169.6,271.2,18.2,75.2,176.1,197.0,130.7,245.9,194.29999999999998
Kansas,2022-07-01,2022,7,2.8,244.9,1158.7,6.3,67.7,170.9,272.4,18.6,76.6,182.7,200.4,131.8,225.3,201.29999999999998
Kansas,2022-08-01,2022,8,2.9,243.9,1166.6,6.3,66.9,170.7,273.3,18.4,76.4,183.0,201.6,132.0,230.9,201.4
Kansas,2022-09-01,2022,9,2.9,243.0,1185.2,6.3,66.3,170.4,272.6,18.2,75.6,181.1,201.3,130.5,254.9,199.29999999999998
Kansas,2022-10-01,2022,10,3.0,243.9,1196.7,6.3,66.2,171.4,275.9,18.3,76.1,182.6,203.5,129.4,258.9,200.9
Kansas,2022-11-01,2022,11,3.0,244.9,1200.9,6.3,66.2,172.4,279.8,18.4,76.3,181.7,204.0,129.2,259.3,200.1
Kansas,2022-12-01,2022,12,3.0,245.2,1196.1,6.3,65.5,173.4,283.2,18.3,76.1,179.8,203.8,127.9,255.5,198.10000000000002
Kansas,2023-01-01,2023,1,3.0,242.7,1181.6,6.3,63.9,172.5,274.7,18.1,75.9,176.2,203.4,126.5,254.8,194.29999999999998
Kansas,2023-02-01,2023,2,3.0,244.4,1186.0,6.3,64.5,173.6,273.6,18.1,75.6,176.5,204.4,128.4,257.0,194.6
Kansas,2023-03-01,2023,3,2.9,245.6,1187.5,6.3,66.4,172.9,273.1,18.0,75.5,176.6,203.6,130.5,257.3,194.6
Kansas,2023-04-01,2023,4,2.9,246.2,1198.7,6.4,67.5,172.3,274.2,18.2,76.3,179.2,205.1,132.4,259.8,197.39999999999998
Kansas,2023-05-01,2023,5,2.8,246.7,1202.9,6.4,68.0,172.3,274.9,18.4,76.5,177.6,205.7,135.0,261.1,196.0
Kansas,2023-06-01,2023,6,2.8,250.7,1197.4,6.3,70.2,174.2,276.5,18.3,77.2,178.6,205.5,136.9,250.4,196.9
Kansas,2023-07-01,2023,7,2.8,250.4,1174.5,6.3,69.8,174.3,274.2,18.6,77.8,179.1,206.7,136.0,228.8,197.7
Kansas,2023-08-01,2023,8,2.8,249.5,1181.5,6.3,69.3,173.9,274.5,18.3,77.6,178.0,207.9,136.2,235.6,196.3
Kansas,2023-09-01,2023,9,2.9,248.6,1200.3,6.3,68.5,173.8,273.9,18.1,77.3,176.1,207.8,134.6,258.6,194.2
Kansas,2023-10-01,2023,10,2.9,247.9,1211.0,6.3,69.1,172.5,276.5,17.9,77.9,177.5,210.3,133.8,263.0,195.4
Kansas,2023-11-01,2023,11,2.9,249.5,1215.6,6.3,68.8,174.4,281.6,17.8,77.8,177.6,210.9,132.2,263.6,195.4
Kansas,2023-12-01,2023,12,3.0,250.0,1210.5,6.2,68.2,175.6,282.7,17.8,77.9,175.5,211.3,130.9,260.3,193.3
Kansas,2024-01-01,2024,1,3.1,243.8,1185.4,6.0,63.8,174.0,273.2,17.8,77.3,170.8,209.2,127.1,256.5,188.60000000000002
Kansas,2024-02-01,2024,2,3.1,248.0,1197.6,6.1,67.0,174.9,273.0,17.7,77.4,172.9,211.0,129.8,261.5,190.6
Kansas,2024-03-01,2024,3,3.3,249.7,1200.8,6.1,68.9,174.7,272.3,17.8,77.4,173.2,211.2,131.7,262.5,191.0
Kansas,2024-04-01,2024,4,3.4,251.2,1212.4,6.1,70.4,174.7,272.8,17.8,77.7,176.4,212.4,134.9,265.2,194.20000000000002
Kansas,2024-05-01,2024,5,3.5,252.5,1211.8,6.1,71.3,175.1,274.4,17.6,77.9,176.2,213.1,136.9,260.5,193.79999999999998
Kansas,2024-06-01,2024,6,3.6,256.4,1205.5,6.1,73.6,176.7,274.7,17.6,78.3,175.4,212.5,137.8,253.7,193.0
Kansas,2024-07-01,2024,7,3.6,255.2,1182.0,6.2,73.9,175.1,273.3,17.8,78.7,175.9,212.5,136.5,232.1,193.70000000000002
Kansas,2024-08-01,2024,8,3.7,255.6,1192.4,6.2,74.0,175.4,274.0,17.5,78.5,176.1,213.6,136.0,241.4,193.6
Kansas,2024-09-01,2024,9,3.7,254.2,1207.2,6.1,73.1,175.0,273.3,17.3,77.9,173.9,213.3,134.6,261.2,191.20000000000002
Kansas,2024-10-01,2024,10,3.7,250.6,1223.0,6.2,73.2,171.2,275.1,17.5,78.8,176.7,216.5,134.5,267.4,194.2
Kansas,2024-11-01,2024,11,3.7,254.3,1226.9,6.2,72.8,175.3,279.4,17.4,79.0,175.7,216.8,133.4,268.9,193.1
Kansas,2024-12-01,2024,12,3.8,253.2,1222.9,6.2,72.3,174.7,280.6,17.3,79.1,174.3,216.6,133.5,265.7,191.60000000000002
Kansas,2025-01-01,2025,1,3.8,246.6,1193.2,6.1,67.2,173.3,272.7,17.2,79.0,170.2,214.8,127.6,256.7,187.39999999999998
Kansas,2025-02-01,2025,2,3.8,248.7,1203.5,6.0,70.1,172.6,271.2,17.2,79.0,171.7,215.8,128.9,264.1,188.89999999999998
Kansas,2025-03-01,2025,3,3.8,251.6,1207.3,6.1,72.9,172.6,271.5,17.1,78.8,172.5,215.5,130.9,264.9,189.6
Kansas,2025-04-01,2025,4,3.8,253.2,1220.6,6.1,74.8,172.3,271.2,17.2,79.3,175.7,218.0,135.1,267.3,192.89999999999998
Kansas,2025-05-01,2025,5,3.8,253.2,1220.6,6.1,73.6,173.5,272.8,17.0,79.2,173.8,218.2,137.0,266.5,190.8
Kansas,2025-06-01,2025,6,3.7,254.9,1208.2,6.0,75.4,173.5,272.5,17.0,79.2,172.7,217.0,136.5,257.7,189.7
Kansas,2025-07-01,2025,7,3.7,255.4,1191.0,6.0,76.2,173.2,272.4,17.1,79.8,174.8,218.3,137.2,235.9,191.9
Kansas,2025-08-01,2025,8,3.7,254.0,1195.5,5.9,75.6,172.5,273.1,16.9,79.7,175.3,218.6,136.6,239.6,192.20000000000002
Kansas,2025-09-01,2025,9,3.8,252.1,1212.9,5.9,74.2,172.0,271.5,16.8,78.8,174.2,218.0,134.9,262.9,191.0
Kansas,2025-10-01,2025,10,,253.7,1222.1,5.8,75.6,172.3,274.1,17.1,79.3,175.2,220.7,133.5,266.9,192.29999999999998
Kansas,2025-11-01,2025,11,3.8,254.6,1227.1,5.8,75.6,173.2,279.0,17.0,79.4,174.4,220.2,133.7,267.9,191.4
Kansas,2025-12-01,2025,12,3.8,252.4,1221.0,5.9,73.8,172.7,280.5,17.3,80.4,172.1,219.6,131.9,264.3,189.4
Kansas,2026-01-01,2026,1,3.9,248.2,1200.4,5.8,69.8,172.6,272.5,16.8,79.4,170.6,218.4,127.1,260.9,187.4
Kansas,2026-02-01,2026,2,3.9,248.4,1204.2,5.8,70.4,172.2,269.1,16.8,79.2,171.3,219.0,129.5,264.3,188.10000000000002
Kentucky,2016-01-01,2016,1,5.2,327.7,1545.2,11.6,71.3,244.8,387.9,22.6,92.7,218.0,264.1,180.1,315.8,240.6
Kentucky,2016-02-01,2016,2,5.2,327.3,1548.6,11.1,70.7,245.5,386.7,22.7,92.9,215.1,267.5,182.0,317.2,237.79999999999998
Kentucky,2016-03-01,2016,3,5.1,330.6,1556.7,11.0,73.2,246.4,388.9,22.7,92.8,213.0,267.2,187.3,319.7,235.7
Kentucky,2016-04-01,2016,4,5.0,334.2,1572.2,10.5,76.8,246.9,391.1,22.6,92.9,216.2,266.6,196.7,320.3,238.79999999999998
Kentucky,2016-05-01,2016,5,5.0,336.2,1580.8,10.4,78.0,247.8,393.3,22.8,93.5,217.0,266.5,200.7,320.8,239.8
Kentucky,2016-06-01,2016,6,5.0,338.9,1573.6,10.4,79.4,249.1,392.7,23.0,93.9,216.1,266.0,201.4,314.4,239.1
Kentucky,2016-07-01,2016,7,5.0,339.7,1563.4,10.2,79.8,249.7,395.3,23.1,94.2,214.9,265.9,201.0,303.3,238.0
Kentucky,2016-08-01,2016,8,5.0,339.1,1574.4,10.1,78.9,250.1,396.0,23.3,94.0,215.9,267.5,200.5,311.4,239.20000000000002
Kentucky,2016-09-01,2016,9,5.1,339.3,1581.3,10.1,79.2,250.0,394.7,23.2,93.9,217.8,270.7,197.5,318.0,241.0
Kentucky,2016-10-01,2016,10,5.1,337.8,1584.4,10.2,78.4,249.2,395.8,23.0,94.2,220.5,272.7,194.8,317.0,243.5
Kentucky,2016-11-01,2016,11,5.1,338.8,1594.9,10.3,78.2,250.3,404.3,23.0,94.1,224.3,271.7,193.7,318.4,247.3
Kentucky,2016-12-01,2016,12,5.1,338.1,1598.0,10.3,76.7,251.1,410.0,23.1,95.1,223.9,272.8,189.5,318.1,247.0
Kentucky,2017-01-01,2017,1,5.1,331.3,1554.5,10.1,71.5,249.7,392.7,22.6,93.5,214.7,267.9,184.4,314.0,237.29999999999998
Kentucky,2017-02-01,2017,2,5.0,332.3,1560.5,10.2,72.0,250.1,390.9,22.6,93.5,212.0,271.7,187.3,317.1,234.6
Kentucky,2017-03-01,2017,3,5.0,335.5,1569.1,10.4,74.9,250.2,392.3,22.7,93.7,211.5,271.5,192.8,318.5,234.2
Kentucky,2017-04-01,2017,4,4.9,336.9,1581.0,10.4,76.1,250.4,393.2,22.6,93.7,212.7,273.3,199.2,320.3,235.29999999999998
Kentucky,2017-05-01,2017,5,4.9,338.5,1588.0,10.4,77.8,250.3,395.9,22.7,94.0,212.6,271.7,203.7,321.1,235.29999999999998
Kentucky,2017-06-01,2017,6,4.8,341.0,1589.6,10.4,79.6,251.0,397.3,22.7,94.7,215.3,272.6,204.8,315.7,238.0
Kentucky,2017-07-01,2017,7,4.8,340.6,1565.7,10.3,80.0,250.3,395.9,22.6,94.1,214.1,269.7,203.0,300.5,236.7
Kentucky,2017-08-01,2017,8,4.7,340.4,1573.6,10.3,79.9,250.2,397.3,22.4,94.1,215.6,270.8,202.0,305.6,238.0
Kentucky,2017-09-01,2017,9,4.6,340.5,1588.6,10.2,80.4,249.9,398.5,22.2,93.9,217.6,273.6,198.8,318.3,239.79999999999998
Kentucky,2017-10-01,2017,10,4.5,340.2,1594.8,10.2,80.2,249.8,400.3,22.1,93.8,219.9,276.1,198.4,318.5,242.0
Kentucky,2017-11-01,2017,11,4.4,340.5,1612.0,10.0,79.0,251.5,412.4,21.8,93.7,224.0,277.4,197.2,320.2,245.8
Kentucky,2017-12-01,2017,12,4.3,339.4,1608.9,9.8,77.2,252.4,416.0,21.9,93.7,223.1,276.5,192.5,319.8,245.0
Kentucky,2018-01-01,2018,1,4.2,331.8,1559.0,9.3,71.7,250.8,399.4,22.0,92.3,212.6,272.1,185.6,310.7,234.6
Kentucky,2018-02-01,2018,2,4.2,332.9,1569.3,9.3,72.4,251.2,397.1,22.1,92.1,213.0,275.8,188.6,315.7,235.1
Kentucky,2018-03-01,2018,3,4.2,335.5,1577.4,9.5,74.8,251.2,398.4,22.0,92.1,213.3,275.6,192.8,317.7,235.3
Kentucky,2018-04-01,2018,4,4.2,338.1,1591.5,10.0,77.1,251.0,398.7,21.9,92.6,216.4,278.8,199.2,317.7,238.3
Kentucky,2018-05-01,2018,5,4.2,340.4,1598.7,10.1,79.1,251.2,400.9,22.1,93.1,215.6,277.2,204.5,319.0,237.7
Kentucky,2018-06-01,2018,6,4.2,342.9,1600.6,10.2,80.6,252.1,403.5,22.2,93.7,217.7,277.9,205.4,313.8,239.89999999999998
Kentucky,2018-07-01,2018,7,4.2,341.6,1575.7,10.4,80.8,250.4,402.8,21.8,93.6,216.0,274.9,204.7,296.2,237.8
Kentucky,2018-08-01,2018,8,4.2,343.2,1586.1,10.3,80.7,252.2,402.3,21.8,93.9,217.8,277.3,204.3,302.7,239.60000000000002
Kentucky,2018-09-01,2018,9,4.2,342.0,1597.2,10.4,80.8,250.8,400.6,21.9,93.7,218.4,280.6,200.6,316.0,240.3
Kentucky,2018-10-01,2018,10,4.2,342.4,1600.1,10.5,80.1,251.8,402.6,21.8,93.4,220.0,281.6,199.3,315.8,241.8
Kentucky,2018-11-01,2018,11,4.2,343.2,1619.9,10.6,79.3,253.3,416.0,22.0,93.6,224.7,284.1,197.7,316.0,246.7
Kentucky,2018-12-01,2018,12,4.2,343.1,1613.1,10.7,78.3,254.1,419.0,21.8,94.0,220.6,283.4,193.9,314.7,242.4
Kentucky,2019-01-01,2019,1,4.2,338.4,1573.0,10.6,75.0,252.8,405.3,21.6,92.7,211.7,279.4,189.4,308.3,233.29999999999998
Kentucky,2019-02-01,2019,2,4.2,337.7,1577.6,10.5,74.2,253.0,400.1,21.8,92.7,209.9,283.4,191.3,313.4,231.70000000000002
Kentucky,2019-03-01,2019,3,4.1,340.2,1586.3,10.7,77.0,252.5,400.2,21.8,92.7,211.6,283.3,196.3,314.6,233.4
Kentucky,2019-04-01,2019,4,4.1,342.0,1597.1,10.6,79.5,251.9,398.7,21.8,92.9,212.9,285.4,204.2,314.9,234.70000000000002
Kentucky,2019-05-01,2019,5,4.1,343.9,1608.2,10.7,81.4,251.8,401.1,22.0,93.7,214.2,284.6,209.3,316.7,236.2
Kentucky,2019-06-01,2019,6,4.1,345.0,1607.2,10.0,82.5,252.5,402.6,22.0,94.1,215.8,285.3,209.3,310.9,237.8
Kentucky,2019-07-01,2019,7,4.1,346.2,1589.4,10.0,83.4,252.8,403.5,21.8,94.4,215.8,283.5,208.1,295.4,237.60000000000002
Kentucky,2019-08-01,2019,8,4.1,346.6,1601.6,9.8,83.9,252.9,403.0,21.7,94.5,217.1,287.6,207.6,302.6,238.79999999999998
Kentucky,2019-09-01,2019,9,4.0,345.0,1610.3,9.6,83.4,252.0,401.7,21.5,94.1,218.0,288.8,203.9,314.9,239.5
Kentucky,2019-10-01,2019,10,4.0,342.7,1612.0,10.1,82.6,250.0,404.4,21.3,94.3,218.9,288.2,202.9,314.6,240.20000000000002
Kentucky,2019-11-01,2019,11,4.0,344.9,1634.3,10.0,82.4,252.5,416.7,21.7,94.6,224.6,291.1,201.1,316.5,246.29999999999998
Kentucky,2019-12-01,2019,12,4.0,342.8,1632.3,9.8,80.5,252.5,420.8,21.7,94.7,223.6,289.4,198.5,315.8,245.29999999999998
Kentucky,2020-01-01,2020,1,4.1,336.3,1593.0,8.9,76.3,251.1,404.4,21.5,93.8,213.7,287.9,194.5,309.8,235.2
Kentucky,2020-02-01,2020,2,4.1,334.7,1600.6,8.4,75.4,250.9,401.3,21.5,93.9,214.0,291.3,195.9,314.5,235.5
Kentucky,2020-03-01,2020,3,4.1,335.1,1594.5,8.2,77.8,249.1,400.6,21.4,94.4,213.4,289.6,192.6,313.9,234.8
Kentucky,2020-04-01,2020,4,16.7,283.8,1376.2,6.6,72.4,204.8,360.6,19.5,90.5,186.5,249.7,115.0,301.8,206.0
Kentucky,2020-05-01,2020,5,12.8,290.9,1408.9,6.9,75.7,208.3,373.2,19.6,90.7,189.1,256.3,128.3,297.6,208.7
Kentucky,2020-06-01,2020,6,5.3,317.9,1473.4,7.2,78.1,232.6,390.5,19.9,92.1,198.5,263.6,158.1,290.2,218.4
Kentucky,2020-07-01,2020,7,5.8,320.0,1480.8,7.1,78.5,234.4,393.4,20.0,92.7,202.8,269.1,168.8,273.3,222.8
Kentucky,2020-08-01,2020,8,5.2,322.4,1513.3,7.4,79.1,235.9,396.8,20.2,93.1,207.3,271.8,169.5,293.6,227.5
Kentucky,2020-09-01,2020,9,5.0,324.3,1526.2,7.2,79.7,237.4,398.1,20.4,93.0,208.3,276.2,170.3,298.7,228.70000000000002
Kentucky,2020-10-01,2020,10,4.8,326.6,1538.4,7.4,80.5,238.7,402.0,20.2,93.6,214.1,279.1,170.1,298.3,234.29999999999998
Kentucky,2020-11-01,2020,11,4.8,326.7,1552.8,7.4,79.5,239.8,413.1,20.3,94.0,217.4,278.3,167.9,300.4,237.70000000000002
Kentucky,2020-12-01,2020,12,4.7,327.6,1549.5,7.2,78.0,242.4,421.8,20.2,94.2,221.6,278.0,155.5,297.5,241.79999999999998
Kentucky,2021-01-01,2021,1,4.6,323.9,1529.1,7.4,74.5,242.0,407.7,20.2,94.8,213.7,278.1,161.9,291.7,233.89999999999998
Kentucky,2021-02-01,2021,2,4.6,323.1,1530.4,7.3,72.9,242.9,403.7,20.2,94.7,212.4,279.3,163.0,295.9,232.6
Kentucky,2021-03-01,2021,3,4.6,327.1,1550.9,7.5,76.0,243.6,406.4,20.5,95.2,214.7,283.7,170.8,297.5,235.2
Kentucky,2021-04-01,2021,4,4.6,326.6,1557.0,7.5,78.7,240.4,402.4,20.4,95.3,215.5,284.0,176.0,300.9,235.9
Kentucky,2021-05-01,2021,5,4.5,329.2,1569.8,7.6,80.2,241.4,405.9,20.6,95.7,218.4,282.4,183.1,300.7,239.0
Kentucky,2021-06-01,2021,6,4.6,329.7,1573.3,7.6,81.3,240.8,407.2,20.8,96.3,219.5,280.7,189.5,295.6,240.3
Kentucky,2021-07-01,2021,7,4.5,332.2,1555.7,7.6,81.8,242.8,408.3,20.9,96.5,220.1,281.0,192.3,272.9,241.0
Kentucky,2021-08-01,2021,8,4.5,331.8,1579.2,7.7,81.4,242.7,409.1,20.9,96.5,220.7,282.4,191.4,294.2,241.6
Kentucky,2021-09-01,2021,9,4.4,331.3,1581.1,7.6,81.1,242.6,409.4,20.7,96.0,219.0,282.1,188.3,302.0,239.7
Kentucky,2021-10-01,2021,10,4.3,334.6,1602.5,7.7,82.6,244.3,419.0,20.6,97.2,224.9,285.6,188.0,302.8,245.5
Kentucky,2021-11-01,2021,11,4.2,335.6,1618.6,7.8,82.3,245.5,429.5,20.8,97.5,228.0,286.5,187.7,303.9,248.8
Kentucky,2021-12-01,2021,12,4.1,336.9,1623.5,7.9,81.4,247.6,435.9,20.7,97.5,228.3,285.5,186.4,304.4,249.0
Kentucky,2022-01-01,2022,1,4.0,331.6,1580.8,7.7,77.1,246.8,419.8,20.8,95.4,221.7,280.9,181.0,297.4,242.5
Kentucky,2022-02-01,2022,2,4.0,333.4,1595.5,7.8,77.5,248.1,421.7,20.9,95.9,223.8,284.4,184.0,300.3,244.70000000000002
Kentucky,2022-03-01,2022,3,4.0,335.4,1607.3,7.8,79.5,248.1,422.9,21.0,96.1,224.1,285.5,190.7,301.7,245.1
Kentucky,2022-04-01,2022,4,4.0,341.1,1614.6,8.0,82.2,250.9,418.9,21.3,96.8,227.0,286.5,195.2,302.4,248.3
Kentucky,2022-05-01,2022,5,4.0,342.5,1621.9,8.1,83.4,251.0,419.1,21.5,96.9,227.5,286.8,200.1,302.8,249.0
Kentucky,2022-06-01,2022,6,4.0,346.0,1618.4,8.3,84.9,252.8,418.6,21.6,97.3,228.0,286.0,202.9,296.0,249.6
Kentucky,2022-07-01,2022,7,4.0,348.0,1600.3,8.3,86.0,253.7,421.6,22.0,97.5,229.5,287.4,203.7,270.2,251.5
Kentucky,2022-08-01,2022,8,4.1,348.1,1627.3,8.4,85.9,253.8,421.2,22.4,97.0,230.2,289.5,204.1,294.5,252.6
Kentucky,2022-09-01,2022,9,4.1,349.1,1641.1,8.5,86.6,254.0,422.7,22.2,96.6,231.5,293.3,201.2,305.0,253.7
Kentucky,2022-10-01,2022,10,4.1,349.4,1647.0,8.5,86.6,254.3,426.3,22.6,96.5,232.5,295.3,199.0,305.7,255.1
Kentucky,2022-11-01,2022,11,4.1,349.7,1663.0,8.6,86.4,254.7,435.9,22.9,96.4,234.5,297.1,199.0,307.9,257.4
Kentucky,2022-12-01,2022,12,4.1,350.4,1662.9,8.6,85.5,256.3,441.7,23.0,96.4,231.6,297.3,195.6,307.8,254.6
Kentucky,2023-01-01,2023,1,4.1,344.7,1636.8,8.5,83.2,253.0,427.3,23.0,96.3,226.1,297.1,194.2,303.2,249.1
Kentucky,2023-02-01,2023,2,4.1,346.2,1644.0,8.6,83.4,254.2,424.6,23.1,96.3,226.2,300.1,196.3,307.0,249.29999999999998
Kentucky,2023-03-01,2023,3,4.1,351.7,1652.0,8.7,86.0,257.0,423.9,23.0,96.5,226.7,301.2,200.4,309.0,249.7
Kentucky,2023-04-01,2023,4,4.1,352.9,1657.2,8.6,88.1,256.2,421.5,22.7,96.6,229.9,301.1,204.1,309.7,252.6
Kentucky,2023-05-01,2023,5,4.1,354.3,1665.3,8.6,89.7,256.0,423.0,22.9,96.7,229.5,300.9,208.7,311.8,252.4
Kentucky,2023-06-01,2023,6,4.2,357.6,1664.4,8.6,91.8,257.2,424.5,23.0,97.2,230.5,300.7,210.9,304.7,253.5
Kentucky,2023-07-01,2023,7,4.2,357.9,1633.8,8.6,92.2,257.1,421.8,23.4,96.9,229.6,299.5,209.3,280.7,253.0
Kentucky,2023-08-01,2023,8,4.3,357.5,1659.9,8.6,92.0,256.9,423.1,22.7,96.8,229.2,302.3,208.8,304.4,251.89999999999998
Kentucky,2023-09-01,2023,9,4.4,358.5,1672.1,8.5,92.6,257.4,424.9,22.4,96.3,229.3,305.9,206.5,313.9,251.70000000000002
Kentucky,2023-10-01,2023,10,4.4,358.8,1675.5,8.5,94.2,256.1,427.7,22.1,96.2,228.9,307.3,204.9,315.4,251.0
Kentucky,2023-11-01,2023,11,4.5,359.2,1688.0,8.4,93.1,257.7,437.1,22.1,95.9,229.7,308.9,204.3,317.1,251.79999999999998
Kentucky,2023-12-01,2023,12,4.5,360.4,1688.7,8.5,92.0,259.9,440.9,21.9,96.1,228.6,310.4,201.2,316.7,250.5
Kentucky,2024-01-01,2024,1,4.6,355.8,1650.5,8.2,88.9,258.7,425.0,21.3,95.2,222.2,307.3,195.7,311.3,243.5
Kentucky,2024-02-01,2024,2,4.6,357.5,1659.3,8.1,90.1,259.3,422.7,21.1,95.1,223.3,311.0,197.1,315.9,244.4
Kentucky,2024-03-01,2024,3,4.7,358.8,1670.8,8.1,91.2,259.5,423.0,20.9,95.3,225.2,312.5,202.3,318.0,246.1
Kentucky,2024-04-01,2024,4,4.8,359.5,1675.1,8.2,92.8,258.5,420.6,20.8,95.4,226.0,313.1,208.2,317.3,246.8
Kentucky,2024-05-01,2024,5,4.8,360.3,1684.0,8.0,94.0,258.3,422.5,20.9,95.7,226.6,313.4,211.9,318.9,247.5
Kentucky,2024-06-01,2024,6,4.9,362.7,1680.3,8.0,95.6,259.1,423.9,21.0,96.1,227.4,312.3,214.4,310.5,248.4
Kentucky,2024-07-01,2024,7,4.9,362.2,1651.9,8.0,96.7,257.5,424.1,20.9,96.0,225.2,311.8,212.2,287.5,246.1
Kentucky,2024-08-01,2024,8,4.9,362.4,1680.4,8.0,97.0,257.4,427.9,20.9,95.9,225.9,313.6,211.3,310.7,246.8
Kentucky,2024-09-01,2024,9,4.9,361.0,1685.6,7.9,96.1,257.0,427.1,21.0,95.3,225.2,316.4,207.2,319.3,246.2
Kentucky,2024-10-01,2024,10,4.9,357.4,1690.9,7.7,94.6,255.1,429.7,20.8,95.1,224.5,318.2,207.8,321.1,245.3
Kentucky,2024-11-01,2024,11,4.9,357.1,1700.8,7.5,93.8,255.8,436.6,20.7,95.2,226.4,319.8,205.8,322.8,247.1
Kentucky,2024-12-01,2024,12,4.9,356.0,1697.5,7.5,92.5,256.0,439.4,20.8,95.3,223.7,319.5,203.4,322.1,244.5
Kentucky,2025-01-01,2025,1,4.8,346.3,1655.4,7.2,85.7,253.4,425.8,20.5,94.7,217.8,316.1,194.1,313.9,238.3
Kentucky,2025-02-01,2025,2,4.8,348.7,1668.8,7.2,87.6,253.9,423.6,20.5,95.0,220.5,318.9,197.0,320.2,241.0
Kentucky,2025-03-01,2025,3,4.7,352.0,1677.9,7.2,90.1,254.7,424.4,20.5,94.9,221.7,319.6,201.6,321.8,242.2
Kentucky,2025-04-01,2025,4,4.7,352.6,1687.5,7.1,92.3,253.2,423.0,20.6,95.4,224.5,320.2,207.9,322.2,245.1
Kentucky,2025-05-01,2025,5,4.7,354.0,1695.1,7.1,93.4,253.5,424.0,20.5,95.9,225.4,319.9,211.9,323.6,245.9
Kentucky,2025-06-01,2025,6,4.6,355.1,1687.1,7.1,94.4,253.6,423.5,20.6,96.1,225.0,318.1,214.3,315.3,245.6
Kentucky,2025-07-01,2025,7,4.6,354.1,1658.7,7.1,95.1,251.9,422.4,20.6,96.1,226.6,316.4,212.3,290.5,247.2
Kentucky,2025-08-01,2025,8,4.5,353.5,1684.2,6.9,95.2,251.4,423.1,20.3,96.0,227.9,318.6,212.2,312.5,248.20000000000002
Kentucky,2025-09-01,2025,9,4.5,353.3,1685.5,7.0,95.5,250.8,423.2,20.0,95.6,226.2,318.7,207.8,320.6,246.2
Kentucky,2025-10-01,2025,10,,352.6,1687.8,7.0,95.0,250.6,425.5,20.0,95.4,225.2,320.6,207.2,320.2,245.2
Kentucky,2025-11-01,2025,11,4.4,352.4,1693.2,7.0,94.1,251.3,429.7,20.1,95.7,227.0,321.0,205.1,321.3,247.1
Kentucky,2025-12-01,2025,12,4.4,350.1,1691.0,6.9,91.6,251.6,433.5,20.2,95.9,225.7,320.7,201.4,320.1,245.89999999999998
Kentucky,2026-01-01,2026,1,4.3,346.3,1661.3,6.7,89.0,250.6,423.2,19.7,95.7,221.5,318.3,195.8,314.0,241.2
Kentucky,2026-02-01,2026,2,4.2,344.0,1663.9,6.6,87.1,250.3,418.3,19.7,95.2,220.8,322.4,197.4,317.5,240.5
Louisiana,2016-01-01,2016,1,6.0,317.5,1650.9,42.2,136.8,138.5,388.9,24.8,92.8,208.9,306.2,227.1,327.2,233.70000000000002
Louisiana,2016-02-01,2016,2,6.0,316.5,1655.6,41.0,137.6,137.9,386.7,24.6,92.8,210.1,306.9,228.4,331.2,234.7
Louisiana,2016-03-01,2016,3,6.0,316.9,1659.9,40.0,139.8,137.1,387.8,24.5,92.8,210.0,307.2,232.1,330.2,234.5
Louisiana,2016-04-01,2016,4,6.1,313.9,1670.6,38.8,138.3,136.8,387.9,24.1,93.2,214.2,309.7,234.8,331.2,238.29999999999998
Louisiana,2016-05-01,2016,5,6.1,313.5,1672.8,38.1,138.7,136.7,387.6,23.9,93.6,212.4,310.0,237.1,332.9,236.3
Louisiana,2016-06-01,2016,6,6.1,315.8,1659.9,37.8,141.6,136.4,386.5,23.4,93.0,209.3,307.8,236.5,328.0,232.70000000000002
Louisiana,2016-07-01,2016,7,6.1,316.8,1645.3,37.9,143.1,135.8,386.3,23.9,93.9,209.2,307.9,233.3,315.7,233.1
Louisiana,2016-08-01,2016,8,6.1,311.9,1645.2,37.3,139.7,134.9,385.5,23.9,93.6,207.7,310.9,231.5,317.4,231.6
Louisiana,2016-09-01,2016,9,6.1,314.5,1660.3,37.0,142.5,135.0,384.5,22.3,93.9,211.0,312.4,230.6,331.1,233.3
Louisiana,2016-10-01,2016,10,6.0,316.0,1666.3,36.7,144.6,134.7,386.3,22.6,94.1,211.2,313.1,230.4,334.5,233.79999999999998
Louisiana,2016-11-01,2016,11,6.0,312.6,1673.9,36.2,142.1,134.3,392.6,24.1,93.8,209.8,313.1,229.9,336.6,233.9
Louisiana,2016-12-01,2016,12,5.9,310.5,1668.3,36.3,139.9,134.3,394.9,22.5,93.6,207.5,313.9,228.6,333.8,230.0
Louisiana,2017-01-01,2017,1,5.8,310.3,1643.1,35.3,141.4,133.6,383.3,21.9,92.6,205.7,311.6,226.2,328.3,227.6
Louisiana,2017-02-01,2017,2,5.7,314.3,1656.5,35.3,144.8,134.2,380.9,24.2,92.9,209.2,313.3,229.4,333.0,233.39999999999998
Louisiana,2017-03-01,2017,3,5.5,315.7,1658.0,35.4,146.1,134.2,381.9,23.8,92.8,208.7,313.2,231.7,332.1,232.5
Louisiana,2017-04-01,2017,4,5.4,316.1,1661.2,35.4,146.2,134.5,381.8,24.1,92.9,207.9,314.0,233.6,333.2,232.0
Louisiana,2017-05-01,2017,5,5.2,318.7,1666.9,35.7,148.3,134.7,382.2,25.0,93.2,208.6,314.2,236.0,333.7,233.6
Louisiana,2017-06-01,2017,6,5.1,320.4,1657.5,36.1,148.8,135.5,381.6,22.8,93.3,207.9,312.9,236.8,327.7,230.70000000000002
Louisiana,2017-07-01,2017,7,5.0,320.2,1637.0,36.3,149.1,134.8,379.5,22.3,93.6,208.4,308.9,234.5,315.9,230.70000000000002
Louisiana,2017-08-01,2017,8,4.9,320.5,1645.3,36.1,149.4,135.0,380.5,22.5,93.6,208.6,313.3,234.8,318.1,231.1
Louisiana,2017-09-01,2017,9,4.8,317.8,1655.2,35.9,147.5,134.4,378.6,22.1,93.4,208.9,314.9,234.2,329.5,231.0
Louisiana,2017-10-01,2017,10,4.7,320.8,1665.3,36.0,149.8,135.0,379.5,22.6,93.6,212.2,315.4,234.0,334.4,234.79999999999998
Louisiana,2017-11-01,2017,11,4.7,317.9,1676.2,36.0,146.8,135.1,387.2,22.9,93.9,213.9,316.2,233.6,335.2,236.8
Louisiana,2017-12-01,2017,12,4.7,317.6,1672.8,36.1,146.2,135.3,388.7,22.5,94.1,211.5,315.7,233.3,333.9,234.0
Louisiana,2018-01-01,2018,1,4.7,312.7,1646.2,35.8,143.0,133.9,379.3,22.5,93.0,209.2,311.7,230.1,327.5,231.7
Louisiana,2018-02-01,2018,2,4.7,316.9,1655.2,35.9,147.1,133.9,377.4,23.7,93.4,210.2,313.5,231.2,332.6,233.89999999999998
Louisiana,2018-03-01,2018,3,4.8,323.7,1666.0,36.1,153.0,134.6,379.5,24.4,93.6,212.1,313.2,236.2,333.5,236.5
Louisiana,2018-04-01,2018,4,4.9,322.7,1672.6,36.5,151.6,134.6,379.4,24.0,93.8,213.5,315.2,237.9,335.3,237.5
Louisiana,2018-05-01,2018,5,4.9,325.1,1673.7,36.7,153.3,135.1,380.8,24.0,93.9,212.5,315.8,239.5,333.1,236.5
Louisiana,2018-06-01,2018,6,4.9,328.9,1663.3,36.9,155.7,136.3,379.4,22.8,94.1,212.8,312.4,240.4,327.2,235.60000000000002
Louisiana,2018-07-01,2018,7,4.9,327.4,1644.1,37.2,154.5,135.7,378.8,21.8,94.3,212.7,310.1,237.3,315.5,234.5
Louisiana,2018-08-01,2018,8,4.9,327.3,1658.7,37.2,154.0,136.1,380.4,21.6,94.1,213.7,316.2,238.7,320.5,235.29999999999998
Louisiana,2018-09-01,2018,9,4.8,325.4,1663.3,37.1,152.5,135.8,378.6,21.5,93.5,212.8,316.3,237.1,330.1,234.3
Louisiana,2018-10-01,2018,10,4.8,330.3,1680.5,37.2,155.9,137.2,381.0,22.2,94.2,216.9,320.0,237.2,335.2,239.1
Louisiana,2018-11-01,2018,11,4.8,327.6,1689.7,36.9,153.3,137.4,389.6,23.5,94.2,216.5,319.9,236.3,336.2,240.0
Louisiana,2018-12-01,2018,12,4.8,324.2,1682.2,36.7,149.8,137.7,389.9,22.7,94.3,214.4,320.2,234.6,333.0,237.1
Louisiana,2019-01-01,2019,1,4.7,319.0,1659.4,36.4,145.3,137.3,380.4,21.5,93.2,213.4,317.6,233.2,327.1,234.9
Louisiana,2019-02-01,2019,2,4.6,320.4,1671.9,36.4,146.6,137.4,377.6,23.5,93.7,215.8,319.2,235.5,333.1,239.3
Louisiana,2019-03-01,2019,3,4.5,322.5,1671.6,36.7,148.0,137.8,377.9,23.0,93.4,216.5,318.4,236.1,332.8,239.5
Louisiana,2019-04-01,2019,4,4.4,318.8,1683.7,36.8,144.5,137.5,377.9,23.8,93.8,218.0,320.9,239.8,335.9,241.8
Louisiana,2019-05-01,2019,5,4.4,319.1,1684.4,36.9,144.2,138.0,378.7,23.6,94.3,217.1,321.1,241.3,334.1,240.7
Louisiana,2019-06-01,2019,6,4.5,317.1,1674.1,37.0,141.6,138.5,377.6,22.3,94.3,216.8,319.3,242.2,327.1,239.10000000000002
Louisiana,2019-07-01,2019,7,4.6,313.2,1653.3,37.2,138.0,138.0,376.8,21.7,94.5,215.4,317.5,236.4,317.0,237.1
Louisiana,2019-08-01,2019,8,4.7,314.7,1671.1,37.3,139.6,137.8,378.0,22.2,94.8,215.7,323.5,238.9,323.4,237.89999999999998
Louisiana,2019-09-01,2019,9,4.8,313.0,1674.2,36.8,138.7,137.5,375.8,21.1,94.5,214.7,323.5,237.6,333.0,235.79999999999998
Louisiana,2019-10-01,2019,10,4.8,316.1,1687.8,36.7,140.9,138.5,378.9,22.0,95.1,217.8,325.3,236.5,337.1,239.8
Louisiana,2019-11-01,2019,11,4.8,316.1,1699.8,36.4,141.2,138.5,386.1,23.9,95.2,218.0,326.6,237.2,338.4,241.9
Louisiana,2019-12-01,2019,12,4.8,311.6,1690.2,36.2,137.1,138.3,387.3,21.7,94.9,215.4,326.0,236.3,335.1,237.1
Louisiana,2020-01-01,2020,1,4.7,305.4,1672.3,35.0,133.1,137.3,378.4,22.0,93.5,215.8,324.7,234.3,330.5,237.8
Louisiana,2020-02-01,2020,2,4.7,308.4,1680.2,35.0,135.5,137.9,375.5,22.9,93.9,218.3,326.2,235.7,334.0,241.20000000000002
Louisiana,2020-03-01,2020,3,6.7,306.4,1662.1,34.7,134.0,137.7,373.7,21.5,93.4,215.0,323.6,228.8,333.7,236.5
Louisiana,2020-04-01,2020,4,13.5,277.2,1437.5,32.0,114.1,131.1,336.2,16.6,87.6,194.2,293.6,133.7,320.9,210.79999999999998
Louisiana,2020-05-01,2020,5,12.3,275.2,1463.7,30.4,114.7,130.1,341.8,17.0,86.9,194.9,299.4,150.4,314.1,211.9
Louisiana,2020-06-01,2020,6,11.0,275.9,1496.9,29.3,116.3,130.3,352.4,16.3,86.8,196.5,303.4,172.3,304.9,212.8
Louisiana,2020-07-01,2020,7,10.4,274.4,1502.7,29.1,115.9,129.4,354.4,16.2,86.7,197.6,303.5,177.1,301.6,213.79999999999998
Louisiana,2020-08-01,2020,8,9.2,273.7,1528.8,28.9,116.3,128.5,358.0,17.1,86.8,200.8,308.4,181.4,309.8,217.9
Louisiana,2020-09-01,2020,9,8.7,276.3,1528.2,28.8,119.0,128.5,356.2,17.4,86.6,202.4,306.2,177.8,315.6,219.8
Louisiana,2020-10-01,2020,10,8.0,281.8,1568.0,28.8,123.8,129.2,364.1,18.8,87.9,209.3,314.0,187.3,318.2,228.10000000000002
Louisiana,2020-11-01,2020,11,7.6,281.3,1583.1,29.2,123.1,129.0,372.0,19.8,87.5,208.8,315.6,192.3,318.7,228.60000000000002
Louisiana,2020-12-01,2020,12,7.4,281.4,1581.7,29.0,122.6,129.8,373.6,19.1,87.0,208.3,317.0,191.3,316.8,227.4
Louisiana,2021-01-01,2021,1,7.0,278.2,1558.6,28.5,120.9,128.8,363.9,18.6,86.0,205.3,314.8,188.0,314.2,223.9
Louisiana,2021-02-01,2021,2,6.8,280.4,1564.6,28.6,123.8,128.0,362.9,20.1,86.9,206.4,314.7,188.6,317.1,226.5
Louisiana,2021-03-01,2021,3,6.6,285.4,1574.3,29.3,127.7,128.4,364.5,19.3,86.9,209.6,315.3,193.1,316.4,228.9
Louisiana,2021-04-01,2021,4,6.4,289.8,1585.3,29.7,130.6,129.5,362.5,19.8,87.4,211.3,317.9,198.1,318.6,231.10000000000002
Louisiana,2021-05-01,2021,5,6.2,290.7,1591.7,30.1,131.3,129.3,364.5,21.4,87.7,211.4,318.1,202.3,316.1,232.8
Louisiana,2021-06-01,2021,6,6.0,291.3,1583.7,29.9,131.5,129.9,363.4,21.0,87.8,210.7,317.9,205.8,306.4,231.7
Louisiana,2021-07-01,2021,7,5.6,292.4,1585.7,30.6,131.5,130.3,364.9,20.9,89.1,212.8,317.2,209.1,300.9,233.70000000000002
Louisiana,2021-08-01,2021,8,5.2,290.3,1596.3,30.5,130.4,129.4,366.1,21.4,89.3,214.1,319.6,208.8,306.4,235.5
Louisiana,2021-09-01,2021,9,4.8,287.6,1561.4,29.9,129.7,128.0,358.5,19.7,89.7,213.3,310.8,189.7,311.9,233.0
Louisiana,2021-10-01,2021,10,4.5,295.4,1615.5,30.3,134.8,130.3,371.9,20.8,91.7,223.2,319.1,202.3,315.8,244.0
Louisiana,2021-11-01,2021,11,4.2,293.1,1630.5,30.4,131.7,131.0,380.4,22.8,91.5,222.4,320.6,205.2,317.2,245.20000000000002
Louisiana,2021-12-01,2021,12,4.0,292.0,1631.5,30.6,129.7,131.7,383.7,22.9,91.6,221.4,320.4,206.7,314.7,244.3
Louisiana,2022-01-01,2022,1,3.9,286.2,1607.0,29.6,126.1,130.5,372.4,21.3,91.1,217.8,319.1,204.1,311.9,239.10000000000002
Louisiana,2022-02-01,2022,2,3.8,289.2,1622.3,30.2,127.6,131.4,373.9,22.2,92.0,221.0,320.9,208.6,313.7,243.2
Louisiana,2022-03-01,2022,3,3.7,290.8,1618.9,30.4,128.2,132.2,372.6,23.0,92.1,220.3,319.5,209.4,311.4,243.3
Louisiana,2022-04-01,2022,4,3.7,293.6,1633.1,30.6,130.4,132.6,372.8,24.6,93.0,223.7,323.5,210.6,314.5,248.29999999999998
Louisiana,2022-05-01,2022,5,3.7,294.2,1636.1,30.7,130.1,133.4,372.8,25.0,93.4,221.5,324.1,214.3,314.2,246.5
Louisiana,2022-06-01,2022,6,3.6,295.3,1623.8,30.9,129.9,134.5,371.7,24.0,94.0,218.9,323.5,216.3,303.7,242.9
Louisiana,2022-07-01,2022,7,3.6,298.4,1622.9,31.4,131.3,135.7,373.5,23.5,95.3,220.9,323.1,216.4,298.5,244.4
Louisiana,2022-08-01,2022,8,3.6,297.2,1636.6,31.6,129.9,135.7,374.9,23.7,95.5,221.6,327.0,216.7,305.7,245.29999999999998
Louisiana,2022-09-01,2022,9,3.5,298.8,1642.4,31.6,130.8,136.4,374.1,22.0,95.5,221.5,328.2,216.6,313.1,243.5
Louisiana,2022-10-01,2022,10,3.5,299.3,1653.2,31.8,130.2,137.3,375.6,21.7,96.3,223.4,329.7,217.0,317.1,245.1
Louisiana,2022-11-01,2022,11,3.5,297.2,1662.1,31.8,127.6,137.8,381.3,22.1,96.6,223.2,330.9,217.4,318.8,245.29999999999998
Louisiana,2022-12-01,2022,12,3.5,296.0,1657.6,31.7,125.8,138.5,384.4,22.0,96.4,221.2,330.0,216.4,315.9,243.2
Louisiana,2023-01-01,2023,1,3.6,293.5,1642.5,31.6,124.4,137.5,374.1,20.5,96.2,219.5,329.4,215.7,315.7,240.0
Louisiana,2023-02-01,2023,2,3.6,297.8,1649.8,31.5,128.9,137.4,372.0,20.1,96.5,220.6,331.5,219.2,318.3,240.7
Louisiana,2023-03-01,2023,3,3.6,302.2,1651.4,32.0,131.6,138.6,372.1,19.7,96.6,220.6,331.6,221.2,317.4,240.29999999999998
Louisiana,2023-04-01,2023,4,3.5,300.7,1659.1,31.4,130.5,138.8,372.7,19.5,96.6,220.7,334.9,221.5,320.8,240.2
Louisiana,2023-05-01,2023,5,3.5,302.2,1664.4,31.3,131.7,139.2,373.4,20.6,96.5,220.2,336.3,223.8,320.4,240.79999999999998
Louisiana,2023-06-01,2023,6,3.5,304.1,1653.1,31.5,132.1,140.5,372.5,19.5,96.6,219.2,334.7,225.1,311.6,238.7
Louisiana,2023-07-01,2023,7,3.6,300.4,1635.4,31.4,129.5,139.5,369.8,19.2,95.9,217.9,333.6,221.0,304.8,237.1
Louisiana,2023-08-01,2023,8,3.7,300.7,1650.5,31.2,130.4,139.1,371.6,19.2,95.4,219.1,338.0,222.2,311.8,238.29999999999998
Louisiana,2023-09-01,2023,9,3.8,303.4,1657.7,30.8,133.3,139.3,370.3,18.5,95.2,220.4,338.1,221.3,320.5,238.9
Louisiana,2023-10-01,2023,10,3.9,307.3,1672.2,30.9,136.0,140.4,374.0,18.5,95.6,222.6,341.3,221.2,324.7,241.1
Louisiana,2023-11-01,2023,11,4.1,304.8,1678.6,30.8,132.9,141.1,379.0,19.4,95.1,222.0,341.6,222.0,325.7,241.4
Louisiana,2023-12-01,2023,12,4.2,304.1,1676.4,30.8,131.7,141.6,380.2,19.3,95.1,220.7,342.1,222.7,322.6,240.0
Louisiana,2024-01-01,2024,1,4.2,302.9,1656.9,30.7,131.6,140.6,371.7,18.8,93.9,218.5,341.1,217.9,321.2,237.3
Louisiana,2024-02-01,2024,2,4.1,307.9,1661.1,30.5,137.1,140.3,368.8,19.2,93.5,219.6,343.0,219.6,323.0,238.79999999999998
Louisiana,2024-03-01,2024,3,4.1,310.1,1665.4,30.4,139.2,140.5,369.6,19.3,93.0,220.3,342.6,223.3,322.5,239.60000000000002
Louisiana,2024-04-01,2024,4,4.1,310.2,1676.4,29.8,139.7,140.7,368.7,19.3,93.5,222.3,345.8,225.9,325.5,241.60000000000002
Louisiana,2024-05-01,2024,5,4.1,312.1,1681.7,29.6,141.7,140.8,369.5,20.5,93.2,222.5,346.2,228.5,325.4,243.0
Louisiana,2024-06-01,2024,6,4.2,310.9,1662.5,29.2,140.5,141.2,369.5,18.7,93.2,220.4,343.1,226.8,315.6,239.1
Louisiana,2024-07-01,2024,7,4.3,313.8,1659.3,29.5,143.3,141.0,371.5,19.0,93.8,223.3,343.1,224.2,308.9,242.3
Louisiana,2024-08-01,2024,8,4.4,314.0,1674.0,29.3,144.3,140.4,373.0,19.3,93.5,224.5,347.9,224.5,315.7,243.8
Louisiana,2024-09-01,2024,9,4.5,309.3,1672.1,28.8,141.0,139.5,371.1,18.7,92.6,221.7,346.1,221.6,324.9,240.39999999999998
Louisiana,2024-10-01,2024,10,4.5,313.1,1694.2,29.0,143.7,140.4,375.8,18.3,93.4,226.1,349.8,225.3,329.3,244.4
Louisiana,2024-11-01,2024,11,4.4,310.5,1702.3,28.8,141.4,140.3,381.0,19.4,93.3,225.6,351.1,226.0,330.4,245.0
Louisiana,2024-12-01,2024,12,4.4,307.2,1694.9,28.7,138.1,140.4,383.0,19.1,93.2,223.0,349.4,225.5,327.1,242.1
Louisiana,2025-01-01,2025,1,4.3,305.7,1678.5,28.4,138.1,139.2,376.7,18.0,92.1,222.0,348.5,220.9,325.7,240.0
Louisiana,2025-02-01,2025,2,4.3,310.4,1691.6,28.4,142.1,139.9,376.2,19.1,92.6,225.3,350.3,225.1,327.9,244.4
Louisiana,2025-03-01,2025,3,4.3,309.0,1684.4,28.0,140.8,140.2,375.1,17.8,92.3,223.1,348.5,224.8,327.5,240.9
Louisiana,2025-04-01,2025,4,4.3,306.9,1696.7,28.3,138.0,140.6,375.5,17.7,92.8,224.6,352.6,228.8,328.5,242.29999999999998
Louisiana,2025-05-01,2025,5,4.3,306.9,1696.3,28.3,138.0,140.6,375.7,18.4,92.8,222.3,353.1,229.2,328.1,240.70000000000002
Louisiana,2025-06-01,2025,6,4.3,307.2,1675.3,28.3,137.9,141.0,373.5,17.3,92.8,219.5,349.5,226.5,319.8,236.8
Louisiana,2025-07-01,2025,7,4.3,305.9,1665.9,28.4,136.7,140.8,373.6,17.4,93.7,219.2,348.7,225.2,312.4,236.6
Louisiana,2025-08-01,2025,8,4.2,304.3,1678.7,28.4,135.5,140.4,375.8,17.4,93.6,220.5,352.5,226.0,317.5,237.9
Louisiana,2025-09-01,2025,9,4.2,303.0,1677.7,28.2,135.3,139.5,373.5,17.0,93.0,219.0,351.5,222.2,326.7,236.0
Louisiana,2025-10-01,2025,10,,307.3,1693.8,28.6,137.0,141.7,375.8,16.5,93.7,223.5,353.1,225.2,329.8,240.0
Louisiana,2025-11-01,2025,11,4.2,308.5,1701.2,28.4,138.4,141.7,377.7,17.3,93.2,225.1,354.6,227.1,330.9,242.4
Louisiana,2025-12-01,2025,12,4.2,309.1,1697.7,28.0,139.1,142.0,381.7,16.7,93.4,223.5,353.5,226.0,327.2,240.2
Louisiana,2026-01-01,2026,1,4.3,308.0,1679.3,27.7,139.3,141.0,373.4,15.8,93.9,220.8,352.9,222.1,325.7,236.60000000000002
Louisiana,2026-02-01,2026,2,4.3,312.2,1686.7,27.6,142.9,141.7,371.3,16.5,94.5,224.5,353.1,223.6,328.0,241.0
Maine,2016-01-01,2016,1,4.0,76.9,516.1,2.4,24.8,49.7,116.6,8.4,30.5,63.2,124.3,53.9,98.1,71.60000000000001
Maine,2016-02-01,2016,2,4.0,76.3,518.3,2.5,24.3,49.5,115.0,8.5,30.5,63.3,125.0,54.2,100.6,71.8
Maine,2016-03-01,2016,3,3.9,76.5,520.7,2.3,24.5,49.7,114.9,8.5,30.6,63.1,125.7,55.0,101.6,71.6
Maine,2016-04-01,2016,4,3.9,78.0,528.2,1.7,26.3,50.0,116.1,8.5,30.8,65.1,125.5,59.1,101.7,73.6
Maine,2016-05-01,2016,5,3.8,80.5,538.7,1.7,28.1,50.7,118.5,8.6,31.2,66.2,124.9,66.1,101.5,74.8
Maine,2016-06-01,2016,6,3.8,83.0,550.4,2.3,29.2,51.5,121.7,8.6,31.6,67.5,123.1,75.8,100.0,76.1
Maine,2016-07-01,2016,7,3.8,83.6,553.9,2.4,29.7,51.5,123.2,8.7,31.9,67.9,123.3,85.2,91.0,76.60000000000001
Maine,2016-08-01,2016,8,3.7,83.6,552.5,2.4,29.4,51.8,123.2,8.6,31.9,67.7,123.0,84.6,91.1,76.3
Maine,2016-09-01,2016,9,3.7,82.3,548.1,2.4,28.8,51.1,120.8,8.5,31.3,66.8,125.7,72.8,100.4,75.3
Maine,2016-10-01,2016,10,3.7,82.1,545.0,2.4,28.8,50.9,120.5,8.5,31.1,66.7,126.7,67.6,102.1,75.2
Maine,2016-11-01,2016,11,3.6,82.2,539.3,2.4,28.3,51.5,122.0,8.5,30.8,66.0,127.0,60.1,103.2,74.5
Maine,2016-12-01,2016,12,3.6,80.9,537.9,2.4,27.3,51.2,122.9,8.6,31.0,65.8,126.9,59.2,101.9,74.39999999999999
Maine,2017-01-01,2017,1,3.5,77.7,523.3,2.3,25.5,49.9,117.3,8.4,30.8,64.1,126.7,56.1,98.5,72.5
Maine,2017-02-01,2017,2,3.5,76.9,523.2,2.3,24.9,49.7,114.8,8.3,30.7,64.6,127.2,55.9,100.6,72.89999999999999
Maine,2017-03-01,2017,3,3.5,77.5,526.4,2.3,25.2,50.0,114.8,8.3,30.9,64.5,128.0,57.1,101.6,72.8
Maine,2017-04-01,2017,4,3.4,78.7,531.9,1.7,26.7,50.3,115.8,8.2,30.9,65.6,128.0,60.4,101.5,73.8
Maine,2017-05-01,2017,5,3.4,80.8,542.8,1.6,28.4,50.8,118.1,8.2,31.3,67.1,127.3,67.8,101.2,75.3
Maine,2017-06-01,2017,6,3.4,83.9,556.6,2.1,29.9,51.9,121.6,8.3,31.9,68.2,126.1,78.6,99.6,76.5
Maine,2017-07-01,2017,7,3.4,84.3,557.4,2.3,30.2,51.8,123.2,8.3,32.2,68.2,125.3,86.6,91.0,76.5
Maine,2017-08-01,2017,8,3.4,84.8,555.4,2.3,30.3,52.2,123.0,8.3,32.2,68.1,124.8,85.9,90.7,76.39999999999999
Maine,2017-09-01,2017,9,3.4,84.0,552.3,2.4,30.0,51.6,120.3,8.2,31.8,67.2,127.7,74.7,100.6,75.4
Maine,2017-10-01,2017,10,3.3,84.1,547.5,2.4,30.2,51.5,120.4,8.2,31.6,67.3,127.7,68.4,102.1,75.5
Maine,2017-11-01,2017,11,3.2,84.0,541.7,2.3,29.7,52.0,121.7,8.2,31.6,67.0,128.1,60.9,102.5,75.2
Maine,2017-12-01,2017,12,3.1,82.9,542.8,2.3,28.8,51.8,122.9,8.3,31.7,66.7,128.3,60.8,102.2,75.0
Maine,2018-01-01,2018,1,3.1,79.3,526.9,2.3,26.6,50.4,117.4,8.3,31.2,66.1,127.1,56.9,98.4,74.39999999999999
Maine,2018-02-01,2018,2,3.0,79.2,529.2,2.3,26.4,50.5,115.5,8.3,31.3,66.3,127.9,57.3,100.9,74.6
Maine,2018-03-01,2018,3,3.0,79.9,529.7,2.3,26.8,50.8,115.2,8.3,31.3,66.4,127.8,58.0,101.1,74.7
Maine,2018-04-01,2018,4,3.0,81.2,536.6,1.9,28.1,51.2,116.1,8.4,31.6,67.4,127.9,61.6,101.8,75.80000000000001
Maine,2018-05-01,2018,5,3.1,83.6,547.2,1.7,30.3,51.6,118.3,8.3,32.1,69.0,127.1,68.9,101.2,77.3
Maine,2018-06-01,2018,6,3.2,85.8,561.9,2.1,31.0,52.7,121.2,8.5,32.5,70.2,125.6,80.2,100.9,78.7
Maine,2018-07-01,2018,7,3.3,86.4,559.9,2.3,31.2,52.9,122.1,8.4,32.8,70.6,125.0,88.6,89.4,79.0
Maine,2018-08-01,2018,8,3.3,86.7,557.2,2.3,31.1,53.3,121.4,8.5,32.8,70.3,124.8,87.4,89.2,78.8
Maine,2018-09-01,2018,9,3.3,85.8,555.3,2.4,30.8,52.6,119.5,8.2,32.4,69.3,127.4,75.6,100.7,77.5
Maine,2018-10-01,2018,10,3.3,85.9,554.7,2.3,30.9,52.7,119.7,8.2,32.5,69.6,128.6,70.5,103.1,77.8
Maine,2018-11-01,2018,11,3.3,85.8,546.7,2.3,30.2,53.3,121.5,8.1,32.5,69.0,129.0,61.5,102.9,77.1
Maine,2018-12-01,2018,12,3.2,84.8,546.6,2.3,29.1,53.4,122.0,8.2,32.5,68.1,129.1,61.6,102.9,76.3
Maine,2019-01-01,2019,1,3.1,82.0,532.3,2.3,27.6,52.1,117.3,8.0,32.3,66.5,128.0,58.3,100.2,74.5
Maine,2019-02-01,2019,2,3.0,81.2,534.1,2.3,27.0,51.9,115.7,8.1,32.4,67.1,129.1,58.3,101.6,75.19999999999999
Maine,2019-03-01,2019,3,2.9,81.6,535.2,2.3,27.1,52.2,114.7,8.1,32.3,67.0,129.6,59.7,101.9,75.1
Maine,2019-04-01,2019,4,2.8,82.3,541.5,1.8,28.2,52.3,115.6,8.0,32.4,68.4,129.9,62.9,102.3,76.4
Maine,2019-05-01,2019,5,2.7,85.3,552.8,1.7,30.6,53.0,117.4,8.1,32.9,69.5,129.3,71.3,101.9,77.6
Maine,2019-06-01,2019,6,2.7,87.5,564.8,2.1,31.6,53.8,120.1,8.1,33.3,70.7,127.8,81.3,100.9,78.8
Maine,2019-07-01,2019,7,2.8,88.4,564.0,2.3,32.1,54.0,121.4,8.1,33.6,71.1,127.1,89.3,90.4,79.19999999999999
Maine,2019-08-01,2019,8,2.8,88.4,563.9,2.3,32.0,54.1,121.6,8.2,33.7,71.1,127.7,88.4,90.4,79.3
Maine,2019-09-01,2019,9,2.9,87.5,560.9,2.3,31.6,53.6,119.0,8.0,33.1,69.9,130.3,76.6,101.7,77.9
Maine,2019-10-01,2019,10,3.0,87.8,557.3,2.3,31.8,53.7,119.3,7.9,33.4,70.1,130.5,70.4,103.5,78.0
Maine,2019-11-01,2019,11,3.0,87.5,549.5,2.3,31.0,54.2,120.2,7.9,33.2,69.3,130.9,62.1,103.8,77.2
Maine,2019-12-01,2019,12,3.1,86.3,549.2,2.3,30.0,54.0,121.4,8.0,33.2,68.7,130.9,62.8,102.0,76.7
Maine,2020-01-01,2020,1,3.2,83.6,536.2,2.2,28.5,52.9,116.5,7.8,33.0,67.1,129.9,58.6,101.4,74.89999999999999
Maine,2020-02-01,2020,2,3.2,83.0,537.6,2.2,28.1,52.7,114.0,7.9,32.8,67.7,130.8,59.5,102.8,75.60000000000001
Maine,2020-03-01,2020,3,3.2,82.8,534.5,2.2,28.0,52.6,113.5,7.7,32.8,67.1,130.2,58.1,103.1,74.8
Maine,2020-04-01,2020,4,9.3,73.8,460.1,1.6,27.2,45.0,97.6,7.0,31.9,64.1,117.5,27.8,97.4,71.1
Maine,2020-05-01,2020,5,9.5,80.7,478.0,1.7,30.1,48.9,103.1,7.0,32.2,66.1,119.1,38.3,93.5,73.1
Maine,2020-06-01,2020,6,6.6,83.3,499.2,1.9,31.4,50.0,109.8,7.0,32.5,67.8,119.8,48.9,93.7,74.8
Maine,2020-07-01,2020,7,6.3,81.2,512.7,2.2,31.9,47.1,112.8,7.0,32.8,69.0,120.9,61.4,88.3,76.0
Maine,2020-08-01,2020,8,4.2,82.3,518.9,2.3,32.3,47.7,114.0,7.2,32.9,69.4,121.9,64.0,88.7,76.60000000000001
Maine,2020-09-01,2020,9,4.0,86.1,525.1,2.3,31.9,51.9,113.4,7.3,32.8,68.9,124.9,59.0,98.0,76.2
Maine,2020-10-01,2020,10,3.8,86.3,528.7,2.3,32.2,51.8,115.4,7.3,32.9,71.0,127.1,55.5,98.4,78.3
Maine,2020-11-01,2020,11,3.9,86.3,524.0,2.3,31.8,52.2,117.1,7.3,32.9,71.1,127.0,49.2,98.4,78.39999999999999
Maine,2020-12-01,2020,12,4.2,86.3,520.8,2.3,31.4,52.6,118.7,7.4,32.9,71.0,126.6,46.8,96.7,78.4
Maine,2021-01-01,2021,1,4.5,83.7,509.9,2.2,29.5,52.0,115.2,7.3,32.6,69.8,125.2,44.6,94.8,77.1
Maine,2021-02-01,2021,2,4.8,83.7,515.2,2.2,29.2,52.3,114.5,7.3,32.6,70.4,126.7,46.2,97.1,77.7
Maine,2021-03-01,2021,3,4.9,84.5,518.3,2.2,29.5,52.8,114.3,7.3,32.7,70.1,127.2,48.2,98.0,77.39999999999999
Maine,2021-04-01,2021,4,5.1,86.2,524.3,1.7,31.1,53.4,114.2,7.4,32.7,71.6,127.2,52.2,98.2,79.0
Maine,2021-05-01,2021,5,5.0,88.1,533.6,1.7,32.6,53.8,115.9,7.4,33.0,72.4,126.4,60.0,97.6,79.80000000000001
Maine,2021-06-01,2021,6,5.0,89.7,544.5,2.0,33.1,54.6,118.0,7.6,33.3,72.8,124.4,69.7,97.3,80.39999999999999
Maine,2021-07-01,2021,7,4.8,90.9,551.3,2.2,33.8,54.9,119.6,7.7,33.6,73.5,124.3,80.9,89.7,81.2
Maine,2021-08-01,2021,8,4.7,91.3,548.3,2.3,33.8,55.2,119.2,7.7,33.6,73.2,123.9,80.4,88.5,80.9
Maine,2021-09-01,2021,9,4.5,90.0,543.3,2.3,33.3,54.4,116.2,7.6,33.3,72.7,125.7,69.0,97.7,80.3
Maine,2021-10-01,2021,10,4.3,90.0,544.3,2.2,33.4,54.4,117.5,7.7,33.5,74.3,126.2,64.9,98.9,82.0
Maine,2021-11-01,2021,11,4.0,89.8,538.4,2.2,33.0,54.6,119.1,7.7,33.3,74.7,125.5,57.5,99.4,82.4
Maine,2021-12-01,2021,12,3.8,88.6,536.6,2.2,31.8,54.6,120.6,7.8,33.3,74.6,125.1,56.6,97.3,82.39999999999999
Maine,2022-01-01,2022,1,3.6,85.6,524.8,2.1,30.5,53.0,116.2,7.8,33.0,73.6,123.6,52.8,96.7,81.39999999999999
Maine,2022-02-01,2022,2,3.3,85.8,529.9,2.1,30.4,53.3,115.9,7.9,33.0,74.1,124.9,54.0,98.8,82.0
Maine,2022-03-01,2022,3,3.0,86.3,532.7,2.1,30.6,53.6,116.0,7.9,33.1,74.5,125.7,55.2,99.0,82.4
Maine,2022-04-01,2022,4,2.9,87.4,540.7,1.7,31.9,53.8,116.3,8.0,33.4,77.1,125.9,59.5,98.8,85.1
Maine,2022-05-01,2022,5,2.8,89.1,549.3,1.7,33.3,54.1,117.6,8.0,33.6,77.4,124.9,67.0,99.0,85.4
Maine,2022-06-01,2022,6,2.7,90.7,559.1,2.0,34.0,54.7,119.0,8.0,33.9,78.0,123.5,75.4,99.2,86.0
Maine,2022-07-01,2022,7,2.6,91.9,567.3,2.2,34.5,55.2,121.1,8.2,34.3,78.5,124.0,86.2,92.3,86.7
Maine,2022-08-01,2022,8,2.5,91.9,564.4,2.2,34.3,55.4,121.2,8.2,34.3,78.7,123.6,85.0,90.8,86.9
Maine,2022-09-01,2022,9,2.6,90.7,560.2,2.2,33.8,54.7,119.2,8.0,34.1,78.0,126.4,72.8,99.7,86.0
Maine,2022-10-01,2022,10,2.7,90.8,556.4,2.1,34.1,54.6,119.7,8.1,34.2,78.3,127.1,67.2,99.8,86.39999999999999
Maine,2022-11-01,2022,11,2.7,90.6,551.5,2.1,33.8,54.7,120.7,8.1,34.0,78.3,127.3,59.9,101.4,86.39999999999999
Maine,2022-12-01,2022,12,2.6,89.5,550.0,2.1,32.8,54.6,122.3,8.1,33.9,77.3,127.2,58.9,100.6,85.39999999999999
Maine,2023-01-01,2023,1,2.6,87.4,541.5,2.0,31.7,53.7,118.7,8.2,33.5,76.1,127.1,56.7,99.5,84.3
Maine,2023-02-01,2023,2,2.5,87.0,543.0,2.1,31.3,53.6,117.4,8.2,33.5,76.5,128.2,57.3,100.2,84.7
Maine,2023-03-01,2023,3,2.5,86.7,543.8,2.0,31.4,53.3,116.9,8.2,33.3,76.4,128.7,57.9,100.6,84.60000000000001
Maine,2023-04-01,2023,4,2.5,88.1,548.5,1.7,33.0,53.4,117.4,8.3,33.3,76.9,128.9,61.1,100.6,85.2
Maine,2023-05-01,2023,5,2.5,89.9,561.1,1.6,34.5,53.8,119.3,8.4,33.7,78.1,128.8,69.0,101.6,86.5
Maine,2023-06-01,2023,6,2.6,91.8,576.5,1.9,35.4,54.5,122.0,8.4,34.2,79.0,127.6,80.3,102.1,87.4
Maine,2023-07-01,2023,7,2.6,92.2,581.0,2.1,35.9,54.2,122.5,8.5,34.3,79.4,128.5,89.6,95.1,87.9
Maine,2023-08-01,2023,8,2.7,91.7,578.1,2.1,35.7,53.9,122.6,8.4,34.1,79.5,128.6,88.9,93.1,87.9
Maine,2023-09-01,2023,9,2.7,90.7,571.8,2.1,35.4,53.2,120.4,8.3,33.7,78.7,131.8,75.3,101.4,87.0
Maine,2023-10-01,2023,10,2.8,90.4,569.3,2.1,35.4,52.9,120.9,8.3,33.7,78.6,132.3,70.6,102.6,86.89999999999999
Maine,2023-11-01,2023,11,2.8,90.0,562.2,2.1,35.0,52.9,121.7,8.3,33.4,78.2,132.9,62.3,103.3,86.5
Maine,2023-12-01,2023,12,2.8,88.9,561.4,2.1,34.1,52.7,122.8,8.3,33.4,77.4,132.6,61.8,103.0,85.7
Maine,2024-01-01,2024,1,2.8,86.9,551.3,2.0,33.2,51.7,118.6,8.3,33.0,76.3,132.5,58.5,102.0,84.6
Maine,2024-02-01,2024,2,2.8,86.2,552.6,2.0,32.6,51.6,117.4,8.3,32.9,76.4,133.7,59.0,102.8,84.7
Maine,2024-03-01,2024,3,2.8,86.3,554.2,1.9,32.8,51.6,117.1,8.3,32.8,76.6,134.1,59.5,103.6,84.89999999999999
Maine,2024-04-01,2024,4,2.8,87.1,558.6,1.6,34.0,51.5,117.0,8.5,33.0,78.7,134.1,61.7,103.3,87.2
Maine,2024-05-01,2024,5,2.9,89.5,571.4,1.7,35.9,51.9,119.1,8.5,33.3,80.0,133.9,70.5,103.4,88.5
Maine,2024-06-01,2024,6,2.9,91.6,586.7,2.0,37.0,52.6,121.4,8.6,33.8,81.2,132.8,81.7,103.9,89.8
Maine,2024-07-01,2024,7,3.0,92.1,588.4,2.1,37.2,52.8,122.5,8.6,34.1,81.6,133.1,90.2,94.8,90.19999999999999
Maine,2024-08-01,2024,8,3.1,92.0,586.9,2.1,37.3,52.6,122.4,8.5,33.9,81.8,133.2,88.6,95.1,90.3
Maine,2024-09-01,2024,9,3.1,90.9,580.4,2.1,36.6,52.2,120.2,8.5,33.3,81.2,135.6,76.4,102.4,89.7
Maine,2024-10-01,2024,10,3.2,90.5,578.1,2.1,36.5,51.9,120.3,8.4,33.2,81.1,136.2,71.8,104.4,89.5
Maine,2024-11-01,2024,11,3.2,90.2,569.7,2.1,36.1,52.0,120.8,8.5,32.9,79.9,136.8,63.3,105.0,88.4
Maine,2024-12-01,2024,12,3.3,89.0,568.8,2.0,35.3,51.7,121.7,8.5,33.0,79.1,136.8,62.1,105.1,87.6
Maine,2025-01-01,2025,1,3.3,86.8,557.6,2.0,34.1,50.7,117.9,8.4,32.7,76.7,136.9,59.2,103.5,85.10000000000001
Maine,2025-02-01,2025,2,3.3,86.5,555.7,2.0,34.0,50.5,116.4,8.3,32.5,76.7,137.3,58.3,103.9,85.0
Maine,2025-03-01,2025,3,3.3,86.4,557.6,2.0,33.9,50.5,116.4,8.3,32.6,76.3,137.6,59.8,104.3,84.6
Maine,2025-04-01,2025,4,3.3,86.6,562.6,1.6,34.4,50.6,116.6,8.2,32.5,77.8,138.7,61.7,104.8,86.0
Maine,2025-05-01,2025,5,3.3,89.0,575.4,1.6,36.2,51.2,118.5,8.2,32.9,78.8,137.9,71.6,104.7,87.0
Maine,2025-06-01,2025,6,3.3,90.7,586.2,1.9,36.9,51.9,120.4,8.2,33.3,79.2,136.0,80.3,105.6,87.4
Maine,2025-07-01,2025,7,3.3,91.5,589.9,2.0,37.3,52.2,121.7,8.3,33.6,80.0,136.3,90.6,95.8,88.3
Maine,2025-08-01,2025,8,3.3,91.2,586.1,2.0,37.2,52.0,121.8,8.2,33.4,79.5,135.8,88.7,95.2,87.7
Maine,2025-09-01,2025,9,3.3,89.9,580.3,2.0,36.5,51.4,119.2,8.1,32.9,78.3,138.7,77.2,103.0,86.39999999999999
Maine,2025-10-01,2025,10,,90.2,573.7,2.0,36.7,51.5,119.2,8.1,33.0,77.9,138.0,70.9,103.9,86.0
Maine,2025-11-01,2025,11,3.3,89.7,569.1,2.0,36.2,51.5,119.4,8.2,33.1,77.9,139.7,63.6,104.6,86.10000000000001
Maine,2025-12-01,2025,12,3.3,89.1,566.2,2.0,35.4,51.7,120.6,7.9,33.3,76.8,138.3,62.4,104.4,84.7
Maine,2026-01-01,2026,1,3.3,86.9,554.0,2.0,34.2,50.7,117.1,7.8,33.0,74.8,137.5,59.2,102.2,82.6
Maine,2026-02-01,2026,2,3.2,86.8,555.3,2.0,34.1,50.7,115.9,7.8,32.9,74.9,138.1,59.6,103.8,82.7
Maryland,2016-01-01,2016,1,4.5,260.5,2380.8,1.4,153.9,105.2,460.2,37.3,144.7,429.6,440.9,251.0,492.1,466.90000000000003
Maryland,2016-02-01,2016,2,4.4,258.1,2394.9,1.4,152.0,104.7,455.4,37.7,145.1,430.0,443.8,251.9,505.9,467.7
Maryland,2016-03-01,2016,3,4.3,262.2,2416.6,1.4,155.8,105.0,457.9,37.5,144.9,433.6,446.0,258.8,512.1,471.1
Maryland,2016-04-01,2016,4,4.2,266.9,2446.4,1.5,159.8,105.6,462.1,38.6,146.4,441.7,449.1,269.3,512.6,480.3
Maryland,2016-05-01,2016,5,4.2,268.9,2457.7,1.5,161.1,106.3,465.3,35.7,147.0,442.4,448.8,280.2,511.3,478.09999999999997
Maryland,2016-06-01,2016,6,4.2,271.8,2461.5,1.5,163.5,106.8,467.1,38.7,148.1,446.5,444.1,290.8,498.6,485.2
Maryland,2016-07-01,2016,7,4.2,273.3,2447.1,1.4,165.1,106.8,465.9,38.6,149.2,449.4,448.2,290.8,476.5,488.0
Maryland,2016-08-01,2016,8,4.2,273.4,2448.5,1.4,165.0,107.0,466.9,38.0,149.4,451.4,444.9,290.0,479.9,489.4
Maryland,2016-09-01,2016,9,4.2,272.3,2460.6,1.4,164.4,106.5,466.0,37.8,148.8,446.8,449.7,280.3,503.9,484.6
Maryland,2016-10-01,2016,10,4.2,272.2,2469.1,1.4,164.3,106.5,469.9,37.5,149.0,446.7,454.8,272.7,511.4,484.2
Maryland,2016-11-01,2016,11,4.2,271.9,2484.8,1.4,163.5,107.0,481.5,37.7,149.0,447.0,456.4,271.5,514.6,484.7
Maryland,2016-12-01,2016,12,4.2,272.1,2486.3,1.4,163.3,107.4,486.5,38.2,149.7,443.9,456.7,269.6,514.8,482.09999999999997
Maryland,2017-01-01,2017,1,4.2,263.5,2415.2,1.3,156.3,105.9,464.2,37.2,148.0,435.2,449.4,260.2,495.1,472.4
Maryland,2017-02-01,2017,2,4.1,264.9,2433.6,1.3,157.2,106.4,457.1,37.9,148.6,435.6,454.3,262.8,511.1,473.5
Maryland,2017-03-01,2017,3,4.1,265.8,2449.5,1.3,157.7,106.8,457.8,37.6,148.9,439.1,456.1,268.3,514.9,476.70000000000005
Maryland,2017-04-01,2017,4,4.0,269.3,2467.4,1.3,160.7,107.3,461.9,37.3,149.5,442.5,457.1,277.7,514.1,479.8
Maryland,2017-05-01,2017,5,4.0,271.1,2488.2,1.3,162.2,107.6,465.4,37.3,150.3,445.3,457.3,289.2,515.5,482.6
Maryland,2017-06-01,2017,6,4.0,275.4,2497.5,1.3,165.7,108.4,469.1,37.7,152.0,450.7,455.2,299.8,503.8,488.4
Maryland,2017-07-01,2017,7,4.0,275.8,2475.8,1.3,166.1,108.4,467.4,37.1,153.6,452.0,460.4,299.0,477.0,489.1
Maryland,2017-08-01,2017,8,4.0,276.3,2472.8,1.3,166.3,108.7,468.0,36.9,153.6,452.8,457.9,297.4,477.9,489.7
Maryland,2017-09-01,2017,9,4.1,274.4,2478.5,1.3,165.0,108.1,466.7,36.7,152.0,449.1,461.7,285.1,499.9,485.8
Maryland,2017-10-01,2017,10,4.1,274.0,2491.7,1.3,164.2,108.5,470.4,36.7,152.0,448.8,466.7,278.1,511.7,485.5
Maryland,2017-11-01,2017,11,4.1,274.4,2505.6,1.3,164.1,109.0,485.6,36.9,150.4,449.1,467.8,272.8,515.6,486.0
Maryland,2017-12-01,2017,12,4.1,273.5,2498.4,1.3,163.1,109.1,487.7,37.0,150.1,446.7,467.8,269.7,511.9,483.7
Maryland,2018-01-01,2018,1,4.1,265.4,2433.3,1.3,156.3,107.8,466.2,35.9,148.8,439.1,462.9,260.7,493.4,475.0
Maryland,2018-02-01,2018,2,4.0,266.8,2455.4,1.2,157.7,107.9,460.8,36.3,149.0,441.3,467.4,262.3,511.8,477.6
Maryland,2018-03-01,2018,3,4.0,269.0,2471.5,1.3,159.5,108.2,461.1,36.1,149.2,445.6,468.5,268.5,515.4,481.70000000000005
Maryland,2018-04-01,2018,4,3.9,271.3,2488.6,1.3,161.1,108.9,463.1,36.2,149.6,450.4,469.1,277.9,514.6,486.59999999999997
Maryland,2018-05-01,2018,5,3.8,273.4,2509.5,1.3,162.7,109.4,466.3,36.2,149.9,453.2,469.5,290.4,515.7,489.4
Maryland,2018-06-01,2018,6,3.8,276.9,2519.9,1.3,165.1,110.5,469.7,36.6,150.7,457.9,468.1,301.9,505.7,494.5
Maryland,2018-07-01,2018,7,3.7,280.0,2503.5,1.3,167.4,111.3,469.2,35.9,151.4,461.9,467.6,303.7,483.8,497.79999999999995
Maryland,2018-08-01,2018,8,3.7,280.3,2499.7,1.3,167.7,111.3,469.0,35.9,151.0,462.7,465.2,301.6,485.2,498.59999999999997
Maryland,2018-09-01,2018,9,3.7,278.2,2498.7,1.3,166.2,110.7,467.4,35.0,149.6,457.7,467.7,287.8,505.8,492.7
Maryland,2018-10-01,2018,10,3.7,278.6,2511.4,1.2,166.2,111.2,473.3,35.4,149.0,459.1,473.2,280.3,513.1,494.5
Maryland,2018-11-01,2018,11,3.7,278.3,2528.0,1.2,165.5,111.6,489.7,35.6,148.9,460.9,475.0,274.6,515.0,496.5
Maryland,2018-12-01,2018,12,3.6,277.4,2521.2,1.2,164.5,111.7,492.0,35.2,148.6,455.8,473.8,273.7,514.0,491.0
Maryland,2019-01-01,2019,1,3.6,272.7,2458.4,1.3,160.8,110.6,467.3,34.7,147.7,450.8,469.5,263.0,498.3,485.5
Maryland,2019-02-01,2019,2,3.5,272.2,2474.9,1.3,159.9,111.0,460.5,34.8,147.9,453.3,474.9,264.1,512.0,488.1
Maryland,2019-03-01,2019,3,3.5,274.7,2490.3,1.3,162.1,111.3,460.6,35.1,148.0,456.2,476.1,270.2,516.1,491.3
Maryland,2019-04-01,2019,4,3.4,277.6,2504.2,1.3,164.2,112.1,460.3,35.7,148.0,460.5,474.9,279.9,516.1,496.2
Maryland,2019-05-01,2019,5,3.4,279.5,2522.2,1.3,165.8,112.4,463.6,35.8,148.0,463.0,474.2,291.4,516.8,498.8
Maryland,2019-06-01,2019,6,3.4,283.8,2534.8,1.3,168.7,113.8,467.3,36.4,149.1,468.6,471.9,303.3,508.1,505.0
Maryland,2019-07-01,2019,7,3.4,285.5,2509.8,1.3,170.2,114.0,467.6,35.7,150.1,470.5,472.5,303.4,480.7,506.2
Maryland,2019-08-01,2019,8,3.4,286.1,2504.7,1.3,170.7,114.1,467.4,35.5,149.3,470.8,470.8,300.1,481.8,506.3
Maryland,2019-09-01,2019,9,3.3,283.9,2503.7,1.3,169.4,113.2,466.8,35.2,147.7,464.2,473.9,286.1,502.1,499.4
Maryland,2019-10-01,2019,10,3.3,283.2,2524.2,1.3,169.1,112.8,471.6,35.8,148.0,464.2,478.1,281.2,517.3,500.0
Maryland,2019-11-01,2019,11,3.2,283.4,2538.2,1.3,168.6,113.5,486.9,36.2,147.9,464.7,479.9,275.2,519.2,500.9
Maryland,2019-12-01,2019,12,3.2,282.2,2533.6,1.3,167.3,113.6,491.7,36.0,147.6,462.9,478.0,274.5,514.9,498.9
Maryland,2020-01-01,2020,1,3.3,275.7,2468.1,1.3,162.6,111.8,469.5,35.8,145.9,453.4,473.1,264.6,498.9,489.2
Maryland,2020-02-01,2020,2,3.4,274.7,2484.3,1.3,161.7,111.7,463.6,35.6,146.0,452.6,478.3,265.8,515.6,488.20000000000005
Maryland,2020-03-01,2020,3,3.5,275.2,2468.1,1.3,162.6,111.3,461.7,35.3,145.3,453.0,473.2,258.2,516.4,488.3
Maryland,2020-04-01,2020,4,9.0,255.1,2142.8,1.3,149.6,104.2,398.8,32.5,139.6,424.2,414.4,131.4,503.4,456.7
Maryland,2020-05-01,2020,5,8.8,261.8,2177.0,1.3,155.5,105.0,405.3,31.7,139.9,429.3,420.1,147.6,500.0,461.0
Maryland,2020-06-01,2020,6,8.1,268.7,2235.0,1.3,160.0,107.4,426.6,31.7,141.0,434.1,425.2,182.0,483.8,465.8
Maryland,2020-07-01,2020,7,7.9,271.0,2288.8,1.3,161.7,108.0,440.2,32.1,141.6,442.6,426.6,214.7,477.4,474.70000000000005
Maryland,2020-08-01,2020,8,7.2,271.4,2300.0,1.2,161.9,108.3,442.9,31.9,141.6,443.8,429.7,217.2,478.3,475.7
Maryland,2020-09-01,2020,9,7.1,271.5,2317.4,1.2,161.9,108.4,446.1,31.8,140.9,441.7,434.3,216.0,492.3,473.5
Maryland,2020-10-01,2020,10,6.7,271.4,2346.7,1.2,161.7,108.5,457.2,32.1,142.2,446.3,440.7,215.3,497.6,478.40000000000003
Maryland,2020-11-01,2020,11,6.6,272.0,2356.5,1.2,161.5,109.3,470.0,31.8,142.5,447.8,441.5,210.1,497.7,479.6
Maryland,2020-12-01,2020,12,6.6,272.8,2357.4,1.2,161.8,109.8,477.8,31.7,143.0,449.3,441.8,205.0,494.3,481.0
Maryland,2021-01-01,2021,1,6.4,266.3,2306.2,1.3,157.0,108.0,461.8,31.9,141.9,444.1,436.5,190.5,485.6,476.0
Maryland,2021-02-01,2021,2,6.2,265.0,2318.6,1.3,155.8,107.9,454.6,32.0,142.0,445.5,439.7,195.4,495.6,477.5
Maryland,2021-03-01,2021,3,6.1,267.6,2342.8,1.3,158.0,108.3,455.2,32.0,142.7,450.9,442.8,204.2,500.3,482.9
Maryland,2021-04-01,2021,4,5.9,268.4,2371.9,1.3,159.6,107.5,455.4,32.6,142.7,458.4,442.5,218.3,506.3,491.0
Maryland,2021-05-01,2021,5,5.7,270.0,2392.8,1.3,160.7,108.0,458.7,32.8,143.1,461.9,440.6,231.6,508.1,494.7
Maryland,2021-06-01,2021,6,5.6,271.4,2401.2,1.3,161.6,108.5,462.7,32.9,143.4,462.6,438.7,246.3,498.2,495.5
Maryland,2021-07-01,2021,7,5.3,273.6,2416.8,1.3,163.3,109.0,466.2,33.8,145.1,467.0,442.0,256.8,488.5,500.8
Maryland,2021-08-01,2021,8,5.0,273.5,2415.4,1.3,162.9,109.3,465.0,34.1,144.0,468.6,440.3,256.4,490.0,502.70000000000005
Maryland,2021-09-01,2021,9,4.6,271.5,2412.3,1.3,161.6,108.6,461.0,33.8,142.0,463.9,441.1,246.6,508.2,497.7
Maryland,2021-10-01,2021,10,4.2,272.5,2438.9,1.3,161.8,109.4,472.0,34.6,143.4,471.2,447.1,244.4,510.0,505.8
Maryland,2021-11-01,2021,11,3.9,273.4,2454.4,1.3,162.0,110.1,485.9,34.8,143.1,473.2,449.2,239.5,512.9,508.0
Maryland,2021-12-01,2021,12,3.5,273.9,2466.8,1.3,161.9,110.7,494.2,35.0,143.4,474.5,450.4,240.3,512.9,509.5
Maryland,2022-01-01,2022,1,3.5,265.8,2391.3,1.4,156.0,108.4,473.8,35.3,140.5,467.5,437.1,227.2,495.1,502.8
Maryland,2022-02-01,2022,2,3.3,267.8,2421.2,1.3,157.4,109.1,473.7,35.4,140.9,471.9,443.2,231.3,509.3,507.29999999999995
Maryland,2022-03-01,2022,3,3.2,268.7,2419.6,1.3,158.6,108.8,471.0,35.4,138.9,469.1,441.9,236.5,512.1,504.5
Maryland,2022-04-01,2022,4,3.1,271.1,2452.3,1.3,160.4,109.4,471.7,35.8,140.4,478.3,447.5,245.0,518.4,514.1
Maryland,2022-05-01,2022,5,3.1,272.7,2470.2,1.4,161.5,109.8,473.8,35.7,141.2,480.3,447.6,254.5,521.1,516.0
Maryland,2022-06-01,2022,6,3.1,274.1,2464.5,1.3,162.5,110.3,473.8,35.6,140.9,479.2,444.1,264.8,509.6,514.8
Maryland,2022-07-01,2022,7,3.0,278.0,2481.2,1.4,164.4,112.2,476.8,36.1,143.2,489.5,448.8,270.6,498.4,525.6
Maryland,2022-08-01,2022,8,3.0,278.0,2473.5,1.4,164.3,112.3,475.0,36.2,143.0,489.0,448.0,268.2,496.7,525.2
Maryland,2022-09-01,2022,9,2.8,276.0,2479.3,1.4,163.1,111.5,472.8,36.0,142.6,482.5,450.6,256.3,521.7,518.5
Maryland,2022-10-01,2022,10,2.8,275.5,2476.5,1.4,162.3,111.8,474.3,36.0,142.5,484.3,452.3,252.4,517.8,520.3
Maryland,2022-11-01,2022,11,2.6,275.2,2486.3,1.4,161.3,112.5,483.9,36.0,142.0,483.4,454.2,247.6,522.2,519.4
Maryland,2022-12-01,2022,12,2.5,274.8,2482.7,1.4,160.8,112.6,485.5,36.0,141.7,479.0,453.0,245.1,525.2,515.0
Maryland,2023-01-01,2023,1,2.3,269.3,2435.3,1.4,156.7,111.2,470.8,35.3,140.4,471.8,452.2,240.1,507.9,507.1
Maryland,2023-02-01,2023,2,2.2,270.0,2449.4,1.4,157.3,111.3,463.6,35.2,140.8,472.6,457.8,241.1,521.1,507.8
Maryland,2023-03-01,2023,3,2.1,271.1,2462.0,1.5,158.4,111.2,463.5,35.2,140.4,473.9,458.5,247.0,525.5,509.09999999999997
Maryland,2023-04-01,2023,4,1.9,273.3,2493.5,1.4,160.6,111.3,462.9,35.8,141.5,481.6,464.9,258.9,529.8,517.4
Maryland,2023-05-01,2023,5,1.9,274.5,2515.9,1.4,161.7,111.4,466.0,35.7,141.6,482.6,465.7,269.9,535.1,518.3000000000001
Maryland,2023-06-01,2023,6,1.9,277.0,2530.0,1.4,163.4,112.2,469.6,35.5,142.8,485.3,466.6,283.2,523.9,520.8
Maryland,2023-07-01,2023,7,2.0,278.9,2528.5,1.5,164.4,113.0,468.4,35.0,143.2,487.1,467.0,285.9,517.4,522.1
Maryland,2023-08-01,2023,8,2.2,276.9,2521.0,1.5,163.7,111.7,469.0,34.8,142.7,486.3,465.0,282.5,519.3,521.1
Maryland,2023-09-01,2023,9,2.3,275.0,2515.8,1.5,162.2,111.3,466.2,34.5,141.6,480.6,470.2,268.8,534.2,515.1
Maryland,2023-10-01,2023,10,2.5,273.7,2525.3,1.5,161.9,110.3,472.4,34.6,141.6,482.4,475.1,264.6,537.5,517.0
Maryland,2023-11-01,2023,11,2.6,272.5,2538.7,1.5,160.9,110.1,485.7,34.8,141.0,481.8,477.7,257.8,542.8,516.6
Maryland,2023-12-01,2023,12,2.7,274.0,2539.4,1.5,160.7,111.8,490.5,34.6,141.0,477.3,478.2,257.0,543.3,511.90000000000003
Maryland,2024-01-01,2024,1,2.8,271.9,2514.4,1.5,159.7,110.7,475.5,35.2,140.7,480.6,480.7,253.4,528.4,515.8000000000001
Maryland,2024-02-01,2024,2,2.9,271.7,2527.2,1.6,159.9,110.2,468.7,35.0,140.7,481.7,486.6,252.5,541.2,516.7
Maryland,2024-03-01,2024,3,3.0,273.1,2538.3,1.6,161.3,110.2,468.1,34.7,140.3,482.9,487.3,258.2,545.7,517.6
Maryland,2024-04-01,2024,4,3.0,275.1,2552.9,1.6,163.1,110.4,465.5,34.4,141.2,487.1,490.3,269.0,544.9,521.5
Maryland,2024-05-01,2024,5,3.1,276.2,2572.4,1.6,164.1,110.5,467.8,34.4,141.1,488.6,490.5,280.6,547.7,523.0
Maryland,2024-06-01,2024,6,3.2,279.9,2581.1,1.6,166.7,111.6,471.9,34.5,142.0,490.1,490.1,292.4,536.9,524.6
Maryland,2024-07-01,2024,7,3.3,281.5,2578.9,1.6,167.8,112.1,471.6,35.1,142.6,493.9,490.6,292.3,530.3,529.0
Maryland,2024-08-01,2024,8,3.3,280.3,2568.7,1.6,167.2,111.5,468.8,35.0,142.4,490.9,490.1,288.5,530.5,525.9
Maryland,2024-09-01,2024,9,3.3,278.9,2564.5,1.6,166.2,111.1,467.3,34.3,141.0,486.2,493.4,276.8,543.0,520.5
Maryland,2024-10-01,2024,10,3.3,277.8,2578.3,1.6,165.3,110.9,473.1,35.1,141.2,486.1,497.7,272.6,549.1,521.2
Maryland,2024-11-01,2024,11,3.4,278.3,2587.6,1.6,165.4,111.3,482.1,35.2,141.1,483.7,500.5,266.0,554.0,518.9
Maryland,2024-12-01,2024,12,3.4,277.5,2588.1,1.6,164.3,111.6,487.0,34.9,141.3,480.8,501.9,263.9,553.6,515.7
Maryland,2025-01-01,2025,1,3.5,269.8,2523.6,1.5,157.7,110.6,468.1,34.7,140.4,468.8,498.8,254.4,534.6,503.5
Maryland,2025-02-01,2025,2,3.6,271.9,2537.4,1.5,159.7,110.7,463.2,34.4,140.7,469.0,503.5,253.0,549.3,503.4
Maryland,2025-03-01,2025,3,3.7,274.7,2548.0,1.5,162.4,110.8,463.0,34.4,140.1,470.1,504.4,258.5,551.7,504.5
Maryland,2025-04-01,2025,4,3.8,276.1,2551.5,1.6,163.6,110.9,460.4,34.4,140.6,472.3,502.0,267.4,548.9,506.7
Maryland,2025-05-01,2025,5,4.0,276.8,2571.3,1.5,164.4,110.9,463.2,34.6,140.9,474.2,502.0,280.8,549.2,508.8
Maryland,2025-06-01,2025,6,4.1,280.1,2562.7,1.5,166.9,111.7,464.5,34.7,141.6,474.8,500.1,288.2,533.1,509.5
Maryland,2025-07-01,2025,7,4.2,280.4,2555.2,1.5,167.6,111.3,461.8,34.9,142.2,474.1,501.5,288.1,526.6,509.0
Maryland,2025-08-01,2025,8,4.3,279.3,2541.3,1.5,167.7,110.1,460.0,34.5,141.5,472.5,500.6,285.6,522.2,507.0
Maryland,2025-09-01,2025,9,4.3,277.7,2528.5,1.5,166.8,109.4,458.0,34.0,139.7,465.3,500.2,271.8,534.9,499.3
Maryland,2025-10-01,2025,10,,278.6,2518.6,1.5,166.9,110.2,459.0,34.4,140.2,464.6,502.9,264.4,530.0,499.0
Maryland,2025-11-01,2025,11,4.3,280.7,2526.1,1.5,168.3,110.9,467.7,34.6,140.1,461.8,504.5,259.2,534.9,496.40000000000003
Maryland,2025-12-01,2025,12,4.2,279.4,2523.9,1.5,167.2,110.7,471.8,35.0,139.4,458.7,504.9,257.7,533.8,493.7
Maryland,2026-01-01,2026,1,4.3,276.5,2470.4,1.5,165.0,110.0,453.4,33.6,138.5,453.6,503.6,253.6,512.0,487.20000000000005
Maryland,2026-02-01,2026,2,4.3,272.0,2480.2,1.5,160.1,110.4,445.0,33.1,138.8,453.8,506.6,252.0,527.1,486.90000000000003
Massachusetts,2016-01-01,2016,1,4.4,379.0,3073.3,1.0,135.0,243.0,567.4,89.7,218.5,536.0,756.3,327.8,446.1,625.7
Massachusetts,2016-02-01,2016,2,4.3,373.4,3097.7,1.0,130.6,241.8,559.4,89.8,218.7,538.3,772.0,327.4,460.7,628.0999999999999
Massachusetts,2016-03-01,2016,3,4.2,377.5,3119.7,1.0,134.1,242.4,560.6,89.3,218.3,540.5,775.8,334.4,467.4,629.8
Massachusetts,2016-04-01,2016,4,4.1,386.6,3167.9,1.1,143.2,242.3,566.4,90.2,219.9,557.6,781.1,351.8,465.2,647.8000000000001
Massachusetts,2016-05-01,2016,5,4.1,392.7,3189.5,1.2,148.7,242.8,572.3,87.1,221.0,559.9,778.7,368.0,465.5,647.0
Massachusetts,2016-06-01,2016,6,4.0,399.0,3211.8,1.2,152.3,245.5,580.9,91.1,223.9,568.7,761.4,388.6,455.5,659.8000000000001
Massachusetts,2016-07-01,2016,7,3.9,400.4,3211.0,1.2,155.0,244.2,579.1,92.0,226.9,576.0,770.9,398.0,423.8,668.0
Massachusetts,2016-08-01,2016,8,3.9,399.9,3196.0,1.2,154.4,244.3,578.5,92.7,227.0,575.5,766.6,397.1,415.4,668.2
Massachusetts,2016-09-01,2016,9,3.8,396.0,3205.1,1.2,152.5,242.3,573.4,91.5,222.9,568.1,778.5,375.8,459.2,659.6
Massachusetts,2016-10-01,2016,10,3.8,396.0,3214.0,1.2,152.7,242.1,576.7,91.5,222.1,570.8,787.1,365.4,464.6,662.3
Massachusetts,2016-11-01,2016,11,3.8,394.4,3222.3,1.1,151.4,241.9,585.6,91.5,221.9,570.8,791.4,353.8,472.0,662.3
Massachusetts,2016-12-01,2016,12,3.9,391.9,3221.6,1.1,148.1,242.7,594.3,91.5,223.1,566.9,791.6,350.7,467.9,658.4
Massachusetts,2017-01-01,2017,1,3.9,379.3,3130.9,1.0,137.6,240.7,574.0,90.7,220.5,552.5,773.2,336.3,450.6,643.2
Massachusetts,2017-02-01,2017,2,3.9,376.0,3147.8,1.0,134.8,240.2,564.0,91.9,220.8,554.6,787.2,334.3,462.3,646.5
Massachusetts,2017-03-01,2017,3,3.9,378.4,3165.4,1.0,137.2,240.2,564.1,91.7,220.6,557.8,792.4,341.4,462.8,649.5
Massachusetts,2017-04-01,2017,4,3.9,388.8,3210.2,1.1,147.0,240.7,570.4,92.2,221.3,570.8,796.0,358.5,465.1,663.0
Massachusetts,2017-05-01,2017,5,3.9,395.4,3235.4,1.1,153.3,241.0,576.4,93.5,222.6,573.3,792.9,374.3,465.1,666.8
Massachusetts,2017-06-01,2017,6,3.8,403.3,3273.5,1.2,158.3,243.8,587.5,93.4,226.8,583.4,781.4,399.5,458.7,676.8
Massachusetts,2017-07-01,2017,7,3.8,406.7,3245.4,1.2,161.5,244.0,584.1,94.0,227.8,587.3,782.4,404.3,421.2,681.3
Massachusetts,2017-08-01,2017,8,3.8,407.3,3230.9,1.2,161.9,244.2,583.5,94.7,227.9,585.4,779.3,403.1,413.6,680.1
Massachusetts,2017-09-01,2017,9,3.8,403.6,3235.8,1.2,160.2,242.2,579.0,93.0,224.0,578.0,790.4,380.5,454.3,671.0
Massachusetts,2017-10-01,2017,10,3.8,404.2,3252.3,1.2,160.4,242.6,582.2,92.7,223.7,580.9,797.8,374.9,463.8,673.6
Massachusetts,2017-11-01,2017,11,3.8,402.6,3258.6,1.2,158.8,242.6,592.0,92.9,223.2,581.6,802.5,362.8,467.4,674.5
Massachusetts,2017-12-01,2017,12,3.7,398.5,3259.9,1.1,153.6,243.8,598.9,93.1,224.1,575.9,804.8,360.0,466.8,669.0
Massachusetts,2018-01-01,2018,1,3.7,385.7,3165.1,1.0,143.4,241.3,579.5,91.7,221.9,563.0,780.9,345.1,448.4,654.7
Massachusetts,2018-02-01,2018,2,3.6,385.4,3192.4,1.0,143.7,240.7,570.2,92.4,222.1,565.3,797.8,346.4,463.5,657.6999999999999
Massachusetts,2018-03-01,2018,3,3.6,388.1,3201.9,1.0,146.0,241.1,568.1,91.4,222.3,569.1,801.4,351.9,461.9,660.5
Massachusetts,2018-04-01,2018,4,3.6,397.4,3243.2,1.1,154.9,241.4,571.4,91.4,223.2,582.5,805.9,364.8,465.6,673.9
Massachusetts,2018-05-01,2018,5,3.5,404.9,3269.8,1.1,161.7,242.1,578.3,91.1,224.0,586.6,801.0,382.2,466.8,677.7
Massachusetts,2018-06-01,2018,6,3.5,412.5,3304.9,1.1,166.5,244.9,588.5,92.7,227.9,598.0,787.8,403.2,461.1,690.7
Massachusetts,2018-07-01,2018,7,3.4,412.4,3273.3,1.1,167.1,244.2,582.9,93.1,228.8,602.3,787.2,409.2,423.3,695.4
Massachusetts,2018-08-01,2018,8,3.4,411.0,3256.7,1.1,166.6,243.3,581.1,94.0,228.7,602.4,781.8,409.5,413.6,696.4
Massachusetts,2018-09-01,2018,9,3.3,407.4,3264.0,1.1,164.7,241.6,575.9,92.1,225.2,593.4,793.5,386.0,459.8,685.5
Massachusetts,2018-10-01,2018,10,3.3,408.9,3288.2,1.1,165.8,242.0,578.2,93.5,225.3,598.3,807.6,381.4,466.2,691.8
Massachusetts,2018-11-01,2018,11,3.3,406.6,3293.3,1.1,163.3,242.2,589.9,93.3,225.3,601.2,809.9,363.6,472.7,694.5
Massachusetts,2018-12-01,2018,12,3.3,404.0,3294.1,1.0,159.4,243.6,597.4,92.9,225.5,597.0,811.0,362.0,470.7,689.9
Massachusetts,2019-01-01,2019,1,3.2,394.6,3201.7,0.9,150.5,243.2,578.6,91.0,224.6,577.4,795.6,349.7,449.7,668.4
Massachusetts,2019-02-01,2019,2,3.2,392.6,3226.5,0.9,148.8,242.9,569.5,91.5,224.9,581.8,810.5,347.3,465.9,673.3
Massachusetts,2019-03-01,2019,3,3.1,394.8,3238.9,0.9,150.5,243.4,568.0,91.3,224.3,581.8,816.9,353.2,466.8,673.0999999999999
Massachusetts,2019-04-01,2019,4,3.1,405.0,3293.6,1.0,160.0,244.0,570.8,92.0,225.1,598.9,831.0,367.5,469.1,690.9
Massachusetts,2019-05-01,2019,5,3.0,411.2,3320.5,1.1,165.5,244.6,578.3,94.3,225.9,601.9,821.3,385.4,472.7,696.1999999999999
Massachusetts,2019-06-01,2019,6,3.0,417.8,3356.4,1.1,169.7,247.0,587.3,95.4,229.8,612.7,810.2,411.4,463.5,708.1
Massachusetts,2019-07-01,2019,7,3.0,418.0,3331.2,1.1,170.8,246.1,584.8,97.1,231.3,616.8,808.8,415.9,428.3,713.9
Massachusetts,2019-08-01,2019,8,3.0,417.5,3313.5,1.1,171.1,245.3,583.4,97.9,231.0,616.8,804.6,413.6,418.9,714.6999999999999
Massachusetts,2019-09-01,2019,9,3.0,413.6,3314.5,1.1,169.2,243.3,578.6,94.3,226.5,607.7,817.3,389.9,461.1,702.0
Massachusetts,2019-10-01,2019,10,3.0,413.4,3337.1,1.2,168.8,243.4,581.5,94.8,226.6,610.3,830.7,383.4,470.4,705.0999999999999
Massachusetts,2019-11-01,2019,11,3.0,412.0,3344.0,1.1,167.5,243.4,593.8,95.7,226.1,612.2,834.2,368.9,473.8,707.9000000000001
Massachusetts,2019-12-01,2019,12,3.0,407.8,3342.3,1.1,162.4,244.3,601.2,94.6,226.6,607.3,830.3,370.4,472.3,701.9
Massachusetts,2020-01-01,2020,1,3.0,396.8,3257.5,0.9,154.3,241.6,580.4,94.9,225.1,592.1,816.9,354.1,456.7,687.0
Massachusetts,2020-02-01,2020,2,3.1,395.7,3283.4,0.9,153.4,241.4,570.5,95.1,225.2,594.4,836.4,354.1,470.1,689.5
Massachusetts,2020-03-01,2020,3,3.1,397.1,3255.8,0.9,155.0,241.2,566.4,95.2,224.3,592.2,831.1,337.1,473.9,687.4000000000001
Massachusetts,2020-04-01,2020,4,17.8,327.7,2724.9,0.9,112.3,214.5,457.8,90.4,217.2,552.4,724.9,147.3,446.0,642.8
Massachusetts,2020-05-01,2020,5,14.3,352.3,2775.0,1.1,132.6,218.6,466.9,88.9,218.2,561.8,722.5,179.1,444.0,650.6999999999999
Massachusetts,2020-06-01,2020,6,14.7,381.7,2865.3,1.1,153.8,226.8,501.7,88.6,220.5,570.2,727.3,212.3,437.4,658.8000000000001
Massachusetts,2020-07-01,2020,7,12.5,386.8,2925.0,1.0,158.7,227.1,517.9,88.9,222.7,575.8,737.0,256.0,408.2,664.6999999999999
Massachusetts,2020-08-01,2020,8,10.4,392.2,2969.5,1.0,162.3,228.9,525.3,88.8,223.2,579.5,746.7,270.8,413.7,668.3
Massachusetts,2020-09-01,2020,9,9.6,390.8,2999.2,1.1,161.3,228.4,527.3,88.3,220.2,573.3,763.4,269.5,438.6,661.5999999999999
Massachusetts,2020-10-01,2020,10,8.4,394.2,3054.5,1.0,163.2,230.0,543.5,90.5,221.6,585.7,782.6,267.7,442.6,676.2
Massachusetts,2020-11-01,2020,11,7.8,394.2,3064.0,1.0,163.0,230.2,556.1,91.0,221.8,588.6,787.6,254.0,444.7,679.6
Massachusetts,2020-12-01,2020,12,7.4,392.0,3049.8,0.9,159.5,231.6,565.8,90.3,222.0,586.9,782.0,242.5,440.4,677.1999999999999
Massachusetts,2021-01-01,2021,1,6.8,380.6,2982.3,0.8,150.9,228.9,547.6,90.6,221.9,575.2,774.4,226.5,428.8,665.8000000000001
Massachusetts,2021-02-01,2021,2,6.4,379.3,3010.7,0.8,149.4,229.1,538.5,91.6,222.1,581.4,787.4,234.1,437.8,673.0
Massachusetts,2021-03-01,2021,3,6.1,383.6,3034.0,0.9,152.8,229.9,540.4,91.2,222.2,582.1,793.0,244.5,440.6,673.3000000000001
Massachusetts,2021-04-01,2021,4,5.9,393.5,3090.3,1.0,161.4,231.1,543.6,92.1,222.6,598.5,798.2,269.0,446.0,690.6
Massachusetts,2021-05-01,2021,5,5.6,399.1,3119.4,1.0,166.2,231.9,549.6,92.7,223.5,601.5,791.7,292.1,446.2,694.2
Massachusetts,2021-06-01,2021,6,5.5,404.7,3166.3,1.0,169.5,234.2,558.4,93.5,225.8,605.8,784.0,322.1,450.8,699.3
Massachusetts,2021-07-01,2021,7,5.3,408.3,3189.1,1.0,171.9,235.4,557.6,96.6,228.0,615.6,786.6,343.9,429.0,712.2
Massachusetts,2021-08-01,2021,8,5.0,408.3,3184.0,1.0,172.0,235.3,555.8,95.8,228.1,614.2,784.2,348.0,425.6,710.0
Massachusetts,2021-09-01,2021,9,4.7,405.0,3168.9,1.0,170.1,233.9,547.9,93.1,223.3,606.1,797.5,329.8,444.3,699.2
Massachusetts,2021-10-01,2021,10,4.4,407.1,3215.6,1.0,171.6,234.5,558.7,94.8,224.2,619.4,807.8,330.8,451.4,714.1999999999999
Massachusetts,2021-11-01,2021,11,4.2,407.5,3226.3,1.0,170.5,236.0,570.0,94.6,224.2,622.2,810.5,321.4,454.3,716.8000000000001
Massachusetts,2021-12-01,2021,12,3.9,404.6,3222.5,1.0,166.4,237.2,578.7,94.3,224.1,618.5,805.4,318.2,454.4,712.8
Massachusetts,2022-01-01,2022,1,3.8,393.4,3149.0,0.9,157.6,234.9,562.8,94.2,223.2,603.7,793.6,302.5,441.2,697.9000000000001
Massachusetts,2022-02-01,2022,2,3.7,394.2,3184.8,0.8,157.2,236.2,559.2,94.8,223.5,611.5,808.5,307.1,451.4,706.3
Massachusetts,2022-03-01,2022,3,3.6,397.5,3199.4,0.9,159.4,237.2,559.7,94.5,223.6,612.7,810.5,315.5,452.7,707.2
Massachusetts,2022-04-01,2022,4,3.6,408.9,3244.6,1.0,169.1,238.8,563.3,96.1,224.7,628.0,810.2,334.1,456.1,724.1
Massachusetts,2022-05-01,2022,5,3.6,412.6,3263.7,1.0,172.6,239.0,565.2,97.0,225.8,628.3,802.9,352.5,458.3,725.3
Massachusetts,2022-06-01,2022,6,3.6,418.8,3311.2,1.0,176.8,241.0,573.8,98.8,229.2,640.0,799.3,375.1,457.1,738.8
Massachusetts,2022-07-01,2022,7,3.6,419.7,3311.2,1.0,177.0,241.7,573.1,99.6,231.6,645.2,799.8,385.0,433.8,744.8000000000001
Massachusetts,2022-08-01,2022,8,3.7,418.9,3298.6,1.0,176.6,241.3,571.9,100.0,231.8,642.3,797.4,384.0,428.9,742.3
Massachusetts,2022-09-01,2022,9,3.6,415.9,3289.5,1.0,175.3,239.6,566.4,99.0,228.1,635.0,810.3,358.5,458.8,734.0
Massachusetts,2022-10-01,2022,10,3.7,415.4,3298.0,1.0,175.4,239.0,569.9,98.8,229.0,638.2,818.0,351.3,459.7,737.0
Massachusetts,2022-11-01,2022,11,3.6,414.2,3307.7,1.0,174.2,239.0,577.2,98.5,229.0,636.5,822.0,342.0,469.1,735.0
Massachusetts,2022-12-01,2022,12,3.6,410.5,3288.9,0.9,169.9,239.7,583.8,97.8,229.5,627.7,817.5,335.6,463.4,725.5
Massachusetts,2023-01-01,2023,1,3.5,401.3,3225.1,0.9,162.7,237.7,569.8,97.4,227.5,613.3,806.2,327.2,451.1,710.6999999999999
Massachusetts,2023-02-01,2023,2,3.5,400.0,3243.4,0.9,161.6,237.5,562.7,96.9,227.2,615.5,820.1,328.0,460.8,712.4
Massachusetts,2023-03-01,2023,3,3.4,402.8,3257.5,0.9,163.9,238.0,562.6,96.7,227.3,617.6,824.2,333.2,462.6,714.3000000000001
Massachusetts,2023-04-01,2023,4,3.3,408.8,3283.7,1.0,170.9,236.9,560.2,96.2,228.3,629.2,824.4,346.4,464.3,725.4000000000001
Massachusetts,2023-05-01,2023,5,3.4,412.9,3308.7,1.1,174.8,237.0,566.4,95.5,228.8,630.1,819.6,366.2,465.5,725.6
Massachusetts,2023-06-01,2023,6,3.3,418.8,3352.9,1.1,178.6,239.1,575.8,96.7,233.0,637.7,814.3,389.9,463.8,734.4000000000001
Massachusetts,2023-07-01,2023,7,3.4,419.5,3340.9,1.1,179.7,238.7,570.2,97.0,233.9,639.3,817.0,396.5,441.5,736.3
Massachusetts,2023-08-01,2023,8,3.4,418.9,3328.9,1.1,179.8,238.0,568.9,96.6,233.6,634.5,814.8,397.0,439.3,731.1
Massachusetts,2023-09-01,2023,9,3.5,415.0,3317.3,1.1,177.9,236.0,567.0,95.3,229.4,628.5,829.9,370.2,462.8,723.8
Massachusetts,2023-10-01,2023,10,3.6,413.6,3332.4,1.0,177.5,235.1,572.2,94.1,229.1,630.7,836.2,365.2,468.7,724.8000000000001
Massachusetts,2023-11-01,2023,11,3.6,410.7,3334.5,1.0,175.0,234.7,579.9,94.4,228.3,628.5,841.4,353.4,472.5,722.9
Massachusetts,2023-12-01,2023,12,3.7,406.9,3332.3,1.0,170.6,235.3,586.3,93.9,228.6,621.8,838.4,352.0,474.5,715.6999999999999
Massachusetts,2024-01-01,2024,1,3.7,395.3,3249.3,0.9,162.4,232.0,566.7,92.9,225.9,608.0,823.4,335.8,462.0,700.9
Massachusetts,2024-02-01,2024,2,3.8,392.7,3267.2,0.9,160.6,231.2,559.7,93.6,225.1,609.5,838.9,334.1,472.2,703.1
Massachusetts,2024-03-01,2024,3,3.8,395.5,3285.7,1.0,162.9,231.6,560.4,93.0,225.0,610.8,843.5,340.2,477.4,703.8
Massachusetts,2024-04-01,2024,4,3.9,400.3,3308.6,1.0,168.2,231.1,560.4,92.6,224.3,620.2,845.8,353.6,474.4,712.8000000000001
Massachusetts,2024-05-01,2024,5,4.0,405.4,3336.4,1.1,173.1,231.2,566.9,92.6,225.0,623.0,839.2,373.4,477.3,715.6
Massachusetts,2024-06-01,2024,6,4.0,410.6,3379.2,1.1,176.3,233.2,574.7,93.2,228.8,630.6,834.1,396.7,476.6,723.8000000000001
Massachusetts,2024-07-01,2024,7,4.1,411.6,3358.2,1.1,177.9,232.6,568.5,93.4,230.0,632.8,835.3,399.0,451.8,726.1999999999999
Massachusetts,2024-08-01,2024,8,4.1,409.8,3340.8,1.1,176.8,231.9,568.2,92.7,228.5,628.3,832.0,397.2,448.5,721.0
Massachusetts,2024-09-01,2024,9,4.1,405.0,3328.1,1.1,173.7,230.2,566.7,91.8,224.9,620.4,842.2,375.1,472.0,712.1999999999999
Massachusetts,2024-10-01,2024,10,4.1,405.1,3345.7,1.1,174.3,229.7,568.0,91.0,225.3,623.9,853.4,369.6,477.7,714.9
Massachusetts,2024-11-01,2024,11,4.1,402.8,3345.1,1.1,172.3,229.4,576.4,92.5,225.2,620.3,857.1,353.5,483.4,712.8
Massachusetts,2024-12-01,2024,12,4.1,399.3,3335.4,1.1,168.5,229.7,581.2,90.8,225.5,613.8,853.7,352.5,480.4,704.5999999999999
Massachusetts,2025-01-01,2025,1,4.2,385.7,3260.8,0.9,157.6,227.2,563.8,90.4,223.0,597.8,842.5,336.8,470.5,688.1999999999999
Massachusetts,2025-02-01,2025,2,4.3,383.2,3269.4,0.9,156.1,226.2,555.3,90.1,223.4,601.3,852.3,334.8,477.7,691.4
Massachusetts,2025-03-01,2025,3,4.3,385.2,3279.6,0.9,157.8,226.5,556.8,90.0,223.1,599.7,854.8,340.0,479.5,689.7
Massachusetts,2025-04-01,2025,4,4.4,392.1,3309.0,1.0,164.6,226.5,555.8,90.0,223.0,611.7,857.2,352.4,481.3,701.7
Massachusetts,2025-05-01,2025,5,4.4,396.8,3330.6,1.1,169.2,226.5,559.7,90.0,223.6,612.5,847.2,374.8,483.3,702.5
Massachusetts,2025-06-01,2025,6,4.4,400.7,3355.2,1.1,171.8,227.8,565.8,90.7,226.9,617.3,840.3,390.7,479.4,708.0
Massachusetts,2025-07-01,2025,7,4.5,401.8,3349.0,1.1,173.1,227.6,562.4,91.2,227.6,621.7,843.5,399.3,455.2,712.9000000000001
Massachusetts,2025-08-01,2025,8,4.5,400.0,3321.8,1.1,172.1,226.8,559.5,91.4,226.5,616.9,835.5,396.5,449.7,708.3
Massachusetts,2025-09-01,2025,9,4.6,395.7,3304.5,1.1,169.8,224.8,558.1,89.5,222.6,609.5,845.0,372.5,472.2,699.0
Massachusetts,2025-10-01,2025,10,,394.9,3328.3,1.1,168.0,225.8,562.1,89.2,223.1,614.0,857.8,368.7,477.0,703.2
Massachusetts,2025-11-01,2025,11,4.7,395.0,3320.8,1.1,167.8,226.1,567.9,88.6,223.9,612.6,860.1,350.5,481.1,701.2
Massachusetts,2025-12-01,2025,12,4.7,391.9,3314.3,1.1,163.4,227.4,574.3,88.6,222.8,606.6,854.5,350.3,479.9,695.2
Massachusetts,2026-01-01,2026,1,4.7,384.2,3248.5,1.0,156.2,227.0,558.5,89.0,220.6,590.5,844.6,339.3,469.7,679.5
Massachusetts,2026-02-01,2026,2,4.8,382.1,3257.7,1.0,154.1,227.0,549.8,89.0,220.9,592.7,856.7,335.0,478.2,681.7
Michigan,2016-01-01,2016,1,4.9,742.6,3478.4,7.1,137.2,598.3,766.3,56.7,210.4,630.0,657.3,396.6,595.4,686.7
Michigan,2016-02-01,2016,2,4.9,739.5,3500.0,7.0,135.4,597.1,761.5,56.5,210.3,632.5,663.5,399.2,610.2,689.0
Michigan,2016-03-01,2016,3,4.9,741.9,3514.9,7.0,138.9,596.0,763.5,56.7,210.5,634.0,664.8,404.7,614.0,690.7
Michigan,2016-04-01,2016,4,5.0,759.5,3547.7,7.1,149.4,603.0,771.6,56.9,212.1,644.5,667.5,414.7,613.9,701.4
Michigan,2016-05-01,2016,5,5.0,770.2,3578.3,7.2,159.6,603.4,782.5,57.5,214.7,650.8,670.4,435.7,598.3,708.3
Michigan,2016-06-01,2016,6,5.0,784.0,3587.3,7.4,163.5,613.1,787.9,58.1,217.6,650.7,666.7,449.3,586.8,708.8000000000001
Michigan,2016-07-01,2016,7,5.0,779.7,3536.8,7.4,165.4,606.9,785.5,58.5,219.0,637.1,663.5,451.4,552.1,695.6
Michigan,2016-08-01,2016,8,5.0,781.3,3541.7,7.4,165.9,608.0,787.1,57.9,219.1,639.6,664.2,452.1,552.2,697.5
Michigan,2016-09-01,2016,9,5.0,781.2,3591.0,7.2,165.4,608.6,782.1,57.4,216.4,649.7,669.9,438.1,609.2,707.1
Michigan,2016-10-01,2016,10,5.1,780.4,3606.6,7.4,165.8,607.2,787.4,56.8,216.1,656.9,674.5,428.2,619.1,713.6999999999999
Michigan,2016-11-01,2016,11,5.1,783.6,3618.5,7.0,162.6,614.0,800.6,57.4,216.3,657.6,677.1,417.7,624.5,715.0
Michigan,2016-12-01,2016,12,5.0,771.7,3605.9,6.9,151.9,612.9,804.2,57.1,217.5,650.4,677.8,415.0,617.2,707.5
Michigan,2017-01-01,2017,1,4.9,761.6,3527.9,6.6,143.5,611.5,775.9,56.5,217.7,638.8,667.2,406.2,601.0,695.3
Michigan,2017-02-01,2017,2,4.7,760.8,3544.0,6.5,142.0,612.3,769.1,56.3,217.6,640.5,673.1,408.5,613.7,696.8
Michigan,2017-03-01,2017,3,4.5,763.5,3561.5,6.6,145.6,611.3,772.4,56.8,217.5,645.3,674.5,413.2,616.1,702.0999999999999
Michigan,2017-04-01,2017,4,4.4,774.6,3579.8,7.0,154.9,612.7,779.4,56.2,218.4,647.0,676.9,422.2,615.9,703.2
Michigan,2017-05-01,2017,5,4.3,790.8,3618.2,7.3,166.7,616.8,788.2,56.7,220.2,658.3,680.3,443.3,605.2,715.0
Michigan,2017-06-01,2017,6,4.4,803.7,3632.4,7.5,172.8,623.4,794.3,56.9,223.7,659.3,677.9,458.6,593.4,716.1999999999999
Michigan,2017-07-01,2017,7,4.5,790.0,3560.5,7.5,174.4,608.1,789.1,56.7,223.5,637.2,673.1,457.2,556.8,693.9000000000001
Michigan,2017-08-01,2017,8,4.6,804.0,3568.7,7.5,175.2,621.3,791.4,56.4,222.9,641.4,674.8,459.4,555.5,697.8
Michigan,2017-09-01,2017,9,4.7,796.4,3613.2,7.4,173.1,615.9,786.2,56.1,219.6,648.5,679.9,442.6,615.2,704.6
Michigan,2017-10-01,2017,10,4.7,797.1,3629.8,7.4,172.1,617.6,791.8,56.0,218.7,654.7,685.2,433.7,624.4,710.7
Michigan,2017-11-01,2017,11,4.7,796.2,3639.7,7.3,167.3,621.6,805.6,56.3,218.5,657.9,688.0,421.9,626.4,714.1999999999999
Michigan,2017-12-01,2017,12,4.6,788.5,3628.3,7.1,158.6,622.8,808.2,56.7,218.7,650.5,688.7,419.7,620.9,707.2
Michigan,2018-01-01,2018,1,4.5,773.1,3554.9,6.6,149.3,617.2,779.3,55.9,218.1,644.6,680.8,410.6,602.5,700.5
Michigan,2018-02-01,2018,2,4.4,779.1,3578.4,6.8,149.1,623.2,773.7,55.5,218.4,650.1,686.5,410.3,620.0,705.6
Michigan,2018-03-01,2018,3,4.3,785.5,3598.5,6.9,153.4,625.2,776.2,55.4,218.7,655.7,688.8,416.7,622.3,711.1
Michigan,2018-04-01,2018,4,4.2,793.4,3602.8,7.0,160.4,626.0,778.5,55.9,219.5,656.3,688.0,419.3,621.2,712.1999999999999
Michigan,2018-05-01,2018,5,4.1,809.7,3641.9,7.3,173.9,628.5,791.5,56.5,221.6,665.2,688.7,444.0,608.1,721.7
Michigan,2018-06-01,2018,6,4.0,822.6,3664.9,7.6,180.8,634.2,798.4,56.9,225.2,671.9,686.7,460.5,596.3,728.8
Michigan,2018-07-01,2018,7,4.0,817.0,3589.9,7.6,182.0,627.4,794.8,56.6,225.2,646.6,679.2,459.5,560.5,703.2
Michigan,2018-08-01,2018,8,4.0,822.9,3604.3,7.6,182.4,632.9,797.0,56.4,224.8,652.6,679.8,461.4,564.3,709.0
Michigan,2018-09-01,2018,9,4.0,817.0,3630.8,7.6,178.5,630.9,790.9,55.3,221.3,656.1,682.2,442.1,617.2,711.4
Michigan,2018-10-01,2018,10,4.1,820.2,3662.7,7.5,180.0,632.7,797.5,55.8,221.4,667.3,688.6,435.5,629.3,723.0999999999999
Michigan,2018-11-01,2018,11,4.2,815.9,3670.3,7.4,173.8,634.7,812.8,56.0,220.9,667.5,690.6,421.7,634.4,723.5
Michigan,2018-12-01,2018,12,4.2,810.0,3652.9,7.2,166.0,636.8,814.8,55.5,221.6,656.5,690.4,422.1,626.2,712.0
Michigan,2019-01-01,2019,1,4.2,788.0,3576.8,6.9,156.6,624.5,789.9,55.5,221.2,644.3,682.4,413.3,606.3,699.8
Michigan,2019-02-01,2019,2,4.2,793.5,3589.9,7.0,153.6,632.9,780.0,55.2,221.3,649.4,687.0,412.0,621.2,704.6
Michigan,2019-03-01,2019,3,4.2,795.5,3607.5,7.1,156.7,631.7,781.4,55.2,221.8,650.5,689.5,419.1,625.3,705.7
Michigan,2019-04-01,2019,4,4.2,800.3,3621.8,7.1,164.5,628.7,784.6,54.9,223.2,653.8,689.1,424.9,626.0,708.6999999999999
Michigan,2019-05-01,2019,5,4.2,812.5,3660.8,7.4,177.6,627.5,795.9,55.4,225.4,660.3,691.6,447.2,617.3,715.6999999999999
Michigan,2019-06-01,2019,6,4.2,827.0,3667.3,7.6,182.9,636.5,801.6,55.9,228.6,662.1,687.3,461.5,600.5,718.0
Michigan,2019-07-01,2019,7,4.1,818.8,3604.9,7.6,186.0,625.2,799.0,56.2,229.8,641.1,682.3,460.9,567.0,697.3000000000001
Michigan,2019-08-01,2019,8,4.1,826.7,3623.4,7.6,186.1,633.0,800.0,55.6,229.7,646.6,685.6,462.0,575.5,702.2
Michigan,2019-09-01,2019,9,4.0,820.2,3646.5,7.5,184.2,628.5,793.1,54.9,227.0,649.5,688.0,443.0,625.2,704.4
Michigan,2019-10-01,2019,10,3.9,797.4,3667.6,7.5,184.8,605.1,794.8,55.0,227.6,655.0,694.2,436.9,636.8,710.0
Michigan,2019-11-01,2019,11,3.8,811.5,3681.2,7.3,177.9,626.3,813.3,55.5,228.2,660.6,696.6,422.3,637.7,716.1
Michigan,2019-12-01,2019,12,3.8,805.0,3678.2,7.0,171.8,626.2,819.7,55.6,229.1,654.7,695.6,423.0,633.3,710.3000000000001
Michigan,2020-01-01,2020,1,3.8,784.2,3590.1,6.6,161.0,616.6,789.4,55.1,227.2,640.7,687.1,410.7,615.5,695.8000000000001
Michigan,2020-02-01,2020,2,3.8,785.3,3612.6,6.5,159.5,619.3,783.6,55.0,228.6,646.9,692.6,412.9,627.9,701.9
Michigan,2020-03-01,2020,3,3.7,785.7,3588.5,6.5,162.9,616.3,781.0,54.9,227.2,643.5,687.4,401.4,629.7,698.4
Michigan,2020-04-01,2020,4,22.7,506.6,2871.8,5.8,99.5,401.3,623.5,48.4,215.3,520.2,583.6,182.2,586.5,568.6
Michigan,2020-05-01,2020,5,19.3,586.4,2962.9,5.8,151.6,429.0,665.6,48.1,217.1,543.4,586.2,221.8,561.6,591.5
Michigan,2020-06-01,2020,6,14.5,737.5,3173.9,6.4,172.8,558.3,725.0,49.1,222.3,573.5,613.1,304.6,552.4,622.6
Michigan,2020-07-01,2020,7,12.5,752.0,3214.6,6.8,177.9,567.3,745.0,49.1,225.5,577.7,621.2,333.8,521.8,626.8000000000001
Michigan,2020-08-01,2020,8,10.0,762.3,3281.6,6.9,182.3,573.1,753.9,49.2,227.6,587.2,631.0,345.7,543.2,636.4000000000001
Michigan,2020-09-01,2020,9,8.9,759.7,3338.4,6.8,181.2,571.7,756.4,48.9,226.9,595.6,639.6,345.4,580.2,644.5
Michigan,2020-10-01,2020,10,7.7,765.6,3393.8,7.1,180.9,577.6,768.2,50.6,228.8,613.9,649.0,346.1,588.3,664.5
Michigan,2020-11-01,2020,11,7.1,763.2,3394.3,6.9,175.6,580.7,779.9,50.3,229.3,617.7,650.6,328.6,589.4,668.0
Michigan,2020-12-01,2020,12,6.9,761.0,3309.7,6.8,169.4,584.8,786.7,49.2,229.9,613.3,651.0,258.8,575.3,662.5
Michigan,2021-01-01,2021,1,6.5,745.4,3263.2,6.3,156.1,583.0,765.8,49.8,230.1,604.5,646.6,257.6,564.1,654.3
Michigan,2021-02-01,2021,2,6.3,743.0,3341.0,6.3,151.9,584.8,761.4,50.4,230.9,610.8,652.8,310.4,577.4,661.1999999999999
Michigan,2021-03-01,2021,3,6.1,753.3,3358.2,6.3,158.7,588.3,761.5,50.7,231.3,610.0,653.5,322.4,580.4,660.7
Michigan,2021-04-01,2021,4,6.1,745.9,3380.0,6.5,171.6,567.8,762.2,51.3,232.7,616.8,651.4,334.5,580.1,668.0999999999999
Michigan,2021-05-01,2021,5,6.1,762.3,3416.0,6.7,181.0,574.6,774.9,51.6,233.2,624.4,650.1,358.8,570.2,676.0
Michigan,2021-06-01,2021,6,6.1,775.9,3450.0,6.9,186.6,582.4,783.1,52.5,235.9,629.9,649.0,382.5,560.9,682.4
Michigan,2021-07-01,2021,7,5.9,773.4,3429.0,7.0,189.7,576.7,783.5,53.4,237.1,618.6,646.6,398.0,534.3,672.0
Michigan,2021-08-01,2021,8,5.7,779.6,3444.1,6.9,189.1,583.6,782.2,53.5,237.2,622.4,646.4,400.6,543.9,675.9
Michigan,2021-09-01,2021,9,5.3,778.4,3465.8,6.9,186.5,585.0,775.3,52.9,233.9,628.3,646.7,385.8,586.2,681.1999999999999
Michigan,2021-10-01,2021,10,5.0,790.5,3525.3,6.9,187.1,596.5,792.9,53.9,235.0,647.9,657.2,386.3,593.1,701.8
Michigan,2021-11-01,2021,11,4.7,791.6,3545.1,6.9,184.2,600.5,809.6,54.4,235.0,653.7,658.8,377.1,596.7,708.1
Michigan,2021-12-01,2021,12,4.5,785.6,3540.6,6.7,176.1,602.8,818.2,54.7,234.9,651.2,656.1,375.1,591.6,705.9000000000001
Michigan,2022-01-01,2022,1,4.4,765.1,3464.0,6.4,163.3,595.4,792.0,54.4,232.3,637.8,650.0,365.5,575.5,692.1999999999999
Michigan,2022-02-01,2022,2,4.4,764.3,3507.7,6.4,163.5,594.4,795.4,54.8,233.4,648.6,655.9,371.4,589.2,703.4
Michigan,2022-03-01,2022,3,4.3,779.3,3517.8,6.6,168.0,604.7,795.5,55.2,233.7,646.7,655.5,379.1,591.9,701.9000000000001
Michigan,2022-04-01,2022,4,4.2,791.6,3562.8,7.0,180.3,604.3,801.8,56.0,235.2,659.9,659.1,390.7,596.2,715.9
Michigan,2022-05-01,2022,5,4.1,801.4,3588.5,7.3,189.5,604.6,807.1,56.6,236.2,663.7,660.0,413.5,585.8,720.3000000000001
Michigan,2022-06-01,2022,6,4.1,816.1,3603.5,7.4,194.5,614.2,810.3,57.2,236.5,668.2,657.4,430.1,574.9,725.4000000000001
Michigan,2022-07-01,2022,7,4.0,815.4,3564.3,7.5,195.3,612.6,811.2,58.4,237.1,649.5,658.5,434.7,546.1,707.9
Michigan,2022-08-01,2022,8,4.0,817.6,3576.8,7.6,195.3,614.7,810.4,58.2,236.3,649.7,659.9,434.9,558.6,707.9000000000001
Michigan,2022-09-01,2022,9,4.0,811.8,3596.0,7.5,193.3,611.0,805.4,57.9,233.7,658.3,662.2,415.0,597.2,716.1999999999999
Michigan,2022-10-01,2022,10,4.1,812.6,3614.6,7.6,191.3,613.7,811.0,57.9,233.3,661.9,670.2,410.4,603.0,719.8
Michigan,2022-11-01,2022,11,4.1,811.4,3632.2,7.4,188.4,615.6,824.0,58.0,232.4,664.5,673.6,400.7,612.5,722.5
Michigan,2022-12-01,2022,12,4.1,807.2,3620.5,7.3,180.2,619.7,829.9,57.9,232.4,657.5,677.2,398.8,600.1,715.4
Michigan,2023-01-01,2023,1,4.0,791.2,3559.5,7.0,170.1,614.1,806.0,58.3,231.6,645.6,673.0,391.4,587.7,703.9
Michigan,2023-02-01,2023,2,3.9,792.6,3582.1,7.0,169.1,616.5,800.0,58.2,231.5,649.4,677.8,393.7,605.0,707.6
Michigan,2023-03-01,2023,3,3.8,797.9,3592.7,7.0,172.4,618.5,799.8,58.1,231.6,650.3,678.5,400.2,606.1,708.4
Michigan,2023-04-01,2023,4,3.7,809.9,3631.7,7.3,184.0,618.6,802.8,58.5,234.1,660.4,685.7,412.0,609.1,718.9
Michigan,2023-05-01,2023,5,3.7,821.9,3680.2,7.5,194.4,620.0,812.8,58.4,235.7,666.8,688.8,436.1,610.1,725.1999999999999
Michigan,2023-06-01,2023,6,3.8,835.4,3698.7,7.6,200.9,626.9,818.5,58.5,238.8,668.3,690.8,455.4,594.1,726.8
Michigan,2023-07-01,2023,7,3.9,832.2,3640.9,7.4,202.0,622.8,815.8,59.0,237.6,644.2,690.1,453.8,567.8,703.2
Michigan,2023-08-01,2023,8,4.0,832.0,3646.0,7.3,202.0,622.7,816.0,58.2,237.4,643.1,691.7,453.6,572.7,701.3000000000001
Michigan,2023-09-01,2023,9,4.0,827.9,3673.3,7.3,200.3,620.3,810.5,57.3,236.1,655.4,694.0,434.0,615.6,712.6999999999999
Michigan,2023-10-01,2023,10,4.0,809.8,3676.7,7.3,200.0,602.5,812.9,57.2,234.6,653.8,701.3,425.0,621.8,711.0
Michigan,2023-11-01,2023,11,4.0,817.5,3681.3,7.2,195.7,614.6,829.2,56.8,234.6,651.9,704.8,408.1,625.3,708.6999999999999
Michigan,2023-12-01,2023,12,4.0,813.8,3680.8,7.2,189.0,617.6,832.6,56.9,235.9,646.3,706.2,411.9,620.1,703.1999999999999
Michigan,2024-01-01,2024,1,3.9,794.6,3600.0,7.0,177.1,610.5,805.6,57.0,233.6,634.1,699.9,397.1,604.0,691.1
Michigan,2024-02-01,2024,2,4.0,793.6,3628.1,6.7,177.2,609.7,798.7,56.7,234.2,636.6,707.3,400.4,624.1,693.3000000000001
Michigan,2024-03-01,2024,3,4.2,799.5,3642.3,7.0,183.3,609.2,798.1,56.6,234.8,637.5,708.2,405.5,630.6,694.1
Michigan,2024-04-01,2024,4,4.4,807.0,3668.9,7.2,191.9,607.9,801.6,56.5,234.3,646.4,710.9,418.5,627.4,702.9
Michigan,2024-05-01,2024,5,4.5,818.4,3713.0,7.3,201.1,610.0,811.8,56.3,236.9,654.6,713.5,443.9,620.7,710.9
Michigan,2024-06-01,2024,6,4.7,827.5,3724.3,7.5,206.3,613.7,816.2,56.8,240.1,648.2,714.0,459.6,611.4,705.0
Michigan,2024-07-01,2024,7,4.8,813.4,3657.3,7.5,207.4,598.5,811.8,57.1,239.8,621.2,712.4,457.0,580.9,678.3000000000001
Michigan,2024-08-01,2024,8,5.0,823.8,3679.2,7.5,207.7,608.6,812.2,56.2,240.0,628.3,716.3,457.7,591.1,684.5
Michigan,2024-09-01,2024,9,5.1,818.7,3698.6,7.4,205.5,605.8,806.5,56.0,238.9,638.9,717.6,439.2,626.5,694.9
Michigan,2024-10-01,2024,10,5.1,803.1,3708.5,7.2,205.2,590.7,808.9,55.9,238.5,637.7,723.8,431.6,635.8,693.6
Michigan,2024-11-01,2024,11,5.2,804.2,3716.8,7.0,200.4,596.8,822.1,55.5,238.4,637.5,727.3,416.3,644.7,693.0
Michigan,2024-12-01,2024,12,5.3,799.4,3700.9,6.8,192.9,599.7,827.6,55.5,238.6,627.8,727.1,416.6,633.1,683.3
Michigan,2025-01-01,2025,1,5.3,764.3,3634.0,6.7,182.1,575.5,801.4,55.9,237.8,617.8,724.5,405.6,618.6,673.6999999999999
Michigan,2025-02-01,2025,2,5.3,775.6,3648.5,6.5,180.6,588.5,796.0,55.5,238.5,622.1,728.2,402.5,633.1,677.6
Michigan,2025-03-01,2025,3,5.3,780.4,3656.0,6.6,185.6,588.2,795.9,55.2,238.3,620.3,729.7,407.3,635.4,675.5
Michigan,2025-04-01,2025,4,5.2,790.0,3687.0,6.9,195.2,587.9,798.4,55.2,239.7,632.6,732.3,419.4,634.5,687.8000000000001
Michigan,2025-05-01,2025,5,5.1,805.2,3731.8,7.1,207.9,590.2,807.5,55.0,241.2,640.0,734.0,448.3,629.0,695.0
Michigan,2025-06-01,2025,6,5.0,813.1,3736.7,7.2,212.5,593.4,809.8,55.8,243.4,634.8,734.0,463.3,616.6,690.5999999999999
Michigan,2025-07-01,2025,7,4.9,804.5,3675.9,7.2,214.0,583.3,806.1,55.4,243.6,610.2,732.5,460.7,589.2,665.6
Michigan,2025-08-01,2025,8,4.9,809.0,3685.0,7.2,214.7,587.1,805.8,54.5,242.8,615.5,734.5,459.3,594.2,670.0
Michigan,2025-09-01,2025,9,4.9,803.2,3701.2,7.1,211.8,584.3,800.8,53.8,240.0,626.8,731.2,436.7,636.7,680.5999999999999
Michigan,2025-10-01,2025,10,,802.9,3713.6,7.2,210.2,585.5,802.9,54.6,239.0,632.2,737.0,428.3,644.5,686.8000000000001
Michigan,2025-11-01,2025,11,5.0,793.1,3709.0,7.1,203.7,582.3,813.7,53.7,239.5,628.4,739.1,411.2,648.9,682.1
Michigan,2025-12-01,2025,12,5.0,783.8,3699.4,7.1,191.8,584.9,818.6,54.3,241.5,619.4,740.4,409.4,641.9,673.6999999999999
Michigan,2026-01-01,2026,1,5.0,764.6,3631.8,7.0,183.2,574.4,795.5,53.9,238.9,609.2,735.1,398.6,628.0,663.1
Michigan,2026-02-01,2026,2,5.0,764.2,3650.7,7.0,181.8,575.4,788.0,53.0,239.9,614.7,738.6,397.7,644.9,667.7
Minnesota,2016-01-01,2016,1,3.7,417.1,2405.8,5.5,97.3,314.3,516.9,47.7,179.7,366.6,512.5,248.1,421.0,414.3
Minnesota,2016-02-01,2016,2,3.7,415.8,2417.0,5.4,96.4,314.0,513.8,47.8,179.9,368.6,517.9,248.1,427.1,416.40000000000003
Minnesota,2016-03-01,2016,3,3.8,418.8,2417.8,5.7,98.6,314.5,514.3,47.7,180.2,365.7,517.4,250.4,427.6,413.4
Minnesota,2016-04-01,2016,4,3.8,433.4,2452.1,5.7,112.2,315.5,523.5,48.0,181.8,376.0,523.6,259.3,424.4,424.0
Minnesota,2016-05-01,2016,5,3.8,444.0,2469.6,6.4,121.1,316.5,528.6,48.1,182.4,376.9,521.8,270.7,425.3,425.0
Minnesota,2016-06-01,2016,6,3.9,453.9,2470.9,6.4,127.1,320.4,529.6,48.1,183.9,379.1,513.0,280.7,419.7,427.20000000000005
Minnesota,2016-07-01,2016,7,3.9,458.7,2459.9,6.6,129.8,322.3,530.6,48.5,186.3,384.5,514.5,283.6,394.5,433.0
Minnesota,2016-08-01,2016,8,3.9,459.5,2468.1,6.7,129.6,323.2,532.0,48.9,186.4,384.7,517.7,286.0,394.7,433.59999999999997
Minnesota,2016-09-01,2016,9,4.0,453.4,2475.3,6.7,126.8,319.9,527.1,48.9,184.8,382.9,524.0,275.6,415.2,431.79999999999995
Minnesota,2016-10-01,2016,10,4.0,451.3,2488.4,6.8,125.3,319.2,531.4,48.4,185.2,386.7,525.8,267.1,427.2,435.09999999999997
Minnesota,2016-11-01,2016,11,4.0,444.3,2489.9,6.5,120.1,317.7,537.1,48.3,185.3,383.6,531.6,258.5,429.3,431.90000000000003
Minnesota,2016-12-01,2016,12,3.9,432.5,2485.7,6.2,110.0,316.3,541.6,48.3,185.9,381.4,531.2,256.2,425.1,429.7
Minnesota,2017-01-01,2017,1,3.8,420.8,2452.7,6.1,100.7,314.0,527.4,48.0,185.5,371.9,526.2,254.0,424.6,419.9
Minnesota,2017-02-01,2017,2,3.7,421.0,2459.9,6.2,100.8,314.0,523.1,47.9,185.8,371.1,533.1,255.0,429.0,419.0
Minnesota,2017-03-01,2017,3,3.6,425.1,2463.5,6.3,104.2,314.6,522.8,48.0,186.1,372.1,532.9,257.9,428.0,420.1
Minnesota,2017-04-01,2017,4,3.5,435.0,2485.8,6.3,113.6,315.1,528.9,48.0,186.4,377.5,537.2,264.8,427.0,425.5
Minnesota,2017-05-01,2017,5,3.5,447.7,2502.7,6.6,124.1,317.0,534.2,48.0,187.4,379.0,535.8,276.4,425.4,427.0
Minnesota,2017-06-01,2017,6,3.4,460.1,2520.7,6.8,131.4,321.9,537.7,48.3,189.8,382.1,530.8,287.9,426.4,430.40000000000003
Minnesota,2017-07-01,2017,7,3.4,463.0,2493.0,6.8,133.2,323.0,535.2,48.1,191.0,384.1,528.0,289.4,400.2,432.20000000000005
Minnesota,2017-08-01,2017,8,3.4,463.1,2494.5,6.8,133.3,323.0,535.1,48.5,190.7,384.6,529.4,291.0,398.3,433.1
Minnesota,2017-09-01,2017,9,3.3,456.3,2502.8,6.8,130.0,319.5,530.8,47.5,188.6,380.6,538.2,279.9,421.8,428.1
Minnesota,2017-10-01,2017,10,3.3,456.7,2514.7,6.8,129.2,320.7,534.7,47.3,188.6,384.1,541.5,269.5,433.9,431.40000000000003
Minnesota,2017-11-01,2017,11,3.2,448.2,2519.2,6.8,121.9,319.5,542.8,47.5,188.4,384.3,543.9,261.6,436.3,431.8
Minnesota,2017-12-01,2017,12,3.2,439.5,2514.0,6.6,114.8,318.1,546.7,47.7,189.3,380.2,543.3,261.0,431.3,427.9
Minnesota,2018-01-01,2018,1,3.1,425.5,2479.8,6.3,103.2,316.0,531.0,47.3,188.1,375.5,538.4,259.0,427.8,422.8
Minnesota,2018-02-01,2018,2,3.1,424.4,2487.9,6.4,102.1,315.9,526.6,47.4,188.2,376.0,544.9,259.1,433.0,423.4
Minnesota,2018-03-01,2018,3,3.0,426.7,2481.0,6.5,103.6,316.6,526.0,46.9,188.3,371.9,544.9,259.1,431.3,418.79999999999995
Minnesota,2018-04-01,2018,4,3.0,433.4,2498.1,6.2,109.2,318.0,528.0,46.8,189.3,378.3,549.0,263.1,430.6,425.1
Minnesota,2018-05-01,2018,5,2.9,451.6,2529.0,6.6,124.9,320.1,536.1,46.9,190.0,382.0,548.5,279.7,431.9,428.9
Minnesota,2018-06-01,2018,6,2.9,466.8,2538.5,6.9,134.6,325.3,536.8,47.3,192.2,383.8,541.4,289.4,431.9,431.1
Minnesota,2018-07-01,2018,7,2.9,470.5,2514.9,7.0,136.9,326.6,536.2,47.5,193.7,387.6,539.0,291.6,403.5,435.1
Minnesota,2018-08-01,2018,8,2.9,471.4,2514.5,7.0,137.1,327.3,535.4,47.7,193.5,388.0,539.9,293.9,400.7,435.7
Minnesota,2018-09-01,2018,9,3.0,465.7,2515.7,6.9,134.2,324.6,530.6,46.6,191.5,383.9,547.4,282.0,420.4,430.5
Minnesota,2018-10-01,2018,10,3.1,463.7,2531.7,6.8,132.2,324.7,532.3,46.5,192.3,388.6,551.9,273.3,432.4,435.1
Minnesota,2018-11-01,2018,11,3.2,457.5,2536.3,6.7,126.5,324.3,542.6,46.5,192.3,387.1,554.6,265.1,433.9,433.6
Minnesota,2018-12-01,2018,12,3.2,448.3,2529.0,6.4,118.0,323.9,545.8,46.5,192.9,381.7,552.2,265.3,431.0,428.2
Minnesota,2019-01-01,2019,1,3.3,434.4,2491.9,6.1,107.2,321.1,531.4,46.6,191.7,374.7,547.6,260.6,427.3,421.3
Minnesota,2019-02-01,2019,2,3.3,432.8,2492.8,6.2,105.6,321.0,522.5,46.5,192.1,376.8,552.0,260.7,430.0,423.3
Minnesota,2019-03-01,2019,3,3.3,435.7,2488.0,6.4,108.0,321.3,520.9,46.2,192.3,374.2,551.1,261.1,429.7,420.4
Minnesota,2019-04-01,2019,4,3.2,445.4,2514.6,6.3,117.5,321.6,524.9,46.5,192.9,381.4,556.2,267.5,430.7,427.9
Minnesota,2019-05-01,2019,5,3.2,462.8,2543.6,6.7,132.7,323.4,532.2,46.5,193.7,384.6,555.5,282.2,434.0,431.1
Minnesota,2019-06-01,2019,6,3.2,474.5,2552.6,6.8,140.5,327.2,532.5,46.9,196.2,386.2,548.1,291.9,434.1,433.09999999999997
Minnesota,2019-07-01,2019,7,3.2,478.2,2528.0,6.9,142.4,328.9,530.5,47.0,197.2,389.0,547.2,295.5,404.9,436.0
Minnesota,2019-08-01,2019,8,3.3,479.3,2529.7,7.0,143.5,328.8,530.2,47.2,197.2,390.0,549.1,297.6,401.9,437.2
Minnesota,2019-09-01,2019,9,3.3,473.1,2523.4,6.8,141.2,325.1,524.5,46.2,194.7,383.6,556.2,282.3,421.9,429.8
Minnesota,2019-10-01,2019,10,3.3,471.1,2546.2,6.8,138.9,325.4,531.4,46.2,195.3,388.4,562.4,275.9,431.9,434.59999999999997
Minnesota,2019-11-01,2019,11,3.3,458.4,2550.2,6.6,128.9,322.9,541.0,46.1,195.2,387.3,565.0,266.7,434.5,433.40000000000003
Minnesota,2019-12-01,2019,12,3.4,449.4,2544.0,6.4,120.8,322.2,545.0,46.0,195.3,382.8,562.7,267.3,430.2,428.8
Minnesota,2020-01-01,2020,1,3.4,437.1,2509.3,6.2,111.3,319.6,529.5,45.7,194.4,376.0,558.0,262.3,429.6,421.7
Minnesota,2020-02-01,2020,2,3.5,435.3,2513.5,6.3,109.8,319.2,521.2,45.5,194.5,377.2,566.1,262.1,433.0,422.7
Minnesota,2020-03-01,2020,3,3.6,436.6,2488.8,6.3,111.2,319.1,517.7,45.0,194.0,371.5,561.2,254.4,431.9,416.5
Minnesota,2020-04-01,2020,4,8.9,414.5,2149.5,6.2,109.4,298.9,460.3,41.8,190.6,343.7,510.5,122.6,402.3,385.5
Minnesota,2020-05-01,2020,5,11.1,434.3,2186.8,5.6,128.3,300.4,474.3,41.9,191.2,345.8,511.7,147.0,395.1,387.7
Minnesota,2020-06-01,2020,6,8.9,446.8,2266.5,5.6,134.4,306.8,491.0,41.8,192.8,349.2,508.9,190.9,397.0,391.0
Minnesota,2020-07-01,2020,7,7.8,448.0,2290.3,5.7,135.2,307.1,496.8,42.1,194.4,355.5,514.3,213.8,373.4,397.6
Minnesota,2020-08-01,2020,8,6.7,452.5,2320.1,6.5,136.6,309.4,502.7,42.4,194.7,359.4,520.8,220.5,378.4,401.79999999999995
Minnesota,2020-09-01,2020,9,6.2,447.2,2334.9,6.5,133.3,307.4,499.8,42.1,192.5,355.8,528.9,214.1,401.1,397.90000000000003
Minnesota,2020-10-01,2020,10,5.5,448.4,2385.1,6.7,133.1,308.6,510.7,42.4,193.5,367.8,543.6,213.4,411.0,410.2
Minnesota,2020-11-01,2020,11,5.1,438.1,2382.5,6.5,124.1,307.5,517.7,42.2,193.4,369.8,545.3,201.0,411.0,412.0
Minnesota,2020-12-01,2020,12,4.8,434.4,2325.6,6.3,120.9,307.2,525.4,41.7,193.1,365.3,542.5,153.9,406.4,407.0
Minnesota,2021-01-01,2021,1,4.6,423.9,2329.4,6.0,111.2,306.7,511.6,41.5,193.1,362.2,539.8,181.7,399.3,403.7
Minnesota,2021-02-01,2021,2,4.4,419.0,2349.8,5.9,106.2,306.9,504.5,41.7,192.9,363.2,546.6,194.0,405.3,404.9
Minnesota,2021-03-01,2021,3,4.2,425.4,2356.8,6.2,111.4,307.8,504.8,41.6,192.6,363.5,544.7,200.1,406.3,405.1
Minnesota,2021-04-01,2021,4,4.1,438.1,2388.5,6.4,124.0,307.7,507.7,42.1,193.0,370.2,547.1,215.6,409.1,412.3
Minnesota,2021-05-01,2021,5,3.9,451.1,2414.6,6.7,135.0,309.4,513.7,42.4,193.3,374.3,545.3,230.9,410.2,416.7
Minnesota,2021-06-01,2021,6,3.8,464.1,2422.5,6.8,143.7,313.6,515.7,42.7,194.0,373.5,536.2,243.2,411.9,416.2
Minnesota,2021-07-01,2021,7,3.6,472.9,2419.6,6.8,147.7,318.4,517.5,43.2,195.3,378.3,535.1,256.3,387.0,421.5
Minnesota,2021-08-01,2021,8,3.5,471.8,2417.5,6.9,146.7,318.2,517.1,43.4,194.4,378.4,536.5,259.2,381.7,421.79999999999995
Minnesota,2021-09-01,2021,9,3.3,463.1,2399.2,6.8,141.3,315.0,505.8,42.6,190.9,370.9,538.7,246.0,400.5,413.5
Minnesota,2021-10-01,2021,10,3.1,464.7,2449.3,6.7,140.0,318.0,518.7,43.6,192.8,383.3,549.2,245.3,411.1,426.90000000000003
Minnesota,2021-11-01,2021,11,2.9,458.7,2454.6,6.7,133.2,318.8,526.9,44.0,193.3,382.8,551.2,238.3,413.1,426.8
Minnesota,2021-12-01,2021,12,2.8,448.7,2453.5,6.4,124.5,317.8,531.9,44.1,193.3,381.9,547.1,237.6,412.5,426.0
Minnesota,2022-01-01,2022,1,2.6,434.5,2413.4,6.1,112.9,315.5,518.1,44.3,190.4,376.2,540.9,232.1,407.1,420.5
Minnesota,2022-02-01,2022,2,2.4,436.5,2430.2,6.2,113.0,317.3,518.1,44.3,190.3,378.9,547.7,234.7,411.5,423.2
Minnesota,2022-03-01,2022,3,2.3,439.1,2420.8,6.3,114.5,318.3,515.9,44.3,189.3,375.7,544.6,236.2,410.5,420.0
Minnesota,2022-04-01,2022,4,2.2,452.0,2458.8,6.3,125.0,320.7,524.0,44.7,190.8,385.0,547.2,247.2,413.3,429.7
Minnesota,2022-05-01,2022,5,2.2,467.7,2482.4,6.7,138.4,322.6,528.3,44.9,191.3,389.0,546.6,261.3,413.2,433.9
Minnesota,2022-06-01,2022,6,2.2,477.4,2482.8,6.4,146.2,324.8,526.4,44.8,191.7,388.4,536.1,272.8,414.1,433.2
Minnesota,2022-07-01,2022,7,2.3,484.9,2479.8,6.5,149.1,329.3,528.3,45.8,194.5,394.5,538.9,278.4,388.9,440.3
Minnesota,2022-08-01,2022,8,2.4,484.9,2479.0,6.5,149.3,329.1,527.5,45.8,193.8,394.9,541.8,279.7,384.8,440.7
Minnesota,2022-09-01,2022,9,2.5,477.6,2480.4,6.5,145.2,325.9,523.0,45.2,191.3,393.6,548.9,264.2,405.5,438.8
Minnesota,2022-10-01,2022,10,2.6,476.3,2499.9,6.6,143.6,326.1,528.9,45.2,190.8,395.4,554.6,258.2,416.6,440.59999999999997
Minnesota,2022-11-01,2022,11,2.6,468.2,2503.6,6.5,136.0,325.7,535.0,45.2,190.3,392.7,557.4,251.7,421.2,437.9
Minnesota,2022-12-01,2022,12,2.7,456.2,2495.7,6.1,124.5,325.6,539.4,44.9,189.8,387.7,554.8,251.1,417.6,432.59999999999997
Minnesota,2023-01-01,2023,1,2.7,447.4,2471.6,5.7,117.5,324.2,527.7,44.9,190.3,384.3,551.6,248.8,413.6,429.2
Minnesota,2023-02-01,2023,2,2.8,445.8,2481.7,5.7,116.2,323.9,522.7,44.8,189.9,383.9,559.7,250.2,419.2,428.7
Minnesota,2023-03-01,2023,3,2.8,446.8,2480.2,5.9,117.2,323.7,522.3,44.4,189.6,383.1,559.5,250.9,418.9,427.5
Minnesota,2023-04-01,2023,4,2.8,456.5,2501.0,6.2,125.7,324.6,526.5,44.7,190.1,387.5,561.1,257.3,421.6,432.2
Minnesota,2023-05-01,2023,5,2.8,472.7,2534.2,6.6,141.5,324.6,534.8,44.6,191.0,390.9,563.1,273.7,422.8,435.5
Minnesota,2023-06-01,2023,6,2.8,486.4,2549.5,6.8,150.0,329.6,536.3,44.8,193.3,391.3,557.6,286.2,424.6,436.1
Minnesota,2023-07-01,2023,7,2.8,488.4,2520.6,6.8,151.8,329.8,534.7,44.7,193.5,390.4,559.4,287.7,394.8,435.09999999999997
Minnesota,2023-08-01,2023,8,2.8,487.6,2518.2,6.9,151.6,329.1,533.5,44.5,193.3,388.7,562.4,289.8,390.6,433.2
Minnesota,2023-09-01,2023,9,2.8,480.2,2524.6,6.8,146.1,327.3,530.7,44.2,189.8,384.6,569.9,277.0,414.7,428.8
Minnesota,2023-10-01,2023,10,2.8,477.5,2541.6,6.7,146.2,324.6,537.7,44.3,190.0,384.9,575.5,267.9,428.0,429.2
Minnesota,2023-11-01,2023,11,2.8,468.3,2542.6,6.6,139.0,322.7,544.5,44.0,189.4,381.7,579.0,259.5,431.1,425.7
Minnesota,2023-12-01,2023,12,2.8,459.0,2533.2,6.3,129.6,323.1,548.2,43.8,189.2,375.0,576.3,257.8,429.5,418.8
Minnesota,2024-01-01,2024,1,2.8,443.8,2503.4,6.0,117.9,319.9,534.0,43.5,188.6,370.1,572.9,254.7,427.0,413.6
Minnesota,2024-02-01,2024,2,2.9,442.7,2510.5,6.1,117.1,319.5,528.8,43.4,188.1,369.7,580.9,255.5,431.1,413.09999999999997
Minnesota,2024-03-01,2024,3,3.0,446.3,2518.9,6.1,120.6,319.6,529.2,43.3,188.3,368.0,582.4,258.4,434.5,411.3
Minnesota,2024-04-01,2024,4,3.0,456.8,2540.6,6.3,131.1,319.4,533.0,43.4,188.6,374.9,584.2,266.9,433.9,418.29999999999995
Minnesota,2024-05-01,2024,5,3.1,470.9,2571.7,6.6,144.0,320.3,538.4,43.2,188.8,379.0,586.5,281.9,436.6,422.2
Minnesota,2024-06-01,2024,6,3.2,482.2,2582.6,6.7,151.1,324.4,538.5,43.6,191.1,381.4,581.9,293.0,433.9,425.0
Minnesota,2024-07-01,2024,7,3.2,483.9,2547.9,6.7,152.4,324.8,534.9,43.6,191.4,378.9,580.8,292.5,407.0,422.5
Minnesota,2024-08-01,2024,8,3.3,482.3,2547.7,6.7,152.6,323.0,534.3,43.6,190.6,378.8,584.0,292.9,405.1,422.40000000000003
Minnesota,2024-09-01,2024,9,3.3,475.8,2556.7,6.7,148.5,320.6,532.7,43.3,188.5,376.0,590.4,279.3,430.7,419.3
Minnesota,2024-10-01,2024,10,3.2,472.9,2575.5,6.7,147.3,318.9,536.6,42.7,188.3,378.0,599.0,273.1,441.1,420.7
Minnesota,2024-11-01,2024,11,3.3,464.5,2579.5,6.6,140.9,317.0,543.8,42.8,187.9,376.2,604.2,264.6,443.8,419.0
Minnesota,2024-12-01,2024,12,3.3,456.1,2573.6,6.4,133.1,316.6,547.7,42.5,188.2,372.8,602.3,265.7,438.3,415.3
Minnesota,2025-01-01,2025,1,3.4,439.6,2531.4,6.1,120.4,313.1,530.1,42.1,187.2,364.0,599.0,257.9,435.9,406.1
Minnesota,2025-02-01,2025,2,3.5,437.4,2537.3,6.1,118.8,312.5,524.7,41.9,187.2,365.0,605.7,256.3,441.3,406.9
Minnesota,2025-03-01,2025,3,3.6,441.5,2532.1,6.2,122.7,312.6,523.6,41.5,186.3,361.8,605.8,256.5,440.4,403.3
Minnesota,2025-04-01,2025,4,3.6,454.5,2567.8,6.3,134.5,313.7,528.8,41.6,187.2,370.0,609.7,268.3,445.1,411.6
Minnesota,2025-05-01,2025,5,3.7,470.2,2589.4,6.6,149.0,314.6,533.1,41.3,187.9,372.1,610.4,283.0,443.8,413.40000000000003
Minnesota,2025-06-01,2025,6,3.8,478.8,2586.5,6.3,154.9,317.6,530.6,41.4,189.4,371.3,602.2,291.7,441.3,412.7
Minnesota,2025-07-01,2025,7,3.8,481.1,2558.1,6.3,156.7,318.1,527.9,41.4,190.4,373.5,604.2,292.2,409.3,414.9
Minnesota,2025-08-01,2025,8,3.9,481.0,2558.2,6.3,156.5,318.2,527.4,41.2,189.5,374.3,608.3,294.5,404.2,415.5
Minnesota,2025-09-01,2025,9,4.1,474.5,2565.8,6.3,153.2,315.0,526.6,40.5,187.1,370.2,613.5,278.6,432.7,410.7
Minnesota,2025-10-01,2025,10,,476.5,2584.1,6.3,155.2,315.0,533.0,40.6,188.2,370.3,618.7,272.9,443.3,410.90000000000003
Minnesota,2025-11-01,2025,11,4.2,471.4,2580.8,6.3,151.1,314.0,541.2,40.6,186.3,366.6,621.0,263.5,443.7,407.20000000000005
Minnesota,2025-12-01,2025,12,4.2,456.6,2573.9,6.3,135.4,314.9,544.1,40.5,187.0,365.7,618.2,260.7,439.4,406.2
Minnesota,2026-01-01,2026,1,4.4,445.7,2538.5,6.1,128.0,311.6,527.5,39.7,183.7,358.9,617.2,254.2,438.9,398.59999999999997
Minnesota,2026-02-01,2026,2,4.5,441.5,2540.2,6.2,124.2,311.1,519.1,39.8,183.6,360.4,626.1,251.0,442.5,400.2
Mississippi,2016-01-01,2016,1,6.3,194.5,939.0,7.2,43.8,143.5,226.7,12.4,43.8,107.8,138.9,126.9,242.6,120.2
Mississippi,2016-02-01,2016,2,6.2,195.4,947.9,7.1,44.8,143.5,226.2,12.3,43.9,109.6,140.1,129.0,246.7,121.89999999999999
Mississippi,2016-03-01,2016,3,6.1,196.0,950.0,6.9,45.7,143.4,226.3,12.1,43.8,109.3,140.2,130.9,247.2,121.39999999999999
Mississippi,2016-04-01,2016,4,6.0,194.5,956.2,6.7,44.7,143.1,228.5,12.0,44.1,108.4,141.1,134.1,247.8,120.4
Mississippi,2016-05-01,2016,5,6.0,193.9,955.5,6.8,44.3,142.8,228.9,12.2,44.1,107.1,141.0,135.3,246.7,119.3
Mississippi,2016-06-01,2016,6,6.0,193.6,944.7,6.8,44.1,142.7,228.3,12.2,44.1,105.8,137.0,135.3,241.6,118.0
Mississippi,2016-07-01,2016,7,6.0,194.3,939.3,6.8,44.7,142.8,229.2,12.3,44.3,106.2,136.9,135.4,234.5,118.5
Mississippi,2016-08-01,2016,8,6.0,194.1,949.2,6.9,44.1,143.1,229.4,12.2,44.3,107.3,139.9,136.4,239.5,119.5
Mississippi,2016-09-01,2016,9,5.9,194.8,957.7,7.0,44.5,143.3,229.7,12.0,44.1,107.8,141.9,135.6,246.4,119.8
Mississippi,2016-10-01,2016,10,5.9,194.1,959.1,7.0,44.2,142.9,231.4,12.1,44.2,108.6,142.5,133.3,246.8,120.69999999999999
Mississippi,2016-11-01,2016,11,5.8,194.1,964.0,7.0,44.0,143.1,236.7,12.2,44.2,108.8,142.4,133.0,246.5,121.0
Mississippi,2016-12-01,2016,12,5.7,194.4,959.2,7.0,43.3,144.1,238.4,12.1,44.2,109.0,141.9,130.9,242.5,121.1
Mississippi,2017-01-01,2017,1,5.6,193.0,944.5,7.0,42.4,143.6,230.7,11.7,43.8,106.0,141.8,129.1,241.5,117.7
Mississippi,2017-02-01,2017,2,5.5,194.1,953.1,6.9,43.0,144.2,229.4,11.8,43.8,108.1,143.6,130.9,245.3,119.89999999999999
Mississippi,2017-03-01,2017,3,5.4,194.2,956.3,7.0,43.4,143.8,229.0,11.8,43.9,108.1,143.8,132.8,246.5,119.89999999999999
Mississippi,2017-04-01,2017,4,5.4,194.0,960.8,6.9,43.5,143.6,229.7,11.7,43.9,108.5,145.1,136.3,245.1,120.2
Mississippi,2017-05-01,2017,5,5.3,194.1,959.7,6.9,43.2,144.0,229.8,11.8,44.0,107.5,144.4,137.9,243.7,119.3
Mississippi,2017-06-01,2017,6,5.2,195.4,952.2,7.0,43.6,144.8,230.3,11.7,44.4,106.6,141.2,137.9,239.2,118.3
Mississippi,2017-07-01,2017,7,5.2,194.1,942.7,6.9,43.6,143.6,230.3,11.6,44.2,104.8,140.7,137.1,233.3,116.39999999999999
Mississippi,2017-08-01,2017,8,5.1,194.9,953.4,7.0,43.7,144.2,231.2,11.5,44.2,106.3,143.4,137.5,238.7,117.8
Mississippi,2017-09-01,2017,9,5.0,195.1,960.9,7.0,44.2,143.9,230.7,11.3,44.2,106.8,146.1,135.7,245.3,118.1
Mississippi,2017-10-01,2017,10,5.0,195.3,962.6,6.9,44.4,144.0,232.0,11.4,44.4,108.3,146.1,134.2,245.5,119.7
Mississippi,2017-11-01,2017,11,4.9,195.8,970.0,6.9,44.2,144.7,237.6,11.4,44.3,110.6,146.3,133.8,245.2,122.0
Mississippi,2017-12-01,2017,12,4.9,195.5,966.1,6.9,43.1,145.5,238.8,11.3,44.4,111.5,145.2,132.6,241.5,122.8
Mississippi,2018-01-01,2018,1,4.9,192.4,945.9,6.7,41.4,144.3,230.2,11.1,44.2,106.8,143.6,129.4,239.8,117.89999999999999
Mississippi,2018-02-01,2018,2,4.9,193.6,952.4,6.8,42.3,144.5,229.1,11.1,44.2,107.3,145.4,131.4,242.9,118.39999999999999
Mississippi,2018-03-01,2018,3,4.9,195.0,956.6,6.9,43.7,144.4,229.6,11.0,44.3,108.0,144.5,133.8,244.2,119.0
Mississippi,2018-04-01,2018,4,4.9,196.7,960.3,6.9,45.4,144.4,229.7,11.0,44.3,108.9,145.7,136.3,243.1,119.9
Mississippi,2018-05-01,2018,5,4.9,197.1,960.3,6.9,45.6,144.6,230.9,10.9,44.5,107.6,145.3,137.7,242.1,118.5
Mississippi,2018-06-01,2018,6,4.8,196.7,953.3,6.9,44.6,145.2,230.7,11.0,44.6,106.9,142.0,137.9,238.6,117.9
Mississippi,2018-07-01,2018,7,4.8,195.6,941.8,6.9,44.1,144.6,230.2,11.0,44.6,105.7,141.6,136.0,231.5,116.7
Mississippi,2018-08-01,2018,8,4.8,195.5,957.1,6.9,43.8,144.8,230.2,11.0,44.6,108.9,145.5,138.2,237.6,119.9
Mississippi,2018-09-01,2018,9,4.9,195.9,962.8,6.9,44.0,145.0,229.9,10.9,44.4,110.6,146.5,136.0,243.4,121.5
Mississippi,2018-10-01,2018,10,5.0,196.2,965.6,6.9,44.0,145.3,231.0,10.9,44.5,112.5,147.4,134.6,243.7,123.4
Mississippi,2018-11-01,2018,11,5.2,196.4,973.9,6.9,43.7,145.8,237.6,11.1,44.5,115.6,147.1,133.4,243.8,126.69999999999999
Mississippi,2018-12-01,2018,12,5.3,196.9,967.5,6.9,43.5,146.5,238.4,11.0,44.6,114.6,146.2,132.8,239.3,125.6
Mississippi,2019-01-01,2019,1,5.4,195.8,952.1,6.9,42.7,146.2,231.8,10.8,44.3,108.7,145.7,131.3,239.2,119.5
Mississippi,2019-02-01,2019,2,5.4,197.6,957.0,6.9,43.5,147.2,229.5,10.8,44.3,109.1,146.9,132.8,243.2,119.89999999999999
Mississippi,2019-03-01,2019,3,5.4,198.1,957.7,6.9,44.3,146.9,229.4,10.9,44.1,107.9,147.0,133.7,244.3,118.80000000000001
Mississippi,2019-04-01,2019,4,5.4,197.3,962.4,6.9,43.9,146.5,230.3,10.8,44.2,107.8,147.2,138.1,243.5,118.6
Mississippi,2019-05-01,2019,5,5.4,198.4,963.1,6.9,45.0,146.5,230.5,10.7,44.3,108.2,146.8,138.4,243.7,118.9
Mississippi,2019-06-01,2019,6,5.5,199.6,955.6,6.9,45.7,147.0,230.5,10.8,44.3,106.9,144.0,139.2,239.1,117.7
Mississippi,2019-07-01,2019,7,5.6,198.1,946.6,6.8,45.0,146.3,230.0,10.9,44.2,106.4,143.6,138.1,232.8,117.30000000000001
Mississippi,2019-08-01,2019,8,5.6,198.2,959.5,6.7,44.8,146.7,229.8,10.6,44.1,108.8,147.2,139.4,239.1,119.39999999999999
Mississippi,2019-09-01,2019,9,5.6,197.9,963.7,6.7,44.8,146.4,229.2,10.5,43.7,108.5,148.1,137.8,245.5,119.0
Mississippi,2019-10-01,2019,10,5.6,198.1,964.8,6.6,44.9,146.6,230.8,10.5,43.9,108.7,148.6,136.3,245.5,119.2
Mississippi,2019-11-01,2019,11,5.5,199.3,971.6,6.6,45.3,147.4,235.7,10.7,43.8,111.1,148.6,135.6,245.6,121.8
Mississippi,2019-12-01,2019,12,5.5,199.9,965.2,6.6,45.1,148.2,237.5,10.6,43.8,109.2,147.6,134.7,241.3,119.8
Mississippi,2020-01-01,2020,1,5.6,197.5,953.1,6.5,43.9,147.1,230.2,10.4,43.2,108.8,146.4,132.0,241.8,119.2
Mississippi,2020-02-01,2020,2,5.7,197.7,959.9,6.4,44.1,147.2,228.8,10.4,43.4,110.4,147.5,133.9,245.0,120.80000000000001
Mississippi,2020-03-01,2020,3,5.9,197.3,954.9,6.4,45.0,145.9,228.2,10.3,43.0,108.5,146.6,132.8,245.0,118.8
Mississippi,2020-04-01,2020,4,15.6,171.0,843.6,6.0,42.0,123.0,211.5,9.3,42.1,96.4,132.7,85.5,231.9,105.7
Mississippi,2020-05-01,2020,5,11.2,179.3,869.1,6.0,42.7,130.6,219.4,9.3,42.0,98.6,134.9,97.3,231.2,107.89999999999999
Mississippi,2020-06-01,2020,6,9.4,185.9,893.8,5.9,43.0,137.0,225.0,9.4,42.0,101.9,133.9,113.3,230.2,111.30000000000001
Mississippi,2020-07-01,2020,7,8.3,186.4,895.9,5.8,43.2,137.4,226.1,9.4,42.0,103.5,133.9,117.9,225.0,112.9
Mississippi,2020-08-01,2020,8,7.4,188.8,915.3,5.8,44.2,138.8,230.4,9.3,41.8,107.0,136.7,119.8,232.1,116.3
Mississippi,2020-09-01,2020,9,7.1,190.5,924.7,5.7,44.4,140.4,230.4,9.6,41.7,108.2,139.2,119.8,237.4,117.8
Mississippi,2020-10-01,2020,10,6.7,191.8,937.4,5.7,44.9,141.2,233.4,9.4,42.0,113.8,140.8,122.1,237.2,123.2
Mississippi,2020-11-01,2020,11,6.6,193.1,946.3,5.7,44.7,142.7,239.6,9.5,42.0,117.2,140.9,122.0,236.3,126.7
Mississippi,2020-12-01,2020,12,6.5,193.6,944.8,5.8,44.1,143.7,242.7,9.6,42.1,117.4,140.6,120.8,232.9,127.0
Mississippi,2021-01-01,2021,1,6.4,191.0,925.8,5.7,42.5,142.8,232.5,9.4,42.0,112.8,139.6,118.8,232.4,122.2
Mississippi,2021-02-01,2021,2,6.3,190.9,927.2,5.6,42.4,142.9,230.9,9.5,41.9,112.5,139.6,119.4,235.1,122.0
Mississippi,2021-03-01,2021,3,6.2,190.8,934.4,5.8,43.5,141.5,232.8,9.4,42.1,113.4,140.1,122.3,235.6,122.80000000000001
Mississippi,2021-04-01,2021,4,6.1,191.8,936.9,5.9,44.1,141.8,231.3,9.5,42.4,112.7,141.5,124.8,235.7,122.2
Mississippi,2021-05-01,2021,5,5.9,192.0,939.9,5.9,44.6,141.5,233.3,9.5,42.4,112.9,140.7,127.3,234.7,122.4
Mississippi,2021-06-01,2021,6,5.7,193.0,934.6,5.9,44.9,142.2,233.1,9.6,42.5,111.4,138.6,128.1,232.0,121.0
Mississippi,2021-07-01,2021,7,5.5,194.8,936.9,5.9,45.1,143.8,234.2,9.7,42.7,113.4,138.9,130.6,228.1,123.10000000000001
Mississippi,2021-08-01,2021,8,5.1,194.3,942.8,6.0,45.1,143.2,234.6,9.8,42.7,114.6,140.4,129.6,231.8,124.39999999999999
Mississippi,2021-09-01,2021,9,4.8,196.8,950.0,5.9,45.9,145.0,235.8,9.8,42.3,115.3,141.5,128.8,237.3,125.1
Mississippi,2021-10-01,2021,10,4.5,198.2,960.7,5.9,46.5,145.8,240.6,9.9,43.1,119.4,143.1,129.0,236.4,129.3
Mississippi,2021-11-01,2021,11,4.3,199.6,967.0,6.0,46.7,146.9,245.8,10.3,43.2,120.8,143.2,128.0,236.6,131.1
Mississippi,2021-12-01,2021,12,4.1,201.2,963.5,6.0,46.6,148.6,247.5,10.1,43.4,121.1,141.6,128.1,232.5,131.2
Mississippi,2022-01-01,2022,1,4.0,199.0,946.3,5.9,46.8,146.3,240.2,10.0,43.3,116.4,140.6,125.3,231.6,126.4
Mississippi,2022-02-01,2022,2,3.9,201.7,956.9,6.0,46.9,148.8,241.1,9.9,43.5,118.8,142.1,128.5,233.9,128.7
Mississippi,2022-03-01,2022,3,3.8,200.7,957.1,6.1,46.4,148.2,240.2,10.0,43.4,117.7,142.7,129.7,234.1,127.7
Mississippi,2022-04-01,2022,4,3.8,200.7,963.3,6.0,45.7,149.0,241.5,10.1,43.7,117.7,144.3,132.9,233.6,127.8
Mississippi,2022-05-01,2022,5,3.7,200.9,963.4,6.0,45.9,149.0,241.8,10.2,43.7,116.7,144.6,134.7,232.1,126.9
Mississippi,2022-06-01,2022,6,3.7,200.5,958.7,6.1,46.2,148.2,241.3,10.3,43.9,115.3,143.4,135.2,229.7,125.6
Mississippi,2022-07-01,2022,7,3.7,199.5,959.1,6.1,46.3,147.1,242.7,10.3,44.5,116.7,143.0,135.1,227.4,127.0
Mississippi,2022-08-01,2022,8,3.7,198.5,965.9,6.1,45.8,146.6,243.4,10.3,44.5,117.5,145.7,135.6,229.7,127.8
Mississippi,2022-09-01,2022,9,3.7,198.9,975.5,6.1,46.0,146.8,245.3,10.3,44.4,118.4,147.0,134.8,236.1,128.70000000000002
Mississippi,2022-10-01,2022,10,3.7,199.1,978.8,6.1,46.4,146.6,247.0,10.2,45.1,119.7,148.3,133.5,235.9,129.9
Mississippi,2022-11-01,2022,11,3.6,199.0,985.6,6.1,46.6,146.3,252.2,10.3,45.3,121.5,148.5,132.6,236.1,131.8
Mississippi,2022-12-01,2022,12,3.5,198.8,981.7,6.1,46.5,146.2,255.7,10.2,45.5,119.9,147.2,131.7,232.4,130.1
Mississippi,2023-01-01,2023,1,3.4,199.2,970.3,6.1,46.1,147.0,248.0,10.2,45.1,117.7,147.2,129.3,233.7,127.9
Mississippi,2023-02-01,2023,2,3.3,199.9,976.7,6.2,47.0,146.7,246.7,10.1,45.3,118.0,148.7,131.3,237.3,128.1
Mississippi,2023-03-01,2023,3,3.2,200.0,977.4,6.2,47.6,146.2,245.7,9.9,45.3,117.8,148.8,132.9,237.7,127.7
Mississippi,2023-04-01,2023,4,3.1,198.6,983.5,6.1,48.2,144.3,246.4,10.0,45.2,118.1,150.9,135.6,237.7,128.1
Mississippi,2023-05-01,2023,5,3.1,198.3,984.1,6.1,48.2,144.0,246.8,10.0,45.2,117.8,151.1,136.7,236.8,127.8
Mississippi,2023-06-01,2023,6,3.1,199.4,980.2,6.2,49.1,144.1,246.9,10.1,45.3,116.2,150.1,137.3,234.3,126.3
Mississippi,2023-07-01,2023,7,3.1,196.8,972.7,6.2,48.4,142.2,246.9,9.9,45.3,115.3,148.2,136.5,230.8,125.2
Mississippi,2023-08-01,2023,8,3.1,197.0,980.4,6.1,48.6,142.3,247.1,9.9,45.2,116.6,150.9,137.0,233.9,126.5
Mississippi,2023-09-01,2023,9,3.1,198.3,989.4,6.1,49.5,142.7,247.8,9.7,45.2,117.9,153.1,135.9,239.9,127.60000000000001
Mississippi,2023-10-01,2023,10,3.0,198.8,990.0,6.0,50.2,142.6,248.5,9.8,45.3,118.5,153.6,135.0,239.6,128.3
Mississippi,2023-11-01,2023,11,3.0,198.6,995.7,6.0,49.9,142.7,253.1,9.8,45.3,120.5,153.6,134.4,239.3,130.3
Mississippi,2023-12-01,2023,12,2.9,198.9,990.1,6.0,49.4,143.5,254.6,9.8,45.3,119.7,153.0,132.8,235.3,129.5
Mississippi,2024-01-01,2024,1,2.8,195.8,975.3,5.9,48.1,141.8,246.9,9.6,45.0,116.2,151.7,130.1,236.5,125.8
Mississippi,2024-02-01,2024,2,2.8,197.6,983.6,6.0,49.2,142.4,246.0,9.6,45.0,116.9,153.6,132.6,240.4,126.5
Mississippi,2024-03-01,2024,3,2.8,199.3,986.6,6.0,50.9,142.4,246.3,9.4,44.9,116.7,154.1,134.5,241.2,126.10000000000001
Mississippi,2024-04-01,2024,4,2.8,198.2,993.6,5.9,50.1,142.2,247.1,9.5,45.2,118.3,155.2,137.4,241.1,127.8
Mississippi,2024-05-01,2024,5,2.9,198.1,993.3,5.9,49.9,142.3,247.7,9.5,45.2,116.6,155.6,138.3,240.5,126.1
Mississippi,2024-06-01,2024,6,3.0,199.2,984.9,5.9,50.6,142.7,247.2,9.5,45.5,114.4,154.0,137.8,236.4,123.9
Mississippi,2024-07-01,2024,7,3.2,197.8,980.6,5.8,50.5,141.5,247.9,9.5,45.5,113.9,153.4,137.1,233.5,123.4
Mississippi,2024-08-01,2024,8,3.3,197.1,990.5,5.8,50.8,140.5,247.8,9.4,45.6,116.6,156.9,137.8,236.5,126.0
Mississippi,2024-09-01,2024,9,3.4,197.3,997.2,5.8,51.3,140.2,248.0,9.5,45.5,117.7,158.4,136.6,241.5,127.2
Mississippi,2024-10-01,2024,10,3.6,197.4,996.0,5.8,51.6,140.0,247.9,9.4,45.8,117.2,158.8,135.3,241.9,126.60000000000001
Mississippi,2024-11-01,2024,11,3.7,197.6,1002.8,5.7,51.5,140.4,251.5,9.6,45.7,120.0,158.9,135.2,242.1,129.6
Mississippi,2024-12-01,2024,12,3.8,197.7,996.8,5.7,51.3,140.7,252.3,9.5,45.7,119.8,158.0,134.6,237.3,129.3
Mississippi,2025-01-01,2025,1,3.9,197.0,983.0,5.7,51.4,139.9,246.0,9.4,45.4,116.3,158.3,130.4,237.7,125.7
Mississippi,2025-02-01,2025,2,3.9,199.4,991.1,5.7,53.1,140.6,244.9,9.5,45.5,117.2,160.2,133.0,241.1,126.7
Mississippi,2025-03-01,2025,3,3.9,197.7,989.2,5.7,53.3,138.7,244.1,9.4,45.4,115.8,159.9,133.8,241.0,125.2
Mississippi,2025-04-01,2025,4,3.9,199.5,994.9,5.6,54.5,139.4,245.2,9.4,45.5,118.3,159.5,137.7,239.5,127.7
Mississippi,2025-05-01,2025,5,3.9,198.2,992.3,5.6,53.8,138.8,245.4,9.5,45.6,117.1,159.6,138.0,237.2,126.6
Mississippi,2025-06-01,2025,6,3.8,198.4,984.2,5.6,53.9,138.9,245.1,9.6,45.7,114.9,156.7,137.8,234.6,124.5
Mississippi,2025-07-01,2025,7,3.8,197.8,981.8,5.7,53.6,138.5,246.0,9.6,46.1,115.9,158.1,137.6,228.7,125.5
Mississippi,2025-08-01,2025,8,3.7,197.5,995.1,5.7,53.9,137.9,247.6,9.4,46.1,118.8,160.4,138.1,235.0,128.2
Mississippi,2025-09-01,2025,9,3.7,197.4,998.4,5.7,53.9,137.8,247.0,9.3,45.9,119.2,161.1,135.7,240.0,128.5
Mississippi,2025-10-01,2025,10,,198.5,998.3,5.6,54.8,138.1,247.9,9.3,45.7,120.0,160.9,134.4,239.5,129.3
Mississippi,2025-11-01,2025,11,3.7,199.1,1005.9,5.7,54.8,138.6,250.2,9.1,46.0,121.9,161.4,136.8,240.0,131.0
Mississippi,2025-12-01,2025,12,3.7,198.2,1000.0,5.6,53.7,138.9,252.3,9.4,46.1,121.5,160.4,134.5,235.5,130.9
Mississippi,2026-01-01,2026,1,3.6,195.1,984.8,5.7,51.8,137.6,246.5,9.0,45.4,118.4,159.2,131.3,235.3,127.4
Mississippi,2026-02-01,2026,2,3.7,197.4,992.2,5.7,53.2,138.5,245.9,9.0,45.7,118.4,161.5,133.8,238.0,127.4
Missouri,2016-01-01,2016,1,4.5,375.8,2409.9,4.0,111.1,260.7,535.4,53.1,165.8,367.1,466.3,276.8,431.0,420.20000000000005
Missouri,2016-02-01,2016,2,4.5,376.2,2424.5,3.9,110.2,262.1,533.6,53.1,166.2,371.2,469.0,278.5,438.2,424.3
Missouri,2016-03-01,2016,3,4.5,381.1,2442.9,4.0,114.5,262.6,536.1,53.1,166.4,374.1,467.7,288.5,441.6,427.20000000000005
Missouri,2016-04-01,2016,4,4.5,387.8,2480.9,4.1,120.5,263.2,541.3,52.3,167.5,382.5,474.7,303.5,442.2,434.8
Missouri,2016-05-01,2016,5,4.6,388.4,2488.7,4.1,121.1,263.2,543.7,52.5,168.2,380.3,472.7,309.7,444.4,432.8
Missouri,2016-06-01,2016,6,4.7,394.5,2480.1,4.2,124.8,265.5,543.0,52.6,169.3,381.2,462.2,317.1,436.2,433.8
Missouri,2016-07-01,2016,7,4.7,394.3,2437.0,4.2,125.3,264.8,543.3,52.3,170.0,381.4,465.5,312.6,393.7,433.7
Missouri,2016-08-01,2016,8,4.7,394.6,2451.2,4.1,125.4,265.1,543.6,52.2,169.9,383.8,466.7,314.2,403.2,436.0
Missouri,2016-09-01,2016,9,4.7,393.3,2482.9,4.1,124.8,264.4,541.2,51.9,169.1,382.9,474.3,306.6,440.2,434.79999999999995
Missouri,2016-10-01,2016,10,4.6,394.1,2494.8,4.1,124.9,265.1,544.6,51.9,169.1,384.0,481.2,301.8,445.4,435.9
Missouri,2016-11-01,2016,11,4.5,393.0,2494.8,4.1,123.7,265.2,553.4,51.7,169.5,382.9,481.3,293.8,445.7,434.59999999999997
Missouri,2016-12-01,2016,12,4.4,391.6,2489.7,4.1,122.0,265.5,556.8,51.8,170.0,379.9,479.4,290.5,445.4,431.7
Missouri,2017-01-01,2017,1,4.2,382.8,2437.8,4.0,115.5,263.3,539.5,51.3,169.3,370.8,477.0,280.8,434.0,422.1
Missouri,2017-02-01,2017,2,4.1,385.7,2457.6,4.1,116.7,264.9,537.1,51.2,170.0,375.2,482.6,285.1,441.3,426.4
Missouri,2017-03-01,2017,3,4.0,387.3,2472.2,4.1,118.6,264.6,539.0,51.3,170.7,379.0,479.5,294.7,442.4,430.3
Missouri,2017-04-01,2017,4,3.9,391.0,2500.5,4.2,121.3,265.5,542.1,51.1,171.1,385.4,485.7,304.7,444.1,436.5
Missouri,2017-05-01,2017,5,3.8,393.8,2508.8,4.2,123.5,266.1,543.3,51.3,172.3,382.9,484.4,312.1,445.8,434.2
Missouri,2017-06-01,2017,6,3.7,400.2,2505.2,4.2,127.1,268.9,544.0,51.5,173.9,385.0,473.9,319.9,439.0,436.5
Missouri,2017-07-01,2017,7,3.7,399.9,2454.3,4.3,127.4,268.2,541.4,51.5,173.6,382.8,475.5,316.5,395.7,434.3
Missouri,2017-08-01,2017,8,3.7,399.8,2466.3,4.3,127.2,268.3,541.7,51.3,173.3,384.6,477.6,318.2,402.8,435.90000000000003
Missouri,2017-09-01,2017,9,3.6,398.5,2496.1,4.3,126.1,268.1,539.9,51.0,172.0,385.1,483.7,309.9,438.6,436.1
Missouri,2017-10-01,2017,10,3.6,395.2,2507.4,4.3,125.9,265.0,543.4,50.5,171.9,386.4,489.5,306.1,443.7,436.9
Missouri,2017-11-01,2017,11,3.6,396.6,2511.6,4.3,124.3,268.0,553.6,50.2,171.5,387.6,489.8,298.9,444.6,437.8
Missouri,2017-12-01,2017,12,3.6,397.0,2508.3,4.3,123.0,269.7,556.5,50.1,171.7,384.7,488.4,297.4,443.9,434.8
Missouri,2018-01-01,2018,1,3.5,385.1,2448.5,4.1,113.1,267.9,538.6,49.6,170.0,374.5,482.8,284.7,434.1,424.1
Missouri,2018-02-01,2018,2,3.5,388.5,2462.7,4.2,114.9,269.4,535.6,49.4,170.1,379.2,487.7,286.0,440.4,428.59999999999997
Missouri,2018-03-01,2018,3,3.4,393.5,2478.3,4.3,119.1,270.1,537.4,49.2,170.0,382.7,485.1,296.3,442.5,431.9
Missouri,2018-04-01,2018,4,3.3,396.9,2502.8,4.3,121.6,271.0,541.7,49.2,170.8,386.4,489.1,305.8,443.5,435.59999999999997
Missouri,2018-05-01,2018,5,3.2,398.1,2512.8,4.4,124.5,269.2,545.0,49.4,171.7,384.7,486.7,314.3,444.5,434.09999999999997
Missouri,2018-06-01,2018,6,3.1,407.1,2511.2,4.5,127.7,274.9,545.0,49.6,172.9,387.1,475.3,322.2,441.0,436.70000000000005
Missouri,2018-07-01,2018,7,3.1,405.0,2467.7,4.5,127.8,272.7,544.8,49.4,173.5,387.8,478.4,319.6,396.6,437.2
Missouri,2018-08-01,2018,8,3.1,407.0,2476.8,4.5,127.2,275.3,545.9,48.8,173.4,388.3,480.4,321.0,402.1,437.1
Missouri,2018-09-01,2018,9,3.1,405.7,2500.0,4.4,126.4,274.9,543.4,48.6,171.9,385.9,485.8,311.3,437.2,434.5
Missouri,2018-10-01,2018,10,3.1,405.6,2516.7,4.4,125.2,276.0,546.5,48.6,173.5,387.0,493.5,306.7,444.7,435.6
Missouri,2018-11-01,2018,11,3.2,402.9,2520.8,4.3,122.3,276.3,557.4,48.8,174.1,385.4,493.2,300.5,445.7,434.2
Missouri,2018-12-01,2018,12,3.2,404.0,2514.1,4.3,122.5,277.2,558.7,49.0,173.4,382.9,490.8,299.0,444.7,431.9
Missouri,2019-01-01,2019,1,3.3,398.5,2461.0,4.2,118.4,275.9,541.9,48.5,172.3,375.9,487.3,286.7,433.8,424.4
Missouri,2019-02-01,2019,2,3.3,397.3,2473.0,4.2,116.2,276.9,537.2,48.5,172.8,376.9,493.0,288.7,441.2,425.4
Missouri,2019-03-01,2019,3,3.2,401.1,2485.7,4.3,120.4,276.4,538.3,48.4,173.1,377.9,490.5,298.5,443.4,426.29999999999995
Missouri,2019-04-01,2019,4,3.1,407.4,2517.8,4.4,125.7,277.3,540.3,48.5,174.4,385.1,495.9,310.3,446.1,433.6
Missouri,2019-05-01,2019,5,3.1,409.6,2526.6,4.4,127.4,277.8,542.4,48.3,175.2,382.9,494.2,318.2,447.8,431.2
Missouri,2019-06-01,2019,6,3.1,414.5,2515.2,4.5,130.4,279.6,541.7,48.6,176.4,383.0,482.0,324.6,440.0,431.6
Missouri,2019-07-01,2019,7,3.1,415.6,2477.2,4.5,131.8,279.3,541.3,48.4,177.6,384.0,486.4,323.1,397.9,432.4
Missouri,2019-08-01,2019,8,3.2,415.0,2486.1,4.5,131.6,278.9,541.9,48.2,177.2,384.9,488.4,322.1,405.6,433.09999999999997
Missouri,2019-09-01,2019,9,3.3,412.2,2512.2,4.5,130.2,277.5,539.5,47.7,175.3,382.8,495.1,312.7,442.6,430.5
Missouri,2019-10-01,2019,10,3.3,408.6,2538.7,4.5,130.3,273.8,545.2,47.6,176.9,386.7,502.6,313.2,449.6,434.3
Missouri,2019-11-01,2019,11,3.4,409.9,2542.4,4.5,128.3,277.1,557.0,47.7,176.7,385.9,503.8,305.0,449.7,433.59999999999997
Missouri,2019-12-01,2019,12,3.4,410.9,2538.2,4.5,128.6,277.8,560.1,47.7,176.7,383.4,501.6,303.4,448.7,431.09999999999997
Missouri,2020-01-01,2020,1,3.4,398.7,2483.0,4.3,121.9,272.5,538.0,47.4,175.0,377.8,497.7,292.8,438.5,425.2
Missouri,2020-02-01,2020,2,3.4,400.9,2491.4,4.3,120.9,275.7,533.6,47.3,175.2,379.7,501.4,294.4,444.0,427.0
Missouri,2020-03-01,2020,3,3.6,403.5,2488.2,4.4,123.8,275.3,533.3,47.2,174.8,379.4,496.2,294.5,447.0,426.59999999999997
Missouri,2020-04-01,2020,4,11.6,375.6,2204.2,4.4,120.4,250.8,483.3,43.7,172.7,350.4,460.6,169.1,430.1,394.09999999999997
Missouri,2020-05-01,2020,5,9.6,384.2,2259.3,4.4,126.0,253.8,501.2,43.6,173.6,352.3,465.7,207.5,414.2,395.90000000000003
Missouri,2020-06-01,2020,6,8.0,397.6,2310.5,4.4,128.5,264.7,521.1,43.8,174.7,354.7,461.0,242.3,406.2,398.5
Missouri,2020-07-01,2020,7,7.2,398.3,2329.9,4.4,129.5,264.4,524.4,43.8,176.4,359.6,466.6,259.7,390.7,403.40000000000003
Missouri,2020-08-01,2020,8,6.4,401.4,2350.0,4.3,129.8,267.3,525.9,43.7,176.2,362.8,470.7,262.3,399.5,406.5
Missouri,2020-09-01,2020,9,5.9,399.5,2377.6,4.3,128.0,267.2,527.3,43.9,175.4,360.5,474.4,258.7,429.1,404.4
Missouri,2020-10-01,2020,10,5.4,402.3,2413.9,4.3,130.4,267.6,536.7,44.2,178.0,369.1,484.2,259.2,432.9,413.3
Missouri,2020-11-01,2020,11,5.1,401.7,2420.1,4.3,128.5,268.9,547.0,44.4,178.3,369.7,486.4,254.0,431.5,414.09999999999997
Missouri,2020-12-01,2020,12,5.0,403.3,2417.2,4.3,127.9,271.1,551.5,46.0,178.2,371.7,485.4,245.1,431.0,417.7
Missouri,2021-01-01,2021,1,4.8,397.1,2369.3,4.2,122.7,270.2,538.1,45.9,177.5,365.4,473.7,241.6,419.9,411.29999999999995
Missouri,2021-02-01,2021,2,4.8,387.7,2377.5,4.0,114.5,269.2,531.9,45.9,177.6,365.1,481.6,242.3,426.4,411.0
Missouri,2021-03-01,2021,3,4.7,400.4,2401.9,4.3,126.1,270.0,538.4,45.9,177.7,368.4,481.6,254.8,427.4,414.29999999999995
Missouri,2021-04-01,2021,4,4.6,403.5,2426.8,4.4,130.4,268.7,537.9,45.9,178.3,372.6,484.9,267.6,430.4,418.5
Missouri,2021-05-01,2021,5,4.4,404.9,2438.7,4.4,133.2,267.3,539.7,46.0,178.7,372.4,482.7,277.7,431.8,418.4
Missouri,2021-06-01,2021,6,4.3,411.9,2441.8,4.4,136.6,270.9,540.7,46.3,179.5,370.9,476.3,290.6,426.6,417.2
Missouri,2021-07-01,2021,7,4.1,413.4,2434.9,4.5,138.0,270.9,543.7,46.7,181.6,375.3,480.2,295.0,400.6,422.0
Missouri,2021-08-01,2021,8,3.9,413.9,2433.9,4.5,137.3,272.1,543.7,46.7,181.4,374.7,478.9,294.7,402.3,421.4
Missouri,2021-09-01,2021,9,3.7,412.5,2443.9,4.5,136.0,272.0,540.2,46.4,179.4,371.0,479.4,288.9,428.3,417.4
Missouri,2021-10-01,2021,10,3.5,415.5,2479.4,4.4,135.8,275.3,553.8,47.1,182.2,378.7,487.7,286.1,432.6,425.8
Missouri,2021-11-01,2021,11,3.4,416.2,2489.1,4.4,135.8,276.0,563.9,47.1,182.2,380.2,489.6,282.4,432.5,427.3
Missouri,2021-12-01,2021,12,3.2,415.3,2487.7,4.4,136.2,274.7,568.9,47.1,182.5,378.5,485.3,282.2,431.9,425.6
Missouri,2022-01-01,2022,1,3.0,407.6,2434.0,4.3,130.4,272.9,551.8,47.2,181.9,372.6,478.6,271.4,420.0,419.8
Missouri,2022-02-01,2022,2,2.8,412.6,2458.2,4.3,130.5,277.8,554.4,47.6,182.4,374.3,486.7,275.3,426.7,421.90000000000003
Missouri,2022-03-01,2022,3,2.6,416.9,2469.6,4.3,133.6,279.0,554.3,47.9,182.5,376.8,483.9,284.5,427.8,424.7
Missouri,2022-04-01,2022,4,2.4,422.0,2494.8,4.4,137.6,280.0,555.0,48.0,182.0,385.1,487.8,295.6,429.1,433.1
Missouri,2022-05-01,2022,5,2.4,425.3,2506.6,4.4,140.3,280.6,554.6,48.3,183.0,384.3,488.3,305.1,429.5,432.6
Missouri,2022-06-01,2022,6,2.4,431.1,2508.9,4.5,143.5,283.1,555.7,48.8,184.3,384.7,483.2,313.9,423.7,433.5
Missouri,2022-07-01,2022,7,2.4,432.6,2485.0,4.5,143.7,284.4,554.8,48.6,185.1,384.8,484.0,314.2,399.1,433.40000000000003
Missouri,2022-08-01,2022,8,2.5,433.3,2489.7,4.5,143.5,285.3,554.4,48.8,185.0,386.3,486.1,313.8,401.2,435.1
Missouri,2022-09-01,2022,9,2.7,432.5,2509.3,4.5,142.5,285.5,553.5,49.2,183.9,386.3,490.5,306.6,426.0,435.5
Missouri,2022-10-01,2022,10,2.8,432.2,2524.9,4.5,141.7,286.0,558.1,49.2,184.4,387.9,497.3,302.3,432.2,437.09999999999997
Missouri,2022-11-01,2022,11,2.8,432.2,2529.3,4.4,140.6,287.2,566.6,49.5,183.8,386.5,499.4,297.6,432.7,436.0
Missouri,2022-12-01,2022,12,2.8,432.1,2520.6,4.4,139.8,287.9,571.0,49.3,183.2,383.4,494.1,294.0,432.7,432.7
Missouri,2023-01-01,2023,1,2.8,425.8,2484.1,4.3,137.0,284.5,557.0,49.0,182.6,377.8,495.7,286.3,422.8,426.8
Missouri,2023-02-01,2023,2,2.8,428.5,2501.9,4.3,136.8,287.4,554.2,49.1,182.8,379.7,503.3,289.9,430.0,428.8
Missouri,2023-03-01,2023,3,2.9,430.9,2514.9,4.3,139.3,287.3,555.9,49.1,183.0,380.1,500.6,300.3,431.9,429.20000000000005
Missouri,2023-04-01,2023,4,2.9,435.3,2539.7,4.4,142.9,288.0,557.5,49.1,183.6,385.4,506.6,308.4,434.6,434.5
Missouri,2023-05-01,2023,5,3.0,436.7,2545.3,4.4,144.5,287.8,558.8,49.0,183.8,383.6,506.2,315.2,434.1,432.6
Missouri,2023-06-01,2023,6,3.1,443.1,2549.8,4.5,147.7,290.9,561.9,49.1,185.1,382.4,500.6,327.3,427.4,431.5
Missouri,2023-07-01,2023,7,3.2,441.3,2519.4,4.5,147.6,289.2,560.5,49.0,185.7,382.0,504.2,324.6,397.5,431.0
Missouri,2023-08-01,2023,8,3.2,433.4,2518.2,4.5,146.8,282.1,558.6,49.0,184.8,380.6,506.8,321.6,401.9,429.6
Missouri,2023-09-01,2023,9,3.3,438.1,2543.0,4.5,146.0,287.6,560.1,48.4,183.3,379.0,511.1,314.4,433.0,427.4
Missouri,2023-10-01,2023,10,3.4,432.8,2561.3,4.6,146.3,281.9,564.1,48.3,183.1,381.6,520.9,310.2,439.8,429.90000000000003
Missouri,2023-11-01,2023,11,3.4,434.6,2563.3,4.5,144.2,285.9,573.2,48.3,182.4,379.6,522.6,303.2,441.1,427.90000000000003
Missouri,2023-12-01,2023,12,3.4,436.2,2559.8,4.5,143.7,288.0,577.3,48.4,181.9,376.3,518.8,302.3,441.8,424.7
Missouri,2024-01-01,2024,1,3.5,423.7,2499.1,4.3,135.7,283.7,559.2,47.8,180.4,368.0,512.0,289.8,430.5,415.8
Missouri,2024-02-01,2024,2,3.5,430.1,2524.0,4.4,140.5,285.2,557.5,47.6,180.3,370.5,521.3,293.7,441.4,418.1
Missouri,2024-03-01,2024,3,3.6,433.0,2536.8,4.5,144.2,284.3,558.8,47.5,180.0,371.9,518.1,303.3,444.7,419.4
Missouri,2024-04-01,2024,4,3.7,435.7,2565.5,4.4,146.4,284.9,560.8,47.0,179.9,377.5,527.4,313.3,446.6,424.5
Missouri,2024-05-01,2024,5,3.7,437.3,2573.4,4.5,147.8,285.0,561.8,47.0,180.8,375.6,524.3,322.2,447.3,422.6
Missouri,2024-06-01,2024,6,3.8,442.2,2564.7,4.6,150.6,287.0,563.3,47.3,181.8,372.7,517.5,329.6,436.4,420.0
Missouri,2024-07-01,2024,7,3.8,435.3,2533.4,4.5,151.4,279.4,561.5,47.4,182.6,372.8,520.5,325.3,407.3,420.2
Missouri,2024-08-01,2024,8,3.8,440.3,2537.3,4.6,150.4,285.3,560.4,47.2,182.1,372.5,523.0,323.4,413.1,419.7
Missouri,2024-09-01,2024,9,3.7,438.5,2558.4,4.6,149.3,284.6,559.5,47.0,180.8,371.9,527.6,315.5,441.2,418.9
Missouri,2024-10-01,2024,10,3.7,437.8,2578.3,4.5,148.8,284.5,563.3,47.0,181.7,373.0,537.9,311.5,448.7,420.0
Missouri,2024-11-01,2024,11,3.8,436.8,2580.0,4.5,147.8,284.5,571.5,47.0,181.6,370.9,540.6,304.4,448.8,417.9
Missouri,2024-12-01,2024,12,3.8,435.7,2573.3,4.4,146.8,284.5,573.7,47.1,181.5,368.2,536.0,303.6,448.0,415.3
Missouri,2025-01-01,2025,1,3.9,415.0,2505.6,4.2,136.1,274.7,555.9,46.4,180.4,357.7,531.3,286.3,434.0,404.09999999999997
Missouri,2025-02-01,2025,2,4.0,427.6,2525.7,4.4,140.3,282.9,552.7,46.2,180.5,361.5,538.5,289.1,443.3,407.7
Missouri,2025-03-01,2025,3,4.0,433.2,2541.4,4.4,146.2,282.6,554.4,46.3,180.9,363.7,536.1,300.0,444.9,410.0
Missouri,2025-04-01,2025,4,4.0,436.2,2570.0,4.4,149.2,282.6,555.0,45.7,182.0,369.1,542.5,311.5,448.2,414.8
Missouri,2025-05-01,2025,5,4.0,438.8,2576.9,4.5,151.4,282.9,555.1,45.8,182.4,367.2,539.6,320.6,449.4,413.0
Missouri,2025-06-01,2025,6,4.0,443.3,2556.3,4.5,154.2,284.6,554.2,45.9,183.1,363.7,533.1,325.4,433.0,409.59999999999997
Missouri,2025-07-01,2025,7,4.0,443.6,2528.9,4.5,155.4,283.7,553.2,46.1,183.8,365.4,534.6,324.4,403.7,411.5
Missouri,2025-08-01,2025,8,4.0,439.5,2529.5,4.5,155.0,280.0,553.8,45.8,182.6,364.6,534.2,322.9,409.0,410.40000000000003
Missouri,2025-09-01,2025,9,3.9,437.0,2546.4,4.5,153.7,278.8,553.0,45.5,181.0,364.8,536.2,312.0,438.3,410.3
Missouri,2025-10-01,2025,10,,433.6,2570.4,4.5,153.5,275.6,557.1,44.9,184.6,368.8,545.9,311.3,441.8,413.7
Missouri,2025-11-01,2025,11,3.9,438.1,2573.9,4.5,155.4,278.2,563.9,45.0,186.4,369.1,545.8,305.2,441.9,414.1
Missouri,2025-12-01,2025,12,3.9,436.3,2565.0,4.5,152.3,279.5,569.8,46.2,187.3,366.5,542.9,296.8,439.7,412.7
Missouri,2026-01-01,2026,1,3.9,431.7,2512.6,4.4,151.4,275.9,554.1,46.2,183.3,353.6,544.1,290.2,426.8,399.8
Missouri,2026-02-01,2026,2,3.9,432.4,2520.6,4.4,148.3,279.7,550.5,46.0,182.5,356.0,543.5,292.2,435.8,402.0
Montana,2016-01-01,2016,1,4.3,49.4,403.2,7.1,23.1,19.2,93.7,6.3,23.8,39.0,73.8,59.9,88.8,45.3
Montana,2016-02-01,2016,2,4.3,49.5,406.4,7.0,23.3,19.2,93.1,6.4,23.8,39.4,74.3,60.6,90.9,45.8
Montana,2016-03-01,2016,3,4.3,50.2,409.1,6.8,24.3,19.1,93.5,6.3,23.8,39.9,74.6,60.9,92.1,46.199999999999996
Montana,2016-04-01,2016,4,4.3,52.5,412.7,6.9,26.4,19.2,94.2,6.3,23.8,40.7,74.6,62.5,92.4,47.0
Montana,2016-05-01,2016,5,4.3,54.2,417.2,7.0,27.9,19.3,95.4,6.3,23.9,41.0,74.5,64.0,93.8,47.3
Montana,2016-06-01,2016,6,4.3,55.8,420.8,7.1,29.2,19.5,95.8,6.3,24.3,41.4,74.3,68.5,91.7,47.699999999999996
Montana,2016-07-01,2016,7,4.3,56.2,418.2,7.0,29.5,19.7,95.4,6.3,24.5,42.2,74.2,71.4,85.7,48.5
Montana,2016-08-01,2016,8,4.3,56.4,419.0,7.0,29.6,19.8,95.7,6.3,24.5,42.0,74.4,71.1,86.5,48.3
Montana,2016-09-01,2016,9,4.2,55.3,419.6,6.9,28.7,19.7,95.0,6.3,24.2,41.0,75.6,67.4,91.5,47.3
Montana,2016-10-01,2016,10,4.2,55.3,416.6,6.9,28.5,19.9,94.5,6.4,24.3,40.8,75.8,63.1,93.0,47.199999999999996
Montana,2016-11-01,2016,11,4.2,54.8,414.7,6.9,27.9,20.0,95.0,6.5,24.2,40.4,76.1,60.9,93.0,46.9
Montana,2016-12-01,2016,12,4.2,52.8,416.1,6.8,26.1,19.9,95.4,6.4,24.4,40.2,76.3,62.5,92.4,46.6
Montana,2017-01-01,2017,1,4.2,49.6,408.3,6.7,23.5,19.4,92.9,6.4,24.0,39.3,76.6,60.8,90.2,45.699999999999996
Montana,2017-02-01,2017,2,4.1,50.3,409.5,6.7,24.1,19.5,92.2,6.3,24.0,39.7,76.8,61.0,91.2,46.0
Montana,2017-03-01,2017,3,4.1,51.3,412.3,6.6,25.1,19.6,92.5,6.3,24.1,40.1,77.1,62.0,91.8,46.4
Montana,2017-04-01,2017,4,4.1,53.5,416.4,6.5,27.5,19.5,93.6,6.3,24.4,40.9,77.1,63.3,92.3,47.199999999999996
Montana,2017-05-01,2017,5,4.1,56.0,421.0,6.7,29.6,19.7,94.6,6.3,24.6,41.7,77.3,64.8,93.0,48.0
Montana,2017-06-01,2017,6,4.1,57.2,425.5,6.9,30.3,20.0,95.3,6.3,24.9,42.3,76.9,70.0,91.0,48.599999999999994
Montana,2017-07-01,2017,7,4.1,57.3,422.2,7.1,30.1,20.1,95.1,6.5,25.1,42.5,76.2,71.7,86.5,49.0
Montana,2017-08-01,2017,8,4.1,57.4,423.3,7.2,30.1,20.1,95.3,6.6,25.0,42.5,76.5,71.8,86.9,49.1
Montana,2017-09-01,2017,9,4.1,56.2,422.6,7.0,29.1,20.1,94.5,6.5,24.8,41.4,77.2,67.5,92.1,47.9
Montana,2017-10-01,2017,10,4.1,56.5,420.4,7.1,29.1,20.3,94.4,6.5,24.9,41.7,77.7,63.2,93.4,48.2
Montana,2017-11-01,2017,11,4.1,55.0,418.1,6.9,27.8,20.3,95.5,6.5,24.9,41.1,78.0,61.3,92.2,47.6
Montana,2017-12-01,2017,12,4.0,54.3,419.9,6.9,27.1,20.3,95.8,6.5,25.2,41.1,78.2,63.0,91.4,47.6
Montana,2018-01-01,2018,1,3.9,51.0,412.8,6.8,24.3,19.9,93.3,6.4,24.7,40.4,78.1,61.8,89.7,46.8
Montana,2018-02-01,2018,2,3.9,51.1,414.3,6.9,24.2,20.0,92.8,6.5,24.8,40.7,78.4,62.3,90.4,47.2
Montana,2018-03-01,2018,3,3.8,52.3,416.1,6.9,25.3,20.1,93.0,6.5,24.8,40.9,78.4,62.9,90.9,47.4
Montana,2018-04-01,2018,4,3.8,54.9,418.4,6.8,28.1,20.0,93.3,6.3,25.0,41.9,78.2,63.7,91.2,48.199999999999996
Montana,2018-05-01,2018,5,3.7,57.9,424.2,7.1,30.5,20.3,94.7,6.4,25.3,42.7,78.0,65.7,92.4,49.1
Montana,2018-06-01,2018,6,3.7,59.1,429.7,7.4,31.0,20.7,95.8,6.4,25.7,43.5,77.4,71.4,90.3,49.9
Montana,2018-07-01,2018,7,3.7,59.6,426.0,7.5,31.4,20.7,95.4,6.3,26.0,43.6,76.5,73.0,86.1,49.9
Montana,2018-08-01,2018,8,3.6,60.0,426.8,7.5,31.5,21.0,95.5,6.4,26.0,43.7,76.9,72.9,86.3,50.1
Montana,2018-09-01,2018,9,3.6,59.1,425.4,7.4,30.9,20.8,94.6,6.3,25.8,42.9,77.3,68.5,91.0,49.199999999999996
Montana,2018-10-01,2018,10,3.7,60.0,423.0,7.5,31.4,21.1,94.2,6.3,25.9,43.0,78.0,64.3,92.2,49.3
Montana,2018-11-01,2018,11,3.7,59.3,421.5,7.4,30.7,21.2,95.3,6.3,26.0,42.2,78.3,62.3,92.0,48.5
Montana,2018-12-01,2018,12,3.6,58.2,424.1,7.3,29.7,21.2,96.1,6.3,26.3,41.8,78.8,64.5,91.2,48.099999999999994
Montana,2019-01-01,2019,1,3.6,54.6,415.9,7.1,27.0,20.5,93.1,6.2,25.9,40.8,78.5,63.5,89.2,47.0
Montana,2019-02-01,2019,2,3.6,53.1,417.8,7.0,25.5,20.6,92.4,6.2,26.0,41.5,78.9,63.3,90.7,47.7
Montana,2019-03-01,2019,3,3.5,53.3,418.8,6.9,25.8,20.6,92.7,6.2,26.1,41.4,78.9,63.7,91.0,47.6
Montana,2019-04-01,2019,4,3.5,56.4,423.3,6.9,28.7,20.8,93.3,6.2,26.1,42.5,79.5,65.0,91.6,48.7
Montana,2019-05-01,2019,5,3.4,58.8,429.5,7.2,30.7,20.9,94.5,6.3,26.4,43.5,79.3,66.8,93.4,49.8
Montana,2019-06-01,2019,6,3.4,60.8,432.0,7.3,32.4,21.1,94.7,6.2,26.6,43.9,78.3,72.3,90.5,50.1
Montana,2019-07-01,2019,7,3.5,61.5,430.5,7.6,32.7,21.2,94.5,6.2,26.9,44.8,77.4,74.0,87.2,51.0
Montana,2019-08-01,2019,8,3.5,62.1,431.5,7.7,33.0,21.4,94.6,6.3,26.9,45.4,77.8,73.8,87.3,51.699999999999996
Montana,2019-09-01,2019,9,3.5,60.7,430.0,7.6,31.9,21.2,93.8,6.2,26.6,44.2,78.8,69.4,91.9,50.400000000000006
Montana,2019-10-01,2019,10,3.5,60.6,429.2,7.5,31.8,21.3,94.5,6.2,26.8,44.4,79.6,65.6,92.8,50.6
Montana,2019-11-01,2019,11,3.5,59.3,427.0,7.3,30.7,21.3,95.3,6.2,26.7,43.9,80.4,63.5,91.9,50.1
Montana,2019-12-01,2019,12,3.5,58.0,429.2,7.1,29.5,21.4,95.9,6.2,26.9,43.6,80.4,65.3,91.7,49.800000000000004
Montana,2020-01-01,2020,1,3.5,54.7,422.4,6.8,27.1,20.8,93.3,6.1,26.3,42.7,80.3,64.4,90.5,48.800000000000004
Montana,2020-02-01,2020,2,3.5,54.6,424.0,6.8,27.0,20.8,92.9,6.1,26.3,43.2,80.5,64.7,91.4,49.300000000000004
Montana,2020-03-01,2020,3,3.5,55.4,423.3,6.7,28.0,20.7,92.6,6.0,26.3,43.2,80.2,64.2,92.1,49.2
Montana,2020-04-01,2020,4,11.9,53.7,369.4,6.4,28.6,18.7,84.8,5.7,25.4,40.7,73.0,34.8,89.5,46.400000000000006
Montana,2020-05-01,2020,5,9.2,58.1,394.9,6.7,31.5,19.9,89.3,5.8,25.6,42.3,76.2,50.4,88.2,48.099999999999994
Montana,2020-06-01,2020,6,7.7,60.0,408.9,6.8,32.9,20.3,91.9,5.6,25.9,43.3,76.4,59.9,87.9,48.9
Montana,2020-07-01,2020,7,6.7,60.6,410.3,6.9,33.4,20.3,92.6,5.6,26.2,44.0,75.9,64.5,83.4,49.6
Montana,2020-08-01,2020,8,5.6,60.7,414.0,6.9,33.2,20.6,92.9,5.7,26.3,44.5,76.6,64.7,85.1,50.2
Montana,2020-09-01,2020,9,5.2,60.1,419.1,6.9,32.6,20.6,92.7,5.7,26.2,44.3,77.7,62.6,91.7,50.0
Montana,2020-10-01,2020,10,4.6,60.8,420.8,6.9,33.0,20.9,94.3,5.7,26.5,45.5,78.6,60.4,91.3,51.2
Montana,2020-11-01,2020,11,4.3,59.0,418.1,6.7,31.5,20.8,95.5,5.9,26.4,44.6,78.8,57.7,90.9,50.5
Montana,2020-12-01,2020,12,4.2,58.9,421.2,6.7,31.2,21.0,96.8,5.8,26.6,44.9,79.6,59.0,90.6,50.699999999999996
Montana,2021-01-01,2021,1,4.0,56.1,414.7,6.5,28.9,20.7,94.5,5.6,26.1,43.9,79.5,58.8,88.6,49.5
Montana,2021-02-01,2021,2,3.9,54.8,418.6,6.4,27.7,20.7,94.7,5.6,26.2,44.6,80.1,59.8,89.7,50.2
Montana,2021-03-01,2021,3,3.8,57.2,421.8,6.6,29.8,20.8,94.7,5.6,26.3,44.9,80.2,61.1,90.9,50.5
Montana,2021-04-01,2021,4,3.7,59.5,426.7,6.5,32.2,20.8,95.3,5.5,26.5,46.1,80.3,63.2,91.5,51.6
Montana,2021-05-01,2021,5,3.6,61.3,432.4,6.6,33.7,21.0,96.2,5.7,26.7,46.8,80.5,65.3,92.7,52.5
Montana,2021-06-01,2021,6,3.5,62.8,439.0,6.8,34.8,21.2,96.9,5.8,27.3,47.6,79.3,71.0,92.1,53.4
Montana,2021-07-01,2021,7,3.4,64.4,434.3,7.0,36.0,21.4,96.8,5.6,27.5,48.6,78.4,73.9,84.5,54.2
Montana,2021-08-01,2021,8,3.2,64.4,435.3,7.0,35.9,21.5,96.8,5.7,27.4,48.8,78.8,73.2,85.6,54.5
Montana,2021-09-01,2021,9,3.1,63.0,435.6,6.8,34.8,21.4,96.2,5.6,27.2,47.6,79.5,69.4,91.5,53.2
Montana,2021-10-01,2021,10,2.9,63.6,436.9,6.9,35.1,21.6,97.4,5.7,27.5,48.4,80.3,66.7,92.2,54.1
Montana,2021-11-01,2021,11,2.8,63.3,435.0,6.8,34.5,22.0,98.9,5.8,27.5,47.8,80.6,64.3,91.4,53.599999999999994
Montana,2021-12-01,2021,12,2.7,62.5,439.3,6.7,33.6,22.2,100.3,5.7,27.8,47.9,80.7,66.8,91.4,53.6
Montana,2022-01-01,2022,1,2.7,59.3,430.6,6.6,31.0,21.7,97.5,5.7,27.4,47.2,79.7,64.8,89.5,52.900000000000006
Montana,2022-02-01,2022,2,2.7,60.6,435.6,6.6,32.0,22.0,98.3,5.8,27.6,47.8,80.6,66.3,90.2,53.599999999999994
Montana,2022-03-01,2022,3,2.7,61.3,437.5,6.5,33.0,21.8,98.3,5.7,27.6,48.0,80.7,67.1,91.0,53.7
Montana,2022-04-01,2022,4,2.7,63.7,441.3,6.6,35.4,21.7,98.8,5.6,27.7,49.4,81.1,68.3,91.4,55.0
Montana,2022-05-01,2022,5,2.7,65.4,445.5,6.7,36.8,21.9,99.2,5.8,27.8,50.0,81.2,69.9,92.5,55.8
Montana,2022-06-01,2022,6,2.7,66.6,451.0,6.8,37.7,22.1,99.5,5.7,28.1,51.0,79.8,75.9,91.7,56.7
Montana,2022-07-01,2022,7,2.7,67.9,450.7,6.9,38.9,22.1,100.0,5.9,28.5,52.5,79.7,78.4,85.9,58.4
Montana,2022-08-01,2022,8,2.7,68.3,451.0,6.8,39.3,22.2,100.4,6.0,28.4,52.4,80.8,77.5,85.9,58.4
Montana,2022-09-01,2022,9,2.7,67.6,449.4,6.9,38.5,22.2,99.7,5.9,27.9,51.0,81.2,73.1,91.2,56.9
Montana,2022-10-01,2022,10,2.6,67.9,447.3,7.1,38.5,22.3,100.1,6.0,28.2,51.2,82.1,69.2,91.1,57.2
Montana,2022-11-01,2022,11,2.5,65.7,445.8,6.9,36.4,22.4,100.9,5.8,28.1,50.5,82.2,67.4,91.6,56.3
Montana,2022-12-01,2022,12,2.5,64.1,449.0,6.8,35.0,22.3,102.0,5.8,28.4,50.4,82.7,69.4,91.2,56.199999999999996
Montana,2023-01-01,2023,1,2.5,62.1,443.2,6.9,33.5,21.7,99.3,5.7,27.6,49.9,83.1,68.5,89.8,55.6
Montana,2023-02-01,2023,2,2.5,62.0,445.8,6.9,33.5,21.6,99.2,5.8,27.7,50.0,83.4,69.5,90.8,55.8
Montana,2023-03-01,2023,3,2.5,62.5,447.4,6.8,34.1,21.6,99.6,5.7,27.6,50.3,83.4,70.1,91.4,56.0
Montana,2023-04-01,2023,4,2.5,65.3,450.9,6.9,36.7,21.7,99.7,5.7,27.7,50.9,83.7,70.7,93.0,56.6
Montana,2023-05-01,2023,5,2.6,66.7,455.6,7.1,37.9,21.7,100.4,5.7,27.7,51.8,83.3,71.6,95.5,57.5
Montana,2023-06-01,2023,6,2.6,67.8,463.7,7.3,38.6,21.9,100.9,5.6,28.1,53.4,82.8,78.5,94.6,59.0
Montana,2023-07-01,2023,7,2.7,68.5,456.8,7.4,39.2,21.9,100.9,5.6,28.1,53.5,81.9,79.5,87.4,59.1
Montana,2023-08-01,2023,8,2.8,68.4,459.1,7.4,39.1,21.9,100.7,5.6,28.0,53.3,83.1,79.4,89.2,58.9
Montana,2023-09-01,2023,9,2.9,67.3,456.5,7.4,38.2,21.7,100.5,5.5,27.4,51.8,83.6,75.0,93.2,57.3
Montana,2023-10-01,2023,10,3.0,67.8,454.8,7.4,38.5,21.9,101.6,5.6,27.9,52.2,84.4,70.9,92.5,57.800000000000004
Montana,2023-11-01,2023,11,3.1,66.5,452.6,7.2,37.3,22.0,102.4,5.6,27.4,51.4,84.6,69.0,92.5,57.0
Montana,2023-12-01,2023,12,3.1,65.4,456.3,7.0,36.4,22.0,103.5,5.5,27.6,51.2,85.4,70.7,92.7,56.7
Montana,2024-01-01,2024,1,3.1,61.7,446.9,6.8,33.6,21.3,99.9,5.5,27.0,50.3,84.5,68.8,91.4,55.8
Montana,2024-02-01,2024,2,3.1,61.9,449.7,6.7,33.8,21.4,100.1,5.5,26.9,50.5,85.1,69.6,92.3,56.0
Montana,2024-03-01,2024,3,3.0,63.0,452.0,6.6,34.9,21.5,100.3,5.4,26.9,50.8,85.3,70.6,92.9,56.199999999999996
Montana,2024-04-01,2024,4,3.0,65.0,457.1,6.5,37.0,21.5,100.8,5.5,27.1,52.1,85.4,71.7,94.3,57.6
Montana,2024-05-01,2024,5,3.0,67.0,464.3,6.7,38.6,21.7,101.9,5.5,27.3,53.2,85.3,73.9,96.8,58.7
Montana,2024-06-01,2024,6,3.1,68.1,471.8,6.7,39.7,21.7,102.9,5.5,27.8,54.4,84.8,79.8,96.0,59.9
Montana,2024-07-01,2024,7,3.0,68.6,465.7,6.7,40.2,21.7,101.8,5.6,27.9,55.5,84.0,81.3,89.1,61.1
Montana,2024-08-01,2024,8,3.0,68.1,467.8,6.7,39.9,21.5,101.9,5.6,27.9,55.3,85.0,81.2,90.4,60.9
Montana,2024-09-01,2024,9,3.0,66.4,464.7,6.5,38.7,21.2,101.6,5.6,27.7,54.0,85.2,76.7,93.6,59.6
Montana,2024-10-01,2024,10,2.9,66.5,462.1,6.5,38.6,21.4,101.7,5.6,27.9,54.5,86.5,71.5,93.9,60.1
Montana,2024-11-01,2024,11,2.9,64.9,458.8,6.1,37.3,21.5,102.7,5.6,27.7,53.4,87.0,68.2,94.0,59.0
Montana,2024-12-01,2024,12,2.9,63.6,460.8,5.8,36.3,21.5,103.5,5.6,27.8,52.8,87.3,70.9,93.0,58.4
Montana,2025-01-01,2025,1,2.9,60.7,453.1,5.8,33.7,21.2,101.2,5.7,27.2,52.1,86.3,69.7,91.4,57.800000000000004
Montana,2025-02-01,2025,2,3.0,58.4,454.6,5.6,31.8,21.0,100.9,5.7,27.2,52.4,86.6,69.8,92.3,58.1
Montana,2025-03-01,2025,3,3.1,60.9,454.9,5.6,34.3,21.0,101.1,5.7,27.1,51.7,86.7,70.5,92.5,57.400000000000006
Montana,2025-04-01,2025,4,3.1,63.6,460.8,5.6,37.0,21.0,101.6,5.8,27.3,53.9,87.5,71.4,93.4,59.699999999999996
Montana,2025-05-01,2025,5,3.2,65.0,465.7,5.6,38.3,21.1,102.2,5.7,27.5,54.7,87.2,73.4,95.1,60.400000000000006
Montana,2025-06-01,2025,6,3.2,66.6,471.6,5.8,39.5,21.3,102.4,5.8,27.9,55.3,86.6,78.9,94.8,61.099999999999994
Montana,2025-07-01,2025,7,3.3,66.8,468.6,5.9,39.7,21.2,102.0,5.8,28.1,56.8,85.8,81.4,88.5,62.599999999999994
Montana,2025-08-01,2025,8,3.4,66.5,469.9,5.9,39.5,21.1,101.9,5.8,27.9,56.7,86.7,81.2,89.8,62.5
Montana,2025-09-01,2025,9,3.5,65.2,463.9,5.8,38.5,20.9,101.3,5.7,27.4,54.5,86.4,76.1,93.0,60.2
Montana,2025-10-01,2025,10,,65.7,461.7,5.8,39.1,20.8,102.3,5.7,27.8,54.8,86.2,72.4,92.5,60.5
Montana,2025-11-01,2025,11,3.6,63.1,459.3,5.7,36.8,20.6,102.7,5.7,27.8,54.9,86.7,69.3,92.4,60.6
Montana,2025-12-01,2025,12,3.6,62.1,461.2,5.7,35.7,20.7,104.3,5.6,27.8,54.2,87.1,71.1,91.8,59.800000000000004
Montana,2026-01-01,2026,1,3.6,60.5,453.4,5.7,34.3,20.5,101.7,5.5,27.4,51.8,87.2,70.4,90.0,57.3
Montana,2026-02-01,2026,2,3.6,61.1,453.5,5.6,35.0,20.5,101.0,5.5,27.4,51.4,87.6,70.0,91.0,56.9
Nebraska,2016-01-01,2016,1,3.0,143.0,849.5,0.9,45.4,96.7,202.7,18.5,71.2,115.7,150.0,84.8,170.2,134.2
Nebraska,2016-02-01,2016,2,3.0,142.8,853.3,0.9,45.3,96.6,201.6,18.5,71.3,116.4,151.2,85.3,172.6,134.9
Nebraska,2016-03-01,2016,3,3.0,145.7,860.3,1.0,47.7,97.0,202.1,18.4,71.4,117.5,152.6,87.8,174.0,135.9
Nebraska,2016-04-01,2016,4,3.0,148.0,867.8,1.0,50.4,96.6,203.5,18.5,71.6,120.0,151.9,90.4,175.1,138.5
Nebraska,2016-05-01,2016,5,3.1,149.7,874.7,1.0,51.9,96.8,204.6,18.3,71.8,120.2,152.8,92.7,177.5,138.5
Nebraska,2016-06-01,2016,6,3.1,151.5,871.5,1.0,53.6,96.9,204.5,18.3,72.1,120.9,151.2,93.8,173.7,139.20000000000002
Nebraska,2016-07-01,2016,7,3.2,151.8,863.9,1.0,53.7,97.1,204.3,18.4,72.6,120.7,152.3,93.7,165.0,139.1
Nebraska,2016-08-01,2016,8,3.2,151.7,864.3,1.0,53.5,97.2,203.8,18.4,72.5,120.9,153.2,94.5,164.3,139.3
Nebraska,2016-09-01,2016,9,3.2,150.7,871.8,1.0,52.8,96.9,202.6,18.5,71.9,120.4,154.5,92.8,174.4,138.9
Nebraska,2016-10-01,2016,10,3.2,150.5,874.4,1.0,52.5,97.0,203.7,18.5,71.9,119.9,155.3,91.6,176.6,138.4
Nebraska,2016-11-01,2016,11,3.2,149.4,874.4,1.0,51.3,97.1,206.4,18.5,71.9,119.3,155.3,89.4,176.7,137.8
Nebraska,2016-12-01,2016,12,3.1,147.4,872.9,1.0,49.0,97.4,207.5,18.6,72.1,119.5,154.7,88.3,175.5,138.1
Nebraska,2017-01-01,2017,1,3.1,143.8,854.4,0.9,46.1,96.8,200.3,18.4,71.7,116.5,153.2,86.3,171.7,134.9
Nebraska,2017-02-01,2017,2,3.0,145.0,859.2,0.9,46.8,97.3,199.7,18.4,71.8,116.9,154.7,87.6,173.7,135.3
Nebraska,2017-03-01,2017,3,2.9,147.0,863.7,1.0,48.5,97.5,200.1,18.3,71.9,117.9,155.2,89.3,174.4,136.20000000000002
Nebraska,2017-04-01,2017,4,2.9,149.6,869.7,1.1,50.9,97.6,201.6,18.3,72.2,119.3,154.4,91.8,175.1,137.6
Nebraska,2017-05-01,2017,5,2.9,151.3,875.1,1.1,52.2,98.0,203.0,18.2,72.3,118.9,155.2,93.9,176.8,137.1
Nebraska,2017-06-01,2017,6,2.9,153.1,874.8,1.1,53.7,98.3,202.6,18.2,73.0,119.9,153.2,96.0,174.9,138.1
Nebraska,2017-07-01,2017,7,2.9,153.1,863.2,1.1,53.7,98.3,201.9,18.2,73.2,120.2,152.8,95.1,165.1,138.4
Nebraska,2017-08-01,2017,8,2.9,153.1,865.5,1.1,53.5,98.5,202.0,18.1,73.2,119.5,153.6,96.2,166.3,137.6
Nebraska,2017-09-01,2017,9,3.0,152.0,868.5,1.1,52.7,98.2,200.9,17.9,72.9,119.5,154.5,93.2,173.0,137.4
Nebraska,2017-10-01,2017,10,3.0,152.6,873.8,1.1,52.7,98.8,202.0,18.0,73.2,120.0,156.1,92.3,175.7,138.0
Nebraska,2017-11-01,2017,11,3.0,152.4,876.0,1.1,52.0,99.3,206.8,17.9,73.0,119.6,156.1,90.4,175.6,137.5
Nebraska,2017-12-01,2017,12,3.0,151.9,876.7,1.1,51.0,99.8,208.1,18.0,73.4,119.7,155.9,89.9,174.9,137.7
Nebraska,2018-01-01,2018,1,2.9,146.5,856.0,1.0,47.1,98.4,199.9,17.8,72.7,116.0,154.3,87.4,171.6,133.8
Nebraska,2018-02-01,2018,2,2.9,146.8,860.3,1.0,46.8,99.0,199.2,17.9,73.2,116.9,155.4,88.0,173.3,134.8
Nebraska,2018-03-01,2018,3,2.9,149.0,864.8,1.0,48.7,99.3,199.8,17.7,73.2,117.5,155.9,89.7,174.4,135.2
Nebraska,2018-04-01,2018,4,2.8,152.0,869.6,1.1,51.7,99.2,200.0,17.7,73.8,118.9,155.7,91.7,175.0,136.6
Nebraska,2018-05-01,2018,5,2.8,154.0,879.4,1.1,53.5,99.4,201.9,17.6,74.2,119.3,156.3,95.4,177.6,136.9
Nebraska,2018-06-01,2018,6,2.8,156.1,878.1,1.2,55.2,99.7,202.2,17.7,74.5,120.3,154.6,96.8,174.6,138.0
Nebraska,2018-07-01,2018,7,2.9,157.5,867.7,1.2,55.8,100.5,201.5,17.7,74.6,120.3,154.4,95.9,165.9,138.0
Nebraska,2018-08-01,2018,8,2.9,157.4,867.9,1.2,55.6,100.6,200.9,17.7,74.4,119.7,155.5,96.4,166.2,137.4
Nebraska,2018-09-01,2018,9,2.9,155.7,872.3,1.1,54.4,100.2,199.0,17.5,74.1,119.9,156.5,94.5,173.6,137.4
Nebraska,2018-10-01,2018,10,3.0,154.8,875.6,1.1,54.1,99.6,200.0,17.5,74.5,119.8,157.1,93.7,175.7,137.3
Nebraska,2018-11-01,2018,11,3.0,154.8,879.3,1.1,53.5,100.2,205.5,17.4,74.7,119.9,157.2,91.6,175.8,137.3
Nebraska,2018-12-01,2018,12,3.1,153.0,877.4,1.0,51.8,100.2,206.3,17.4,74.9,119.0,157.4,90.6,174.8,136.4
Nebraska,2019-01-01,2019,1,3.1,149.1,860.8,1.0,48.8,99.3,198.6,17.4,74.2,116.8,155.7,88.9,172.5,134.2
Nebraska,2019-02-01,2019,2,3.1,148.8,861.6,1.0,48.1,99.7,196.5,17.4,74.2,116.8,156.9,89.4,173.5,134.2
Nebraska,2019-03-01,2019,3,3.1,149.3,863.2,1.0,48.4,99.9,196.4,17.3,74.2,116.8,157.4,90.8,173.5,134.1
Nebraska,2019-04-01,2019,4,3.1,153.2,871.4,1.1,52.8,99.3,197.8,17.3,74.4,119.4,156.8,93.7,175.0,136.70000000000002
Nebraska,2019-05-01,2019,5,3.1,155.4,880.7,1.1,54.9,99.4,198.7,17.2,74.9,119.9,158.0,96.8,177.8,137.1
Nebraska,2019-06-01,2019,6,3.1,157.3,877.8,1.1,56.4,99.8,198.2,17.5,75.4,121.1,155.5,98.1,174.5,138.6
Nebraska,2019-07-01,2019,7,3.1,158.1,868.4,1.1,57.0,100.0,197.8,17.3,75.5,121.5,156.1,96.8,165.8,138.8
Nebraska,2019-08-01,2019,8,3.2,157.7,870.5,1.1,56.8,99.8,198.0,17.2,75.3,121.3,156.4,97.9,167.0,138.5
Nebraska,2019-09-01,2019,9,3.2,157.2,872.3,1.1,56.2,99.9,195.8,17.1,75.1,121.3,156.9,95.1,173.6,138.4
Nebraska,2019-10-01,2019,10,3.1,157.3,878.1,1.1,56.3,99.9,197.2,17.1,75.5,122.1,156.8,95.0,177.1,139.2
Nebraska,2019-11-01,2019,11,3.1,157.2,881.4,1.0,55.8,100.4,201.3,17.2,75.4,122.1,157.3,92.7,178.2,139.29999999999998
Nebraska,2019-12-01,2019,12,3.1,155.9,880.4,1.0,54.6,100.3,202.4,17.2,75.7,122.4,157.1,91.8,176.4,139.6
Nebraska,2020-01-01,2020,1,3.0,152.0,864.7,0.9,51.8,99.3,195.3,17.2,74.9,119.0,156.1,90.5,174.4,136.2
Nebraska,2020-02-01,2020,2,3.0,152.1,866.4,0.9,51.6,99.6,193.7,17.2,75.0,119.4,157.2,91.0,175.6,136.6
Nebraska,2020-03-01,2020,3,4.4,153.9,863.4,0.9,53.4,99.6,193.2,17.1,75.0,119.6,156.4,89.5,175.6,136.7
Nebraska,2020-04-01,2020,4,8.2,149.8,783.9,1.0,54.3,94.5,181.3,16.0,74.1,113.8,145.6,55.2,169.4,129.8
Nebraska,2020-05-01,2020,5,6.4,151.4,799.3,1.0,56.2,94.2,185.2,15.9,74.1,114.6,148.4,66.3,163.9,130.5
Nebraska,2020-06-01,2020,6,5.3,154.4,815.4,1.0,57.3,96.1,189.5,16.0,74.5,115.7,149.1,75.6,161.8,131.7
Nebraska,2020-07-01,2020,7,4.6,154.9,820.2,1.0,57.2,96.7,190.5,16.2,74.3,116.4,150.2,80.5,158.0,132.6
Nebraska,2020-08-01,2020,8,3.8,155.1,828.9,1.0,56.7,97.4,190.8,16.4,74.3,116.0,151.7,83.3,161.8,132.4
Nebraska,2020-09-01,2020,9,3.4,154.9,835.4,1.0,56.0,97.9,190.4,16.6,74.2,115.7,152.7,82.0,169.3,132.3
Nebraska,2020-10-01,2020,10,3.1,155.8,843.8,1.0,57.0,97.8,194.1,16.6,74.3,117.2,153.1,82.5,171.0,133.8
Nebraska,2020-11-01,2020,11,3.0,155.1,845.5,1.0,56.0,98.1,196.7,16.8,74.3,116.8,154.5,80.3,171.0,133.6
Nebraska,2020-12-01,2020,12,3.0,155.3,848.2,1.0,55.3,99.0,199.8,17.0,74.4,118.1,154.9,78.0,170.9,135.1
Nebraska,2021-01-01,2021,1,2.9,151.0,831.2,1.0,51.3,98.7,192.7,17.1,72.9,115.3,154.6,77.2,166.5,132.4
Nebraska,2021-02-01,2021,2,2.9,149.4,833.7,0.9,49.5,99.0,190.2,17.3,72.8,115.0,155.3,78.4,169.5,132.3
Nebraska,2021-03-01,2021,3,2.9,152.9,839.2,1.0,52.6,99.3,191.2,17.4,72.7,115.6,155.8,80.9,170.1,133.0
Nebraska,2021-04-01,2021,4,2.9,155.3,847.3,1.0,55.8,98.5,191.6,17.5,72.7,116.9,156.0,84.6,172.2,134.4
Nebraska,2021-05-01,2021,5,2.8,156.1,854.2,1.0,57.2,97.9,193.3,17.6,72.7,117.0,156.0,87.6,174.0,134.6
Nebraska,2021-06-01,2021,6,2.8,159.0,856.8,1.1,58.8,99.1,194.3,17.9,72.9,117.9,154.0,92.0,171.4,135.8
Nebraska,2021-07-01,2021,7,2.7,160.1,851.7,1.1,59.0,100.0,193.9,18.0,73.3,118.7,155.0,92.3,163.7,136.7
Nebraska,2021-08-01,2021,8,2.6,160.2,851.5,1.1,58.8,100.3,194.5,18.0,73.1,118.4,155.1,92.5,163.0,136.4
Nebraska,2021-09-01,2021,9,2.5,158.6,850.1,1.0,57.7,99.9,192.5,17.9,72.2,117.2,155.1,88.9,170.0,135.1
Nebraska,2021-10-01,2021,10,2.4,158.6,861.4,1.0,57.6,100.0,195.8,17.9,72.7,119.9,156.7,89.6,172.3,137.8
Nebraska,2021-11-01,2021,11,2.3,157.9,864.6,1.0,56.3,100.6,199.9,17.9,72.9,120.6,156.5,88.4,172.3,138.5
Nebraska,2021-12-01,2021,12,2.2,157.9,866.2,1.0,56.1,100.8,202.1,17.9,72.7,120.3,156.3,88.2,172.3,138.2
Nebraska,2022-01-01,2022,1,2.1,154.1,845.2,1.0,52.7,100.4,194.7,18.0,72.5,117.4,154.7,85.9,165.8,135.4
Nebraska,2022-02-01,2022,2,2.0,156.1,852.8,1.0,53.1,102.0,194.9,17.9,72.3,117.9,155.9,87.7,169.9,135.8
Nebraska,2022-03-01,2022,3,2.0,157.9,855.1,1.0,54.4,102.5,194.9,17.9,72.1,118.8,155.6,88.4,170.8,136.7
Nebraska,2022-04-01,2022,4,2.0,160.9,860.7,1.0,57.2,102.7,195.4,17.9,72.3,120.5,155.2,90.8,171.8,138.4
Nebraska,2022-05-01,2022,5,2.1,162.1,865.0,1.1,58.3,102.7,195.4,17.8,72.3,120.7,155.3,93.3,173.5,138.5
Nebraska,2022-06-01,2022,6,2.1,164.6,867.4,1.1,60.2,103.3,195.8,17.8,72.4,121.6,155.1,95.9,171.8,139.4
Nebraska,2022-07-01,2022,7,2.2,166.6,861.1,1.0,61.4,104.2,195.6,17.9,72.5,123.1,156.9,95.9,161.9,141.0
Nebraska,2022-08-01,2022,8,2.3,166.3,863.1,1.0,61.2,104.1,195.6,17.9,72.4,123.2,156.9,96.5,163.5,141.1
Nebraska,2022-09-01,2022,9,2.3,165.8,866.6,1.0,60.6,104.2,194.2,17.7,72.0,122.2,157.4,95.2,171.2,139.9
Nebraska,2022-10-01,2022,10,2.3,165.6,873.5,1.0,60.4,104.2,196.2,17.6,72.4,122.9,158.6,94.7,174.3,140.5
Nebraska,2022-11-01,2022,11,2.3,165.6,876.0,1.0,60.0,104.6,199.2,17.6,72.3,123.4,159.4,92.5,174.9,141.0
Nebraska,2022-12-01,2022,12,2.2,163.9,877.3,1.0,58.1,104.8,201.1,17.5,72.5,123.5,159.3,91.6,175.2,141.0
Nebraska,2023-01-01,2023,1,2.2,161.1,860.3,0.9,55.8,104.4,195.4,17.3,71.8,121.4,159.0,90.2,168.9,138.70000000000002
Nebraska,2023-02-01,2023,2,2.2,161.8,867.1,1.0,56.1,104.7,195.1,17.2,71.8,122.2,159.6,91.4,173.2,139.4
Nebraska,2023-03-01,2023,3,2.1,163.0,871.2,1.0,57.5,104.5,195.5,17.1,71.7,122.4,160.4,92.8,174.5,139.5
Nebraska,2023-04-01,2023,4,2.1,166.0,879.9,1.0,60.8,104.2,196.6,17.2,72.0,125.1,160.6,96.2,175.2,142.29999999999998
Nebraska,2023-05-01,2023,5,2.2,167.9,885.3,1.1,62.2,104.6,197.7,17.2,72.1,124.2,160.9,98.9,177.3,141.4
Nebraska,2023-06-01,2023,6,2.2,170.6,893.5,1.0,64.1,105.5,199.3,17.4,72.4,125.9,161.7,101.1,178.2,143.3
Nebraska,2023-07-01,2023,7,2.3,170.2,879.8,1.0,64.4,104.8,198.5,17.3,72.4,125.4,161.4,100.8,166.6,142.70000000000002
Nebraska,2023-08-01,2023,8,2.4,169.2,881.4,1.0,63.6,104.6,197.9,17.2,72.1,125.1,162.2,101.7,167.9,142.29999999999998
Nebraska,2023-09-01,2023,9,2.4,168.1,887.6,1.0,62.5,104.6,197.7,17.1,71.6,125.0,163.1,100.1,176.1,142.1
Nebraska,2023-10-01,2023,10,2.5,167.7,892.2,1.0,62.3,104.4,199.5,17.4,71.7,124.7,164.0,98.9,178.8,142.1
Nebraska,2023-11-01,2023,11,2.5,167.1,893.7,1.0,61.5,104.6,202.7,17.6,71.5,124.3,164.7,96.8,178.9,141.9
Nebraska,2023-12-01,2023,12,2.5,166.2,894.9,1.0,60.3,104.9,204.4,17.9,71.6,124.2,165.4,95.8,178.3,142.1
Nebraska,2024-01-01,2024,1,2.5,160.8,869.8,0.9,55.7,104.2,196.1,17.7,70.8,120.9,164.2,91.4,172.0,138.6
Nebraska,2024-02-01,2024,2,2.6,162.6,879.5,1.0,57.2,104.4,196.0,17.7,70.8,121.3,165.8,94.4,176.2,139.0
Nebraska,2024-03-01,2024,3,2.6,164.9,885.5,1.0,59.4,104.5,196.3,17.6,70.6,122.4,166.4,96.8,177.8,140.0
Nebraska,2024-04-01,2024,4,2.6,167.1,890.7,1.0,61.8,104.3,196.8,17.7,70.6,123.0,167.4,99.1,178.5,140.7
Nebraska,2024-05-01,2024,5,2.7,168.4,898.3,1.0,63.0,104.4,197.4,17.6,71.0,123.1,167.5,102.3,181.5,140.7
Nebraska,2024-06-01,2024,6,2.7,170.4,898.2,1.0,64.5,104.9,197.7,17.7,70.9,124.1,167.5,104.3,177.7,141.79999999999998
Nebraska,2024-07-01,2024,7,2.8,170.3,887.6,1.0,65.0,104.3,197.2,17.7,71.3,123.3,167.9,103.0,169.0,141.0
Nebraska,2024-08-01,2024,8,2.8,169.7,888.1,1.1,64.6,104.0,196.6,17.7,71.1,122.8,168.8,103.9,169.2,140.5
Nebraska,2024-09-01,2024,9,2.8,169.2,893.6,1.0,64.2,104.0,195.4,17.5,70.6,122.1,169.2,102.5,178.6,139.6
Nebraska,2024-10-01,2024,10,2.8,169.5,900.1,1.0,64.4,104.1,197.0,17.7,71.1,122.2,170.7,101.7,181.7,139.9
Nebraska,2024-11-01,2024,11,2.8,169.3,901.9,1.0,64.1,104.2,200.3,17.7,71.0,121.5,171.6,100.1,181.7,139.2
Nebraska,2024-12-01,2024,12,2.9,167.9,899.7,1.0,62.5,104.4,201.0,17.7,71.1,120.4,171.9,98.3,181.5,138.1
Nebraska,2025-01-01,2025,1,2.9,163.3,881.4,0.9,58.9,103.5,195.6,17.6,70.1,117.2,171.0,95.4,176.8,134.8
Nebraska,2025-02-01,2025,2,2.9,162.5,882.8,0.9,58.2,103.4,193.3,17.5,70.0,117.5,171.9,95.4,179.5,135.0
Nebraska,2025-03-01,2025,3,2.9,164.8,885.2,1.0,60.6,103.2,193.2,17.4,70.0,117.6,172.3,97.1,179.7,135.0
Nebraska,2025-04-01,2025,4,2.9,167.9,893.7,1.0,63.6,103.3,194.1,17.5,70.1,119.1,172.8,100.6,181.2,136.6
Nebraska,2025-05-01,2025,5,2.9,169.2,901.9,1.0,65.2,103.0,194.8,17.5,70.4,119.4,173.0,104.2,184.1,136.9
Nebraska,2025-06-01,2025,6,2.9,170.9,901.5,1.0,66.9,103.0,194.8,17.6,70.8,119.9,172.2,106.0,181.5,137.5
Nebraska,2025-07-01,2025,7,2.9,170.4,890.1,1.0,67.2,102.2,194.4,17.7,70.9,120.2,172.7,104.7,171.1,137.9
Nebraska,2025-08-01,2025,8,2.9,170.0,890.3,1.0,66.8,102.2,194.0,17.7,70.7,119.3,173.1,106.2,171.0,137.0
Nebraska,2025-09-01,2025,9,2.9,168.3,892.9,1.0,65.5,101.8,192.6,17.4,70.3,118.6,172.9,103.2,180.1,136.0
Nebraska,2025-10-01,2025,10,,168.7,896.5,1.0,66.6,101.1,193.6,17.3,70.2,119.2,174.9,101.3,182.0,136.5
Nebraska,2025-11-01,2025,11,3.0,168.1,898.4,1.0,65.4,101.7,197.7,17.4,70.5,118.8,175.1,99.1,182.0,136.2
Nebraska,2025-12-01,2025,12,3.0,167.0,896.9,1.0,63.6,102.4,198.8,17.6,70.4,118.5,174.1,98.0,181.3,136.1
Nebraska,2026-01-01,2026,1,3.0,164.6,879.0,0.9,61.7,102.0,193.9,17.6,69.8,114.8,174.4,94.2,176.4,132.4
Nebraska,2026-02-01,2026,2,3.1,161.1,879.1,0.9,61.7,98.5,190.7,17.1,69.7,114.5,175.1,94.6,179.5,131.6
Nevada,2016-01-01,2016,1,6.3,128.5,1135.4,13.4,72.4,42.7,236.9,14.5,61.5,172.1,123.5,334.7,154.8,186.6
Nevada,2016-02-01,2016,2,6.2,128.8,1142.4,13.3,72.5,43.0,236.3,14.7,61.7,170.5,124.8,338.0,158.2,185.2
Nevada,2016-03-01,2016,3,6.1,129.2,1150.6,13.3,72.9,43.0,236.8,14.1,62.0,172.4,125.0,341.2,160.1,186.5
Nevada,2016-04-01,2016,4,6.0,130.5,1161.8,13.6,73.9,43.0,238.4,15.2,62.4,175.4,125.8,346.1,159.0,190.6
Nevada,2016-05-01,2016,5,5.9,131.2,1164.8,13.7,74.3,43.2,239.2,15.0,62.9,174.3,126.2,347.8,159.6,189.3
Nevada,2016-06-01,2016,6,5.9,133.2,1162.1,13.8,75.9,43.5,239.5,15.2,62.7,176.5,126.3,350.0,151.9,191.7
Nevada,2016-07-01,2016,7,5.8,135.0,1163.8,14.0,77.1,43.9,240.5,15.1,63.0,176.0,126.7,350.6,151.2,191.1
Nevada,2016-08-01,2016,8,5.7,135.6,1167.2,14.0,77.6,44.0,242.0,14.4,63.2,177.1,127.7,350.3,151.7,191.5
Nevada,2016-09-01,2016,9,5.6,136.0,1179.9,13.8,78.2,44.0,242.6,14.5,63.3,179.9,128.4,350.1,159.8,194.4
Nevada,2016-10-01,2016,10,5.6,136.9,1182.4,13.9,78.6,44.4,244.7,14.6,63.6,181.2,130.3,346.1,160.0,195.79999999999998
Nevada,2016-11-01,2016,11,5.5,136.8,1188.4,14.0,78.3,44.5,251.9,14.4,63.7,180.9,130.2,344.9,161.5,195.3
Nevada,2016-12-01,2016,12,5.4,137.1,1185.8,14.0,78.1,45.0,252.2,14.3,63.9,178.1,130.7,343.9,162.7,192.4
Nevada,2017-01-01,2017,1,5.3,135.6,1170.6,13.9,77.1,44.6,244.8,14.7,63.5,180.7,129.0,341.5,156.7,195.39999999999998
Nevada,2017-02-01,2017,2,5.3,137.7,1176.3,13.9,78.8,45.0,243.0,14.5,64.2,178.0,130.2,344.8,161.8,192.5
Nevada,2017-03-01,2017,3,5.2,141.0,1187.6,13.9,81.5,45.6,243.0,14.5,64.1,182.2,130.9,349.7,163.0,196.7
Nevada,2017-04-01,2017,4,5.1,142.2,1185.9,13.9,82.0,46.3,243.6,15.3,64.7,178.2,132.1,350.4,160.9,193.5
Nevada,2017-05-01,2017,5,5.0,144.5,1195.6,13.9,83.9,46.7,244.9,15.6,65.5,180.7,132.2,353.5,162.1,196.29999999999998
Nevada,2017-06-01,2017,6,5.0,147.0,1192.1,14.2,85.4,47.4,245.9,16.1,65.4,180.7,132.1,353.9,156.6,196.79999999999998
Nevada,2017-07-01,2017,7,4.9,147.8,1188.3,14.5,84.6,48.7,246.5,15.0,66.0,180.6,130.8,353.7,154.0,195.6
Nevada,2017-08-01,2017,8,4.9,148.1,1193.1,14.5,84.4,49.2,247.7,15.3,66.1,180.8,133.2,352.2,156.3,196.10000000000002
Nevada,2017-09-01,2017,9,4.9,149.6,1203.9,14.4,85.3,49.9,249.0,14.9,66.1,181.9,134.1,351.8,164.7,196.8
Nevada,2017-10-01,2017,10,4.9,150.5,1210.6,14.4,85.9,50.2,252.1,15.4,66.7,186.0,135.6,351.0,162.5,201.4
Nevada,2017-11-01,2017,11,4.8,149.9,1217.2,14.4,85.0,50.5,260.4,15.7,66.6,185.1,136.4,348.0,163.8,200.79999999999998
Nevada,2017-12-01,2017,12,4.8,150.0,1217.7,14.4,84.6,51.0,262.4,15.4,66.7,184.1,136.6,346.6,164.9,199.5
Nevada,2018-01-01,2018,1,4.7,148.5,1195.8,14.2,83.1,51.2,252.1,15.0,66.4,184.9,135.9,343.4,157.4,199.9
Nevada,2018-02-01,2018,2,4.7,150.7,1206.8,14.3,84.5,51.9,250.4,15.2,67.3,184.8,137.5,347.5,163.3,200.0
Nevada,2018-03-01,2018,3,4.6,152.2,1214.9,14.2,85.3,52.7,250.2,15.2,67.6,185.8,138.3,352.5,164.1,201.0
Nevada,2018-04-01,2018,4,4.5,155.7,1215.3,14.3,87.8,53.6,250.5,16.3,66.9,187.0,138.3,353.5,161.8,203.3
Nevada,2018-05-01,2018,5,4.4,157.7,1224.0,14.4,88.9,54.4,252.2,16.9,67.5,188.0,139.0,355.9,163.0,204.9
Nevada,2018-06-01,2018,6,4.3,160.6,1219.1,14.8,90.3,55.5,253.1,16.4,67.4,187.1,138.9,356.0,157.9,203.5
Nevada,2018-07-01,2018,7,4.3,162.0,1216.8,14.9,90.7,56.4,254.1,15.5,67.8,189.4,138.3,357.0,152.9,204.9
Nevada,2018-08-01,2018,8,4.2,163.8,1225.5,14.9,92.1,56.8,255.3,15.4,67.9,193.2,140.4,356.2,155.0,208.6
Nevada,2018-09-01,2018,9,4.3,164.5,1234.0,14.8,92.1,57.6,255.6,15.2,67.6,192.1,141.1,354.9,165.3,207.29999999999998
Nevada,2018-10-01,2018,10,4.3,166.0,1243.4,14.9,93.0,58.1,258.5,15.5,68.0,197.3,142.3,353.6,165.5,212.8
Nevada,2018-11-01,2018,11,4.3,166.2,1250.0,14.8,92.5,58.9,266.2,16.0,68.0,195.9,143.0,351.4,167.7,211.9
Nevada,2018-12-01,2018,12,4.3,166.7,1245.6,14.9,92.3,59.5,266.0,15.6,67.5,193.4,143.2,351.1,167.7,209.0
Nevada,2019-01-01,2019,1,4.3,164.4,1225.8,14.5,90.6,59.3,258.9,15.2,66.9,194.2,141.5,348.8,160.0,209.39999999999998
Nevada,2019-02-01,2019,2,4.3,165.3,1235.0,14.6,91.2,59.5,256.4,15.8,67.4,192.1,143.0,352.9,166.8,207.9
Nevada,2019-03-01,2019,3,4.2,168.0,1240.0,14.8,93.5,59.7,256.0,15.6,67.9,192.0,143.4,356.5,167.6,207.6
Nevada,2019-04-01,2019,4,4.1,167.8,1244.9,14.6,94.1,59.1,256.1,16.4,68.2,194.7,144.1,358.1,165.9,211.1
Nevada,2019-05-01,2019,5,4.1,169.8,1252.9,14.7,96.0,59.1,258.7,16.5,68.9,195.1,144.7,359.4,167.5,211.6
Nevada,2019-06-01,2019,6,4.0,170.9,1243.1,14.8,96.9,59.2,259.9,15.6,68.7,194.8,143.7,359.3,159.1,210.4
Nevada,2019-07-01,2019,7,4.0,171.9,1242.1,14.9,97.7,59.3,260.3,15.5,69.0,195.2,143.3,360.4,156.2,210.7
Nevada,2019-08-01,2019,8,4.0,172.6,1250.2,14.9,98.5,59.2,261.5,15.5,69.4,197.4,145.5,358.4,160.0,212.9
Nevada,2019-09-01,2019,9,4.0,172.5,1258.0,14.7,98.8,59.0,261.6,15.3,69.4,197.7,145.3,357.3,169.2,213.0
Nevada,2019-10-01,2019,10,4.1,173.7,1266.3,14.8,100.0,58.9,265.8,15.5,70.2,200.3,147.4,355.6,169.0,215.8
Nevada,2019-11-01,2019,11,4.1,173.1,1281.4,14.7,99.3,59.1,275.2,16.0,70.4,205.2,147.9,353.2,171.0,221.2
Nevada,2019-12-01,2019,12,4.1,172.1,1280.7,14.9,97.8,59.4,275.7,15.7,70.4,204.9,147.9,352.7,170.8,220.6
Nevada,2020-01-01,2020,1,4.2,170.3,1254.9,14.7,96.9,58.7,265.1,15.0,69.7,202.0,147.7,348.5,164.7,217.0
Nevada,2020-02-01,2020,2,4.4,171.3,1263.3,14.7,97.3,59.3,262.7,15.3,69.9,200.7,149.0,352.7,170.3,216.0
Nevada,2020-03-01,2020,3,7.2,171.7,1255.1,14.8,97.4,59.5,262.2,14.7,69.8,197.5,147.6,350.1,171.4,212.2
Nevada,2020-04-01,2020,4,30.5,158.3,954.9,14.7,91.2,52.4,221.2,12.4,64.5,162.8,129.4,175.2,160.6,175.20000000000002
Nevada,2020-05-01,2020,5,24.7,161.3,947.3,14.8,93.3,53.2,227.0,12.8,64.3,165.1,134.4,153.7,158.6,177.9
Nevada,2020-06-01,2020,6,18.9,164.1,1030.6,15.0,94.3,54.8,242.5,12.5,65.2,169.3,137.0,219.7,149.0,181.8
Nevada,2020-07-01,2020,7,16.7,163.7,1066.0,15.0,93.8,54.9,249.8,12.8,65.7,172.8,140.0,241.8,146.7,185.60000000000002
Nevada,2020-08-01,2020,8,13.9,164.2,1084.6,15.2,93.7,55.3,256.0,13.2,66.3,175.6,141.5,241.9,153.1,188.79999999999998
Nevada,2020-09-01,2020,9,12.7,164.8,1110.2,15.1,93.9,55.8,260.7,13.5,66.5,177.4,142.9,248.1,163.5,190.9
Nevada,2020-10-01,2020,10,11.1,166.3,1139.2,15.2,94.6,56.5,268.6,13.4,67.8,183.0,146.1,257.5,164.6,196.4
Nevada,2020-11-01,2020,11,10.2,165.8,1145.7,15.2,93.4,57.2,275.5,13.8,67.8,184.2,146.3,256.6,163.7,198.0
Nevada,2020-12-01,2020,12,9.6,166.1,1141.2,15.2,93.0,57.9,278.1,13.7,68.2,184.8,147.4,248.8,163.0,198.5
Nevada,2021-01-01,2021,1,8.9,164.8,1116.1,14.8,91.9,58.1,268.5,13.6,68.3,179.5,146.9,244.5,158.1,193.1
Nevada,2021-02-01,2021,2,8.5,167.9,1131.9,14.8,94.4,58.7,267.4,14.4,68.8,180.9,147.9,252.4,162.9,195.3
Nevada,2021-03-01,2021,3,8.0,170.9,1144.3,15.0,96.5,59.4,268.4,14.1,69.2,182.0,148.5,260.3,164.0,196.1
Nevada,2021-04-01,2021,4,7.7,174.2,1165.3,15.1,99.2,59.9,267.2,14.5,69.4,184.0,150.3,275.8,165.4,198.5
Nevada,2021-05-01,2021,5,7.2,174.7,1183.5,15.1,99.7,59.9,270.9,15.2,69.9,185.3,149.9,288.1,164.7,200.5
Nevada,2021-06-01,2021,6,6.9,176.5,1188.6,15.3,100.5,60.7,271.6,15.2,70.3,186.3,148.6,301.9,154.7,201.5
Nevada,2021-07-01,2021,7,6.6,175.8,1207.0,15.0,99.4,61.4,274.1,15.6,71.7,191.9,149.1,313.6,150.5,207.5
Nevada,2021-08-01,2021,8,6.2,176.2,1220.2,15.0,99.5,61.7,275.4,16.4,71.9,195.6,149.9,317.5,152.7,212.0
Nevada,2021-09-01,2021,9,5.8,175.8,1234.6,14.8,99.0,62.0,276.9,16.2,71.5,197.0,149.8,318.2,164.3,213.2
Nevada,2021-10-01,2021,10,5.6,177.5,1262.3,14.8,99.9,62.8,285.4,17.2,73.6,204.3,152.5,323.0,164.9,221.5
Nevada,2021-11-01,2021,11,5.4,178.5,1274.6,15.0,100.1,63.4,294.4,17.1,73.9,206.5,153.0,323.6,164.6,223.6
Nevada,2021-12-01,2021,12,5.3,178.1,1275.4,15.0,99.1,64.0,296.7,16.7,74.4,205.8,153.4,322.5,164.3,222.5
Nevada,2022-01-01,2022,1,5.2,177.1,1248.3,15.0,98.3,63.8,288.6,16.5,74.1,202.2,152.3,315.3,157.9,218.7
Nevada,2022-02-01,2022,2,5.2,180.4,1272.5,14.9,100.7,64.8,291.6,16.7,75.0,205.2,154.0,322.3,165.7,221.89999999999998
Nevada,2022-03-01,2022,3,5.2,183.4,1279.5,15.0,103.2,65.2,289.2,17.3,75.3,205.3,154.6,329.3,166.0,222.60000000000002
Nevada,2022-04-01,2022,4,5.2,185.5,1295.1,14.9,104.9,65.7,287.9,18.1,76.3,212.1,156.0,333.2,167.5,230.2
Nevada,2022-05-01,2022,5,5.2,186.9,1303.1,14.9,106.3,65.7,288.1,19.0,77.1,212.6,156.8,336.2,169.3,231.6
Nevada,2022-06-01,2022,6,5.2,188.7,1296.0,15.0,107.7,66.0,287.5,18.4,77.5,213.2,155.8,341.4,157.9,231.6
Nevada,2022-07-01,2022,7,5.2,190.6,1296.3,15.3,108.9,66.4,289.9,18.3,77.5,211.6,156.8,342.6,155.1,229.9
Nevada,2022-08-01,2022,8,5.2,191.5,1305.6,15.2,109.5,66.8,290.2,19.1,77.6,213.7,158.5,343.3,158.5,232.79999999999998
Nevada,2022-09-01,2022,9,5.2,193.1,1324.1,15.1,111.2,66.8,290.6,19.1,78.0,217.2,159.9,344.6,169.8,236.29999999999998
Nevada,2022-10-01,2022,10,5.3,193.1,1331.1,15.0,111.5,66.6,293.6,18.9,78.6,217.7,161.5,344.1,171.9,236.6
Nevada,2022-11-01,2022,11,5.3,191.4,1337.1,14.7,110.2,66.5,300.3,19.3,78.2,217.5,161.9,343.0,172.5,236.8
Nevada,2022-12-01,2022,12,5.3,190.7,1333.2,14.9,109.0,66.8,301.3,18.8,77.9,214.1,161.7,342.1,173.1,232.9
Nevada,2023-01-01,2023,1,5.2,187.4,1311.5,14.6,106.7,66.1,294.6,18.7,77.4,213.2,161.4,334.7,168.4,231.89999999999998
Nevada,2023-02-01,2023,2,5.2,190.4,1323.7,14.7,109.0,66.7,292.4,19.8,78.0,211.0,162.8,339.6,176.8,230.8
Nevada,2023-03-01,2023,3,5.1,191.4,1328.1,14.8,109.6,67.0,291.0,18.8,77.5,212.2,163.3,343.8,177.8,231.0
Nevada,2023-04-01,2023,4,5.0,193.2,1332.7,14.8,111.6,66.8,290.4,19.0,78.3,213.2,164.8,344.5,177.9,232.2
Nevada,2023-05-01,2023,5,5.0,194.3,1343.0,14.8,112.6,66.9,292.9,20.0,78.7,213.8,165.5,348.2,179.1,233.8
Nevada,2023-06-01,2023,6,5.0,195.9,1338.4,14.9,113.9,67.1,294.0,19.7,78.5,214.7,164.3,352.2,170.0,234.39999999999998
Nevada,2023-07-01,2023,7,5.1,195.1,1331.2,14.8,113.4,66.9,294.2,19.1,79.1,212.7,164.5,351.5,165.3,231.79999999999998
Nevada,2023-08-01,2023,8,5.1,196.3,1337.3,14.7,114.5,67.1,295.0,19.7,79.3,214.3,166.6,352.3,165.2,234.0
Nevada,2023-09-01,2023,9,5.1,198.2,1361.0,14.8,115.8,67.6,297.0,19.4,79.8,217.9,167.8,352.2,181.8,237.3
Nevada,2023-10-01,2023,10,5.2,197.3,1373.3,14.8,115.7,66.8,300.7,19.6,80.1,222.4,169.0,352.9,183.7,242.0
Nevada,2023-11-01,2023,11,5.2,194.7,1382.6,14.8,112.8,67.1,308.5,20.2,80.2,223.9,169.6,351.2,184.2,244.1
Nevada,2023-12-01,2023,12,5.2,193.3,1384.3,14.8,111.1,67.4,308.7,19.6,80.1,220.0,170.6,356.3,184.1,239.6
Nevada,2024-01-01,2024,1,5.2,188.7,1351.8,14.7,107.5,66.5,295.1,19.6,78.6,216.2,168.4,353.6,176.0,235.79999999999998
Nevada,2024-02-01,2024,2,5.2,188.6,1369.6,14.9,106.7,67.0,292.6,21.0,79.0,218.9,170.2,358.4,184.8,239.9
Nevada,2024-03-01,2024,3,5.3,190.2,1369.6,14.8,108.1,67.3,292.3,20.7,79.1,214.6,171.0,361.6,185.5,235.29999999999998
Nevada,2024-04-01,2024,4,5.4,191.1,1373.0,14.6,109.4,67.1,292.3,20.1,79.7,217.9,170.9,361.9,185.7,238.0
Nevada,2024-05-01,2024,5,5.4,192.5,1381.6,14.6,110.7,67.2,293.2,21.0,79.9,218.0,171.2,366.2,187.5,239.0
Nevada,2024-06-01,2024,6,5.4,193.6,1365.2,14.8,111.7,67.1,291.7,20.5,79.9,216.8,169.8,366.6,175.3,237.3
Nevada,2024-07-01,2024,7,5.5,192.9,1356.6,14.8,111.8,66.3,291.8,20.4,79.7,213.2,170.2,363.4,173.2,233.6
Nevada,2024-08-01,2024,8,5.5,194.3,1364.9,14.8,112.7,66.8,292.1,20.6,80.0,216.8,172.9,361.9,175.5,237.4
Nevada,2024-09-01,2024,9,5.5,194.1,1383.1,14.7,112.3,67.1,292.1,20.7,80.6,220.0,173.3,364.4,186.3,240.7
Nevada,2024-10-01,2024,10,5.5,194.9,1392.3,14.8,112.7,67.4,293.6,20.9,81.2,225.0,174.9,361.9,187.9,245.9
Nevada,2024-11-01,2024,11,5.4,193.5,1396.9,14.8,111.2,67.5,300.6,20.9,80.9,223.4,175.7,361.0,188.8,244.3
Nevada,2024-12-01,2024,12,5.4,192.5,1393.6,14.7,110.2,67.6,301.0,21.1,81.0,223.5,175.5,358.5,188.2,244.6
Nevada,2025-01-01,2025,1,5.4,189.4,1361.8,14.4,108.2,66.8,293.4,20.7,80.2,218.8,175.5,350.8,179.2,239.5
Nevada,2025-02-01,2025,2,5.4,189.5,1370.5,14.3,108.2,67.0,291.0,20.6,80.5,216.7,176.7,353.8,187.9,237.29999999999998
Nevada,2025-03-01,2025,3,5.3,191.4,1375.4,14.3,109.6,67.5,289.5,21.0,80.5,217.9,177.4,357.4,188.0,238.9
Nevada,2025-04-01,2025,4,5.3,193.1,1385.6,14.4,111.1,67.6,289.5,21.0,80.8,223.1,178.9,359.9,188.4,244.1
Nevada,2025-05-01,2025,5,5.2,194.1,1391.3,14.4,112.0,67.7,289.9,21.0,81.0,222.6,179.6,363.8,189.5,243.6
Nevada,2025-06-01,2025,6,5.2,195.5,1372.6,14.6,112.9,68.0,289.9,21.5,80.5,221.7,177.3,362.2,175.7,243.2
Nevada,2025-07-01,2025,7,5.2,198.0,1386.0,14.7,114.9,68.4,294.6,21.9,80.7,225.4,179.9,366.4,172.7,247.3
Nevada,2025-08-01,2025,8,5.2,198.8,1397.0,14.8,115.8,68.2,294.6,21.9,80.6,228.2,182.8,367.5,176.8,250.1
Nevada,2025-09-01,2025,9,5.2,198.4,1405.1,14.8,115.1,68.5,294.5,21.8,81.0,229.4,182.0,364.5,187.7,251.20000000000002
Nevada,2025-10-01,2025,10,,199.1,1410.3,14.8,115.9,68.4,297.8,21.9,79.7,233.9,185.2,360.3,187.4,255.8
Nevada,2025-11-01,2025,11,5.2,195.6,1416.4,14.8,112.4,68.4,305.0,22.0,80.6,232.6,184.5,359.9,188.5,254.6
Nevada,2025-12-01,2025,12,5.2,192.9,1417.8,14.8,109.8,68.3,306.8,22.5,80.0,228.9,185.6,361.7,189.3,251.4
Nevada,2026-01-01,2026,1,5.3,193.5,1392.0,14.6,111.2,67.7,299.5,22.1,78.6,229.1,184.7,356.1,179.4,251.2
Nevada,2026-02-01,2026,2,5.3,195.1,1400.0,14.7,112.4,68.0,296.6,22.2,79.0,227.1,185.5,359.8,187.8,249.29999999999998
New Hampshire,2016-01-01,2016,1,2.9,92.1,554.0,0.9,23.6,67.6,138.0,12.6,34.2,78.3,113.4,64.4,89.4,90.89999999999999
New Hampshire,2016-02-01,2016,2,2.9,91.4,564.5,0.8,23.1,67.5,136.3,12.6,34.3,78.2,119.7,64.8,94.9,90.8
New Hampshire,2016-03-01,2016,3,2.8,91.6,565.2,0.8,23.4,67.4,136.3,12.5,34.2,78.0,121.5,64.5,94.6,90.5
New Hampshire,2016-04-01,2016,4,2.9,93.6,569.2,0.9,25.0,67.7,137.3,12.6,34.5,80.2,121.8,64.6,94.5,92.8
New Hampshire,2016-05-01,2016,5,2.9,94.8,574.8,0.9,25.9,68.0,139.2,12.6,34.6,80.6,121.9,68.7,93.3,93.19999999999999
New Hampshire,2016-06-01,2016,6,2.9,96.3,572.0,1.0,26.5,68.8,140.7,12.6,35.3,81.4,114.2,75.7,87.8,94.0
New Hampshire,2016-07-01,2016,7,2.9,96.7,568.3,1.0,27.0,68.7,140.4,12.8,35.5,81.8,113.9,80.6,78.5,94.6
New Hampshire,2016-08-01,2016,8,2.9,96.6,568.5,1.0,26.9,68.7,140.5,12.7,35.5,81.9,113.4,80.5,79.3,94.60000000000001
New Hampshire,2016-09-01,2016,9,2.9,95.7,577.1,1.0,26.6,68.1,139.3,12.5,35.0,81.3,119.1,73.1,92.7,93.8
New Hampshire,2016-10-01,2016,10,2.9,95.9,579.2,1.0,26.7,68.2,140.0,12.6,34.9,81.7,122.6,69.1,94.1,94.3
New Hampshire,2016-11-01,2016,11,2.9,95.7,579.5,0.9,26.3,68.5,142.8,12.5,34.6,81.5,123.5,65.3,95.3,94.0
New Hampshire,2016-12-01,2016,12,2.9,95.5,582.1,0.9,25.7,68.9,145.1,12.7,34.7,81.2,123.4,66.2,95.2,93.9
New Hampshire,2017-01-01,2017,1,2.9,93.9,560.7,0.8,24.5,68.6,139.7,12.7,34.6,79.4,116.7,65.6,88.5,92.10000000000001
New Hampshire,2017-02-01,2017,2,2.9,93.4,568.2,0.8,24.2,68.4,136.9,12.5,34.6,79.7,122.7,65.1,93.3,92.2
New Hampshire,2017-03-01,2017,3,2.9,94.1,570.6,0.8,24.7,68.6,136.6,12.5,34.5,79.8,123.7,65.5,94.5,92.3
New Hampshire,2017-04-01,2017,4,2.8,95.1,574.6,0.8,25.8,68.5,137.7,12.5,34.5,81.6,124.5,65.7,94.0,94.1
New Hampshire,2017-05-01,2017,5,2.8,96.4,580.7,0.9,26.8,68.7,138.8,12.8,34.7,82.2,124.4,69.9,93.7,95.0
New Hampshire,2017-06-01,2017,6,2.7,97.9,580.4,0.9,27.5,69.5,141.2,13.0,35.3,83.9,117.1,77.4,87.6,96.9
New Hampshire,2017-07-01,2017,7,2.7,98.4,574.7,0.9,27.9,69.6,140.8,13.0,35.5,83.9,116.0,82.0,78.6,96.9
New Hampshire,2017-08-01,2017,8,2.8,98.1,574.7,0.9,27.9,69.3,140.7,12.9,35.5,83.8,115.4,81.6,80.1,96.7
New Hampshire,2017-09-01,2017,9,2.8,97.6,579.3,0.9,27.7,69.0,139.1,12.6,35.0,82.8,120.9,73.1,91.7,95.39999999999999
New Hampshire,2017-10-01,2017,10,2.8,97.5,582.9,0.9,27.6,69.0,139.5,12.6,34.8,83.0,124.4,70.1,94.5,95.6
New Hampshire,2017-11-01,2017,11,2.8,97.2,582.5,0.9,27.2,69.1,142.3,12.5,34.8,83.1,125.5,66.3,94.1,95.6
New Hampshire,2017-12-01,2017,12,2.8,97.0,586.5,0.9,26.6,69.5,144.2,12.6,35.0,82.5,125.3,68.2,94.8,95.1
New Hampshire,2018-01-01,2018,1,2.8,94.9,565.4,0.8,25.0,69.1,138.8,12.5,34.6,81.0,118.2,67.2,89.3,93.5
New Hampshire,2018-02-01,2018,2,2.7,95.0,574.8,0.8,24.9,69.3,137.0,12.5,34.6,81.0,125.2,67.5,93.1,93.5
New Hampshire,2018-03-01,2018,3,2.7,95.4,575.5,0.8,25.0,69.6,136.6,12.4,34.5,81.5,125.2,67.1,94.2,93.9
New Hampshire,2018-04-01,2018,4,2.7,97.0,576.3,0.8,26.3,69.9,137.1,12.4,34.6,81.8,125.7,66.9,93.9,94.2
New Hampshire,2018-05-01,2018,5,2.7,98.4,583.6,0.9,27.4,70.1,138.8,12.5,34.4,82.8,125.8,71.5,93.5,95.3
New Hampshire,2018-06-01,2018,6,2.6,100.2,583.5,0.9,28.2,71.1,140.7,12.8,34.9,84.7,118.5,78.7,87.9,97.5
New Hampshire,2018-07-01,2018,7,2.6,100.8,576.9,1.0,28.5,71.3,139.6,12.8,34.9,84.8,117.3,83.4,79.0,97.6
New Hampshire,2018-08-01,2018,8,2.6,100.6,576.5,1.0,28.4,71.2,139.8,12.8,34.8,84.7,117.1,82.2,80.1,97.5
New Hampshire,2018-09-01,2018,9,2.5,99.5,579.9,0.9,27.9,70.7,138.1,12.4,34.1,83.6,122.6,73.3,91.6,96.0
New Hampshire,2018-10-01,2018,10,2.5,100.5,584.7,1.0,28.3,71.2,139.0,12.3,34.3,83.9,126.4,71.0,93.5,96.2
New Hampshire,2018-11-01,2018,11,2.6,100.1,585.3,0.9,27.7,71.5,142.6,12.4,34.3,83.3,127.5,66.8,94.1,95.7
New Hampshire,2018-12-01,2018,12,2.6,99.8,587.9,0.9,27.0,71.9,144.1,12.4,34.4,82.2,127.3,69.2,93.9,94.60000000000001
New Hampshire,2019-01-01,2019,1,2.6,98.3,570.0,0.8,25.9,71.6,139.8,12.4,34.0,81.0,120.2,69.0,89.5,93.4
New Hampshire,2019-02-01,2019,2,2.6,98.1,578.4,0.8,25.8,71.5,136.9,12.3,34.1,81.6,126.8,68.8,93.7,93.89999999999999
New Hampshire,2019-03-01,2019,3,2.6,98.4,579.9,0.8,26.0,71.6,136.7,12.3,34.1,81.5,127.7,68.4,95.0,93.8
New Hampshire,2019-04-01,2019,4,2.6,99.0,581.1,0.8,26.8,71.4,137.5,12.2,34.0,82.6,127.8,68.8,93.9,94.8
New Hampshire,2019-05-01,2019,5,2.5,100.5,588.5,0.9,28.1,71.5,138.4,12.5,34.2,83.3,128.2,73.3,94.0,95.8
New Hampshire,2019-06-01,2019,6,2.5,101.9,587.1,0.9,28.9,72.1,140.3,12.7,34.9,85.1,120.1,79.8,88.4,97.8
New Hampshire,2019-07-01,2019,7,2.5,102.3,581.7,0.9,29.3,72.1,139.7,12.7,34.9,85.6,119.6,84.0,79.2,98.3
New Hampshire,2019-08-01,2019,8,2.5,102.0,582.6,0.9,29.4,71.7,140.2,12.6,34.8,85.6,119.0,83.2,81.2,98.19999999999999
New Hampshire,2019-09-01,2019,9,2.6,101.2,585.1,0.9,29.2,71.1,138.1,12.3,34.2,84.8,124.8,74.4,91.5,97.1
New Hampshire,2019-10-01,2019,10,2.6,100.9,590.2,0.9,29.0,71.0,139.1,12.2,34.2,84.7,128.7,72.1,94.1,96.9
New Hampshire,2019-11-01,2019,11,2.5,100.6,590.3,0.9,28.6,71.1,141.7,12.3,34.2,85.0,129.4,68.2,94.3,97.3
New Hampshire,2019-12-01,2019,12,2.5,100.2,593.6,0.9,28.0,71.3,143.9,12.4,34.3,84.1,129.8,69.9,93.9,96.5
New Hampshire,2020-01-01,2020,1,2.5,98.6,575.6,0.8,27.2,70.6,140.0,12.4,34.0,82.9,122.3,69.2,89.5,95.30000000000001
New Hampshire,2020-02-01,2020,2,2.6,98.1,585.9,0.8,26.9,70.4,137.5,12.4,34.2,83.5,129.1,69.4,94.5,95.9
New Hampshire,2020-03-01,2020,3,2.6,98.5,578.5,0.8,27.2,70.5,137.1,12.4,34.1,83.3,126.8,66.7,93.5,95.7
New Hampshire,2020-04-01,2020,4,16.0,90.3,479.3,0.8,25.3,64.2,116.9,11.5,33.0,77.0,109.5,29.6,86.2,88.5
New Hampshire,2020-05-01,2020,5,11.8,93.1,500.2,0.9,27.3,64.9,122.7,11.5,33.2,78.6,111.2,39.1,86.0,90.1
New Hampshire,2020-06-01,2020,6,9.6,95.4,520.0,0.9,28.5,66.0,129.8,11.6,33.7,80.6,109.7,51.5,81.6,92.19999999999999
New Hampshire,2020-07-01,2020,7,8.3,95.5,528.2,0.9,28.7,65.9,132.0,11.7,33.9,81.7,109.9,61.9,74.5,93.4
New Hampshire,2020-08-01,2020,8,6.7,97.0,538.9,0.9,29.0,67.1,133.4,11.7,34.0,83.0,111.6,64.2,77.8,94.7
New Hampshire,2020-09-01,2020,9,6.1,97.0,549.1,0.9,29.1,67.0,133.0,11.8,33.8,82.7,115.6,62.3,86.9,94.5
New Hampshire,2020-10-01,2020,10,5.3,97.3,555.9,0.9,29.4,67.0,135.3,11.7,33.6,83.6,120.1,60.5,88.0,95.3
New Hampshire,2020-11-01,2020,11,4.9,97.0,556.3,0.9,29.0,67.1,138.0,11.7,33.8,83.7,120.5,57.3,88.3,95.4
New Hampshire,2020-12-01,2020,12,4.6,96.8,551.2,0.9,28.6,67.3,140.8,11.7,33.9,83.8,116.6,55.0,86.8,95.5
New Hampshire,2021-01-01,2021,1,4.3,94.6,543.7,0.8,26.9,66.9,137.6,11.5,33.7,83.4,115.9,54.9,84.5,94.9
New Hampshire,2021-02-01,2021,2,4.1,94.3,550.2,0.8,26.7,66.8,135.5,11.6,33.8,84.9,118.9,56.1,87.2,96.5
New Hampshire,2021-03-01,2021,3,4.0,94.8,553.6,0.8,26.8,67.2,134.7,11.7,33.8,84.1,121.1,57.3,88.5,95.8
New Hampshire,2021-04-01,2021,4,3.9,96.8,558.1,0.8,28.6,67.4,135.4,11.6,33.7,86.2,121.8,58.4,88.3,97.8
New Hampshire,2021-05-01,2021,5,3.8,97.6,565.9,0.9,29.4,67.3,136.7,11.7,33.8,87.4,121.3,63.7,88.2,99.10000000000001
New Hampshire,2021-06-01,2021,6,3.7,98.9,566.4,0.9,30.0,68.0,138.6,11.8,34.1,88.7,116.4,71.2,81.5,100.5
New Hampshire,2021-07-01,2021,7,3.5,99.9,569.9,0.9,30.5,68.5,138.8,11.9,34.3,90.4,115.9,77.4,76.8,102.30000000000001
New Hampshire,2021-08-01,2021,8,3.3,100.0,569.4,0.9,30.5,68.6,138.3,11.8,34.3,90.5,115.6,77.3,77.2,102.3
New Hampshire,2021-09-01,2021,9,3.0,99.5,569.3,0.9,30.4,68.2,135.4,11.7,33.7,89.0,120.0,69.1,86.9,100.7
New Hampshire,2021-10-01,2021,10,2.8,100.3,577.5,0.9,30.6,68.8,137.7,11.9,33.9,91.5,122.9,67.4,88.7,103.4
New Hampshire,2021-11-01,2021,11,2.6,100.1,577.3,0.9,30.2,69.0,139.4,11.9,33.9,91.9,123.8,64.0,88.9,103.80000000000001
New Hampshire,2021-12-01,2021,12,2.5,99.7,576.7,0.8,29.5,69.4,140.6,11.9,33.8,91.5,122.1,64.1,89.3,103.4
New Hampshire,2022-01-01,2022,1,2.4,98.1,565.4,0.8,28.1,69.2,137.3,11.8,33.8,91.2,119.3,62.7,86.2,103.0
New Hampshire,2022-02-01,2022,2,2.3,98.3,576.1,0.8,28.0,69.5,136.5,11.9,33.8,92.2,123.9,64.7,89.7,104.10000000000001
New Hampshire,2022-03-01,2022,3,2.3,99.2,577.4,0.8,28.4,70.0,137.1,11.9,33.7,92.9,123.6,65.0,89.6,104.80000000000001
New Hampshire,2022-04-01,2022,4,2.3,100.5,581.2,0.8,29.8,69.9,137.9,11.8,34.0,94.6,124.4,65.9,88.8,106.39999999999999
New Hampshire,2022-05-01,2022,5,2.3,101.4,584.5,0.9,30.5,70.0,138.3,12.0,34.1,95.3,122.9,70.0,87.8,107.3
New Hampshire,2022-06-01,2022,6,2.4,102.4,585.5,0.9,31.0,70.5,139.2,12.0,34.2,96.7,118.1,77.1,83.1,108.7
New Hampshire,2022-07-01,2022,7,2.4,103.6,587.9,0.9,31.6,71.1,139.8,12.2,34.5,98.5,117.6,82.7,77.2,110.7
New Hampshire,2022-08-01,2022,8,2.5,103.1,587.5,0.9,31.5,70.7,139.7,12.2,34.5,98.7,117.6,82.3,77.2,110.9
New Hampshire,2022-09-01,2022,9,2.6,102.6,591.0,0.9,31.3,70.4,138.1,12.0,33.9,97.7,123.4,73.3,88.0,109.7
New Hampshire,2022-10-01,2022,10,2.6,102.7,591.3,0.9,31.4,70.4,139.3,12.0,33.9,97.8,125.4,70.1,88.4,109.8
New Hampshire,2022-11-01,2022,11,2.5,102.8,592.0,0.9,31.2,70.7,141.2,12.1,34.0,97.7,126.3,67.2,88.9,109.8
New Hampshire,2022-12-01,2022,12,2.5,102.5,592.5,0.8,30.6,71.1,143.3,12.1,34.1,96.9,124.8,68.6,88.4,109.0
New Hampshire,2023-01-01,2023,1,2.4,100.9,582.8,0.8,29.6,70.5,140.5,12.1,34.1,95.9,121.7,68.2,86.2,108.0
New Hampshire,2023-02-01,2023,2,2.3,100.6,589.9,0.8,29.4,70.4,138.9,12.0,34.2,96.3,126.5,68.4,89.3,108.3
New Hampshire,2023-03-01,2023,3,2.2,101.0,590.3,0.8,29.7,70.5,138.7,12.0,34.2,96.7,126.6,68.2,89.6,108.7
New Hampshire,2023-04-01,2023,4,2.2,102.4,591.2,0.8,31.1,70.5,138.4,11.8,34.2,98.0,127.3,68.3,88.8,109.8
New Hampshire,2023-05-01,2023,5,2.2,103.2,597.8,0.8,31.6,70.8,140.0,11.9,34.3,98.8,126.6,72.7,88.8,110.7
New Hampshire,2023-06-01,2023,6,2.2,104.4,602.3,0.9,32.2,71.3,141.8,12.0,34.7,100.4,122.5,81.3,83.6,112.4
New Hampshire,2023-07-01,2023,7,2.2,104.7,597.2,0.9,32.7,71.1,140.3,11.9,34.5,100.0,121.2,84.7,78.4,111.9
New Hampshire,2023-08-01,2023,8,2.3,104.1,595.9,0.9,32.5,70.7,140.5,11.8,34.6,100.0,120.5,84.4,78.0,111.8
New Hampshire,2023-09-01,2023,9,2.3,103.6,599.9,0.9,32.4,70.3,139.2,11.6,34.2,99.0,126.8,75.7,88.5,110.6
New Hampshire,2023-10-01,2023,10,2.3,103.3,600.1,0.9,32.5,69.9,140.3,11.6,33.9,99.0,128.1,72.7,89.8,110.6
New Hampshire,2023-11-01,2023,11,2.3,102.9,600.3,0.9,32.2,69.8,142.1,11.6,33.8,99.0,129.3,69.6,90.2,110.6
New Hampshire,2023-12-01,2023,12,2.3,102.9,602.0,0.8,31.8,70.3,143.6,11.6,33.9,98.3,127.8,71.4,90.7,109.89999999999999
New Hampshire,2024-01-01,2024,1,2.3,100.9,589.9,0.8,30.7,69.4,139.9,11.5,33.6,97.6,124.5,70.3,88.0,109.1
New Hampshire,2024-02-01,2024,2,2.3,100.4,596.7,0.8,30.4,69.2,138.6,11.4,33.5,97.3,129.6,70.8,91.1,108.7
New Hampshire,2024-03-01,2024,3,2.4,100.7,598.2,0.9,30.6,69.2,138.7,11.4,33.4,97.4,130.4,70.5,91.8,108.80000000000001
New Hampshire,2024-04-01,2024,4,2.4,102.0,596.1,0.9,31.9,69.2,138.1,11.3,33.4,99.0,130.0,69.8,89.7,110.3
New Hampshire,2024-05-01,2024,5,2.5,102.4,599.4,0.9,32.6,68.9,139.2,11.4,33.5,99.8,126.5,76.1,87.8,111.2
New Hampshire,2024-06-01,2024,6,2.5,103.7,608.9,0.9,33.4,69.4,140.9,11.4,34.0,101.0,126.0,83.8,85.5,112.4
New Hampshire,2024-07-01,2024,7,2.6,103.5,603.8,0.9,33.5,69.1,139.5,11.4,34.2,100.9,124.5,87.3,79.5,112.30000000000001
New Hampshire,2024-08-01,2024,8,2.6,103.0,603.5,0.9,33.5,68.6,140.0,11.4,34.1,100.8,124.3,85.6,80.9,112.2
New Hampshire,2024-09-01,2024,9,2.7,102.2,605.9,0.9,33.2,68.1,138.0,11.2,33.7,100.1,129.8,77.4,90.4,111.3
New Hampshire,2024-10-01,2024,10,2.8,102.0,606.0,0.9,33.2,67.9,138.3,11.3,33.7,100.1,131.6,74.8,91.0,111.39999999999999
New Hampshire,2024-11-01,2024,11,2.9,101.8,605.8,0.9,32.8,68.1,139.9,11.3,33.7,99.7,133.1,71.0,92.0,111.0
New Hampshire,2024-12-01,2024,12,3.0,101.5,607.0,0.9,32.5,68.1,142.1,11.3,33.7,99.0,131.4,73.2,91.4,110.3
New Hampshire,2025-01-01,2025,1,3.0,99.4,593.9,0.8,30.8,67.8,138.7,11.3,33.4,97.5,127.0,72.4,88.9,108.8
New Hampshire,2025-02-01,2025,2,3.1,99.2,597.9,0.8,30.7,67.7,136.4,11.2,33.3,98.4,131.6,71.1,91.3,109.60000000000001
New Hampshire,2025-03-01,2025,3,3.2,99.1,600.5,0.8,30.7,67.6,137.2,11.3,33.2,97.3,132.7,72.2,91.7,108.6
New Hampshire,2025-04-01,2025,4,3.2,100.5,598.5,0.8,31.9,67.8,136.6,11.1,33.2,99.2,132.6,70.5,90.3,110.3
New Hampshire,2025-05-01,2025,5,3.2,101.5,602.8,0.9,32.8,67.8,137.0,11.1,33.4,100.3,129.2,77.4,88.8,111.39999999999999
New Hampshire,2025-06-01,2025,6,3.1,102.2,608.3,0.9,33.3,68.0,137.8,11.2,33.6,100.9,127.9,84.2,86.2,112.10000000000001
New Hampshire,2025-07-01,2025,7,3.1,102.8,604.0,0.9,33.8,68.1,137.0,11.2,33.8,100.9,126.9,88.3,78.9,112.10000000000001
New Hampshire,2025-08-01,2025,8,3.1,102.4,601.2,0.9,33.6,67.9,136.6,11.0,33.7,100.5,126.4,87.2,79.1,111.5
New Hampshire,2025-09-01,2025,9,3.2,101.5,601.3,0.9,33.2,67.4,135.1,10.9,33.3,99.3,131.1,77.8,88.2,110.2
New Hampshire,2025-10-01,2025,10,,101.6,601.6,0.9,33.6,67.1,135.1,10.9,33.5,99.2,132.0,76.7,88.5,110.10000000000001
New Hampshire,2025-11-01,2025,11,3.2,100.8,598.5,0.9,32.8,67.1,135.9,10.9,33.7,99.1,131.9,71.7,89.1,110.0
New Hampshire,2025-12-01,2025,12,3.2,100.0,597.8,0.9,32.1,67.0,138.2,10.9,33.6,98.6,130.9,71.8,87.9,109.5
New Hampshire,2026-01-01,2026,1,3.2,99.0,587.8,0.9,30.8,67.3,134.7,10.8,33.5,98.0,127.7,70.4,86.8,108.8
New Hampshire,2026-02-01,2026,2,3.2,98.1,594.1,0.9,30.2,67.0,133.1,10.8,33.4,98.5,131.8,71.1,89.2,109.3
New Jersey,2016-01-01,2016,1,4.9,386.0,3562.2,1.3,143.0,241.7,844.8,73.2,244.9,640.9,649.0,332.6,609.6,714.1
New Jersey,2016-02-01,2016,2,5.0,383.7,3583.2,1.3,140.3,242.1,837.9,73.2,244.5,643.1,654.4,334.6,628.1,716.3000000000001
New Jersey,2016-03-01,2016,3,5.0,389.8,3614.8,1.3,145.3,243.2,841.5,73.0,244.5,650.5,659.7,343.6,633.4,723.5
New Jersey,2016-04-01,2016,4,5.0,396.0,3650.6,1.3,152.0,242.7,846.4,73.7,246.1,664.1,660.2,357.2,632.1,737.8000000000001
New Jersey,2016-05-01,2016,5,5.0,400.4,3681.3,1.4,155.3,243.7,854.8,69.5,247.3,667.8,662.0,378.0,629.7,737.3
New Jersey,2016-06-01,2016,6,5.0,405.2,3730.8,1.4,157.8,246.0,862.6,74.2,250.7,678.3,661.4,404.5,623.1,752.5
New Jersey,2016-07-01,2016,7,5.0,406.8,3678.7,1.4,159.7,245.7,858.8,75.1,252.8,675.9,650.1,409.9,581.3,751.0
New Jersey,2016-08-01,2016,8,5.0,407.0,3662.4,1.4,159.8,245.8,857.8,74.3,252.9,677.3,646.4,407.2,572.6,751.5999999999999
New Jersey,2016-09-01,2016,9,4.9,404.3,3694.0,1.4,157.8,245.1,860.0,73.7,250.7,680.5,664.2,385.9,608.4,754.2
New Jersey,2016-10-01,2016,10,4.9,405.7,3707.8,1.4,158.7,245.6,867.9,72.8,250.5,678.4,672.4,367.3,627.3,751.1999999999999
New Jersey,2016-11-01,2016,11,4.8,405.2,3732.0,1.4,157.7,246.1,888.8,73.1,250.4,682.8,673.9,359.5,632.2,755.9
New Jersey,2016-12-01,2016,12,4.7,402.8,3743.3,1.3,154.8,246.7,900.0,74.1,251.4,685.5,675.0,357.2,628.3,759.6
New Jersey,2017-01-01,2017,1,4.6,388.9,3625.4,1.3,143.8,243.8,864.4,72.5,249.5,653.1,667.6,338.9,611.1,725.6
New Jersey,2017-02-01,2017,2,4.5,389.8,3643.7,1.2,144.6,244.0,854.2,73.7,250.3,654.8,672.8,340.8,629.4,728.5
New Jersey,2017-03-01,2017,3,4.4,392.2,3663.7,1.3,146.6,244.3,854.7,73.1,251.5,659.7,677.3,347.6,631.7,732.8000000000001
New Jersey,2017-04-01,2017,4,4.4,400.0,3689.7,1.3,153.8,244.9,858.7,72.3,251.1,666.2,680.6,361.5,629.8,738.5
New Jersey,2017-05-01,2017,5,4.4,406.5,3739.4,1.3,158.2,247.0,868.1,72.7,253.0,676.4,685.3,384.6,628.0,749.1
New Jersey,2017-06-01,2017,6,4.5,411.9,3798.2,1.3,161.1,249.5,880.7,73.8,256.7,687.4,682.9,413.2,628.0,761.1999999999999
New Jersey,2017-07-01,2017,7,4.5,411.8,3721.9,1.3,161.6,248.9,873.9,72.3,257.1,677.8,665.9,416.6,585.0,750.0999999999999
New Jersey,2017-08-01,2017,8,4.6,412.4,3708.3,1.3,162.4,248.7,873.5,72.4,256.7,678.5,662.4,415.1,577.3,750.9
New Jersey,2017-09-01,2017,9,4.6,410.5,3732.0,1.4,161.3,247.8,875.8,72.0,254.5,683.3,681.4,389.0,606.7,755.3
New Jersey,2017-10-01,2017,10,4.6,410.8,3754.8,1.4,161.2,248.2,879.0,71.6,254.5,685.7,690.8,376.4,627.1,757.3000000000001
New Jersey,2017-11-01,2017,11,4.6,410.8,3778.7,1.4,160.7,248.7,903.5,72.0,255.0,687.7,693.0,367.1,630.7,759.7
New Jersey,2017-12-01,2017,12,4.5,409.1,3789.1,1.4,158.2,249.5,913.0,72.2,255.9,688.0,695.1,365.1,629.7,760.2
New Jersey,2018-01-01,2018,1,4.4,393.1,3659.1,1.3,145.1,246.7,875.9,70.6,252.2,654.4,683.0,347.5,608.1,725.0
New Jersey,2018-02-01,2018,2,4.4,396.6,3682.7,1.3,148.2,247.1,865.8,72.7,252.3,657.6,691.7,348.8,626.4,730.3000000000001
New Jersey,2018-03-01,2018,3,4.3,399.4,3696.5,1.3,150.3,247.8,864.8,71.5,253.4,662.7,693.8,356.2,626.3,734.2
New Jersey,2018-04-01,2018,4,4.2,405.4,3726.3,1.4,156.1,247.9,865.4,70.7,254.0,674.0,693.3,370.6,628.1,744.7
New Jersey,2018-05-01,2018,5,4.1,410.6,3769.4,1.4,160.2,249.0,875.3,71.2,255.0,681.5,696.0,392.6,625.4,752.7
New Jersey,2018-06-01,2018,6,4.1,416.5,3829.0,1.4,163.2,251.9,882.9,72.5,258.1,691.4,693.3,424.5,629.6,763.9
New Jersey,2018-07-01,2018,7,4.0,415.9,3760.2,1.4,163.1,251.4,875.5,71.3,258.6,681.7,677.4,431.6,589.3,753.0
New Jersey,2018-08-01,2018,8,3.9,416.2,3742.7,1.4,163.1,251.7,871.3,71.9,258.1,683.1,672.1,431.2,581.3,755.0
New Jersey,2018-09-01,2018,9,3.8,413.6,3755.8,1.4,161.8,250.4,871.3,70.5,255.9,685.1,689.7,404.4,608.3,755.6
New Jersey,2018-10-01,2018,10,3.7,415.7,3784.6,1.4,163.0,251.3,879.0,70.2,255.6,693.3,699.9,387.9,627.1,763.5
New Jersey,2018-11-01,2018,11,3.7,414.8,3816.7,1.4,161.5,251.9,907.3,70.4,255.9,698.1,702.4,377.9,633.5,768.5
New Jersey,2018-12-01,2018,12,3.6,413.9,3817.4,1.4,159.8,252.7,914.4,70.0,256.5,693.1,704.4,377.5,629.9,763.1
New Jersey,2019-01-01,2019,1,3.5,401.7,3702.7,1.4,150.5,249.8,879.6,67.6,253.2,664.8,696.9,359.2,612.7,732.4
New Jersey,2019-02-01,2019,2,3.4,400.0,3716.2,1.3,148.7,250.0,866.8,68.0,253.0,667.7,702.8,360.7,628.2,735.7
New Jersey,2019-03-01,2019,3,3.3,404.0,3736.7,1.3,151.5,251.2,867.9,67.8,253.7,672.1,708.3,368.3,628.7,739.9
New Jersey,2019-04-01,2019,4,3.2,411.2,3763.3,1.4,159.0,250.8,865.3,67.7,253.8,685.6,707.2,380.1,631.2,753.3000000000001
New Jersey,2019-05-01,2019,5,3.2,415.3,3790.7,1.4,162.4,251.5,872.2,68.4,254.7,686.4,708.7,401.6,624.9,754.8
New Jersey,2019-06-01,2019,6,3.2,418.9,3852.8,1.4,164.1,253.4,883.3,69.6,257.8,696.9,706.2,429.6,631.8,766.5
New Jersey,2019-07-01,2019,7,3.3,420.4,3796.1,1.4,165.6,253.4,878.2,68.8,258.4,688.5,691.8,436.4,597.5,757.3
New Jersey,2019-08-01,2019,8,3.4,420.4,3776.7,1.5,167.0,251.9,877.2,70.2,258.3,690.2,686.8,433.9,584.7,760.4000000000001
New Jersey,2019-09-01,2019,9,3.6,418.4,3784.5,1.5,166.0,250.9,877.8,68.6,255.1,691.0,702.4,405.4,612.5,759.6
New Jersey,2019-10-01,2019,10,3.7,419.6,3807.3,1.5,166.8,251.3,884.9,68.9,254.7,696.4,710.1,390.6,630.0,765.3
New Jersey,2019-11-01,2019,11,3.8,418.3,3842.7,1.5,165.1,251.7,913.4,71.2,255.1,697.3,715.3,383.3,634.8,768.5
New Jersey,2019-12-01,2019,12,3.9,415.2,3843.8,1.5,161.2,252.5,919.2,70.9,256.2,693.0,715.1,384.4,632.5,763.9
New Jersey,2020-01-01,2020,1,4.0,405.0,3741.7,1.4,153.9,249.7,885.5,69.7,252.5,673.4,708.7,365.6,616.0,743.1
New Jersey,2020-02-01,2020,2,4.1,404.6,3754.7,1.4,152.9,250.3,874.4,70.3,253.1,672.2,715.1,367.9,631.1,742.5
New Jersey,2020-03-01,2020,3,4.1,406.7,3739.4,1.4,155.6,249.7,873.5,69.7,252.9,676.3,710.9,360.4,630.6,746.0
New Jersey,2020-04-01,2020,4,15.0,352.3,3134.0,1.4,131.2,219.7,720.0,66.9,241.5,605.8,598.6,182.3,602.9,672.6999999999999
New Jersey,2020-05-01,2020,5,15.4,370.8,3163.5,1.4,142.9,226.5,742.0,66.3,241.8,616.8,600.5,188.5,590.2,683.0999999999999
New Jersey,2020-06-01,2020,6,14.5,387.5,3260.2,1.4,152.2,233.9,781.2,66.1,244.0,628.9,617.7,214.0,588.0,695.0
New Jersey,2020-07-01,2020,7,14.4,391.9,3332.9,1.4,154.6,235.9,817.6,66.1,245.7,637.1,619.3,274.0,534.5,703.2
New Jersey,2020-08-01,2020,8,13.3,395.6,3383.1,1.4,156.6,237.6,823.9,66.6,247.0,643.0,625.2,290.3,544.6,709.6
New Jersey,2020-09-01,2020,9,7.4,396.1,3476.8,1.4,156.8,237.9,831.3,66.7,245.7,647.0,650.7,296.2,596.0,713.7
New Jersey,2020-10-01,2020,10,7.1,398.4,3530.8,1.4,158.3,238.7,849.6,67.3,249.0,663.0,663.4,294.9,598.2,730.3
New Jersey,2020-11-01,2020,11,7.2,397.7,3548.6,1.4,157.2,239.1,864.5,67.3,249.5,666.7,668.3,288.6,598.4,734.0
New Jersey,2020-12-01,2020,12,7.3,397.7,3556.6,1.4,155.8,240.5,877.5,67.0,250.3,670.7,669.3,282.8,594.0,737.7
New Jersey,2021-01-01,2021,1,7.4,385.8,3472.2,1.3,146.8,237.7,852.5,67.4,249.7,657.4,662.3,266.0,573.5,724.8
New Jersey,2021-02-01,2021,2,7.4,381.8,3493.2,1.3,142.4,238.1,840.5,68.3,250.2,660.6,670.6,270.1,588.8,728.9
New Jersey,2021-03-01,2021,3,7.3,389.7,3522.5,1.3,148.9,239.5,842.3,68.3,251.0,665.2,677.8,281.0,591.2,733.5
New Jersey,2021-04-01,2021,4,7.3,396.5,3570.5,1.3,156.2,239.0,843.5,69.4,252.0,680.4,679.6,301.1,595.3,749.8
New Jersey,2021-05-01,2021,5,7.0,400.2,3611.7,1.3,159.2,239.7,850.4,70.2,252.9,686.2,682.1,326.3,592.1,756.4000000000001
New Jersey,2021-06-01,2021,6,7.2,404.2,3675.8,1.3,161.1,241.8,863.2,70.9,256.0,694.1,682.4,358.0,596.0,765.0
New Jersey,2021-07-01,2021,7,6.9,405.8,3658.7,1.4,162.4,242.0,863.1,72.4,257.7,699.0,671.5,382.5,555.9,771.4
New Jersey,2021-08-01,2021,8,6.7,405.4,3645.4,1.4,162.1,241.9,862.0,72.0,258.1,693.3,665.9,380.2,557.3,765.3
New Jersey,2021-09-01,2021,9,6.2,405.4,3671.5,1.4,162.2,241.8,861.1,71.2,255.2,693.9,681.4,359.2,594.6,765.1
New Jersey,2021-10-01,2021,10,5.9,408.8,3740.7,1.4,163.9,243.5,884.2,72.2,257.5,720.6,692.1,349.2,607.1,792.8000000000001
New Jersey,2021-11-01,2021,11,5.6,409.8,3779.7,1.4,163.5,244.9,907.9,71.5,258.4,726.1,697.7,347.1,611.8,797.6
New Jersey,2021-12-01,2021,12,5.5,410.3,3805.2,1.4,162.6,246.3,925.8,71.4,261.0,726.8,700.5,348.9,610.2,798.1999999999999
New Jersey,2022-01-01,2022,1,5.2,396.0,3693.5,1.3,151.6,243.1,896.8,71.7,257.0,702.5,688.9,327.8,591.5,774.2
New Jersey,2022-02-01,2022,2,4.7,401.5,3741.1,1.3,153.6,246.6,900.8,73.2,258.1,708.5,701.0,334.4,605.6,781.7
New Jersey,2022-03-01,2022,3,4.3,406.7,3767.2,1.4,157.3,248.0,901.5,73.8,259.5,714.3,704.9,344.9,607.2,788.0999999999999
New Jersey,2022-04-01,2022,4,4.1,413.2,3795.4,1.4,162.5,249.3,900.7,75.4,260.5,722.7,706.9,356.8,609.0,798.1
New Jersey,2022-05-01,2022,5,3.8,416.7,3830.6,1.4,165.3,250.0,903.9,76.6,262.1,727.1,710.4,379.5,605.1,803.7
New Jersey,2022-06-01,2022,6,3.6,421.6,3884.9,1.5,167.4,252.7,912.5,77.5,265.8,730.1,709.6,411.5,608.2,807.6
New Jersey,2022-07-01,2022,7,3.3,423.8,3847.0,1.4,168.8,253.6,910.9,78.2,267.6,734.2,698.6,427.0,561.5,812.4000000000001
New Jersey,2022-08-01,2022,8,3.1,423.9,3835.0,1.5,169.2,253.2,910.0,78.8,268.2,728.2,695.7,424.6,561.0,807.0
New Jersey,2022-09-01,2022,9,3.3,422.0,3849.2,1.5,168.1,252.4,906.4,78.0,266.3,726.4,714.3,394.3,597.4,804.4
New Jersey,2022-10-01,2022,10,3.5,421.4,3862.0,1.5,167.5,252.4,913.6,78.6,265.5,727.9,720.4,378.2,611.8,806.5
New Jersey,2022-11-01,2022,11,3.7,421.5,3896.4,1.5,166.9,253.1,930.6,79.1,266.3,732.8,728.1,375.3,617.5,811.9
New Jersey,2022-12-01,2022,12,3.8,420.5,3907.3,1.5,164.6,254.4,939.4,78.5,266.9,731.6,732.6,375.9,614.6,810.1
New Jersey,2023-01-01,2023,1,3.9,410.0,3808.4,1.4,156.6,252.0,910.2,78.3,264.8,707.8,725.0,358.7,598.5,786.0999999999999
New Jersey,2023-02-01,2023,2,4.0,411.7,3824.8,1.4,157.7,252.6,897.5,78.7,265.6,709.2,733.3,360.0,614.4,787.9000000000001
New Jersey,2023-03-01,2023,3,4.1,414.7,3846.0,1.4,160.2,253.1,897.2,78.0,266.8,713.8,738.2,369.0,615.9,791.8
New Jersey,2023-04-01,2023,4,4.2,418.1,3850.2,1.4,164.5,252.2,888.6,77.9,266.7,713.7,737.7,378.6,617.4,791.6
New Jersey,2023-05-01,2023,5,4.2,422.8,3907.2,1.4,167.6,253.8,900.3,79.1,268.4,724.3,743.2,404.8,615.0,803.4
New Jersey,2023-06-01,2023,6,4.3,428.3,3974.2,1.4,170.4,256.5,911.6,79.7,272.6,732.4,747.3,437.5,616.6,812.1
New Jersey,2023-07-01,2023,7,4.4,427.8,3897.5,1.4,170.5,255.9,902.4,78.7,272.9,721.1,731.6,444.2,572.6,799.8000000000001
New Jersey,2023-08-01,2023,8,4.5,428.2,3884.2,1.5,170.6,256.1,902.2,78.1,273.4,717.3,727.5,442.5,569.6,795.4
New Jersey,2023-09-01,2023,9,4.5,426.6,3917.9,1.5,169.7,255.4,906.4,78.0,270.6,725.2,746.5,413.2,607.3,803.2
New Jersey,2023-10-01,2023,10,4.5,425.5,3918.9,1.5,169.4,254.6,912.9,77.1,269.0,720.6,751.6,393.6,623.5,797.7
New Jersey,2023-11-01,2023,11,4.5,424.3,3948.3,1.5,167.7,255.1,932.5,78.0,269.0,720.6,760.7,388.6,627.5,798.6
New Jersey,2023-12-01,2023,12,4.5,423.8,3964.2,1.5,165.8,256.5,940.2,78.6,270.0,719.3,764.9,390.6,627.9,797.9
New Jersey,2024-01-01,2024,1,4.5,410.1,3850.3,1.4,156.1,252.6,906.5,77.6,267.1,696.1,756.2,370.3,607.6,773.7
New Jersey,2024-02-01,2024,2,4.5,410.9,3869.8,1.4,156.5,253.0,892.8,77.8,267.0,698.1,764.5,371.6,628.4,775.9
New Jersey,2024-03-01,2024,3,4.5,415.4,3893.7,1.4,160.0,254.0,894.3,78.0,267.9,703.8,770.5,379.9,628.3,781.8
New Jersey,2024-04-01,2024,4,4.6,419.9,3909.5,1.5,164.3,254.1,890.7,77.6,267.8,709.4,772.7,389.1,629.7,787.0
New Jersey,2024-05-01,2024,5,4.6,423.2,3947.7,1.5,166.9,254.8,897.9,77.1,268.7,714.4,776.7,413.3,625.2,791.5
New Jersey,2024-06-01,2024,6,4.6,428.3,4011.1,1.5,169.5,257.3,908.0,77.6,272.8,722.8,777.8,446.1,628.2,800.4
New Jersey,2024-07-01,2024,7,4.7,427.2,3927.5,1.5,169.3,256.4,897.7,76.9,272.4,708.0,762.8,450.9,583.9,784.9
New Jersey,2024-08-01,2024,8,4.7,427.9,3907.4,1.5,170.2,256.2,895.1,77.8,272.2,705.9,758.3,445.0,579.7,783.6999999999999
New Jersey,2024-09-01,2024,9,4.7,425.8,3947.1,1.5,169.1,255.2,899.2,76.9,270.5,713.5,779.9,418.7,618.6,790.4
New Jersey,2024-10-01,2024,10,4.7,424.7,3960.4,1.5,168.4,254.8,905.4,76.5,269.5,717.6,785.3,401.7,634.1,794.1
New Jersey,2024-11-01,2024,11,4.8,423.9,3984.9,1.5,167.5,254.9,923.9,77.2,269.7,718.5,792.3,395.5,638.0,795.7
New Jersey,2024-12-01,2024,12,4.8,422.4,3998.7,1.5,165.6,255.3,932.1,76.0,271.0,719.1,795.7,397.8,637.1,795.1
New Jersey,2025-01-01,2025,1,4.9,408.3,3890.7,1.5,155.5,251.3,901.4,75.5,267.6,695.9,787.8,374.3,621.4,771.4
New Jersey,2025-02-01,2025,2,5.0,408.6,3904.4,1.5,155.6,251.5,892.5,75.3,267.6,699.7,794.2,372.7,635.8,775.0
New Jersey,2025-03-01,2025,3,5.1,414.8,3921.7,1.4,161.1,252.3,890.0,74.7,268.4,704.5,798.1,382.1,636.8,779.2
New Jersey,2025-04-01,2025,4,5.1,419.1,3941.6,1.5,164.9,252.7,886.4,75.0,268.1,711.9,800.0,393.0,638.1,786.9
New Jersey,2025-05-01,2025,5,5.2,422.1,3989.9,1.5,167.3,253.3,893.4,75.3,269.5,718.8,805.5,422.4,633.6,794.0999999999999
New Jersey,2025-06-01,2025,6,5.4,426.5,4033.4,1.5,170.0,255.0,900.1,76.9,272.9,724.7,803.4,446.6,634.0,801.6
New Jersey,2025-07-01,2025,7,5.5,425.6,3955.9,1.5,170.7,253.4,894.5,78.0,273.1,709.4,786.8,453.9,587.6,787.4
New Jersey,2025-08-01,2025,8,5.5,425.1,3926.5,1.5,171.0,252.6,892.3,78.2,272.7,704.2,782.0,447.9,577.8,782.4000000000001
New Jersey,2025-09-01,2025,9,5.5,422.9,3958.5,1.5,169.9,251.5,893.5,76.6,270.3,713.1,800.2,417.7,619.3,789.7
New Jersey,2025-10-01,2025,10,,423.8,3971.8,1.5,171.3,251.0,898.1,76.1,269.6,715.9,813.4,400.6,631.7,792.0
New Jersey,2025-11-01,2025,11,5.4,419.8,3992.3,1.5,168.0,250.3,914.2,75.5,270.8,715.1,822.6,391.9,635.4,790.6
New Jersey,2025-12-01,2025,12,5.4,416.2,3998.4,1.5,165.1,249.6,922.8,76.6,271.0,714.3,822.8,391.5,633.6,790.9
New Jersey,2026-01-01,2026,1,5.2,406.8,3898.0,1.4,158.0,247.4,892.8,74.8,267.9,691.4,815.8,369.8,619.3,766.1999999999999
New Jersey,2026-02-01,2026,2,5.1,400.2,3902.4,1.4,151.2,247.6,880.9,74.0,267.1,688.9,822.3,371.5,631.4,762.9
New Mexico,2016-01-01,2016,1,6.5,91.9,723.9,22.1,42.9,26.9,138.3,11.5,33.5,99.2,135.9,92.3,185.9,110.7
New Mexico,2016-02-01,2016,2,6.5,91.4,732.4,21.2,43.3,26.9,137.3,12.8,33.6,99.5,137.0,93.0,191.6,112.3
New Mexico,2016-03-01,2016,3,6.5,90.3,732.5,20.5,43.1,26.7,137.2,12.3,33.5,99.3,136.6,93.5,192.5,111.6
New Mexico,2016-04-01,2016,4,6.6,90.4,739.4,20.0,43.5,26.9,138.4,13.4,33.6,100.7,138.0,94.6,192.8,114.10000000000001
New Mexico,2016-05-01,2016,5,6.7,89.7,740.6,19.6,43.1,27.0,138.5,12.9,33.6,100.6,138.0,97.0,191.8,113.5
New Mexico,2016-06-01,2016,6,6.8,89.7,730.4,19.5,43.2,27.0,137.6,12.7,33.5,101.2,133.8,97.5,183.7,113.9
New Mexico,2016-07-01,2016,7,6.9,89.6,727.5,19.2,43.5,26.9,138.7,13.3,33.5,103.1,133.1,99.1,175.9,116.39999999999999
New Mexico,2016-08-01,2016,8,7.0,89.5,735.6,19.0,43.4,27.1,139.0,13.2,33.5,103.0,135.2,98.8,182.6,116.2
New Mexico,2016-09-01,2016,9,7.0,89.6,739.9,19.0,43.4,27.2,138.2,13.2,33.4,102.8,137.8,96.8,189.5,116.0
New Mexico,2016-10-01,2016,10,7.0,90.1,739.6,19.1,43.9,27.1,139.0,13.3,33.6,102.2,138.5,95.1,189.9,115.5
New Mexico,2016-11-01,2016,11,7.0,89.1,741.1,19.2,43.5,26.4,140.9,13.8,33.6,101.9,137.9,94.0,191.1,115.7
New Mexico,2016-12-01,2016,12,6.9,89.1,741.9,19.3,43.4,26.4,140.9,13.6,33.8,102.3,138.9,94.8,190.0,115.89999999999999
New Mexico,2017-01-01,2017,1,6.8,88.5,727.3,19.6,42.8,26.1,136.8,12.9,33.7,102.1,137.8,93.4,183.3,115.0
New Mexico,2017-02-01,2017,2,6.7,89.2,732.9,20.0,43.3,25.9,135.5,11.9,33.7,102.8,138.7,93.6,189.1,114.7
New Mexico,2017-03-01,2017,3,6.6,90.1,735.0,20.2,44.1,25.8,135.3,12.3,33.6,102.8,138.4,95.0,189.9,115.1
New Mexico,2017-04-01,2017,4,6.5,91.5,740.1,20.5,45.2,25.8,135.7,13.1,33.9,104.2,138.7,95.8,190.7,117.3
New Mexico,2017-05-01,2017,5,6.3,92.5,739.2,20.7,45.8,26.0,135.9,12.4,33.9,103.8,138.6,97.4,188.8,116.2
New Mexico,2017-06-01,2017,6,6.2,93.7,733.4,21.0,46.4,26.3,135.9,12.8,34.0,104.7,135.0,98.7,181.6,117.5
New Mexico,2017-07-01,2017,7,6.0,94.3,725.7,21.3,46.3,26.7,136.1,12.3,34.2,105.5,133.6,99.1,174.1,117.8
New Mexico,2017-08-01,2017,8,5.9,94.6,734.2,21.2,46.4,27.0,136.6,12.0,34.2,105.8,135.1,99.1,181.2,117.8
New Mexico,2017-09-01,2017,9,5.8,94.9,738.5,21.5,46.6,26.8,135.7,11.8,34.0,105.5,137.9,97.4,188.0,117.3
New Mexico,2017-10-01,2017,10,5.7,95.9,739.3,22.0,46.7,27.2,136.9,12.1,34.3,104.9,138.3,96.0,188.7,117.0
New Mexico,2017-11-01,2017,11,5.5,95.6,741.7,22.2,46.6,26.8,139.4,11.6,34.3,105.7,138.4,95.1,189.3,117.3
New Mexico,2017-12-01,2017,12,5.4,95.6,741.8,22.4,46.3,26.9,139.8,11.3,34.4,105.8,137.9,95.4,189.3,117.1
New Mexico,2018-01-01,2018,1,5.2,95.3,730.2,23.0,45.8,26.5,136.8,11.0,34.3,104.5,137.8,94.3,183.8,115.5
New Mexico,2018-02-01,2018,2,5.1,96.8,736.2,23.8,46.5,26.5,136.2,11.5,34.3,104.8,138.0,94.7,188.7,116.3
New Mexico,2018-03-01,2018,3,4.9,97.3,737.5,23.8,47.0,26.5,136.2,11.5,34.2,104.7,137.7,95.8,189.3,116.2
New Mexico,2018-04-01,2018,4,4.8,98.3,743.4,24.1,47.5,26.7,136.7,11.3,34.7,106.2,139.3,97.4,189.5,117.5
New Mexico,2018-05-01,2018,5,4.8,98.8,743.5,24.3,47.5,27.0,137.4,11.3,34.7,106.3,139.4,99.1,186.6,117.6
New Mexico,2018-06-01,2018,6,4.7,99.8,739.8,24.8,47.8,27.2,137.0,11.8,34.8,107.2,135.6,100.0,182.3,119.0
New Mexico,2018-07-01,2018,7,4.7,99.7,733.3,24.9,47.4,27.4,137.2,11.4,35.1,107.9,134.2,101.2,175.1,119.30000000000001
New Mexico,2018-08-01,2018,8,4.8,100.2,743.1,24.9,47.4,27.9,138.0,11.6,35.1,108.8,136.2,101.2,181.7,120.39999999999999
New Mexico,2018-09-01,2018,9,4.9,100.0,746.4,24.9,47.2,27.9,136.8,11.2,34.9,108.8,139.1,98.3,188.5,120.0
New Mexico,2018-10-01,2018,10,5.0,101.2,748.3,25.4,47.8,28.0,137.3,11.3,35.2,108.9,140.3,97.7,188.9,120.2
New Mexico,2018-11-01,2018,11,5.1,101.3,751.5,25.6,47.8,27.9,139.9,11.9,35.4,108.9,140.3,96.9,189.7,120.80000000000001
New Mexico,2018-12-01,2018,12,5.2,101.1,749.8,25.9,47.3,27.9,139.7,11.5,35.5,109.3,140.3,97.3,187.9,120.8
New Mexico,2019-01-01,2019,1,5.1,100.3,738.5,26.1,46.7,27.5,136.7,10.4,35.5,108.5,139.1,96.0,184.2,118.9
New Mexico,2019-02-01,2019,2,5.1,101.1,746.0,26.4,47.1,27.6,135.3,11.1,35.7,109.5,140.0,96.7,189.3,120.6
New Mexico,2019-03-01,2019,3,5.0,101.8,747.2,26.3,47.8,27.7,135.3,11.2,35.6,109.7,139.7,97.9,189.4,120.9
New Mexico,2019-04-01,2019,4,5.0,102.9,751.0,25.7,49.2,28.0,135.7,10.7,35.8,111.6,139.9,99.8,189.1,122.3
New Mexico,2019-05-01,2019,5,5.0,104.4,751.7,25.9,50.1,28.4,136.1,11.3,35.8,111.6,140.0,100.4,187.7,122.89999999999999
New Mexico,2019-06-01,2019,6,4.9,105.0,743.7,25.9,50.5,28.6,135.5,11.4,35.8,111.1,136.0,101.3,181.5,122.5
New Mexico,2019-07-01,2019,7,4.9,107.1,741.3,26.3,51.8,29.0,136.1,11.8,36.0,111.9,135.0,102.4,176.7,123.7
New Mexico,2019-08-01,2019,8,4.9,107.4,751.6,26.3,51.8,29.3,136.8,11.3,36.1,112.7,137.6,102.9,183.3,124.0
New Mexico,2019-09-01,2019,9,4.9,106.5,754.6,25.8,51.5,29.2,135.9,11.3,35.7,112.1,140.4,100.5,189.9,123.39999999999999
New Mexico,2019-10-01,2019,10,4.9,107.3,759.2,25.9,52.0,29.4,137.7,11.3,36.1,112.3,142.2,99.8,190.9,123.6
New Mexico,2019-11-01,2019,11,4.9,105.6,762.0,25.3,51.3,29.0,140.3,11.3,35.9,113.0,142.8,98.8,191.1,124.3
New Mexico,2019-12-01,2019,12,5.0,105.0,761.1,25.0,51.0,29.0,140.7,11.3,36.2,113.0,142.2,99.7,189.4,124.3
New Mexico,2020-01-01,2020,1,5.1,104.4,750.4,25.0,50.8,28.6,137.0,11.0,36.0,111.9,142.3,98.4,185.5,122.9
New Mexico,2020-02-01,2020,2,5.3,104.7,754.0,25.3,51.0,28.4,135.9,9.9,35.9,112.7,142.4,98.4,190.4,122.60000000000001
New Mexico,2020-03-01,2020,3,5.9,104.5,751.8,25.0,51.3,28.2,135.4,10.4,35.6,112.1,141.7,97.3,191.2,122.5
New Mexico,2020-04-01,2020,4,9.0,96.6,665.3,22.3,48.8,25.5,122.0,8.3,34.0,103.8,130.8,57.3,186.0,112.1
New Mexico,2020-05-01,2020,5,9.3,93.9,667.0,20.2,48.2,25.5,123.4,8.0,33.9,103.6,131.5,63.2,179.7,111.6
New Mexico,2020-06-01,2020,6,9.0,92.2,679.1,18.3,47.6,26.3,129.3,7.7,34.1,104.5,129.1,74.4,173.9,112.2
New Mexico,2020-07-01,2020,7,9.0,92.3,678.3,17.6,47.7,27.0,130.5,7.7,34.3,105.4,130.5,77.4,166.1,113.10000000000001
New Mexico,2020-08-01,2020,8,8.6,91.9,688.5,17.3,47.4,27.2,131.8,8.1,34.3,106.5,133.4,74.9,173.0,114.6
New Mexico,2020-09-01,2020,9,8.7,91.5,699.8,17.1,47.0,27.4,131.6,9.0,34.0,106.1,136.8,77.6,179.1,115.1
New Mexico,2020-10-01,2020,10,8.4,93.1,708.8,17.0,48.2,27.9,133.4,9.1,34.4,108.2,138.8,78.7,180.7,117.3
New Mexico,2020-11-01,2020,11,8.4,92.3,708.9,17.5,47.5,27.3,135.8,10.2,34.3,108.6,138.7,76.5,179.6,118.8
New Mexico,2020-12-01,2020,12,8.4,91.7,695.6,17.6,47.1,27.0,135.8,9.5,34.2,109.0,137.4,68.4,176.6,118.5
New Mexico,2021-01-01,2021,1,8.2,90.2,686.7,17.7,45.8,26.7,133.1,8.7,34.1,108.3,138.4,67.7,171.8,117.0
New Mexico,2021-02-01,2021,2,8.2,90.9,697.7,17.7,46.3,26.9,132.7,10.1,34.1,109.1,139.0,71.8,176.0,119.19999999999999
New Mexico,2021-03-01,2021,3,8.0,92.2,705.1,17.9,47.2,27.1,133.2,9.4,34.1,109.7,139.2,77.2,177.4,119.10000000000001
New Mexico,2021-04-01,2021,4,7.9,92.6,714.5,18.0,47.5,27.1,133.6,9.2,34.3,111.0,140.3,81.1,179.5,120.2
New Mexico,2021-05-01,2021,5,7.6,92.9,719.2,18.4,47.5,27.0,134.6,10.1,34.3,110.6,140.1,85.1,178.7,120.69999999999999
New Mexico,2021-06-01,2021,6,7.5,93.4,712.1,18.3,47.8,27.3,134.6,9.7,34.2,109.7,136.4,90.1,170.1,119.4
New Mexico,2021-07-01,2021,7,7.1,95.8,717.5,18.8,48.9,28.1,135.5,11.1,34.6,111.0,135.3,94.3,168.0,122.1
New Mexico,2021-08-01,2021,8,6.8,95.5,729.3,19.0,48.3,28.2,136.0,12.6,34.6,111.7,137.2,95.0,174.7,124.3
New Mexico,2021-09-01,2021,9,6.3,95.1,732.6,18.7,48.2,28.2,136.5,10.9,34.3,112.0,138.2,93.0,181.4,122.9
New Mexico,2021-10-01,2021,10,6.0,97.2,743.8,19.3,49.0,28.9,140.4,11.0,35.1,114.6,140.6,92.8,182.5,125.6
New Mexico,2021-11-01,2021,11,5.8,96.6,747.1,19.4,48.6,28.6,143.1,11.1,35.2,114.7,141.2,91.8,183.3,125.8
New Mexico,2021-12-01,2021,12,5.6,96.3,744.8,19.8,48.1,28.4,145.0,10.1,35.4,114.8,139.7,91.8,181.2,124.89999999999999
New Mexico,2022-01-01,2022,1,5.4,94.8,730.8,19.9,47.0,27.9,141.2,9.7,35.2,112.9,139.5,89.2,177.0,122.60000000000001
New Mexico,2022-02-01,2022,2,5.1,96.1,740.7,20.0,47.8,28.3,143.2,10.3,35.4,113.8,140.3,90.3,181.1,124.1
New Mexico,2022-03-01,2022,3,4.7,97.0,742.3,20.3,48.4,28.3,142.3,10.6,35.4,113.6,140.1,92.2,181.7,124.19999999999999
New Mexico,2022-04-01,2022,4,4.4,99.4,750.8,20.5,50.4,28.5,143.0,11.2,35.8,116.0,142.5,94.7,180.6,127.2
New Mexico,2022-05-01,2022,5,4.2,99.8,749.9,20.6,50.5,28.7,143.4,10.9,35.8,115.8,140.0,95.5,181.5,126.7
New Mexico,2022-06-01,2022,6,3.9,99.7,736.9,20.9,50.1,28.7,141.9,10.7,35.6,114.5,138.0,96.8,171.3,125.2
New Mexico,2022-07-01,2022,7,3.6,101.1,742.3,21.5,50.4,29.2,142.9,11.1,36.0,117.1,139.8,99.4,167.5,128.2
New Mexico,2022-08-01,2022,8,3.4,101.7,756.5,21.8,50.5,29.4,144.0,11.4,35.9,118.0,143.2,99.4,176.4,129.4
New Mexico,2022-09-01,2022,9,3.4,101.6,759.8,22.0,50.3,29.3,143.7,11.4,35.6,118.7,143.9,97.5,181.9,130.1
New Mexico,2022-10-01,2022,10,3.5,102.2,763.7,22.4,50.5,29.3,146.6,11.1,35.9,118.6,144.7,96.5,182.9,129.7
New Mexico,2022-11-01,2022,11,3.6,101.9,767.0,22.4,50.5,29.0,149.5,10.8,36.0,118.4,144.9,95.6,184.7,129.20000000000002
New Mexico,2022-12-01,2022,12,3.6,102.1,766.9,22.6,50.6,28.9,150.3,10.3,36.0,118.0,144.4,96.5,184.4,128.3
New Mexico,2023-01-01,2023,1,3.6,101.4,756.6,22.6,50.2,28.6,144.7,10.8,35.9,117.2,144.0,95.9,181.3,128.0
New Mexico,2023-02-01,2023,2,3.6,102.1,764.0,23.0,50.5,28.6,144.2,10.9,35.8,118.5,145.1,97.0,185.4,129.4
New Mexico,2023-03-01,2023,3,3.6,103.2,764.5,23.4,51.4,28.4,144.3,10.7,35.7,118.0,144.1,98.4,186.1,128.7
New Mexico,2023-04-01,2023,4,3.6,104.7,771.7,23.8,52.4,28.5,144.8,11.3,35.7,120.0,146.1,100.0,185.8,131.3
New Mexico,2023-05-01,2023,5,3.6,105.0,772.0,23.8,52.7,28.5,145.0,11.4,35.7,120.0,144.1,100.9,187.0,131.4
New Mexico,2023-06-01,2023,6,3.6,106.0,768.4,23.8,53.7,28.5,145.1,10.4,35.7,119.9,143.5,103.3,181.5,130.3
New Mexico,2023-07-01,2023,7,3.6,106.3,759.0,24.0,53.7,28.6,144.7,9.9,35.7,120.2,141.9,102.2,175.4,130.1
New Mexico,2023-08-01,2023,8,3.7,107.1,771.0,23.9,54.2,29.0,145.3,9.3,35.8,121.4,146.0,102.4,182.1,130.70000000000002
New Mexico,2023-09-01,2023,9,3.7,106.5,773.4,23.5,54.0,29.0,145.5,8.9,35.6,121.8,145.3,100.3,188.2,130.7
New Mexico,2023-10-01,2023,10,3.7,106.6,776.9,23.6,54.0,29.0,145.7,9.0,35.7,122.0,148.0,100.0,188.7,131.0
New Mexico,2023-11-01,2023,11,3.8,106.3,781.8,23.7,53.9,28.7,148.0,9.7,35.6,122.7,148.1,98.8,191.1,132.4
New Mexico,2023-12-01,2023,12,3.8,106.5,785.0,23.5,54.1,28.9,148.9,10.5,35.6,122.7,148.2,99.4,191.8,133.2
New Mexico,2024-01-01,2024,1,3.8,104.0,771.6,23.4,52.2,28.4,144.8,10.0,35.5,121.1,146.8,97.5,188.3,131.1
New Mexico,2024-02-01,2024,2,3.8,104.8,780.0,23.9,52.4,28.5,144.7,11.2,35.4,122.1,147.9,98.1,192.8,133.29999999999998
New Mexico,2024-03-01,2024,3,3.9,104.9,781.2,23.8,52.7,28.4,144.6,12.4,35.4,121.4,146.5,99.6,193.4,133.8
New Mexico,2024-04-01,2024,4,4.0,105.3,784.5,23.7,53.1,28.5,144.0,12.2,35.3,122.4,149.6,100.5,192.7,134.6
New Mexico,2024-05-01,2024,5,4.1,105.3,786.1,23.6,53.4,28.3,144.9,11.6,35.3,122.6,147.2,102.3,194.1,134.2
New Mexico,2024-06-01,2024,6,4.2,105.9,780.8,23.5,53.9,28.5,145.6,11.0,35.2,122.2,146.0,103.4,188.3,133.2
New Mexico,2024-07-01,2024,7,4.2,107.5,769.8,23.9,54.6,29.0,145.0,10.3,35.5,121.4,145.3,104.0,179.0,131.70000000000002
New Mexico,2024-08-01,2024,8,4.3,108.0,783.9,23.8,55.0,29.2,146.8,10.6,35.5,122.7,149.9,103.0,186.5,133.3
New Mexico,2024-09-01,2024,9,4.2,107.7,784.7,24.0,54.6,29.1,147.1,9.9,35.1,122.5,149.1,100.1,192.9,132.4
New Mexico,2024-10-01,2024,10,4.2,108.2,787.5,24.0,55.0,29.2,146.8,9.9,35.5,121.5,151.7,99.7,194.3,131.4
New Mexico,2024-11-01,2024,11,4.2,108.0,790.7,24.2,55.1,28.7,148.8,9.9,35.5,121.6,152.0,98.6,196.2,131.5
New Mexico,2024-12-01,2024,12,4.2,107.6,790.8,24.2,54.8,28.6,149.3,10.5,35.6,121.0,152.0,98.5,195.9,131.5
New Mexico,2025-01-01,2025,1,4.1,106.7,779.7,24.3,54.1,28.3,146.1,10.0,35.5,119.9,152.0,96.7,191.7,129.9
New Mexico,2025-02-01,2025,2,4.1,107.8,783.9,24.4,54.9,28.5,145.6,9.5,35.6,120.5,152.6,97.1,194.9,130.0
New Mexico,2025-03-01,2025,3,4.1,107.8,783.7,24.6,55.0,28.2,145.6,9.3,35.6,119.8,151.9,98.2,195.2,129.1
New Mexico,2025-04-01,2025,4,4.1,108.1,788.1,25.1,54.9,28.1,145.7,9.4,35.6,121.3,153.6,98.5,195.7,130.7
New Mexico,2025-05-01,2025,5,4.0,108.8,789.8,25.2,55.7,27.9,146.3,10.1,35.4,121.4,151.6,100.7,195.9,131.5
New Mexico,2025-06-01,2025,6,4.0,109.0,780.6,25.2,56.0,27.8,145.8,9.2,35.3,120.5,150.2,101.3,188.9,129.7
New Mexico,2025-07-01,2025,7,4.0,109.9,771.3,25.3,56.3,28.3,147.0,9.4,35.4,119.7,149.4,101.8,179.0,129.1
New Mexico,2025-08-01,2025,8,4.1,109.1,784.9,25.2,55.7,28.2,146.9,9.9,35.3,120.8,154.1,102.0,186.7,130.7
New Mexico,2025-09-01,2025,9,4.2,107.9,784.8,24.8,55.2,27.9,146.3,9.4,35.0,120.2,153.3,99.3,193.1,129.6
New Mexico,2025-10-01,2025,10,,107.5,786.5,25.4,54.0,28.1,147.6,9.4,35.6,120.1,153.4,99.5,193.0,129.5
New Mexico,2025-11-01,2025,11,4.3,106.2,790.3,25.5,52.8,27.9,149.4,9.2,35.8,119.1,155.0,99.2,194.7,128.29999999999998
New Mexico,2025-12-01,2025,12,4.3,106.8,788.1,25.5,53.4,27.9,150.7,9.2,36.3,118.1,154.5,97.5,194.0,127.3
New Mexico,2026-01-01,2026,1,4.5,105.9,779.4,25.2,53.2,27.5,147.9,8.6,35.6,118.6,154.7,95.1,191.1,127.19999999999999
New Mexico,2026-02-01,2026,2,4.7,106.5,785.9,25.4,53.6,27.5,147.8,8.5,35.5,119.1,156.3,96.7,194.0,127.6
New York,2016-01-01,2016,1,4.8,801.8,8375.8,4.4,346.0,451.4,1557.4,267.9,706.9,1242.1,1899.9,851.0,1451.1,1510.0
New York,2016-02-01,2016,2,4.8,796.8,8460.6,4.5,340.5,451.8,1540.5,269.0,707.6,1247.6,1952.6,861.2,1479.8,1516.6
New York,2016-03-01,2016,3,4.8,809.1,8509.3,4.7,351.4,453.0,1543.1,270.8,707.7,1256.4,1964.2,876.1,1487.2,1527.2
New York,2016-04-01,2016,4,4.8,826.9,8595.0,5.0,370.2,451.7,1553.6,272.8,707.5,1275.8,1979.0,906.4,1491.1,1548.6
New York,2016-05-01,2016,5,4.8,839.6,8608.4,5.3,382.0,452.3,1561.3,261.3,710.5,1277.8,1960.9,934.7,1490.4,1539.1
New York,2016-06-01,2016,6,4.9,850.1,8644.0,5.5,388.9,455.7,1576.0,275.1,720.8,1294.8,1915.3,964.2,1485.7,1569.9
New York,2016-07-01,2016,7,4.9,856.4,8610.6,5.5,395.7,455.2,1558.3,280.0,725.2,1303.4,1891.4,980.6,1460.1,1583.4
New York,2016-08-01,2016,8,5.0,858.2,8579.7,5.5,398.3,454.4,1555.0,279.2,725.2,1301.1,1886.2,973.9,1449.3,1580.3
New York,2016-09-01,2016,9,5.0,851.6,8600.9,5.4,393.7,452.5,1563.9,277.4,711.8,1293.1,1939.0,946.2,1460.5,1570.5
New York,2016-10-01,2016,10,5.0,852.1,8706.4,5.2,393.5,453.4,1579.2,279.2,712.8,1300.5,1999.3,932.4,1490.9,1579.7
New York,2016-11-01,2016,11,4.9,845.8,8754.1,5.2,388.9,451.7,1609.7,280.2,714.1,1304.4,2014.8,920.6,1497.9,1584.6000000000001
New York,2016-12-01,2016,12,4.8,831.9,8780.6,4.8,376.0,451.1,1627.6,281.7,718.7,1300.4,2019.9,918.2,1502.4,1582.1000000000001
New York,2017-01-01,2017,1,4.7,803.8,8503.7,4.2,355.7,443.9,1562.9,271.3,707.5,1262.1,1955.9,876.7,1462.5,1533.3999999999999
New York,2017-02-01,2017,2,4.6,803.1,8593.6,4.4,354.0,444.7,1540.6,274.8,709.2,1271.1,2013.0,889.1,1490.7,1545.8999999999999
New York,2017-03-01,2017,3,4.6,809.0,8623.9,4.5,358.5,446.0,1541.2,275.9,710.1,1275.7,2021.8,898.0,1494.9,1551.6
New York,2017-04-01,2017,4,4.6,827.6,8672.9,4.8,377.8,445.0,1545.0,273.5,707.9,1290.5,2025.5,924.0,1496.4,1564.0
New York,2017-05-01,2017,5,4.6,843.1,8740.9,5.1,391.6,446.4,1563.3,275.2,710.8,1299.7,2014.1,966.7,1497.0,1574.9
New York,2017-06-01,2017,6,4.6,855.9,8783.8,5.2,400.4,450.3,1577.7,279.5,724.7,1320.4,1973.0,999.9,1491.8,1599.9
New York,2017-07-01,2017,7,4.7,860.2,8724.1,5.4,406.1,448.7,1558.8,281.4,728.5,1323.4,1939.3,1009.8,1468.2,1604.8000000000002
New York,2017-08-01,2017,8,4.7,862.0,8699.8,5.4,408.4,448.2,1555.6,284.0,728.7,1319.1,1935.2,1009.0,1456.1,1603.1
New York,2017-09-01,2017,9,4.7,857.0,8715.2,5.3,405.1,446.6,1564.3,283.6,717.1,1311.1,1988.7,974.1,1464.9,1594.6999999999998
New York,2017-10-01,2017,10,4.7,858.5,8831.0,5.4,405.6,447.5,1577.7,284.7,718.8,1315.7,2057.2,965.2,1496.4,1600.4
New York,2017-11-01,2017,11,4.6,854.2,8883.0,5.3,401.9,447.0,1612.9,287.2,720.4,1322.3,2072.3,950.0,1502.5,1609.5
New York,2017-12-01,2017,12,4.6,842.0,8905.1,5.1,390.5,446.4,1629.5,288.3,724.2,1322.0,2075.3,946.2,1503.7,1610.3
New York,2018-01-01,2018,1,4.5,808.6,8601.5,4.6,364.5,439.5,1560.8,273.2,712.6,1280.6,2010.3,896.7,1460.7,1553.8
New York,2018-02-01,2018,2,4.4,813.9,8708.1,4.7,368.4,440.8,1542.0,280.9,715.5,1290.5,2073.2,906.2,1491.0,1571.4
New York,2018-03-01,2018,3,4.3,821.1,8747.4,4.8,374.6,441.7,1540.6,283.7,715.0,1298.5,2083.9,919.4,1495.0,1582.2
New York,2018-04-01,2018,4,4.2,836.1,8797.3,5.2,389.3,441.6,1546.1,279.0,713.7,1312.3,2097.7,941.0,1494.0,1591.3
New York,2018-05-01,2018,5,4.1,854.6,8854.9,5.5,405.7,443.4,1561.4,281.1,716.4,1322.3,2081.6,975.2,1500.3,1603.4
New York,2018-06-01,2018,6,4.0,868.1,8909.7,5.7,414.9,447.5,1575.2,287.4,730.9,1347.2,2036.5,1010.8,1502.7,1634.6
New York,2018-07-01,2018,7,3.9,872.9,8840.5,5.8,419.6,447.5,1554.8,285.6,735.8,1349.0,2008.4,1016.4,1473.8,1634.6
New York,2018-08-01,2018,8,3.9,873.7,8810.5,5.8,420.4,447.5,1549.0,286.6,734.9,1348.0,2004.2,1010.6,1462.3,1634.6
New York,2018-09-01,2018,9,3.9,867.8,8809.2,5.8,416.9,445.1,1556.0,284.0,722.3,1332.8,2052.8,977.3,1471.7,1616.8
New York,2018-10-01,2018,10,4.0,872.2,8947.7,5.7,420.1,446.4,1571.0,287.8,726.1,1345.3,2132.3,968.8,1498.0,1633.1
New York,2018-11-01,2018,11,4.0,864.4,8999.4,5.6,412.8,446.0,1607.7,290.2,727.4,1351.8,2144.6,948.2,1511.5,1642.0
New York,2018-12-01,2018,12,4.0,854.7,9010.1,5.2,404.2,445.3,1621.1,287.5,729.3,1348.4,2148.1,949.8,1508.4,1635.9
New York,2019-01-01,2019,1,4.0,825.7,8730.8,4.7,381.4,439.6,1556.4,278.0,721.5,1309.8,2090.1,903.3,1462.4,1587.8
New York,2019-02-01,2019,2,3.9,826.2,8820.3,4.8,381.3,440.1,1532.4,282.5,723.7,1319.0,2149.8,909.7,1491.0,1601.5
New York,2019-03-01,2019,3,3.9,831.4,8867.1,4.8,386.5,440.1,1533.9,285.4,723.2,1327.0,2166.1,922.7,1496.3,1612.4
New York,2019-04-01,2019,4,3.8,848.8,8920.6,5.2,402.8,440.8,1538.1,286.1,723.7,1347.1,2162.4,944.7,1502.3,1633.1999999999998
New York,2019-05-01,2019,5,3.8,859.4,8956.1,5.5,412.3,441.6,1547.3,288.4,726.0,1349.8,2145.2,977.1,1504.3,1638.1999999999998
New York,2019-06-01,2019,6,3.8,869.2,8996.5,5.6,418.5,445.1,1562.6,290.5,738.3,1370.7,2098.3,1009.0,1507.3,1661.2
New York,2019-07-01,2019,7,3.8,872.6,8940.0,5.6,423.7,443.3,1543.7,289.7,744.2,1374.7,2066.5,1019.2,1483.0,1664.4
New York,2019-08-01,2019,8,3.9,873.2,8906.6,5.6,425.1,442.5,1535.0,293.0,744.0,1371.7,2060.4,1012.2,1473.2,1664.7
New York,2019-09-01,2019,9,3.9,865.9,8907.2,5.6,420.3,440.0,1542.8,289.8,730.4,1356.1,2114.0,977.9,1481.2,1645.8999999999999
New York,2019-10-01,2019,10,3.9,860.0,9021.8,5.6,417.9,436.5,1559.8,289.4,732.8,1366.0,2181.7,968.0,1506.4,1655.4
New York,2019-11-01,2019,11,4.0,854.9,9084.8,5.4,410.8,438.7,1596.0,293.0,733.4,1370.7,2197.7,950.1,1525.0,1663.7
New York,2019-12-01,2019,12,4.0,842.5,9082.9,5.2,399.9,437.4,1612.4,291.9,735.9,1367.7,2192.0,949.2,1515.4,1659.6
New York,2020-01-01,2020,1,4.1,820.0,8827.9,4.7,382.8,432.5,1544.3,290.1,727.1,1325.4,2143.3,904.8,1481.7,1615.5
New York,2020-02-01,2020,2,4.2,819.2,8908.2,4.8,382.0,432.4,1520.4,292.3,729.5,1333.9,2198.9,915.0,1506.0,1626.2
New York,2020-03-01,2020,3,4.2,818.7,8826.2,4.9,383.4,430.4,1510.1,293.5,726.2,1326.7,2187.7,870.5,1510.0,1620.2
New York,2020-04-01,2020,4,15.7,599.8,7246.8,4.4,245.2,350.2,1144.1,261.7,695.4,1174.1,1900.9,353.9,1449.3,1435.8
New York,2020-05-01,2020,5,16.7,681.6,7365.1,5.1,307.3,369.2,1187.7,255.5,696.1,1187.7,1897.5,424.6,1436.4,1443.2
New York,2020-06-01,2020,6,13.6,759.5,7564.7,5.4,360.7,393.4,1265.0,253.8,702.7,1208.1,1903.0,489.9,1428.2,1461.8999999999999
New York,2020-07-01,2020,7,12.6,780.7,7625.5,5.4,378.6,396.7,1315.4,253.3,706.9,1219.5,1897.4,565.4,1329.9,1472.8
New York,2020-08-01,2020,8,10.8,795.5,7783.4,5.5,389.3,400.7,1337.0,254.6,711.7,1228.0,1920.8,604.2,1380.1,1482.6
New York,2020-09-01,2020,9,10.2,793.8,7954.7,5.4,386.5,401.9,1360.1,258.0,705.2,1223.3,1980.3,623.6,1453.9,1481.3
New York,2020-10-01,2020,10,9.2,796.8,8138.1,5.4,386.7,404.7,1399.4,268.1,705.5,1242.0,2064.9,649.4,1452.6,1510.1
New York,2020-11-01,2020,11,8.9,794.2,8177.6,5.4,384.0,404.8,1432.7,269.3,705.0,1249.4,2076.3,630.6,1458.1,1518.7
New York,2020-12-01,2020,12,8.7,784.7,8146.0,5.2,374.1,405.4,1452.8,269.7,706.1,1252.4,2072.1,593.3,1446.6,1522.1000000000001
New York,2021-01-01,2021,1,8.5,756.9,7893.0,4.5,351.7,400.7,1392.9,265.2,696.6,1222.4,2005.7,546.3,1415.7,1487.6000000000001
New York,2021-02-01,2021,2,8.3,749.5,7992.9,4.5,343.8,401.2,1374.4,267.8,697.3,1234.8,2061.0,578.9,1428.9,1502.6
New York,2021-03-01,2021,3,8.1,766.8,8070.1,4.8,358.0,404.0,1379.5,273.7,698.2,1247.4,2077.5,607.8,1432.9,1521.1000000000001
New York,2021-04-01,2021,4,7.9,780.7,8160.5,5.2,371.9,403.6,1386.1,273.8,696.8,1265.4,2086.6,657.3,1436.4,1539.2
New York,2021-05-01,2021,5,7.5,790.6,8215.0,5.5,380.0,405.1,1399.5,275.5,697.5,1273.8,2065.6,704.2,1437.0,1549.3
New York,2021-06-01,2021,6,7.5,799.4,8271.3,5.5,384.6,409.3,1416.8,279.5,707.1,1288.8,2022.9,760.5,1430.4,1568.3
New York,2021-07-01,2021,7,7.0,806.2,8293.0,5.7,389.2,411.3,1408.0,281.6,713.4,1296.3,1997.3,803.9,1425.5,1577.9
New York,2021-08-01,2021,8,6.8,806.6,8283.5,5.6,390.2,410.8,1409.4,282.2,715.3,1293.0,1988.7,813.7,1414.3,1575.2
New York,2021-09-01,2021,9,6.2,805.5,8325.9,5.5,388.5,411.5,1414.7,288.0,705.9,1291.0,2032.7,799.1,1427.1,1579.0
New York,2021-10-01,2021,10,5.9,812.3,8537.0,5.6,390.0,416.7,1461.4,288.8,713.1,1320.8,2117.9,814.9,1444.5,1609.6
New York,2021-11-01,2021,11,5.5,811.5,8615.8,5.5,387.8,418.2,1501.0,291.7,714.2,1332.1,2139.7,811.6,1448.3,1623.8
New York,2021-12-01,2021,12,5.4,802.4,8649.9,5.2,377.5,419.7,1521.4,292.6,718.2,1335.8,2139.7,813.8,1449.9,1628.4
New York,2022-01-01,2022,1,5.2,773.9,8384.8,4.8,355.1,414.0,1465.5,283.8,709.3,1308.4,2058.3,761.5,1426.5,1592.2
New York,2022-02-01,2022,2,4.8,781.4,8525.1,4.8,358.6,418.0,1461.0,290.3,711.6,1322.3,2140.0,783.0,1441.7,1612.6
New York,2022-03-01,2022,3,4.6,791.6,8573.4,5.0,366.2,420.4,1461.7,292.6,712.3,1330.7,2150.4,804.3,1443.8,1623.3000000000002
New York,2022-04-01,2022,4,4.5,810.5,8611.2,5.3,383.5,421.7,1459.9,293.7,717.2,1354.7,2144.9,830.6,1433.1,1648.4
New York,2022-05-01,2022,5,4.3,822.4,8672.6,5.6,393.6,423.2,1472.8,297.2,720.6,1361.2,2133.4,875.4,1431.8,1658.4
New York,2022-06-01,2022,6,4.2,835.0,8744.2,5.7,402.7,426.6,1488.0,305.0,738.5,1390.0,2094.8,916.5,1427.5,1695.0
New York,2022-07-01,2022,7,4.0,837.5,8771.5,5.8,404.7,427.0,1479.7,306.1,749.0,1399.0,2070.2,936.3,1447.1,1705.1
New York,2022-08-01,2022,8,3.8,837.5,8757.2,5.7,405.1,426.7,1478.4,305.2,750.2,1398.3,2066.8,931.3,1444.8,1703.5
New York,2022-09-01,2022,9,3.9,833.3,8732.5,5.7,403.0,424.6,1483.9,302.9,737.4,1387.9,2119.8,901.8,1417.2,1690.8000000000002
New York,2022-10-01,2022,10,4.0,830.2,8838.1,5.6,399.7,424.9,1496.6,304.9,740.8,1392.5,2189.9,895.0,1433.4,1697.4
New York,2022-11-01,2022,11,4.0,828.0,8890.0,5.5,397.2,425.3,1524.8,303.2,742.7,1398.1,2206.7,883.7,1444.9,1701.3
New York,2022-12-01,2022,12,4.0,816.6,8884.3,5.4,386.9,424.3,1540.4,300.8,743.3,1387.4,2206.4,877.3,1443.3,1688.2
New York,2023-01-01,2023,1,4.0,795.7,8675.5,4.9,370.1,420.7,1489.5,291.2,736.7,1359.1,2156.0,841.2,1421.3,1650.3
New York,2023-02-01,2023,2,4.0,797.1,8759.4,5.0,371.4,420.7,1470.9,294.5,737.0,1364.3,2221.8,851.5,1437.2,1658.8
New York,2023-03-01,2023,3,4.0,802.3,8799.2,5.0,375.6,421.7,1472.0,293.8,738.3,1373.0,2230.9,865.5,1442.7,1666.8
New York,2023-04-01,2023,4,3.9,812.2,8824.8,5.5,387.2,419.5,1467.7,289.7,739.2,1381.0,2232.3,884.5,1444.9,1670.7
New York,2023-05-01,2023,5,3.9,826.4,8901.1,5.7,399.5,421.2,1484.8,287.3,742.1,1390.1,2227.4,928.4,1451.8,1677.3999999999999
New York,2023-06-01,2023,6,3.9,836.5,8978.4,5.8,405.2,425.5,1500.5,287.8,759.1,1416.3,2192.5,970.1,1460.3,1704.1
New York,2023-07-01,2023,7,4.0,838.2,8939.2,5.8,407.9,424.5,1481.0,278.9,762.7,1411.3,2164.8,975.5,1476.1,1690.1999999999998
New York,2023-08-01,2023,8,4.0,835.5,8908.1,5.8,406.9,422.8,1477.6,275.9,761.8,1404.8,2160.3,972.5,1468.9,1680.6999999999998
New York,2023-09-01,2023,9,4.1,831.5,8898.6,5.6,404.1,421.8,1483.0,274.9,748.6,1397.1,2222.6,940.0,1447.3,1672.0
New York,2023-10-01,2023,10,4.1,827.4,8984.1,5.7,401.9,419.8,1497.2,274.3,746.2,1397.9,2289.5,923.5,1469.4,1672.2
New York,2023-11-01,2023,11,4.2,819.3,9027.8,5.6,395.4,418.3,1525.2,276.7,744.6,1399.4,2309.2,909.8,1476.9,1676.1000000000001
New York,2023-12-01,2023,12,4.2,810.4,9052.8,5.4,386.8,418.2,1538.0,280.2,746.4,1394.8,2317.2,910.7,1479.4,1675.0
New York,2024-01-01,2024,1,4.1,789.3,8824.9,4.9,371.1,413.3,1486.8,275.7,741.5,1363.9,2254.3,862.2,1460.5,1639.6000000000001
New York,2024-02-01,2024,2,4.1,788.2,8923.8,4.9,369.5,413.8,1469.8,282.0,741.1,1371.1,2325.6,871.5,1480.2,1653.1
New York,2024-03-01,2024,3,4.1,797.9,8979.6,5.1,377.0,415.8,1473.9,283.3,741.5,1381.7,2341.1,889.8,1485.1,1665.0
New York,2024-04-01,2024,4,4.2,805.8,9031.4,5.4,385.8,414.6,1473.2,281.3,742.4,1398.3,2355.2,911.2,1488.9,1679.6
New York,2024-05-01,2024,5,4.2,816.2,9090.3,5.7,396.0,414.5,1480.7,281.8,743.3,1406.5,2358.4,947.2,1488.9,1688.3
New York,2024-06-01,2024,6,4.2,826.8,9157.4,5.8,402.6,418.4,1494.1,281.1,758.7,1426.5,2327.3,984.8,1499.2,1707.6
New York,2024-07-01,2024,7,4.2,827.6,9100.5,5.8,404.0,417.8,1479.8,279.8,763.7,1420.6,2264.9,986.5,1522.4,1700.3999999999999
New York,2024-08-01,2024,8,4.2,825.9,9066.3,5.8,405.3,414.8,1474.1,278.9,761.9,1415.5,2265.3,980.0,1510.6,1694.4
New York,2024-09-01,2024,9,4.2,822.1,9079.9,5.8,402.3,414.0,1485.8,277.8,750.7,1407.3,2351.2,952.9,1475.5,1685.1
New York,2024-10-01,2024,10,4.1,818.5,9156.9,5.7,400.0,412.8,1495.5,280.9,749.7,1407.6,2403.6,941.8,1496.4,1688.5
New York,2024-11-01,2024,11,4.1,812.4,9203.2,5.6,394.5,412.3,1519.0,279.9,750.6,1411.0,2428.8,924.8,1507.8,1690.9
New York,2024-12-01,2024,12,4.1,800.7,9216.6,5.3,384.0,411.4,1536.3,278.6,753.3,1406.2,2431.2,926.4,1503.9,1684.8000000000002
New York,2025-01-01,2025,1,4.1,777.2,9007.8,4.9,367.0,405.3,1490.7,269.0,751.4,1384.2,2369.8,878.9,1486.2,1653.2
New York,2025-02-01,2025,2,4.1,777.9,9094.2,4.9,367.1,405.9,1474.6,270.6,753.3,1391.1,2434.7,881.7,1509.8,1661.6999999999998
New York,2025-03-01,2025,3,4.1,789.9,9139.6,5.1,377.7,407.1,1479.4,273.8,754.7,1398.2,2439.4,900.7,1512.8,1672.0
New York,2025-04-01,2025,4,4.1,790.6,9113.6,5.4,381.1,404.1,1465.0,269.8,748.4,1393.8,2439.6,905.1,1513.2,1663.6
New York,2025-05-01,2025,5,4.2,802.2,9181.2,5.6,390.9,405.7,1478.0,270.4,750.1,1398.9,2433.0,952.8,1515.7,1669.3000000000002
New York,2025-06-01,2025,6,4.3,811.2,9214.1,5.7,396.9,408.6,1487.0,271.1,763.6,1413.8,2392.5,978.0,1524.2,1684.9
New York,2025-07-01,2025,7,4.4,814.0,9173.6,5.7,400.6,407.7,1478.4,273.4,772.3,1414.8,2314.2,988.9,1549.2,1688.1999999999998
New York,2025-08-01,2025,8,4.5,812.1,9138.6,5.7,400.6,405.8,1471.7,274.2,770.7,1405.8,2313.7,986.0,1536.7,1680.0
New York,2025-09-01,2025,9,4.6,806.7,9125.4,5.7,396.8,404.2,1481.7,273.8,757.6,1397.1,2386.9,950.3,1500.6,1670.8999999999999
New York,2025-10-01,2025,10,,801.1,9199.9,5.7,395.1,400.3,1494.1,276.7,752.3,1406.2,2436.2,932.3,1521.0,1682.9
New York,2025-11-01,2025,11,4.6,793.4,9232.6,5.7,389.2,398.5,1512.5,275.5,755.9,1408.5,2455.2,921.6,1525.3,1684.0
New York,2025-12-01,2025,12,4.6,785.2,9258.1,5.4,381.0,398.8,1531.4,277.1,763.0,1415.7,2459.4,913.4,1519.5,1692.8000000000002
New York,2026-01-01,2026,1,4.6,764.4,9046.2,5.0,364.7,394.7,1482.6,268.8,752.4,1378.3,2419.6,873.9,1495.5,1647.1
New York,2026-02-01,2026,2,4.6,756.0,9094.2,5.0,357.6,393.4,1462.6,271.1,756.0,1377.6,2463.2,873.5,1514.8,1648.6999999999998
North Carolina,2016-01-01,2016,1,5.3,659.8,3594.5,5.6,190.6,463.6,794.3,70.5,223.4,593.1,573.8,448.5,725.1,663.6
North Carolina,2016-02-01,2016,2,5.2,662.0,3617.8,5.5,191.6,464.9,792.3,71.7,224.3,597.6,578.6,451.8,735.3,669.3000000000001
North Carolina,2016-03-01,2016,3,5.2,664.8,3647.6,5.6,195.0,464.2,796.6,71.1,224.7,602.2,580.6,462.5,742.7,673.3000000000001
North Carolina,2016-04-01,2016,4,5.1,668.7,3684.7,5.6,199.0,464.1,803.7,71.9,226.2,610.5,584.7,479.5,739.5,682.4
North Carolina,2016-05-01,2016,5,5.0,670.2,3707.7,5.6,200.2,464.4,808.1,72.6,227.5,610.0,585.9,492.5,741.0,682.6
North Carolina,2016-06-01,2016,6,5.0,674.3,3680.2,5.7,202.5,466.1,810.4,72.4,230.3,613.2,580.1,502.1,699.7,685.6
North Carolina,2016-07-01,2016,7,5.0,677.1,3610.9,5.7,204.2,467.2,812.0,72.9,232.4,615.6,580.8,500.5,624.2,688.5
North Carolina,2016-08-01,2016,8,5.1,676.4,3668.7,5.7,204.0,466.7,813.5,72.2,232.8,617.5,585.4,499.6,675.4,689.7
North Carolina,2016-09-01,2016,9,5.1,676.2,3711.2,5.7,204.5,466.0,810.3,71.2,231.1,619.1,589.0,488.3,730.4,690.3000000000001
North Carolina,2016-10-01,2016,10,5.1,674.2,3731.4,5.6,204.2,464.4,814.2,72.0,232.0,621.1,593.5,482.6,744.7,693.1
North Carolina,2016-11-01,2016,11,5.1,677.2,3755.1,5.6,205.1,466.5,831.7,72.2,231.5,622.1,595.3,479.5,751.2,694.3000000000001
North Carolina,2016-12-01,2016,12,5.0,677.8,3747.8,5.6,204.9,467.3,841.2,72.3,232.6,616.8,594.3,475.2,744.8,689.0999999999999
North Carolina,2017-01-01,2017,1,4.9,668.0,3668.6,5.6,198.8,463.6,810.5,71.4,229.4,604.9,589.1,461.2,732.5,676.3
North Carolina,2017-02-01,2017,2,4.8,674.3,3698.2,5.6,202.5,466.2,807.6,71.7,230.2,612.7,596.0,467.8,741.8,684.4000000000001
North Carolina,2017-03-01,2017,3,4.7,675.9,3717.7,5.7,204.3,465.9,809.7,71.6,231.2,615.8,594.9,478.1,745.1,687.4
North Carolina,2017-04-01,2017,4,4.6,677.4,3734.8,5.5,206.1,465.8,811.4,71.9,232.7,617.0,596.9,488.2,744.8,688.9
North Carolina,2017-05-01,2017,5,4.5,680.6,3764.2,5.6,207.9,467.1,815.8,71.9,234.1,619.4,599.1,505.5,745.0,691.3
North Carolina,2017-06-01,2017,6,4.5,687.0,3742.8,5.6,211.0,470.4,821.2,72.1,237.4,626.5,593.4,515.8,700.2,698.6
North Carolina,2017-07-01,2017,7,4.5,688.2,3675.0,5.8,212.1,470.3,823.1,72.9,239.5,625.8,593.0,516.2,628.7,698.6999999999999
North Carolina,2017-08-01,2017,8,4.5,688.3,3734.3,5.8,211.9,470.6,824.5,72.9,239.2,627.1,597.3,516.3,682.0,700.0
North Carolina,2017-09-01,2017,9,4.5,687.5,3762.7,5.8,211.8,469.9,819.3,71.9,237.7,624.3,598.8,500.2,736.6,696.1999999999999
North Carolina,2017-10-01,2017,10,4.4,687.9,3794.5,5.8,212.4,469.7,826.1,72.3,238.6,630.4,607.5,498.0,746.4,702.6999999999999
North Carolina,2017-11-01,2017,11,4.4,689.0,3810.7,5.9,212.7,470.4,843.3,73.1,237.9,632.6,607.1,491.0,750.8,705.7
North Carolina,2017-12-01,2017,12,4.3,691.1,3801.5,5.9,213.4,471.8,849.7,73.1,238.9,628.2,605.1,484.9,746.5,701.3000000000001
North Carolina,2018-01-01,2018,1,4.2,683.5,3729.9,5.8,209.3,468.4,820.5,74.4,236.8,614.7,601.2,472.4,735.8,689.1
North Carolina,2018-02-01,2018,2,4.2,688.7,3762.8,5.8,211.8,471.1,820.9,74.9,238.2,621.7,609.0,478.5,744.5,696.6
North Carolina,2018-03-01,2018,3,4.1,692.8,3784.9,5.9,215.1,471.8,823.2,74.7,239.2,624.4,608.9,489.5,748.9,699.1
North Carolina,2018-04-01,2018,4,4.0,693.9,3805.3,5.8,216.4,471.7,823.3,74.8,240.3,631.2,611.3,499.5,748.7,706.0
North Carolina,2018-05-01,2018,5,3.9,698.6,3838.6,5.8,219.5,473.3,829.1,76.5,241.7,631.3,613.2,515.7,753.0,707.8
North Carolina,2018-06-01,2018,6,3.9,705.6,3814.1,5.9,223.1,476.6,832.7,76.0,245.0,636.7,607.4,527.0,708.9,712.7
North Carolina,2018-07-01,2018,7,3.9,708.2,3747.2,5.9,224.3,478.0,833.6,75.8,245.6,639.6,607.1,527.6,637.1,715.4
North Carolina,2018-08-01,2018,8,3.9,709.1,3809.6,5.9,224.7,478.5,834.3,75.2,245.8,645.7,612.0,526.6,689.6,720.9000000000001
North Carolina,2018-09-01,2018,9,4.0,705.7,3798.0,5.7,222.8,477.2,824.3,74.6,243.3,638.4,609.0,497.9,733.1,713.0
North Carolina,2018-10-01,2018,10,4.0,710.6,3858.9,5.7,227.1,477.8,835.7,75.3,244.8,651.7,620.8,505.8,744.7,727.0
North Carolina,2018-11-01,2018,11,4.0,710.7,3878.4,5.7,226.9,478.1,856.7,75.6,244.6,648.0,622.3,499.6,751.4,723.6
North Carolina,2018-12-01,2018,12,4.0,710.5,3857.7,5.7,225.8,479.0,859.1,75.4,244.7,641.2,618.4,492.1,746.8,716.6
North Carolina,2019-01-01,2019,1,4.0,707.8,3815.1,5.7,225.5,476.6,838.6,75.4,242.1,636.2,618.0,485.5,738.9,711.6
North Carolina,2019-02-01,2019,2,4.0,710.3,3839.3,5.7,226.7,477.9,833.8,76.2,243.6,641.8,624.5,491.1,746.8,718.0
North Carolina,2019-03-01,2019,3,3.9,711.8,3856.9,5.7,228.9,477.2,836.6,76.1,244.0,643.8,623.3,500.0,750.1,719.9
North Carolina,2019-04-01,2019,4,3.9,710.3,3873.2,5.6,228.6,476.1,836.7,75.4,245.9,644.9,624.8,510.7,752.3,720.3
North Carolina,2019-05-01,2019,5,3.8,713.6,3900.1,5.7,230.7,477.2,842.4,76.2,248.0,645.1,625.9,525.8,752.5,721.3000000000001
North Carolina,2019-06-01,2019,6,3.9,718.6,3879.8,5.7,233.4,479.5,847.5,77.0,251.6,650.2,619.6,537.0,710.7,727.2
North Carolina,2019-07-01,2019,7,3.9,721.5,3819.8,5.8,235.4,480.3,847.9,76.7,254.4,653.1,620.1,538.6,641.8,729.8000000000001
North Carolina,2019-08-01,2019,8,3.9,720.6,3881.1,5.9,235.2,479.5,846.3,76.6,255.5,658.3,624.8,535.2,698.4,734.9
North Carolina,2019-09-01,2019,9,3.9,718.5,3891.1,5.7,234.6,478.2,840.9,76.1,253.3,651.4,623.5,516.4,744.6,727.5
North Carolina,2019-10-01,2019,10,3.8,718.1,3932.4,5.8,234.9,477.4,852.9,76.5,255.0,657.4,633.1,517.0,754.2,733.9
North Carolina,2019-11-01,2019,11,3.8,717.4,3956.0,5.7,234.8,476.9,871.0,77.1,254.9,659.9,634.1,511.8,760.5,737.0
North Carolina,2019-12-01,2019,12,3.7,717.1,3942.6,5.7,233.6,477.8,876.1,77.4,255.8,652.0,629.0,508.3,758.0,729.4
North Carolina,2020-01-01,2020,1,3.8,709.0,3886.5,5.7,229.6,473.7,852.2,76.6,254.1,645.5,626.6,496.8,749.3,722.1
North Carolina,2020-02-01,2020,2,3.8,711.8,3907.1,5.8,231.5,474.5,846.1,77.2,255.9,651.5,630.7,501.0,758.5,728.7
North Carolina,2020-03-01,2020,3,4.0,710.8,3894.3,5.8,232.4,472.6,846.6,77.2,255.7,648.0,625.8,495.2,760.3,725.2
North Carolina,2020-04-01,2020,4,14.2,652.6,3433.1,5.7,222.6,424.3,775.8,73.1,250.2,598.0,563.1,287.2,743.2,671.1
North Carolina,2020-05-01,2020,5,11.6,664.5,3516.0,5.7,226.7,432.1,800.0,73.0,252.9,604.1,576.2,329.9,727.3,677.1
North Carolina,2020-06-01,2020,6,9.8,681.9,3611.3,5.6,228.4,447.9,829.9,72.9,256.9,613.0,583.7,399.6,686.0,685.9
North Carolina,2020-07-01,2020,7,8.7,681.9,3602.8,5.6,228.5,447.8,835.8,72.5,259.3,623.5,585.4,416.1,638.2,696.0
North Carolina,2020-08-01,2020,8,7.4,684.9,3700.9,5.7,229.1,450.1,847.5,72.1,260.4,630.9,599.1,420.0,696.9,703.0
North Carolina,2020-09-01,2020,9,6.8,686.3,3736.2,5.6,228.7,452.0,853.0,71.6,259.5,632.5,601.2,421.2,723.7,704.1
North Carolina,2020-10-01,2020,10,6.1,690.4,3820.7,5.8,231.5,453.1,878.3,72.9,261.9,651.9,615.6,429.5,733.1,724.8
North Carolina,2020-11-01,2020,11,5.9,692.8,3846.0,5.7,231.6,455.5,895.2,73.2,262.1,654.5,618.2,429.0,736.1,727.7
North Carolina,2020-12-01,2020,12,5.8,696.6,3855.7,5.6,232.4,458.6,912.8,73.2,262.9,656.9,618.9,424.1,730.4,730.1
North Carolina,2021-01-01,2021,1,5.6,694.6,3779.2,5.5,231.6,457.5,879.5,74.2,263.5,649.9,622.2,412.4,701.2,724.1
North Carolina,2021-02-01,2021,2,5.5,699.3,3806.7,5.6,233.2,460.5,876.9,74.7,265.3,658.2,628.3,415.8,710.4,732.9000000000001
North Carolina,2021-03-01,2021,3,5.4,703.5,3836.3,5.7,235.9,461.9,879.2,74.6,266.4,660.5,628.1,427.6,721.2,735.1
North Carolina,2021-04-01,2021,4,5.3,702.5,3873.1,5.7,237.9,458.9,879.4,75.6,270.7,665.3,629.8,441.6,730.1,740.9
North Carolina,2021-05-01,2021,5,5.1,704.3,3909.8,5.7,239.0,459.6,885.8,76.5,272.0,670.9,628.6,460.5,733.2,747.4
North Carolina,2021-06-01,2021,6,5.1,710.0,3897.7,5.7,241.2,463.1,890.6,76.9,274.9,671.4,621.6,479.2,698.9,748.3
North Carolina,2021-07-01,2021,7,4.9,710.9,3879.5,5.6,241.7,463.6,890.7,78.1,279.3,682.5,622.0,491.2,649.5,760.6
North Carolina,2021-08-01,2021,8,4.7,709.2,3917.0,5.6,239.9,463.7,884.8,78.6,279.3,687.1,624.9,486.1,690.9,765.7
North Carolina,2021-09-01,2021,9,4.5,706.2,3916.3,5.6,237.7,462.9,882.3,77.8,278.2,683.1,621.9,468.6,721.2,760.9
North Carolina,2021-10-01,2021,10,4.2,712.9,3996.7,5.6,240.6,466.7,906.2,78.6,283.4,706.9,632.1,475.9,728.0,785.5
North Carolina,2021-11-01,2021,11,4.0,715.8,4026.8,5.6,241.2,469.0,927.1,78.7,284.2,713.0,633.5,472.3,731.7,791.7
North Carolina,2021-12-01,2021,12,3.8,717.5,4033.0,5.6,241.2,470.7,942.6,78.5,285.0,711.7,628.5,472.3,727.8,790.2
North Carolina,2022-01-01,2022,1,3.7,708.9,3945.0,5.5,238.3,465.1,903.8,79.0,284.0,705.4,619.6,454.9,713.0,784.4
North Carolina,2022-02-01,2022,2,3.6,717.9,4003.5,5.5,241.6,470.8,913.9,80.1,286.7,718.5,626.6,466.9,723.4,798.6
North Carolina,2022-03-01,2022,3,3.6,722.4,4027.3,5.5,244.3,472.6,912.4,80.5,287.9,720.1,627.2,477.7,733.5,800.6
North Carolina,2022-04-01,2022,4,3.6,723.8,4065.1,5.6,246.0,472.2,910.8,81.7,290.8,730.9,632.0,493.8,735.3,812.6
North Carolina,2022-05-01,2022,5,3.6,726.4,4094.6,5.6,247.7,473.1,912.4,83.2,292.8,731.7,633.0,509.9,740.3,814.9000000000001
North Carolina,2022-06-01,2022,6,3.7,731.2,4089.1,5.5,250.7,475.0,915.5,83.7,296.4,731.6,628.6,524.6,714.9,815.3000000000001
North Carolina,2022-07-01,2022,7,3.7,732.7,4063.0,5.5,250.8,476.4,921.6,85.3,299.5,738.9,632.6,529.8,660.7,824.1999999999999
North Carolina,2022-08-01,2022,8,3.8,731.7,4116.4,5.6,250.4,475.7,920.1,85.2,299.9,741.8,638.9,527.6,708.6,827.0
North Carolina,2022-09-01,2022,9,3.8,731.1,4120.8,5.6,250.2,475.3,919.7,84.8,297.8,739.4,641.9,508.8,735.5,824.1999999999999
North Carolina,2022-10-01,2022,10,3.7,731.5,4156.0,5.5,250.9,475.1,927.0,85.1,299.6,747.1,654.6,506.8,742.5,832.2
North Carolina,2022-11-01,2022,11,3.7,731.7,4183.4,5.5,251.3,474.9,945.6,85.7,299.9,747.8,656.9,503.2,751.2,833.5
North Carolina,2022-12-01,2022,12,3.6,731.9,4178.2,5.6,251.9,474.4,956.4,85.2,300.2,742.3,654.9,501.6,744.2,827.5
North Carolina,2023-01-01,2023,1,3.6,729.7,4122.5,5.5,252.2,472.0,924.5,85.5,298.5,736.6,653.4,495.2,735.3,822.1
North Carolina,2023-02-01,2023,2,3.5,733.0,4150.9,5.6,254.3,473.1,921.5,85.8,299.4,743.3,660.7,502.8,742.9,829.0999999999999
North Carolina,2023-03-01,2023,3,3.5,735.0,4165.6,5.6,256.8,472.6,923.5,85.7,299.4,742.2,660.0,512.4,747.0,827.9000000000001
North Carolina,2023-04-01,2023,4,3.4,733.4,4188.1,5.6,256.9,470.9,923.4,86.5,301.8,743.4,664.5,522.1,750.1,829.9
North Carolina,2023-05-01,2023,5,3.4,735.5,4218.7,5.7,259.0,470.8,928.7,86.8,303.1,742.4,667.0,540.7,752.4,829.1999999999999
North Carolina,2023-06-01,2023,6,3.4,742.9,4226.1,5.8,263.0,474.1,933.9,86.1,307.3,744.1,663.9,556.8,734.2,830.2
North Carolina,2023-07-01,2023,7,3.4,739.8,4161.5,5.7,262.8,471.3,928.2,86.2,309.0,743.5,662.0,555.2,678.3,829.7
North Carolina,2023-08-01,2023,8,3.5,738.4,4216.0,5.7,262.6,470.1,928.0,86.2,308.7,744.9,670.5,552.4,727.5,831.1
North Carolina,2023-09-01,2023,9,3.5,737.1,4219.6,5.7,262.6,468.8,923.7,85.5,306.3,743.9,674.1,535.4,754.7,829.4
North Carolina,2023-10-01,2023,10,3.5,740.3,4258.8,5.8,266.8,467.7,934.4,85.8,307.4,748.4,684.2,536.7,764.7,834.1999999999999
North Carolina,2023-11-01,2023,11,3.5,741.4,4281.1,5.9,268.0,467.5,950.3,85.8,307.6,749.5,687.6,532.2,770.9,835.3
North Carolina,2023-12-01,2023,12,3.5,744.8,4284.5,6.0,269.9,468.9,958.7,86.2,308.8,747.5,687.7,531.3,767.2,833.7
North Carolina,2024-01-01,2024,1,3.5,735.0,4203.5,5.9,264.0,465.1,927.8,85.8,303.7,731.7,685.5,514.2,760.7,817.5
North Carolina,2024-02-01,2024,2,3.5,740.1,4232.0,5.9,267.6,466.6,923.1,86.1,305.1,737.5,694.0,518.7,773.0,823.6
North Carolina,2024-03-01,2024,3,3.6,743.2,4246.8,6.0,269.7,467.5,925.6,85.9,305.4,736.9,692.1,528.4,777.4,822.8
North Carolina,2024-04-01,2024,4,3.6,743.3,4279.4,6.0,270.9,466.4,925.8,86.0,307.6,744.1,699.5,541.6,779.1,830.1
North Carolina,2024-05-01,2024,5,3.6,745.4,4309.3,6.0,272.5,466.9,929.8,85.7,308.5,744.3,700.5,558.5,785.2,830.0
North Carolina,2024-06-01,2024,6,3.6,750.6,4289.6,6.0,275.4,469.2,932.4,86.5,311.3,743.4,693.1,568.6,755.8,829.9
North Carolina,2024-07-01,2024,7,3.7,748.9,4228.7,6.0,275.2,467.7,934.4,86.7,313.7,740.1,692.7,564.0,700.0,826.8000000000001
North Carolina,2024-08-01,2024,8,3.7,747.7,4279.3,6.0,275.3,466.4,932.4,86.8,312.2,744.4,702.1,558.2,746.9,831.1999999999999
North Carolina,2024-09-01,2024,9,3.7,746.1,4279.6,6.0,274.1,466.0,928.2,86.2,309.5,742.1,702.8,542.3,774.8,828.3000000000001
North Carolina,2024-10-01,2024,10,3.7,743.7,4296.9,6.1,273.3,464.3,932.3,86.5,310.2,749.5,712.4,530.0,781.7,836.0
North Carolina,2024-11-01,2024,11,3.7,743.5,4326.6,6.1,273.7,463.7,949.0,86.9,310.1,748.3,716.9,529.4,791.9,835.1999999999999
North Carolina,2024-12-01,2024,12,3.8,743.3,4316.6,6.1,273.3,463.9,957.7,86.9,309.7,740.8,713.5,532.2,783.3,827.6999999999999
North Carolina,2025-01-01,2025,1,3.8,738.1,4240.9,6.1,270.7,461.3,931.3,86.7,306.6,730.8,711.7,510.0,773.6,817.5
North Carolina,2025-02-01,2025,2,3.8,741.6,4263.1,6.1,273.3,462.2,927.6,86.3,306.7,735.9,720.1,515.0,780.9,822.1999999999999
North Carolina,2025-03-01,2025,3,3.8,744.1,4268.6,6.2,275.6,462.3,926.1,86.2,306.4,733.9,718.0,524.7,782.1,820.1
North Carolina,2025-04-01,2025,4,3.8,745.2,4311.6,6.2,276.8,462.2,928.7,86.1,309.3,742.8,724.3,540.1,787.8,828.9
North Carolina,2025-05-01,2025,5,3.8,747.1,4339.8,6.2,279.0,461.9,932.9,86.1,310.3,744.3,725.5,558.4,788.8,830.4
North Carolina,2025-06-01,2025,6,3.8,750.6,4316.0,6.2,281.7,462.7,935.4,86.5,312.2,738.0,717.8,566.7,764.6,824.5
North Carolina,2025-07-01,2025,7,3.9,748.4,4272.3,6.2,281.7,460.5,937.9,87.2,314.9,744.3,719.6,565.1,708.3,831.5
North Carolina,2025-08-01,2025,8,3.9,746.9,4317.5,6.2,281.2,459.5,935.8,87.1,313.3,745.4,728.5,559.7,753.5,832.5
North Carolina,2025-09-01,2025,9,3.9,743.2,4308.6,6.2,279.7,457.3,930.7,85.5,311.2,738.9,725.3,542.4,782.6,824.4
North Carolina,2025-10-01,2025,10,,744.2,4340.1,6.2,282.0,456.0,939.5,85.6,312.4,746.6,734.1,542.0,786.6,832.2
North Carolina,2025-11-01,2025,11,3.8,743.8,4358.8,6.2,283.8,453.8,952.3,86.1,312.6,745.0,736.4,540.6,792.8,831.1
North Carolina,2025-12-01,2025,12,3.8,741.3,4356.0,6.2,282.4,452.7,959.7,86.2,313.0,742.7,735.1,540.4,787.3,828.9000000000001
North Carolina,2026-01-01,2026,1,3.8,736.8,4286.0,6.2,281.2,449.4,929.9,84.4,308.9,736.5,733.5,525.5,776.7,820.9
North Carolina,2026-02-01,2026,2,3.8,738.8,4302.7,6.2,283.9,448.7,924.0,83.8,309.2,741.3,739.7,526.4,785.9,825.0999999999999
North Dakota,2016-01-01,2016,1,3.0,67.7,361.3,17.2,26.0,24.5,98.2,6.6,24.0,32.3,63.4,38.7,82.6,38.9
North Dakota,2016-02-01,2016,2,3.1,66.4,362.8,16.6,25.4,24.4,97.1,6.7,24.0,32.3,64.0,38.5,84.6,39.0
North Dakota,2016-03-01,2016,3,3.1,65.9,362.7,15.5,25.9,24.5,96.1,6.7,23.9,32.1,64.2,39.2,84.9,38.800000000000004
North Dakota,2016-04-01,2016,4,3.1,69.3,364.8,15.0,29.7,24.6,96.8,6.6,23.7,33.0,64.6,39.6,84.9,39.6
North Dakota,2016-05-01,2016,5,3.1,71.8,367.4,14.6,32.7,24.5,96.9,6.6,23.8,33.3,64.6,40.4,86.1,39.9
North Dakota,2016-06-01,2016,6,3.1,74.5,364.1,14.5,35.3,24.7,95.8,6.7,23.8,33.8,64.2,40.8,83.4,40.5
North Dakota,2016-07-01,2016,7,3.0,76.4,359.1,14.6,36.9,24.9,96.1,6.7,24.1,34.2,64.8,40.7,77.0,40.900000000000006
North Dakota,2016-08-01,2016,8,3.0,76.6,358.3,14.7,37.1,24.8,95.8,6.7,24.1,34.1,64.8,40.7,76.7,40.800000000000004
North Dakota,2016-09-01,2016,9,3.0,75.9,365.0,14.9,36.3,24.7,95.4,6.6,24.0,33.5,65.3,41.1,83.7,40.1
North Dakota,2016-10-01,2016,10,2.9,74.5,366.4,15.1,34.7,24.7,95.8,6.6,24.2,33.1,65.7,40.4,85.1,39.7
North Dakota,2016-11-01,2016,11,2.9,71.9,366.5,15.4,32.0,24.5,96.4,6.6,24.4,32.6,65.9,40.0,85.2,39.2
North Dakota,2016-12-01,2016,12,2.9,67.0,366.0,15.5,27.5,24.0,96.4,6.7,24.4,32.4,65.9,39.5,85.2,39.1
North Dakota,2017-01-01,2017,1,2.8,63.1,359.2,15.4,23.8,23.9,94.0,6.6,24.1,31.7,65.4,38.6,83.4,38.3
North Dakota,2017-02-01,2017,2,2.8,63.3,360.7,15.9,23.5,23.9,93.8,6.6,24.1,31.8,65.6,38.8,84.7,38.4
North Dakota,2017-03-01,2017,3,2.7,64.1,361.1,16.3,23.8,24.0,93.5,6.5,24.2,32.0,65.8,39.2,84.4,38.5
North Dakota,2017-04-01,2017,4,2.6,68.1,364.4,17.1,26.7,24.3,94.4,6.5,24.3,32.8,66.3,39.7,84.6,39.3
North Dakota,2017-05-01,2017,5,2.5,71.4,366.6,17.7,28.9,24.8,95.2,6.5,24.2,33.1,66.4,40.2,85.2,39.6
North Dakota,2017-06-01,2017,6,2.5,73.4,364.8,18.3,30.1,25.0,94.9,6.5,24.3,33.9,65.9,41.3,82.5,40.4
North Dakota,2017-07-01,2017,7,2.5,74.5,357.9,19.2,30.3,25.0,94.7,6.5,24.6,33.8,65.6,41.4,75.7,40.3
North Dakota,2017-08-01,2017,8,2.5,74.2,357.6,18.9,30.2,25.1,94.3,6.5,24.5,33.9,65.7,41.5,75.9,40.4
North Dakota,2017-09-01,2017,9,2.5,73.9,363.3,18.9,29.9,25.1,94.3,6.5,24.4,33.1,66.2,40.9,82.7,39.6
North Dakota,2017-10-01,2017,10,2.6,73.7,365.4,19.2,29.1,25.4,94.7,6.5,24.6,32.8,66.5,40.8,84.3,39.3
North Dakota,2017-11-01,2017,11,2.6,71.8,365.3,19.2,27.3,25.3,95.8,6.4,24.6,32.3,66.5,40.3,84.1,38.699999999999996
North Dakota,2017-12-01,2017,12,2.6,69.3,366.0,19.2,24.8,25.3,96.1,6.5,24.8,32.1,66.6,39.8,84.9,38.6
North Dakota,2018-01-01,2018,1,2.6,66.1,358.8,19.0,21.9,25.2,93.7,6.5,24.4,31.5,66.4,38.7,82.5,38.0
North Dakota,2018-02-01,2018,2,2.6,66.1,360.2,19.1,21.7,25.3,93.4,6.3,24.4,31.6,66.5,39.0,83.8,37.9
North Dakota,2018-03-01,2018,3,2.6,66.9,361.4,19.4,22.1,25.4,93.4,6.3,24.6,31.8,66.7,39.3,84.0,38.1
North Dakota,2018-04-01,2018,4,2.5,69.1,361.4,20.2,23.3,25.6,93.5,6.2,24.7,32.1,66.7,39.5,83.4,38.300000000000004
North Dakota,2018-05-01,2018,5,2.4,73.8,366.5,20.8,27.1,25.9,95.1,6.2,24.7,32.7,66.7,40.8,84.9,38.900000000000006
North Dakota,2018-06-01,2018,6,2.3,77.3,364.9,21.3,29.8,26.2,94.6,6.2,24.9,33.6,66.2,41.7,82.2,39.800000000000004
North Dakota,2018-07-01,2018,7,2.3,77.9,359.0,21.5,30.1,26.3,94.5,6.2,24.9,33.8,66.0,41.9,76.2,40.0
North Dakota,2018-08-01,2018,8,2.2,78.4,358.0,21.6,30.4,26.4,94.2,6.2,24.8,33.7,66.0,41.4,76.3,39.900000000000006
North Dakota,2018-09-01,2018,9,2.3,78.3,363.9,21.7,30.2,26.4,93.8,6.2,24.7,33.4,66.5,40.9,82.9,39.6
North Dakota,2018-10-01,2018,10,2.3,78.4,365.9,21.9,29.7,26.8,94.4,6.1,24.9,32.9,66.9,40.9,84.4,39.0
North Dakota,2018-11-01,2018,11,2.3,76.4,366.7,21.9,27.8,26.7,95.7,6.1,25.1,32.6,67.0,40.1,84.6,38.7
North Dakota,2018-12-01,2018,12,2.3,74.5,367.2,21.7,26.0,26.8,95.6,6.2,25.3,32.3,67.1,40.2,85.1,38.5
North Dakota,2019-01-01,2019,1,2.4,71.3,359.9,21.5,23.6,26.2,93.3,6.1,25.0,31.4,66.9,39.0,82.9,37.5
North Dakota,2019-02-01,2019,2,2.3,70.9,361.3,21.4,23.3,26.2,92.8,6.2,25.1,31.8,67.2,38.7,84.3,38.0
North Dakota,2019-03-01,2019,3,2.3,71.6,361.7,21.3,24.0,26.3,92.8,6.1,25.2,31.8,67.1,39.3,84.2,37.9
North Dakota,2019-04-01,2019,4,2.2,73.9,364.5,21.3,26.2,26.4,93.8,6.1,25.2,32.3,67.9,39.6,84.1,38.4
North Dakota,2019-05-01,2019,5,2.1,77.6,369.1,21.5,29.5,26.6,94.8,6.1,25.3,33.1,67.8,40.9,85.4,39.2
North Dakota,2019-06-01,2019,6,2.1,80.7,366.6,22.0,31.7,27.0,94.1,6.1,25.4,33.8,67.2,41.7,82.6,39.9
North Dakota,2019-07-01,2019,7,2.1,81.3,359.7,21.9,32.7,26.7,93.7,6.2,25.4,33.9,66.6,42.2,76.2,40.1
North Dakota,2019-08-01,2019,8,2.1,81.6,360.1,21.8,32.9,26.9,93.9,6.1,25.5,34.1,66.8,41.8,76.4,40.2
North Dakota,2019-09-01,2019,9,2.1,80.4,364.9,21.4,32.1,26.9,93.3,6.1,25.3,33.4,67.0,41.1,83.3,39.5
North Dakota,2019-10-01,2019,10,2.1,80.2,367.7,21.2,31.9,27.1,93.8,6.1,25.5,33.5,67.6,40.8,84.9,39.6
North Dakota,2019-11-01,2019,11,2.0,77.2,367.9,20.9,29.4,26.9,95.0,6.1,25.5,32.8,67.5,40.6,84.9,38.9
North Dakota,2019-12-01,2019,12,2.0,74.6,368.4,20.5,27.1,27.0,95.1,6.0,25.7,32.9,67.6,39.7,85.9,38.9
North Dakota,2020-01-01,2020,1,2.1,70.4,361.5,20.3,23.9,26.2,92.7,6.0,25.4,32.3,67.9,39.1,82.5,38.3
North Dakota,2020-02-01,2020,2,2.2,69.9,363.2,20.5,23.1,26.3,92.0,5.9,25.4,32.3,68.0,39.6,84.4,38.199999999999996
North Dakota,2020-03-01,2020,3,2.5,70.3,362.1,20.4,23.4,26.5,92.1,6.0,25.3,31.9,67.9,38.5,84.9,37.9
North Dakota,2020-04-01,2020,4,8.7,64.4,320.1,16.8,23.9,23.7,84.8,5.7,24.7,30.0,64.1,21.8,76.2,35.7
North Dakota,2020-05-01,2020,5,7.3,66.0,333.4,13.9,27.0,25.1,86.3,5.8,24.6,31.0,64.7,30.1,77.0,36.8
North Dakota,2020-06-01,2020,6,6.5,66.6,337.4,12.7,28.6,25.3,87.2,5.8,24.6,31.7,64.9,33.4,75.6,37.5
North Dakota,2020-07-01,2020,7,6.2,66.8,336.7,12.8,28.8,25.2,87.5,5.7,24.7,31.6,65.0,35.4,72.4,37.300000000000004
North Dakota,2020-08-01,2020,8,5.6,67.3,339.5,12.7,29.0,25.6,88.3,5.7,24.8,31.8,65.4,35.9,73.1,37.5
North Dakota,2020-09-01,2020,9,5.3,67.3,346.5,12.9,28.6,25.8,88.1,5.7,24.7,31.3,66.2,35.5,80.7,37.0
North Dakota,2020-10-01,2020,10,4.8,66.8,349.9,13.3,27.6,25.9,89.2,5.7,24.9,32.0,66.8,35.2,81.8,37.7
North Dakota,2020-11-01,2020,11,4.5,64.0,347.7,13.2,25.1,25.7,90.2,5.7,24.7,31.0,66.7,33.7,81.6,36.7
North Dakota,2020-12-01,2020,12,4.4,62.9,348.4,13.2,23.8,25.9,90.9,5.7,24.8,30.7,67.2,33.1,82.0,36.4
North Dakota,2021-01-01,2021,1,4.0,58.8,343.9,12.7,20.6,25.5,88.6,5.7,24.4,31.1,66.6,33.3,80.2,36.800000000000004
North Dakota,2021-02-01,2021,2,3.9,57.9,346.3,12.7,19.7,25.5,88.2,5.7,24.4,31.1,66.7,34.3,81.9,36.800000000000004
North Dakota,2021-03-01,2021,3,3.7,59.6,348.0,13.0,20.9,25.7,88.4,5.8,24.5,31.5,66.8,35.1,81.8,37.3
North Dakota,2021-04-01,2021,4,3.5,63.2,350.4,13.4,24.0,25.8,88.5,5.7,24.6,32.0,67.1,35.8,82.4,37.7
North Dakota,2021-05-01,2021,5,3.3,65.8,352.9,13.6,26.3,25.9,89.0,5.7,24.6,32.6,66.9,37.0,82.8,38.300000000000004
North Dakota,2021-06-01,2021,6,3.1,68.3,352.9,13.9,28.1,26.3,88.7,5.7,24.7,33.3,66.4,38.4,81.3,39.0
North Dakota,2021-07-01,2021,7,3.0,70.4,347.9,14.2,29.7,26.5,88.9,5.7,24.8,34.3,66.1,39.0,74.6,40.0
North Dakota,2021-08-01,2021,8,2.8,69.9,348.3,14.3,29.1,26.5,89.1,5.7,24.7,34.1,66.1,38.9,75.2,39.800000000000004
North Dakota,2021-09-01,2021,9,2.7,69.3,354.5,14.3,28.5,26.5,88.7,5.7,24.6,33.9,66.5,38.5,82.2,39.6
North Dakota,2021-10-01,2021,10,2.5,69.3,356.9,14.6,27.9,26.8,89.6,5.8,24.5,34.0,66.6,38.6,83.3,39.8
North Dakota,2021-11-01,2021,11,2.4,67.5,357.6,14.6,26.1,26.8,91.1,5.8,24.7,33.9,66.9,37.7,83.0,39.699999999999996
North Dakota,2021-12-01,2021,12,2.3,65.8,358.3,14.6,24.4,26.8,91.4,5.8,24.7,33.9,66.9,37.7,83.4,39.699999999999996
North Dakota,2022-01-01,2022,1,2.3,62.5,351.8,14.4,21.7,26.4,89.5,5.8,24.4,33.3,65.9,36.6,81.8,39.099999999999994
North Dakota,2022-02-01,2022,2,2.2,62.6,354.0,14.5,21.6,26.5,89.4,5.8,24.4,33.5,66.1,37.6,82.6,39.3
North Dakota,2022-03-01,2022,3,2.1,64.1,355.6,14.9,22.5,26.7,89.8,5.8,24.3,33.9,66.5,37.8,82.9,39.699999999999996
North Dakota,2022-04-01,2022,4,2.1,66.3,356.0,15.3,24.0,27.0,90.3,5.8,24.4,33.9,66.9,37.9,82.3,39.699999999999996
North Dakota,2022-05-01,2022,5,2.0,70.0,359.6,16.0,26.6,27.4,90.8,5.8,24.4,34.4,66.8,39.3,83.4,40.199999999999996
North Dakota,2022-06-01,2022,6,2.0,72.6,360.3,16.3,28.7,27.6,90.4,5.9,24.5,35.1,66.5,40.8,82.2,41.0
North Dakota,2022-07-01,2022,7,2.1,74.0,355.5,16.8,29.4,27.8,90.7,6.0,24.7,35.5,67.3,40.8,75.6,41.5
North Dakota,2022-08-01,2022,8,2.1,74.4,354.9,17.2,29.5,27.7,90.3,5.9,24.8,35.7,67.2,40.7,75.5,41.6
North Dakota,2022-09-01,2022,9,2.1,74.5,360.9,17.3,29.4,27.8,90.5,5.8,24.8,35.4,67.9,40.0,81.7,41.199999999999996
North Dakota,2022-10-01,2022,10,2.2,74.0,363.4,17.4,28.6,28.0,91.1,5.8,25.2,34.8,68.1,39.7,83.7,40.599999999999994
North Dakota,2022-11-01,2022,11,2.2,72.5,364.3,17.4,27.3,27.8,92.1,5.8,25.2,35.1,67.9,39.0,84.4,40.9
North Dakota,2022-12-01,2022,12,2.1,70.4,363.2,17.3,25.3,27.8,92.6,5.7,25.2,34.2,67.9,38.3,84.5,39.900000000000006
North Dakota,2023-01-01,2023,1,2.1,68.6,358.2,17.1,23.9,27.6,90.8,5.7,24.8,33.5,67.6,38.6,82.4,39.2
North Dakota,2023-02-01,2023,2,2.1,69.2,360.2,17.4,24.0,27.8,90.8,5.7,24.9,33.8,67.7,38.6,83.7,39.5
North Dakota,2023-03-01,2023,3,2.0,69.8,361.2,17.7,24.2,27.9,90.7,5.7,24.9,34.0,68.0,38.8,84.1,39.7
North Dakota,2023-04-01,2023,4,2.0,71.2,361.6,17.8,25.5,27.9,91.2,5.6,25.2,34.2,67.2,39.1,84.1,39.800000000000004
North Dakota,2023-05-01,2023,5,2.0,74.6,365.8,18.1,28.4,28.1,92.4,5.6,25.2,35.0,67.2,40.3,85.0,40.6
North Dakota,2023-06-01,2023,6,2.0,77.8,365.8,18.5,30.6,28.7,92.6,5.7,25.3,36.1,67.3,41.5,82.0,41.800000000000004
North Dakota,2023-07-01,2023,7,2.0,78.7,359.7,18.6,31.4,28.7,92.0,5.6,25.4,36.0,67.1,41.7,76.7,41.6
North Dakota,2023-08-01,2023,8,2.0,78.6,359.7,18.7,31.2,28.7,92.0,5.5,25.3,35.8,67.3,41.6,76.9,41.3
North Dakota,2023-09-01,2023,9,2.1,78.4,367.1,18.6,30.9,28.9,92.4,5.4,25.3,35.4,68.1,41.1,84.4,40.8
North Dakota,2023-10-01,2023,10,2.1,77.4,368.8,18.6,30.1,28.7,93.1,5.4,25.4,35.1,68.2,40.6,85.9,40.5
North Dakota,2023-11-01,2023,11,2.2,75.4,368.9,18.5,28.5,28.4,94.1,5.4,25.3,34.8,68.5,39.9,85.8,40.199999999999996
North Dakota,2023-12-01,2023,12,2.2,73.9,370.8,18.3,27.0,28.6,95.1,5.4,25.3,34.6,68.6,40.1,86.6,40.0
North Dakota,2024-01-01,2024,1,2.2,70.7,362.9,17.8,24.7,28.2,91.9,5.3,25.0,33.7,68.1,39.5,84.4,39.0
North Dakota,2024-02-01,2024,2,2.2,70.8,365.2,17.8,24.8,28.2,92.3,5.3,25.0,33.7,68.7,39.7,85.4,39.0
North Dakota,2024-03-01,2024,3,2.3,71.9,367.3,17.9,25.7,28.3,92.4,5.3,25.0,33.9,69.1,40.6,85.9,39.199999999999996
North Dakota,2024-04-01,2024,4,2.3,74.3,369.3,18.1,27.9,28.3,93.2,5.3,25.1,34.8,69.3,40.6,86.0,40.099999999999994
North Dakota,2024-05-01,2024,5,2.4,78.0,373.0,18.4,31.2,28.4,93.4,5.3,25.0,35.4,69.9,41.8,87.1,40.699999999999996
North Dakota,2024-06-01,2024,6,2.4,80.4,371.9,18.5,33.2,28.7,93.3,5.4,25.1,36.2,69.1,42.4,85.3,41.6
North Dakota,2024-07-01,2024,7,2.5,81.4,366.4,18.7,34.1,28.6,93.2,5.4,25.1,36.2,69.5,42.4,79.5,41.6
North Dakota,2024-08-01,2024,8,2.5,80.7,367.0,18.5,33.5,28.7,93.1,5.3,25.0,36.1,69.9,42.3,80.3,41.4
North Dakota,2024-09-01,2024,9,2.5,79.9,373.0,18.5,32.8,28.6,93.6,5.3,24.9,35.7,70.6,41.4,86.4,41.0
North Dakota,2024-10-01,2024,10,2.5,79.3,373.8,18.5,32.3,28.5,93.8,5.3,24.8,34.9,71.3,41.2,87.4,40.199999999999996
North Dakota,2024-11-01,2024,11,2.5,76.9,375.2,18.3,30.3,28.3,94.9,5.3,24.9,34.6,72.2,40.6,87.7,39.9
North Dakota,2024-12-01,2024,12,2.5,74.3,374.9,18.2,27.9,28.2,95.3,5.2,24.8,34.4,71.4,40.9,87.8,39.6
North Dakota,2025-01-01,2025,1,2.6,71.0,368.1,17.5,25.8,27.7,92.8,5.3,24.6,33.5,70.8,39.7,86.4,38.8
North Dakota,2025-02-01,2025,2,2.6,70.5,369.2,17.5,25.1,27.9,92.5,5.2,24.6,33.2,71.2,40.2,87.3,38.400000000000006
North Dakota,2025-03-01,2025,3,2.6,71.8,370.0,17.6,26.2,28.0,92.6,5.2,24.6,33.1,71.6,40.2,87.8,38.300000000000004
North Dakota,2025-04-01,2025,4,2.6,74.0,371.7,17.8,28.5,27.7,93.2,5.1,24.6,34.1,72.2,40.2,87.3,39.2
North Dakota,2025-05-01,2025,5,2.6,76.9,374.6,17.6,31.5,27.8,93.8,5.1,24.6,34.4,71.8,41.7,88.2,39.5
North Dakota,2025-06-01,2025,6,2.6,79.0,373.4,17.5,33.5,28.0,93.3,5.2,24.6,35.3,71.4,42.8,85.7,40.5
North Dakota,2025-07-01,2025,7,2.6,79.4,367.0,17.4,34.1,27.9,93.2,5.2,24.6,35.2,71.3,42.3,80.0,40.400000000000006
North Dakota,2025-08-01,2025,8,2.6,79.3,366.2,17.2,34.1,28.0,93.1,5.1,24.6,35.2,71.5,42.0,79.6,40.300000000000004
North Dakota,2025-09-01,2025,9,2.6,78.6,372.6,17.0,33.8,27.8,92.8,5.1,24.4,34.9,72.0,41.5,86.8,40.0
North Dakota,2025-10-01,2025,10,,77.7,374.7,16.9,32.6,28.2,93.8,5.0,24.0,35.3,73.1,41.2,87.1,40.3
North Dakota,2025-11-01,2025,11,2.6,76.2,373.2,16.8,31.3,28.1,93.9,5.0,24.3,34.8,72.5,39.8,87.7,39.8
North Dakota,2025-12-01,2025,12,2.6,73.2,371.5,16.8,28.4,28.0,93.5,5.1,24.4,33.9,72.6,38.9,87.6,39.0
North Dakota,2026-01-01,2026,1,2.6,70.9,367.3,16.6,26.5,27.8,91.9,5.0,23.9,33.4,72.6,38.3,86.7,38.4
North Dakota,2026-02-01,2026,2,2.6,70.6,370.4,16.8,25.9,27.9,92.1,5.0,24.1,33.7,73.2,38.9,87.7,38.7
Ohio,2016-01-01,2016,1,5.0,881.0,4466.8,11.6,185.6,683.8,1005.2,72.0,294.6,712.0,898.6,513.2,761.0,784.0
Ohio,2016-02-01,2016,2,5.0,879.7,4490.4,11.2,184.6,683.9,998.0,72.0,295.8,712.0,906.5,514.7,780.8,784.0
Ohio,2016-03-01,2016,3,5.0,887.2,4515.3,11.3,192.0,683.9,1000.9,72.1,296.1,716.7,909.2,527.0,781.3,788.8000000000001
Ohio,2016-04-01,2016,4,5.0,899.2,4581.3,11.3,203.6,684.3,1006.0,72.2,298.4,733.8,913.1,548.0,796.1,806.0
Ohio,2016-05-01,2016,5,5.0,908.6,4614.6,11.2,211.6,685.8,1014.1,72.6,299.9,734.9,914.2,571.9,791.6,807.5
Ohio,2016-06-01,2016,6,5.0,918.0,4587.0,11.2,218.0,688.8,1014.6,73.0,301.5,737.6,902.1,583.6,758.1,810.6
Ohio,2016-07-01,2016,7,5.0,917.9,4579.7,11.1,218.2,688.6,1014.9,73.2,303.7,742.9,903.5,584.2,740.5,816.1
Ohio,2016-08-01,2016,8,5.0,917.2,4585.4,11.2,217.0,689.0,1017.3,73.1,303.9,743.0,906.4,581.5,744.2,816.1
Ohio,2016-09-01,2016,9,5.1,911.9,4603.4,11.0,214.9,686.0,1011.2,72.7,302.1,740.4,915.6,564.1,783.1,813.1
Ohio,2016-10-01,2016,10,5.2,911.1,4630.8,11.4,214.6,685.1,1021.5,72.6,303.4,743.6,920.8,554.0,799.4,816.2
Ohio,2016-11-01,2016,11,5.2,909.8,4651.8,11.4,212.0,686.4,1045.3,73.3,304.0,744.1,922.7,543.9,803.4,817.4
Ohio,2016-12-01,2016,12,5.2,901.0,4635.1,11.2,201.9,687.9,1056.3,73.2,304.8,735.9,920.4,539.3,791.4,809.1
Ohio,2017-01-01,2017,1,5.2,882.0,4523.7,10.4,187.7,683.9,1010.5,73.1,302.5,715.2,909.4,519.4,781.1,788.3000000000001
Ohio,2017-02-01,2017,2,5.1,882.2,4546.0,10.6,189.7,681.9,1001.3,73.3,303.0,716.4,917.9,525.6,795.2,789.6999999999999
Ohio,2017-03-01,2017,3,5.1,891.8,4564.8,11.0,197.4,683.4,1002.8,72.8,303.2,717.8,920.2,537.2,796.2,790.5999999999999
Ohio,2017-04-01,2017,4,5.0,906.8,4609.1,11.2,213.4,682.2,1008.5,73.4,304.6,729.7,922.7,557.0,797.7,803.1
Ohio,2017-05-01,2017,5,5.0,921.3,4642.8,11.3,226.2,683.8,1016.0,73.7,306.2,733.7,923.8,578.7,793.5,807.4000000000001
Ohio,2017-06-01,2017,6,5.0,935.3,4630.2,11.4,233.3,690.6,1018.3,73.8,308.6,739.7,915.8,593.2,761.5,813.5
Ohio,2017-07-01,2017,7,4.9,930.9,4602.6,11.7,233.1,686.1,1017.7,73.9,308.7,737.5,911.8,592.2,742.7,811.4
Ohio,2017-08-01,2017,8,4.9,935.4,4612.1,11.9,233.2,690.3,1018.9,73.8,308.9,740.2,915.3,591.4,746.7,814.0
Ohio,2017-09-01,2017,9,4.9,926.1,4618.8,11.9,229.9,684.3,1011.7,73.2,307.0,734.9,922.1,573.7,782.6,808.1
Ohio,2017-10-01,2017,10,4.8,929.1,4654.7,12.0,227.4,689.7,1024.0,72.3,307.5,742.9,929.2,564.6,800.2,815.1999999999999
Ohio,2017-11-01,2017,11,4.7,927.2,4670.8,11.9,222.2,693.1,1049.1,73.0,307.0,745.7,930.6,548.7,803.8,818.7
Ohio,2017-12-01,2017,12,4.6,920.9,4657.9,11.7,213.0,696.2,1054.1,73.1,307.1,737.6,929.0,548.7,795.0,810.7
Ohio,2018-01-01,2018,1,4.6,894.7,4540.5,11.5,193.2,690.0,1014.1,72.6,305.7,717.6,917.1,526.9,776.3,790.2
Ohio,2018-02-01,2018,2,4.5,902.0,4568.5,11.8,195.2,695.0,1005.0,72.8,306.8,721.0,925.1,530.9,796.1,793.8
Ohio,2018-03-01,2018,3,4.5,909.8,4585.9,12.2,202.7,694.9,1006.5,72.2,305.9,723.5,925.0,543.7,797.1,795.7
Ohio,2018-04-01,2018,4,4.5,920.6,4622.7,12.0,213.6,695.0,1010.2,72.3,306.7,732.4,928.5,560.8,798.4,804.6999999999999
Ohio,2018-05-01,2018,5,4.5,935.5,4658.2,12.3,226.3,696.9,1020.5,72.6,308.7,735.3,928.5,585.2,792.4,807.9
Ohio,2018-06-01,2018,6,4.4,949.7,4654.3,12.5,233.9,703.3,1022.5,73.2,310.8,742.2,920.6,601.3,766.3,815.4000000000001
Ohio,2018-07-01,2018,7,4.4,949.7,4629.0,12.5,236.2,701.0,1022.5,72.3,311.8,744.2,917.7,599.2,744.9,816.5
Ohio,2018-08-01,2018,8,4.4,951.1,4640.2,12.7,236.3,702.1,1022.1,72.1,311.0,746.4,922.6,598.6,752.2,818.5
Ohio,2018-09-01,2018,9,4.4,944.9,4639.9,12.5,233.7,698.7,1015.3,71.2,307.3,740.2,927.3,578.6,787.4,811.4000000000001
Ohio,2018-10-01,2018,10,4.5,945.6,4676.6,12.2,233.0,700.4,1025.4,71.7,308.2,746.9,933.6,570.0,807.1,818.6
Ohio,2018-11-01,2018,11,4.5,942.6,4690.7,12.1,227.2,703.3,1049.1,72.0,307.8,750.9,934.3,554.3,810.0,822.9
Ohio,2018-12-01,2018,12,4.5,937.2,4673.9,11.9,218.7,706.6,1054.0,71.9,307.4,742.1,930.8,553.3,801.8,814.0
Ohio,2019-01-01,2019,1,4.4,918.4,4569.0,11.7,205.0,701.7,1020.8,70.8,305.8,723.4,927.4,534.4,776.5,794.1999999999999
Ohio,2019-02-01,2019,2,4.2,917.6,4586.7,11.7,202.8,703.1,1006.7,71.2,306.1,724.6,933.9,537.8,796.1,795.8000000000001
Ohio,2019-03-01,2019,3,4.0,923.3,4603.6,12.1,209.9,701.3,1006.7,70.9,305.3,724.7,934.5,548.7,801.1,795.6
Ohio,2019-04-01,2019,4,3.9,935.3,4651.1,12.2,222.4,700.7,1009.6,70.9,306.6,740.9,936.7,567.3,806.3,811.8
Ohio,2019-05-01,2019,5,3.9,945.8,4685.2,12.2,231.8,701.8,1018.3,71.4,308.6,744.6,937.0,590.6,800.4,816.0
Ohio,2019-06-01,2019,6,3.9,956.4,4674.2,12.1,238.2,706.1,1022.0,71.8,310.7,748.7,929.0,602.5,773.0,820.5
Ohio,2019-07-01,2019,7,4.0,956.6,4658.9,12.2,239.1,705.3,1024.2,71.7,311.7,750.4,924.7,601.0,759.3,822.1
Ohio,2019-08-01,2019,8,4.1,954.8,4666.5,12.1,239.4,703.3,1024.8,71.1,311.1,750.5,930.1,599.0,765.0,821.6
Ohio,2019-09-01,2019,9,4.2,947.4,4656.6,11.8,237.5,698.1,1018.9,70.5,308.6,742.6,933.7,577.7,792.3,813.1
Ohio,2019-10-01,2019,10,4.3,943.8,4698.3,11.5,238.4,693.9,1033.8,71.1,309.1,748.7,940.4,570.3,810.9,819.8000000000001
Ohio,2019-11-01,2019,11,4.3,940.8,4720.9,11.0,232.5,697.3,1062.5,71.8,309.1,749.2,944.1,558.8,812.0,821.0
Ohio,2019-12-01,2019,12,4.3,933.0,4708.5,10.7,224.3,698.0,1070.3,71.8,309.3,740.0,942.3,559.1,802.4,811.8
Ohio,2020-01-01,2020,1,4.4,915.2,4604.7,10.3,211.3,693.6,1026.9,70.3,307.2,722.7,937.1,542.8,786.7,793.0
Ohio,2020-02-01,2020,2,4.5,913.5,4621.2,10.2,210.9,692.4,1016.1,70.5,307.4,723.6,942.9,546.8,802.6,794.1
Ohio,2020-03-01,2020,3,4.8,914.4,4585.6,10.2,214.1,690.1,1013.8,69.9,306.6,718.4,937.3,536.2,799.0,788.3
Ohio,2020-04-01,2020,4,16.5,782.4,3941.7,9.7,191.7,581.0,894.0,63.6,297.7,652.4,827.2,296.5,766.9,716.0
Ohio,2020-05-01,2020,5,12.8,826.7,4108.3,9.5,215.5,601.7,953.0,64.0,300.0,666.0,847.2,363.4,750.0,730.0
Ohio,2020-06-01,2020,6,11.0,885.3,4285.4,9.4,225.9,650.0,990.3,65.3,303.1,684.0,867.5,463.4,727.9,749.3
Ohio,2020-07-01,2020,7,9.8,885.9,4322.8,9.1,227.6,649.2,997.7,64.2,304.6,693.0,871.8,484.5,715.8,757.2
Ohio,2020-08-01,2020,8,8.3,889.2,4357.4,9.0,229.6,650.6,1001.8,64.6,304.9,702.2,880.2,487.5,724.4,766.8000000000001
Ohio,2020-09-01,2020,9,7.6,890.4,4385.9,8.8,229.1,652.5,1000.6,65.0,303.0,699.7,889.5,479.5,755.3,764.7
Ohio,2020-10-01,2020,10,6.7,892.9,4454.7,8.7,228.7,655.5,1020.1,65.0,305.6,719.0,903.4,477.9,768.0,784.0
Ohio,2020-11-01,2020,11,6.4,891.7,4470.3,8.7,224.3,658.7,1042.2,65.4,306.3,723.2,905.7,465.3,766.9,788.6
Ohio,2020-12-01,2020,12,6.3,889.8,4456.0,8.6,216.5,664.7,1054.1,65.4,306.1,721.9,903.5,453.0,756.8,787.3
Ohio,2021-01-01,2021,1,6.1,871.1,4372.8,8.3,203.1,659.7,1022.4,64.9,304.2,703.5,895.0,443.1,745.8,768.4
Ohio,2021-02-01,2021,2,6.0,868.1,4391.0,8.2,198.3,661.6,1011.6,65.0,304.7,705.0,899.5,451.3,758.7,770.0
Ohio,2021-03-01,2021,3,6.0,879.8,4411.8,8.5,208.0,663.3,1012.8,64.7,305.2,706.1,900.4,464.8,760.7,770.8000000000001
Ohio,2021-04-01,2021,4,5.9,887.4,4449.1,8.6,221.1,657.7,1012.0,64.4,307.6,718.2,894.6,487.2,766.6,782.6
Ohio,2021-05-01,2021,5,5.7,895.5,4485.8,8.6,227.9,659.0,1020.2,65.4,309.3,723.7,892.0,510.9,764.4,789.1
Ohio,2021-06-01,2021,6,5.5,905.3,4494.2,8.7,232.5,664.1,1025.0,66.1,311.7,723.4,884.5,536.9,744.3,789.5
Ohio,2021-07-01,2021,7,5.3,910.6,4518.7,8.8,235.6,666.2,1029.7,67.3,313.6,734.3,886.9,551.9,731.1,801.5999999999999
Ohio,2021-08-01,2021,8,5.0,912.2,4518.0,8.8,235.5,667.9,1031.4,67.4,314.0,735.7,886.6,550.1,730.0,803.1
Ohio,2021-09-01,2021,9,4.7,906.6,4488.2,8.6,233.4,664.6,1020.2,66.9,310.9,723.9,882.8,528.5,756.2,790.8
Ohio,2021-10-01,2021,10,4.5,912.3,4574.0,8.8,234.7,668.8,1045.1,67.7,315.0,746.5,897.0,525.3,775.9,814.2
Ohio,2021-11-01,2021,11,4.3,914.7,4598.0,8.8,232.9,673.0,1070.4,67.9,316.1,751.1,898.7,514.1,778.6,819.0
Ohio,2021-12-01,2021,12,4.1,912.1,4585.8,8.7,225.2,678.2,1082.0,68.2,316.3,745.0,892.3,513.0,767.5,813.2
Ohio,2022-01-01,2022,1,4.0,892.4,4496.8,8.5,211.9,672.0,1047.5,67.8,314.2,731.6,884.1,495.5,756.8,799.4
Ohio,2022-02-01,2022,2,3.9,896.5,4528.8,8.5,211.3,676.7,1048.0,68.4,314.8,736.5,890.1,500.9,770.3,804.9
Ohio,2022-03-01,2022,3,3.9,907.5,4543.0,8.8,219.5,679.2,1049.7,68.6,315.5,735.4,890.5,514.2,768.4,804.0
Ohio,2022-04-01,2022,4,3.8,922.4,4601.8,8.9,231.7,681.8,1050.9,69.2,317.9,750.7,896.3,535.2,778.1,819.9000000000001
Ohio,2022-05-01,2022,5,3.9,931.2,4627.1,9.0,239.9,682.3,1052.5,69.9,319.3,753.7,896.9,557.7,771.3,823.6
Ohio,2022-06-01,2022,6,3.9,937.3,4622.1,9.0,244.1,684.2,1052.7,69.9,321.0,755.5,890.4,575.4,748.6,825.4
Ohio,2022-07-01,2022,7,4.0,939.4,4630.3,9.1,244.4,685.9,1055.3,70.0,322.9,761.0,894.8,577.4,740.1,831.0
Ohio,2022-08-01,2022,8,4.1,939.4,4629.0,9.0,243.9,686.5,1054.4,69.7,322.2,761.4,899.7,573.4,740.2,831.1
Ohio,2022-09-01,2022,9,4.1,935.8,4620.9,9.0,242.7,684.1,1050.0,69.1,319.8,756.7,905.3,552.4,761.3,825.8000000000001
Ohio,2022-10-01,2022,10,4.1,937.3,4663.6,9.1,242.0,686.2,1063.1,69.5,321.3,761.6,912.3,548.5,780.1,831.1
Ohio,2022-11-01,2022,11,4.0,935.5,4676.8,9.2,238.9,687.4,1082.7,69.4,321.2,761.3,915.6,536.6,782.8,830.6999999999999
Ohio,2022-12-01,2022,12,3.9,931.1,4658.4,9.2,231.2,690.7,1089.6,69.2,320.5,749.8,914.6,536.1,770.5,819.0
Ohio,2023-01-01,2023,1,3.8,915.4,4588.3,9.0,220.0,686.4,1057.5,69.1,317.9,739.3,911.2,523.9,763.1,808.4
Ohio,2023-02-01,2023,2,3.6,916.7,4612.6,9.2,220.1,687.4,1048.0,68.6,317.8,741.2,919.7,528.6,781.7,809.8000000000001
Ohio,2023-03-01,2023,3,3.5,921.7,4626.9,9.3,225.0,687.4,1046.5,67.8,317.9,744.7,920.5,541.3,779.4,812.5
Ohio,2023-04-01,2023,4,3.5,931.3,4664.4,9.5,234.6,687.2,1046.0,68.2,318.8,751.9,924.3,559.5,786.0,820.1
Ohio,2023-05-01,2023,5,3.4,938.3,4701.4,9.5,241.4,687.4,1052.2,68.5,319.8,754.0,927.0,582.6,786.1,822.5
Ohio,2023-06-01,2023,6,3.5,950.0,4715.3,9.6,247.5,692.9,1056.9,68.9,322.5,759.5,926.7,601.9,764.5,828.4
Ohio,2023-07-01,2023,7,3.6,948.9,4699.6,9.6,248.1,691.2,1054.6,68.5,322.7,757.8,926.0,599.5,756.8,826.3
Ohio,2023-08-01,2023,8,3.7,947.9,4700.2,9.5,248.0,690.4,1054.4,68.3,321.6,756.2,932.0,599.2,756.2,824.5
Ohio,2023-09-01,2023,9,3.8,944.1,4695.4,9.3,247.5,687.3,1052.8,67.5,319.2,749.6,941.5,575.2,779.8,817.1
Ohio,2023-10-01,2023,10,3.8,934.8,4729.8,9.4,246.7,678.7,1068.0,67.7,318.7,752.0,948.7,568.0,796.4,819.7
Ohio,2023-11-01,2023,11,3.9,936.7,4737.9,9.3,243.1,684.3,1090.0,67.5,317.8,748.7,952.1,553.3,798.3,816.2
Ohio,2023-12-01,2023,12,3.9,934.5,4722.7,9.1,236.3,689.1,1093.6,67.5,317.1,740.3,952.7,552.6,788.1,807.8
Ohio,2024-01-01,2024,1,3.9,917.5,4635.2,8.8,224.7,684.0,1058.2,66.8,313.8,725.0,948.2,532.1,782.6,791.8
Ohio,2024-02-01,2024,2,4.0,920.7,4654.3,8.9,227.3,684.5,1046.0,66.7,312.9,726.8,957.2,536.8,798.9,793.5
Ohio,2024-03-01,2024,3,4.1,927.5,4673.6,9.1,234.2,684.2,1045.8,66.4,311.7,730.8,960.7,551.9,796.1,797.1999999999999
Ohio,2024-04-01,2024,4,4.2,933.7,4708.1,9.1,241.4,683.2,1046.5,66.3,312.2,737.7,963.8,567.7,802.2,804.0
Ohio,2024-05-01,2024,5,4.3,944.7,4743.6,9.1,251.4,684.2,1053.2,66.6,313.7,742.2,966.5,591.2,796.7,808.8000000000001
Ohio,2024-06-01,2024,6,4.3,955.9,4743.6,9.2,258.3,688.4,1054.6,67.3,315.5,744.0,962.9,604.2,779.2,811.3
Ohio,2024-07-01,2024,7,4.4,952.1,4726.3,9.2,260.4,682.5,1052.8,67.8,315.9,744.5,962.6,602.1,765.3,812.3
Ohio,2024-08-01,2024,8,4.4,953.6,4722.0,9.2,260.9,683.5,1052.8,66.5,314.9,746.3,967.9,596.8,762.9,812.8
Ohio,2024-09-01,2024,9,4.5,950.9,4719.2,9.0,260.4,681.5,1047.2,66.2,312.7,740.1,974.4,576.5,790.0,806.3000000000001
Ohio,2024-10-01,2024,10,4.6,946.3,4757.2,9.1,261.4,675.8,1059.7,66.3,313.6,743.1,983.0,569.7,808.1,809.4
Ohio,2024-11-01,2024,11,4.7,947.7,4767.9,9.0,258.6,680.1,1079.3,66.2,313.5,741.9,986.7,556.4,810.9,808.1
Ohio,2024-12-01,2024,12,4.8,942.2,4749.9,8.9,250.8,682.5,1085.3,66.2,313.0,732.6,985.5,556.7,798.0,798.8000000000001
Ohio,2025-01-01,2025,1,4.8,917.0,4649.6,8.5,235.4,673.1,1046.6,65.6,309.9,715.8,978.1,532.3,791.1,781.4
Ohio,2025-02-01,2025,2,4.9,925.0,4667.9,8.6,238.3,678.1,1038.2,65.6,310.4,718.4,985.7,534.7,804.5,784.0
Ohio,2025-03-01,2025,3,4.8,932.3,4677.0,8.7,245.5,678.1,1036.6,65.3,309.7,720.3,986.9,547.6,799.7,785.5999999999999
Ohio,2025-04-01,2025,4,4.8,940.7,4721.5,8.9,254.0,677.8,1037.5,65.2,310.3,731.4,990.6,565.4,808.0,796.6
Ohio,2025-05-01,2025,5,4.7,950.6,4756.4,9.0,263.6,678.0,1043.4,65.5,312.1,732.6,991.2,590.6,806.2,798.1
Ohio,2025-06-01,2025,6,4.6,958.2,4742.0,9.1,268.6,680.5,1045.6,65.8,313.2,732.8,986.8,601.5,781.1,798.5999999999999
Ohio,2025-07-01,2025,7,4.5,955.6,4738.7,9.2,270.0,676.4,1048.0,66.1,314.2,736.4,989.2,599.8,770.4,802.5
Ohio,2025-08-01,2025,8,4.4,956.9,4741.9,9.1,270.5,677.3,1050.1,65.7,313.3,738.6,992.5,599.8,768.6,804.3000000000001
Ohio,2025-09-01,2025,9,4.3,950.1,4723.6,9.2,268.8,672.1,1044.0,64.9,310.6,730.9,994.9,576.8,790.7,795.8
Ohio,2025-10-01,2025,10,,954.3,4740.2,9.2,267.8,677.3,1045.5,65.8,310.9,735.5,998.0,569.5,804.9,801.3
Ohio,2025-11-01,2025,11,4.3,954.2,4744.4,9.2,266.4,678.6,1055.4,65.3,310.2,735.6,1003.8,556.3,807.3,800.9
Ohio,2025-12-01,2025,12,4.4,946.8,4732.1,9.2,256.3,681.3,1067.2,65.5,309.5,727.6,998.9,553.0,799.6,793.1
Ohio,2026-01-01,2026,1,4.3,926.5,4651.2,9.1,243.0,674.4,1038.1,65.4,308.6,713.5,993.1,535.6,787.3,778.9
Ohio,2026-02-01,2026,2,4.2,928.5,4664.9,9.0,243.2,676.3,1034.2,64.8,308.1,714.7,1001.3,536.4,795.2,779.5
Oklahoma,2016-01-01,2016,1,4.5,260.3,1382.1,47.5,75.8,137.0,296.3,21.2,78.6,181.7,232.7,158.3,350.9,202.89999999999998
Oklahoma,2016-02-01,2016,2,4.5,259.9,1392.2,46.5,76.1,137.3,295.4,21.4,78.6,181.9,233.5,160.4,358.3,203.3
Oklahoma,2016-03-01,2016,3,4.6,256.9,1397.1,45.2,76.0,135.7,296.4,21.3,78.4,181.5,233.6,163.5,359.7,202.8
Oklahoma,2016-04-01,2016,4,4.6,255.3,1405.3,44.3,76.5,134.5,298.1,21.2,78.5,183.8,234.0,166.9,359.6,205.0
Oklahoma,2016-05-01,2016,5,4.7,254.1,1404.6,43.3,76.9,133.9,298.2,21.3,78.6,183.1,233.3,167.4,359.0,204.4
Oklahoma,2016-06-01,2016,6,4.8,254.8,1392.2,43.3,78.0,133.5,297.8,21.4,78.8,184.1,231.8,167.8,345.9,205.5
Oklahoma,2016-07-01,2016,7,4.8,254.9,1380.2,43.1,78.9,132.9,296.8,21.3,79.1,184.2,232.4,168.2,333.2,205.5
Oklahoma,2016-08-01,2016,8,4.8,254.6,1390.0,42.9,79.1,132.6,297.8,21.1,79.0,185.1,233.4,169.5,339.1,206.2
Oklahoma,2016-09-01,2016,9,4.7,254.9,1402.6,42.8,79.7,132.4,296.5,20.9,78.7,185.3,235.0,167.8,353.2,206.20000000000002
Oklahoma,2016-10-01,2016,10,4.7,253.7,1405.0,43.3,78.9,131.5,298.3,20.9,78.9,185.7,235.2,165.7,355.1,206.6
Oklahoma,2016-11-01,2016,11,4.6,253.0,1411.9,43.6,77.4,132.0,305.7,21.0,78.9,184.7,235.2,164.5,356.4,205.7
Oklahoma,2016-12-01,2016,12,4.5,253.8,1411.4,44.3,77.0,132.5,305.2,21.3,79.5,184.4,235.3,163.3,356.6,205.70000000000002
Oklahoma,2017-01-01,2017,1,4.4,249.5,1375.1,44.1,75.1,130.3,293.3,20.9,77.9,180.7,231.3,158.8,346.5,201.6
Oklahoma,2017-02-01,2017,2,4.3,251.7,1387.2,45.1,75.0,131.6,291.4,20.9,78.1,182.8,232.7,160.9,353.8,203.70000000000002
Oklahoma,2017-03-01,2017,3,4.2,253.1,1397.7,45.7,75.9,131.5,292.0,20.9,78.4,185.1,233.2,165.2,355.6,206.0
Oklahoma,2017-04-01,2017,4,4.1,253.7,1406.9,46.5,75.4,131.8,293.1,20.8,78.7,186.7,235.5,169.3,355.0,207.5
Oklahoma,2017-05-01,2017,5,4.0,256.1,1410.1,47.2,76.5,132.4,293.7,20.8,78.9,186.8,235.9,170.0,355.5,207.60000000000002
Oklahoma,2017-06-01,2017,6,4.0,260.8,1405.4,48.6,78.4,133.8,294.3,20.7,79.4,189.6,235.4,172.2,344.2,210.29999999999998
Oklahoma,2017-07-01,2017,7,4.0,261.6,1389.8,49.1,78.7,133.8,294.2,20.5,79.0,189.7,234.5,170.2,332.1,210.2
Oklahoma,2017-08-01,2017,8,4.0,262.9,1397.8,49.6,79.2,134.1,294.6,20.3,79.1,190.5,235.3,171.2,337.3,210.8
Oklahoma,2017-09-01,2017,9,3.9,264.1,1412.7,49.9,80.2,134.0,294.8,20.1,78.9,190.8,237.4,170.6,350.3,210.9
Oklahoma,2017-10-01,2017,10,3.9,263.3,1416.1,50.1,79.2,134.0,297.6,19.9,79.0,191.1,237.6,168.0,353.0,211.0
Oklahoma,2017-11-01,2017,11,3.8,263.1,1422.5,50.4,78.4,134.3,304.8,20.0,79.1,190.4,237.4,167.1,353.8,210.4
Oklahoma,2017-12-01,2017,12,3.8,264.8,1423.8,50.9,78.5,135.4,305.5,20.2,79.7,190.0,237.7,166.8,353.6,210.2
Oklahoma,2018-01-01,2018,1,3.7,261.1,1395.1,50.6,75.8,134.7,295.2,19.9,78.4,187.1,235.0,163.6,346.0,207.0
Oklahoma,2018-02-01,2018,2,3.6,263.6,1404.7,51.3,76.8,135.5,292.9,19.9,78.4,189.5,236.1,165.4,352.1,209.4
Oklahoma,2018-03-01,2018,3,3.5,266.3,1415.1,51.7,78.4,136.2,294.5,19.9,78.8,191.3,236.8,169.6,353.0,211.20000000000002
Oklahoma,2018-04-01,2018,4,3.4,266.8,1415.2,51.7,78.6,136.5,295.1,19.9,78.8,190.9,236.3,172.6,351.6,210.8
Oklahoma,2018-05-01,2018,5,3.3,269.2,1423.3,52.3,79.6,137.3,296.9,20.0,79.0,191.3,236.3,175.8,353.7,211.3
Oklahoma,2018-06-01,2018,6,3.2,272.9,1417.2,53.1,81.0,138.8,297.6,20.1,79.7,195.1,234.9,176.7,342.0,215.2
Oklahoma,2018-07-01,2018,7,3.1,272.7,1401.9,53.6,80.9,138.2,297.6,20.2,79.6,195.4,234.6,174.5,329.3,215.6
Oklahoma,2018-08-01,2018,8,3.1,275.1,1411.6,54.0,82.7,138.4,298.5,20.0,79.6,196.0,235.7,175.9,335.4,216.0
Oklahoma,2018-09-01,2018,9,3.1,276.0,1424.5,53.8,83.3,138.9,298.8,19.9,79.4,195.9,236.9,174.7,348.3,215.8
Oklahoma,2018-10-01,2018,10,3.1,276.1,1431.5,54.0,82.9,139.2,301.0,19.8,79.3,196.3,237.7,171.3,355.8,216.10000000000002
Oklahoma,2018-11-01,2018,11,3.2,275.9,1438.5,53.9,82.5,139.5,308.4,19.6,79.1,196.1,237.1,170.4,357.7,215.7
Oklahoma,2018-12-01,2018,12,3.2,276.5,1439.2,54.1,81.9,140.5,309.0,19.9,79.5,195.2,238.1,170.3,356.9,215.1
Oklahoma,2019-01-01,2019,1,3.2,272.1,1406.4,52.7,79.6,139.8,297.0,19.5,78.9,191.2,236.2,166.6,347.3,210.7
Oklahoma,2019-02-01,2019,2,3.2,274.4,1418.4,52.1,81.4,140.9,294.5,19.6,79.0,193.2,237.0,168.5,356.5,212.79999999999998
Oklahoma,2019-03-01,2019,3,3.1,274.7,1426.1,51.6,82.1,141.0,295.7,19.6,79.0,194.3,237.8,171.9,357.4,213.9
Oklahoma,2019-04-01,2019,4,3.1,273.9,1434.5,51.1,82.0,140.8,296.7,19.7,79.7,196.6,240.1,175.7,357.5,216.29999999999998
Oklahoma,2019-05-01,2019,5,3.0,272.9,1440.1,50.0,82.1,140.8,298.1,19.7,79.8,196.8,240.3,177.0,359.6,216.5
Oklahoma,2019-06-01,2019,6,3.0,275.2,1427.5,49.7,84.0,141.5,298.7,19.8,80.0,198.0,240.0,176.9,344.4,217.8
Oklahoma,2019-07-01,2019,7,3.1,273.5,1416.1,48.2,84.7,140.6,299.3,19.8,79.9,198.3,239.5,176.6,333.3,218.10000000000002
Oklahoma,2019-08-01,2019,8,3.1,271.4,1425.1,46.9,84.3,140.2,299.5,19.6,79.7,198.7,240.8,178.0,340.0,218.29999999999998
Oklahoma,2019-09-01,2019,9,3.2,269.5,1443.9,45.5,84.3,139.7,302.1,19.5,79.2,198.0,242.4,177.8,356.1,217.5
Oklahoma,2019-10-01,2019,10,3.2,266.1,1451.6,43.7,83.7,138.7,306.5,19.6,79.1,198.8,243.2,174.6,361.2,218.4
Oklahoma,2019-11-01,2019,11,3.1,263.7,1460.7,42.0,82.6,139.1,315.0,19.9,79.0,199.2,243.7,173.8,361.8,219.1
Oklahoma,2019-12-01,2019,12,3.1,261.9,1461.2,40.5,81.9,139.5,316.8,19.9,79.3,198.0,244.4,173.0,361.1,217.9
Oklahoma,2020-01-01,2020,1,3.1,257.9,1427.5,39.1,80.5,138.3,305.1,19.7,78.0,193.1,241.8,169.4,352.4,212.79999999999998
Oklahoma,2020-02-01,2020,2,3.2,256.6,1436.5,38.4,79.9,138.3,302.5,19.8,77.9,194.3,242.8,171.0,360.0,214.10000000000002
Oklahoma,2020-03-01,2020,3,3.2,256.2,1432.6,37.6,80.5,138.1,303.0,19.7,77.7,193.8,241.7,169.7,358.8,213.5
Oklahoma,2020-04-01,2020,4,12.5,241.0,1296.5,34.1,77.4,129.5,279.2,18.3,76.2,177.7,224.1,116.8,350.7,196.0
Oklahoma,2020-05-01,2020,5,9.8,239.9,1332.4,31.6,79.9,128.4,290.3,18.1,76.3,178.3,229.5,142.7,339.4,196.4
Oklahoma,2020-06-01,2020,6,8.2,239.4,1361.8,30.6,80.4,128.4,299.4,18.0,76.5,181.4,231.6,156.1,333.6,199.4
Oklahoma,2020-07-01,2020,7,7.4,234.4,1357.1,28.5,78.9,127.0,298.8,17.6,77.0,181.5,232.3,158.0,327.3,199.1
Oklahoma,2020-08-01,2020,8,6.3,234.4,1369.8,28.2,78.2,128.0,301.7,17.4,76.8,182.9,234.6,159.7,332.6,200.3
Oklahoma,2020-09-01,2020,9,5.9,233.8,1390.8,27.8,78.0,128.0,305.7,17.8,76.4,182.8,236.0,159.8,348.3,200.60000000000002
Oklahoma,2020-10-01,2020,10,5.5,232.7,1405.9,27.1,77.6,128.0,315.4,17.6,76.9,185.8,237.9,158.7,350.5,203.4
Oklahoma,2020-11-01,2020,11,5.3,231.7,1414.1,27.0,77.3,127.4,323.6,17.7,77.0,186.1,238.3,158.6,350.0,203.79999999999998
Oklahoma,2020-12-01,2020,12,5.2,232.8,1415.2,27.4,77.7,127.7,323.9,17.6,77.5,186.7,238.9,157.2,350.3,204.29999999999998
Oklahoma,2021-01-01,2021,1,5.0,230.2,1383.1,26.9,75.8,127.5,311.8,17.7,77.0,183.9,236.6,154.3,339.3,201.6
Oklahoma,2021-02-01,2021,2,4.9,227.6,1383.6,26.7,73.3,127.6,307.5,17.7,76.8,183.5,236.0,152.7,347.0,201.2
Oklahoma,2021-03-01,2021,3,4.8,233.8,1400.4,27.2,77.9,128.7,309.2,17.5,77.0,187.7,237.9,160.0,347.9,205.2
Oklahoma,2021-04-01,2021,4,4.7,234.5,1407.4,27.4,79.2,127.9,306.5,17.8,77.7,190.3,236.8,164.2,349.9,208.10000000000002
Oklahoma,2021-05-01,2021,5,4.5,233.7,1413.3,27.2,79.0,127.5,309.4,17.8,77.9,190.7,235.4,167.7,350.0,208.5
Oklahoma,2021-06-01,2021,6,4.3,236.4,1411.8,27.3,80.4,128.7,310.9,17.9,78.4,192.7,235.6,171.2,339.8,210.6
Oklahoma,2021-07-01,2021,7,4.0,235.6,1401.8,27.4,79.4,128.8,310.2,18.0,79.0,193.0,236.6,171.5,328.4,211.0
Oklahoma,2021-08-01,2021,8,3.7,235.9,1407.0,27.5,79.7,128.7,310.7,17.8,79.2,193.7,237.0,171.0,332.7,211.5
Oklahoma,2021-09-01,2021,9,3.4,235.6,1426.7,27.6,79.2,128.8,312.7,17.5,79.0,194.3,237.0,170.8,350.4,211.8
Oklahoma,2021-10-01,2021,10,3.1,237.7,1443.3,27.9,80.0,129.8,318.9,17.6,80.1,198.7,238.7,169.3,354.8,216.29999999999998
Oklahoma,2021-11-01,2021,11,2.9,237.6,1450.6,28.1,79.0,130.5,326.9,17.5,80.0,198.7,238.8,168.1,355.3,216.2
Oklahoma,2021-12-01,2021,12,2.9,239.3,1453.4,28.5,79.4,131.4,329.0,17.5,80.3,199.0,238.3,168.6,355.2,216.5
Oklahoma,2022-01-01,2022,1,2.9,236.5,1420.4,29.2,77.0,130.3,317.8,17.4,79.6,195.9,236.7,163.4,344.6,213.3
Oklahoma,2022-02-01,2022,2,2.9,238.8,1435.7,29.5,78.0,131.3,319.5,17.3,79.8,198.3,237.8,165.3,352.4,215.60000000000002
Oklahoma,2022-03-01,2022,3,2.9,240.6,1439.9,29.8,78.9,131.9,318.1,17.4,79.8,199.9,237.9,168.0,353.0,217.3
Oklahoma,2022-04-01,2022,4,2.9,241.4,1456.1,30.1,79.2,132.1,318.4,17.8,80.7,202.7,240.6,174.0,355.1,220.5
Oklahoma,2022-05-01,2022,5,3.0,242.3,1460.6,30.3,79.3,132.7,317.9,18.1,81.1,204.1,241.1,175.6,355.4,222.2
Oklahoma,2022-06-01,2022,6,3.0,244.0,1450.6,30.6,80.3,133.1,317.9,18.0,81.7,204.1,242.2,177.3,341.2,222.1
Oklahoma,2022-07-01,2022,7,3.1,246.2,1449.3,31.1,80.8,134.3,320.5,18.2,82.4,206.8,243.9,176.8,332.2,225.0
Oklahoma,2022-08-01,2022,8,3.1,246.2,1456.3,31.3,80.7,134.2,321.2,18.1,82.2,207.6,245.8,177.8,335.4,225.7
Oklahoma,2022-09-01,2022,9,3.1,247.4,1482.1,31.4,81.0,135.0,323.5,17.9,82.0,209.9,248.6,178.2,353.5,227.8
Oklahoma,2022-10-01,2022,10,3.1,247.9,1487.9,31.2,80.8,135.9,324.6,17.9,82.3,211.2,249.9,176.0,357.3,229.1
Oklahoma,2022-11-01,2022,11,3.1,248.3,1496.2,31.5,80.1,136.7,330.1,18.1,82.6,211.2,251.4,175.5,358.6,229.29999999999998
Oklahoma,2022-12-01,2022,12,3.0,249.1,1498.3,31.7,80.0,137.4,333.0,17.9,82.8,209.6,252.7,173.9,359.4,227.5
Oklahoma,2023-01-01,2023,1,3.0,248.7,1475.9,32.3,79.4,137.0,322.5,17.9,82.6,207.9,252.1,173.8,349.9,225.8
Oklahoma,2023-02-01,2023,2,3.0,249.8,1487.1,32.5,79.8,137.5,319.4,18.0,82.6,208.9,254.2,175.8,358.7,226.9
Oklahoma,2023-03-01,2023,3,2.9,251.5,1494.5,32.6,81.0,137.9,320.0,18.2,82.7,209.5,254.8,178.7,360.6,227.7
Oklahoma,2023-04-01,2023,4,2.9,253.5,1503.1,32.3,82.0,139.2,320.2,18.4,83.9,211.3,256.1,181.5,361.8,229.70000000000002
Oklahoma,2023-05-01,2023,5,3.0,253.9,1505.6,31.9,82.9,139.1,319.8,18.6,84.3,211.0,256.2,183.5,362.3,229.6
Oklahoma,2023-06-01,2023,6,3.0,256.4,1502.1,31.9,84.1,140.4,321.9,18.6,85.0,211.3,257.3,184.4,352.9,229.9
Oklahoma,2023-07-01,2023,7,3.1,254.4,1482.5,31.5,83.6,139.3,319.9,18.4,85.0,208.8,258.0,181.9,340.4,227.20000000000002
Oklahoma,2023-08-01,2023,8,3.2,254.2,1492.8,31.4,83.4,139.4,319.4,18.0,84.9,209.1,261.0,183.2,347.3,227.1
Oklahoma,2023-09-01,2023,9,3.3,255.5,1516.0,31.1,84.4,140.0,320.0,17.8,84.9,210.7,263.1,183.4,365.9,228.5
Oklahoma,2023-10-01,2023,10,3.4,256.6,1522.3,31.1,85.1,140.4,322.6,17.7,85.3,210.3,263.4,181.7,371.4,228.0
Oklahoma,2023-11-01,2023,11,3.4,255.6,1528.2,31.1,84.1,140.4,328.6,17.8,85.3,209.6,264.4,180.6,372.3,227.4
Oklahoma,2023-12-01,2023,12,3.4,256.6,1527.9,31.2,84.6,140.8,329.4,18.0,85.7,208.3,265.9,179.8,371.2,226.3
Oklahoma,2024-01-01,2024,1,3.3,253.6,1493.0,31.0,83.1,139.5,319.4,17.5,84.8,204.4,264.2,175.2,358.5,221.9
Oklahoma,2024-02-01,2024,2,3.3,255.3,1510.4,30.9,84.1,140.3,317.5,17.3,85.0,206.4,266.9,177.4,370.4,223.70000000000002
Oklahoma,2024-03-01,2024,3,3.3,257.1,1519.3,30.7,86.0,140.4,317.6,17.4,85.2,207.5,268.2,181.5,372.1,224.9
Oklahoma,2024-04-01,2024,4,3.3,256.3,1526.8,30.5,85.3,140.5,317.3,17.6,85.4,209.9,268.6,184.9,372.8,227.5
Oklahoma,2024-05-01,2024,5,3.2,256.7,1529.2,30.3,85.7,140.7,317.1,17.3,85.5,208.8,269.3,186.8,374.1,226.10000000000002
Oklahoma,2024-06-01,2024,6,3.2,258.5,1515.3,30.2,86.7,141.6,317.6,17.4,85.8,206.5,270.4,185.4,361.1,223.9
Oklahoma,2024-07-01,2024,7,3.2,258.4,1504.0,30.1,87.0,141.3,317.3,17.5,85.9,206.2,270.4,184.7,351.2,223.7
Oklahoma,2024-08-01,2024,8,3.2,257.8,1513.7,29.8,87.0,141.0,317.7,17.3,85.7,207.4,273.5,187.0,354.5,224.70000000000002
Oklahoma,2024-09-01,2024,9,3.1,257.7,1533.7,29.7,86.8,141.2,317.6,17.3,85.3,207.3,275.2,186.7,373.7,224.60000000000002
Oklahoma,2024-10-01,2024,10,3.1,258.1,1542.0,29.4,87.3,141.4,320.5,17.3,85.9,207.8,277.4,185.3,377.0,225.10000000000002
Oklahoma,2024-11-01,2024,11,3.1,258.2,1549.2,29.3,87.3,141.6,325.9,17.3,85.9,207.6,278.3,184.3,379.0,224.9
Oklahoma,2024-12-01,2024,12,3.1,258.5,1546.1,29.3,87.4,141.8,326.1,17.4,85.9,207.4,278.3,183.9,376.2,224.8
Oklahoma,2025-01-01,2025,1,3.1,255.8,1516.7,28.7,86.1,141.0,318.5,17.2,85.0,202.4,277.1,179.2,367.0,219.6
Oklahoma,2025-02-01,2025,2,3.1,256.7,1526.2,28.9,86.5,141.3,316.4,17.2,85.1,203.2,278.5,179.8,375.6,220.39999999999998
Oklahoma,2025-03-01,2025,3,3.1,258.6,1534.2,28.8,88.3,141.5,316.3,17.4,84.9,204.4,279.1,183.9,377.1,221.8
Oklahoma,2025-04-01,2025,4,3.1,259.9,1544.5,28.8,89.9,141.2,316.1,17.2,85.2,208.0,280.7,187.5,378.7,225.2
Oklahoma,2025-05-01,2025,5,3.1,259.7,1547.0,28.7,90.1,140.9,316.9,17.2,85.4,207.6,280.4,189.5,378.8,224.79999999999998
Oklahoma,2025-06-01,2025,6,3.2,261.0,1530.7,28.5,91.4,141.1,316.7,17.0,85.5,206.5,278.6,186.8,367.8,223.5
Oklahoma,2025-07-01,2025,7,3.3,258.9,1510.9,28.2,90.4,140.3,315.9,17.0,84.9,205.0,276.8,184.8,355.1,222.0
Oklahoma,2025-08-01,2025,8,3.4,258.4,1515.7,28.2,90.3,139.9,316.0,17.0,84.7,204.1,278.7,185.1,359.0,221.1
Oklahoma,2025-09-01,2025,9,3.6,258.1,1532.6,28.2,90.1,139.8,315.4,16.5,84.4,205.2,280.3,184.2,375.7,221.7
Oklahoma,2025-10-01,2025,10,,259.2,1537.0,28.2,90.7,140.3,317.4,16.6,85.4,204.8,282.1,182.9,376.5,221.4
Oklahoma,2025-11-01,2025,11,3.7,259.1,1541.4,28.2,91.1,139.8,322.0,17.0,85.6,205.3,281.2,181.4,377.2,222.3
Oklahoma,2025-12-01,2025,12,3.7,258.0,1539.1,28.2,90.2,139.6,324.2,17.3,85.7,204.9,280.8,178.7,375.7,222.20000000000002
Oklahoma,2026-01-01,2026,1,3.9,258.6,1512.7,28.1,91.3,139.2,317.6,16.7,85.5,199.4,281.0,175.4,365.1,216.1
Oklahoma,2026-02-01,2026,2,3.9,257.2,1522.7,28.1,90.4,138.7,313.9,16.6,86.1,201.1,282.6,176.6,373.8,217.7
Oregon,2016-01-01,2016,1,5.0,274.6,1517.7,7.0,82.1,185.5,335.2,32.7,94.7,231.2,269.4,187.4,305.5,263.9
Oregon,2016-02-01,2016,2,4.9,277.6,1533.9,7.0,84.5,186.1,334.1,33.2,94.6,233.7,274.9,190.2,310.7,266.9
Oregon,2016-03-01,2016,3,4.9,279.2,1542.1,6.9,85.5,186.8,334.8,33.3,94.6,235.4,275.5,193.2,312.4,268.7
Oregon,2016-04-01,2016,4,4.9,281.7,1556.1,6.9,88.0,186.8,336.7,33.2,95.9,239.0,276.7,197.7,313.0,272.2
Oregon,2016-05-01,2016,5,4.9,284.6,1563.2,7.2,89.7,187.7,338.4,33.6,96.5,238.8,274.4,201.4,315.8,272.40000000000003
Oregon,2016-06-01,2016,6,4.9,287.7,1569.1,7.2,91.2,189.3,340.4,33.5,97.2,240.3,270.0,206.3,316.8,273.8
Oregon,2016-07-01,2016,7,4.9,291.8,1543.4,7.3,93.8,190.7,342.5,33.3,98.5,242.9,267.4,210.4,284.1,276.2
Oregon,2016-08-01,2016,8,4.8,294.7,1548.1,7.4,95.4,191.9,345.2,33.7,99.1,244.1,269.7,209.4,282.3,277.8
Oregon,2016-09-01,2016,9,4.7,292.1,1564.8,7.3,95.0,189.8,344.8,34.6,98.5,242.4,277.3,206.5,296.0,277.0
Oregon,2016-10-01,2016,10,4.5,291.1,1582.4,7.2,94.8,189.1,345.5,34.1,98.4,242.4,283.5,200.2,313.5,276.5
Oregon,2016-11-01,2016,11,4.4,288.2,1591.7,7.1,93.4,187.7,352.7,34.1,98.6,241.7,285.0,198.0,317.0,275.8
Oregon,2016-12-01,2016,12,4.2,285.6,1587.0,7.0,91.6,187.0,354.3,33.8,99.0,240.5,284.1,197.6,313.9,274.3
Oregon,2017-01-01,2017,1,4.1,278.2,1548.0,6.6,87.2,184.4,343.7,33.6,97.5,235.1,277.0,193.0,306.9,268.7
Oregon,2017-02-01,2017,2,4.0,282.5,1570.8,6.7,90.2,185.6,342.3,34.1,97.7,239.2,284.1,196.0,315.0,273.3
Oregon,2017-03-01,2017,3,4.0,285.0,1580.6,6.6,92.1,186.3,342.6,33.8,98.2,240.7,286.3,198.9,317.4,274.5
Oregon,2017-04-01,2017,4,3.9,289.5,1592.2,6.8,94.9,187.8,344.3,35.0,98.8,244.3,285.3,204.1,317.0,279.3
Oregon,2017-05-01,2017,5,4.0,293.3,1600.5,6.9,97.2,189.2,345.9,34.5,99.6,244.2,285.2,207.6,319.6,278.7
Oregon,2017-06-01,2017,6,4.0,298.5,1609.6,7.1,99.7,191.7,348.1,34.5,100.3,247.5,280.3,214.0,320.7,282.0
Oregon,2017-07-01,2017,7,4.1,303.0,1580.4,7.3,102.2,193.5,349.2,34.2,101.7,248.0,277.1,217.2,288.6,282.2
Oregon,2017-08-01,2017,8,4.1,304.9,1583.3,7.3,103.6,194.0,350.8,34.5,101.6,248.6,278.8,217.0,287.6,283.1
Oregon,2017-09-01,2017,9,4.1,302.4,1595.2,7.1,103.1,192.2,350.9,34.6,100.9,247.8,285.1,213.1,298.8,282.40000000000003
Oregon,2017-10-01,2017,10,4.2,302.4,1607.8,7.2,102.8,192.4,351.4,34.1,101.4,247.5,288.1,206.8,314.6,281.6
Oregon,2017-11-01,2017,11,4.2,299.8,1615.3,7.2,101.1,191.5,358.6,34.2,101.4,246.6,289.1,204.8,316.9,280.8
Oregon,2017-12-01,2017,12,4.1,299.1,1613.3,7.2,100.5,191.4,360.3,33.7,101.4,246.0,288.9,204.3,314.9,279.7
Oregon,2018-01-01,2018,1,4.1,295.4,1586.5,7.0,98.2,190.2,348.5,33.7,100.4,243.5,303.1,200.3,293.9,277.2
Oregon,2018-02-01,2018,2,4.1,298.1,1597.2,7.1,99.7,191.3,345.1,34.1,100.7,246.1,306.2,201.8,299.6,280.2
Oregon,2018-03-01,2018,3,4.0,299.7,1605.9,7.1,100.9,191.7,345.4,34.4,100.9,247.5,308.3,204.8,300.7,281.9
Oregon,2018-04-01,2018,4,3.9,302.1,1613.5,7.1,102.5,192.5,346.9,34.3,101.6,248.7,307.7,209.1,300.8,283.0
Oregon,2018-05-01,2018,5,3.9,306.1,1622.5,7.3,105.1,193.7,349.7,34.0,102.2,248.7,306.0,213.3,303.6,282.7
Oregon,2018-06-01,2018,6,3.8,310.4,1627.6,7.3,106.8,196.3,351.1,34.1,102.5,250.1,301.3,218.6,304.6,284.2
Oregon,2018-07-01,2018,7,3.9,316.1,1595.5,7.4,109.3,199.4,351.5,34.5,103.8,251.5,297.5,221.2,270.3,286.0
Oregon,2018-08-01,2018,8,3.9,316.8,1601.8,7.4,110.6,198.8,354.1,34.4,103.9,253.0,299.4,221.8,270.2,287.4
Oregon,2018-09-01,2018,9,4.1,314.1,1616.0,7.3,109.2,197.6,354.9,34.0,102.8,252.0,305.0,216.5,286.5,286.0
Oregon,2018-10-01,2018,10,4.2,313.8,1633.3,7.4,109.1,197.3,356.4,34.6,102.9,252.5,310.1,211.1,301.1,287.1
Oregon,2018-11-01,2018,11,4.2,311.5,1641.2,7.2,107.8,196.5,364.5,35.1,102.5,251.6,310.2,208.7,304.2,286.7
Oregon,2018-12-01,2018,12,4.3,309.9,1638.5,7.1,106.1,196.7,365.0,34.8,102.5,251.1,309.9,209.2,302.0,285.9
Oregon,2019-01-01,2019,1,4.2,306.4,1613.6,6.9,103.6,195.9,354.5,34.4,101.3,248.2,308.6,204.5,298.3,282.59999999999997
Oregon,2019-02-01,2019,2,4.1,306.1,1616.8,6.8,103.0,196.3,349.5,34.3,101.8,249.0,312.0,204.5,301.8,283.3
Oregon,2019-03-01,2019,3,4.0,308.5,1624.9,6.7,105.0,196.8,349.6,34.1,102.0,249.9,313.7,207.3,304.1,284.0
Oregon,2019-04-01,2019,4,3.9,311.1,1637.8,6.8,107.1,197.2,351.3,34.6,102.6,253.4,314.7,211.2,304.9,288.0
Oregon,2019-05-01,2019,5,3.8,315.2,1646.5,7.0,109.5,198.7,353.4,35.4,103.2,254.2,311.6,215.4,308.1,289.59999999999997
Oregon,2019-06-01,2019,6,3.7,317.9,1650.8,7.0,111.1,199.8,354.9,35.3,103.6,255.3,306.4,221.5,308.7,290.6
Oregon,2019-07-01,2019,7,3.7,322.1,1622.9,7.1,113.3,201.7,356.8,35.1,105.2,256.9,304.9,224.3,274.4,292.0
Oregon,2019-08-01,2019,8,3.6,323.0,1629.6,7.1,114.6,201.3,358.4,35.5,105.3,258.0,307.5,224.4,275.2,293.5
Oregon,2019-09-01,2019,9,3.5,319.2,1640.0,7.0,113.0,199.2,359.0,35.0,103.8,257.0,312.9,219.1,288.4,292.0
Oregon,2019-10-01,2019,10,3.4,317.7,1658.7,7.0,112.7,198.0,359.9,35.5,104.9,259.1,316.8,213.4,304.2,294.6
Oregon,2019-11-01,2019,11,3.4,315.6,1667.3,6.8,112.3,196.5,368.3,36.6,104.2,257.9,317.3,210.6,307.5,294.5
Oregon,2019-12-01,2019,12,3.4,312.5,1666.2,6.7,109.7,196.1,371.1,35.4,104.5,257.2,317.3,210.7,305.2,292.59999999999997
Oregon,2020-01-01,2020,1,3.4,306.7,1638.7,6.5,106.3,193.9,359.1,34.6,104.1,253.0,314.5,207.0,302.1,287.6
Oregon,2020-02-01,2020,2,3.6,308.5,1648.7,6.5,108.3,193.7,356.1,35.3,104.6,255.0,318.2,208.5,306.2,290.3
Oregon,2020-03-01,2020,3,3.7,307.8,1637.9,6.5,108.5,192.8,354.9,34.6,103.5,252.3,317.1,205.0,306.7,286.90000000000003
Oregon,2020-04-01,2020,4,13.7,285.5,1407.3,6.3,100.3,178.9,319.6,31.9,99.0,233.7,279.0,103.2,292.0,265.59999999999997
Oregon,2020-05-01,2020,5,11.8,291.5,1425.8,6.4,105.3,179.8,326.0,31.9,99.5,233.7,280.7,119.5,283.7,265.59999999999997
Oregon,2020-06-01,2020,6,10.2,298.1,1481.7,6.6,108.3,183.2,340.7,31.9,100.7,236.5,285.3,148.7,282.4,268.4
Oregon,2020-07-01,2020,7,9.2,302.5,1486.0,6.7,111.0,184.8,347.2,32.3,102.4,239.8,287.2,161.3,258.7,272.1
Oregon,2020-08-01,2020,8,7.9,303.6,1504.3,6.8,112.2,184.6,350.6,32.9,103.2,241.7,289.3,165.4,263.7,274.59999999999997
Oregon,2020-09-01,2020,9,7.5,300.6,1519.9,6.6,109.8,184.2,351.7,33.2,102.6,240.3,294.0,164.0,276.4,273.5
Oregon,2020-10-01,2020,10,6.8,302.8,1542.9,6.7,112.0,184.1,357.1,33.6,103.7,245.0,298.9,164.0,282.5,278.6
Oregon,2020-11-01,2020,11,6.6,299.4,1549.0,6.7,109.5,183.2,364.7,33.8,103.6,245.7,299.6,161.2,282.7,279.5
Oregon,2020-12-01,2020,12,6.5,298.2,1526.7,6.6,108.5,183.1,368.0,33.6,103.5,246.3,299.2,138.7,280.4,279.90000000000003
Oregon,2021-01-01,2021,1,6.3,294.3,1498.3,6.5,105.7,182.1,358.2,33.2,102.0,244.1,295.3,131.1,277.9,277.3
Oregon,2021-02-01,2021,2,6.2,295.9,1519.6,6.5,106.3,183.1,357.1,34.1,102.5,245.7,299.8,142.4,281.0,279.8
Oregon,2021-03-01,2021,3,6.1,299.2,1545.5,6.5,108.5,184.2,358.5,33.9,102.7,248.0,302.4,157.9,284.2,281.9
Oregon,2021-04-01,2021,4,5.9,301.9,1563.7,6.6,110.3,185.0,356.8,34.2,103.8,250.5,302.7,168.6,288.3,284.7
Oregon,2021-05-01,2021,5,5.6,303.4,1570.0,6.6,111.4,185.4,358.2,34.9,103.9,250.9,299.7,172.7,290.4,285.8
Oregon,2021-06-01,2021,6,5.4,306.1,1577.3,6.7,112.1,187.3,359.4,35.5,103.7,250.6,297.5,181.6,289.1,286.1
Oregon,2021-07-01,2021,7,5.0,310.5,1578.0,6.8,114.4,189.3,360.3,35.6,105.2,253.4,295.5,192.8,274.9,289.0
Oregon,2021-08-01,2021,8,4.7,310.2,1579.2,6.7,114.4,189.1,359.8,35.4,105.2,252.9,295.8,195.9,273.9,288.3
Oregon,2021-09-01,2021,9,4.4,308.3,1585.8,6.6,113.3,188.4,359.1,35.7,104.2,252.3,298.8,191.5,284.1,288.0
Oregon,2021-10-01,2021,10,4.2,309.3,1605.6,6.6,114.0,188.7,363.7,36.2,105.5,255.9,300.6,189.4,293.8,292.1
Oregon,2021-11-01,2021,11,4.0,308.0,1614.0,6.4,112.7,188.9,370.9,36.3,106.0,257.2,301.5,187.3,294.6,293.5
Oregon,2021-12-01,2021,12,4.0,306.9,1616.2,6.3,111.6,189.0,374.1,36.2,105.3,258.0,301.6,187.8,293.1,294.2
Oregon,2022-01-01,2022,1,3.9,303.2,1591.1,6.2,108.9,188.1,363.3,36.1,104.2,255.4,298.6,183.4,290.4,291.5
Oregon,2022-02-01,2022,2,3.8,307.4,1609.7,6.3,111.6,189.5,364.1,36.3,104.5,259.9,303.3,187.1,294.1,296.2
Oregon,2022-03-01,2022,3,3.7,308.7,1619.9,6.2,112.6,189.9,364.4,36.6,104.8,261.9,305.0,190.3,296.1,298.5
Oregon,2022-04-01,2022,4,3.8,312.8,1632.0,6.3,114.3,192.2,365.3,37.1,105.5,264.2,304.6,195.8,297.6,301.3
Oregon,2022-05-01,2022,5,3.8,314.0,1636.0,6.3,115.2,192.5,364.5,37.1,105.6,264.0,303.7,199.1,299.8,301.1
Oregon,2022-06-01,2022,6,3.9,316.8,1636.9,6.4,116.5,193.9,364.8,37.2,105.6,263.8,298.8,204.4,299.8,301.0
Oregon,2022-07-01,2022,7,3.9,322.7,1629.3,6.4,119.4,196.9,366.4,37.5,107.0,267.9,299.0,210.6,277.4,305.4
Oregon,2022-08-01,2022,8,4.0,323.7,1634.3,6.5,120.3,196.9,367.8,37.3,106.4,267.4,300.8,210.8,280.2,304.7
Oregon,2022-09-01,2022,9,4.1,321.7,1643.1,6.4,119.6,195.7,366.7,37.2,105.5,266.8,306.3,206.5,291.0,304.0
Oregon,2022-10-01,2022,10,4.2,319.9,1647.9,6.2,118.7,195.0,367.7,36.7,104.9,266.5,308.2,200.4,300.7,303.2
Oregon,2022-11-01,2022,11,4.2,316.8,1650.5,5.9,116.5,194.4,371.6,36.4,103.5,264.8,309.6,197.9,304.0,301.2
Oregon,2022-12-01,2022,12,4.0,315.3,1655.2,5.9,115.8,193.6,374.1,36.4,103.7,265.2,310.7,199.2,303.2,301.59999999999997
Oregon,2023-01-01,2023,1,3.9,312.2,1645.7,5.8,113.8,192.6,366.4,37.2,103.2,265.0,312.6,196.1,302.2,302.2
Oregon,2023-02-01,2023,2,3.7,312.5,1657.0,5.9,114.4,192.2,363.6,37.3,103.4,266.8,316.6,198.3,307.5,304.1
Oregon,2023-03-01,2023,3,3.6,312.8,1664.3,5.9,115.1,191.8,363.0,37.1,103.3,267.4,318.6,201.4,309.5,304.5
Oregon,2023-04-01,2023,4,3.6,314.3,1673.7,5.9,117.1,191.3,363.3,37.4,103.5,268.0,320.1,204.6,311.6,305.4
Oregon,2023-05-01,2023,5,3.6,316.2,1682.3,6.0,118.7,191.5,363.9,37.0,104.3,267.9,321.2,208.7,313.5,304.9
Oregon,2023-06-01,2023,6,3.7,318.7,1691.2,6.2,120.4,192.1,365.1,37.3,104.9,268.3,317.4,215.5,316.2,305.6
Oregon,2023-07-01,2023,7,3.7,320.4,1654.3,6.4,121.5,192.5,364.0,36.9,105.0,265.2,315.2,217.8,283.8,302.09999999999997
Oregon,2023-08-01,2023,8,3.8,320.5,1659.7,6.5,121.8,192.2,363.6,36.7,105.0,265.0,318.0,218.1,286.7,301.7
Oregon,2023-09-01,2023,9,3.9,318.1,1676.0,6.3,121.1,190.7,364.1,36.4,104.3,265.3,324.7,213.0,302.1,301.7
Oregon,2023-10-01,2023,10,3.9,314.5,1679.1,6.2,119.3,189.0,364.1,36.2,103.7,263.8,326.9,205.5,313.1,300.0
Oregon,2023-11-01,2023,11,4.0,311.3,1684.3,6.2,117.6,187.5,369.3,36.0,103.2,263.5,328.5,203.3,314.9,299.5
Oregon,2023-12-01,2023,12,4.1,310.6,1684.6,6.1,116.7,187.8,370.8,36.0,102.8,262.7,330.0,202.2,314.8,298.7
Oregon,2024-01-01,2024,1,4.1,303.3,1651.6,5.9,111.6,185.8,358.6,36.2,100.7,255.6,328.6,196.2,311.0,291.8
Oregon,2024-02-01,2024,2,4.1,306.0,1666.7,5.9,114.0,186.1,356.5,36.3,101.0,259.0,333.2,199.0,316.3,295.3
Oregon,2024-03-01,2024,3,4.2,307.9,1674.2,5.9,115.1,186.9,356.6,36.1,100.7,259.2,335.1,202.0,318.7,295.3
Oregon,2024-04-01,2024,4,4.2,309.4,1688.4,6.0,116.9,186.5,357.5,36.3,100.8,263.3,338.1,206.2,319.6,299.6
Oregon,2024-05-01,2024,5,4.2,310.8,1695.3,6.1,117.7,187.0,357.9,36.4,101.1,263.7,337.6,210.1,321.4,300.09999999999997
Oregon,2024-06-01,2024,6,4.2,314.1,1698.9,6.2,118.8,189.1,358.8,36.3,101.5,264.3,333.8,215.3,321.5,300.6
Oregon,2024-07-01,2024,7,4.2,316.2,1663.3,6.3,120.6,189.3,358.5,36.5,101.9,260.1,331.4,217.2,290.7,296.6
Oregon,2024-08-01,2024,8,4.3,316.9,1668.8,6.4,121.4,189.1,358.8,35.9,101.9,260.1,335.0,217.4,292.5,296.0
Oregon,2024-09-01,2024,9,4.4,314.3,1685.5,6.2,120.0,188.1,358.5,35.8,101.7,262.3,340.6,212.6,306.8,298.1
Oregon,2024-10-01,2024,10,4.4,309.0,1694.1,6.2,118.1,184.7,359.3,35.7,101.7,261.6,343.4,206.2,319.6,297.3
Oregon,2024-11-01,2024,11,4.5,303.9,1694.7,6.0,115.5,182.4,363.6,35.6,101.0,260.1,345.0,202.0,321.0,295.70000000000005
Oregon,2024-12-01,2024,12,4.7,303.2,1698.0,6.0,114.4,182.8,365.5,35.7,101.8,258.8,346.6,203.0,320.5,294.5
Oregon,2025-01-01,2025,1,4.8,296.1,1675.3,5.8,110.6,179.7,354.9,35.1,99.7,257.0,344.7,198.9,319.1,292.1
Oregon,2025-02-01,2025,2,4.9,295.6,1678.2,5.8,109.5,180.3,352.4,35.0,99.8,257.5,346.8,198.8,322.1,292.5
Oregon,2025-03-01,2025,3,5.0,295.8,1681.5,5.8,110.6,179.4,351.2,34.9,99.4,256.1,348.5,201.8,323.8,291.0
Oregon,2025-04-01,2025,4,5.1,297.9,1695.5,5.9,112.3,179.7,352.7,34.9,100.5,258.0,352.9,206.0,323.5,292.9
Oregon,2025-05-01,2025,5,5.2,299.9,1702.0,6.0,113.7,180.2,353.1,34.6,100.9,258.0,352.0,210.2,325.8,292.6
Oregon,2025-06-01,2025,6,5.2,301.8,1701.5,6.0,114.7,181.1,353.5,34.7,101.1,256.5,347.2,215.7,325.3,291.2
Oregon,2025-07-01,2025,7,5.3,304.2,1664.6,6.1,116.0,182.1,353.5,34.9,101.4,252.8,343.6,217.8,293.5,287.7
Oregon,2025-08-01,2025,8,5.3,303.7,1670.5,6.1,116.4,181.2,355.3,35.0,101.2,251.8,347.0,217.6,295.8,286.8
Oregon,2025-09-01,2025,9,5.3,299.4,1677.3,6.1,114.4,178.9,354.1,34.4,100.0,251.7,349.8,210.3,311.0,286.09999999999997
Oregon,2025-10-01,2025,10,,299.4,1684.0,6.0,115.4,178.0,355.8,33.4,99.1,253.5,351.1,205.8,319.9,286.9
Oregon,2025-11-01,2025,11,5.3,296.7,1686.6,5.9,113.6,177.2,358.4,32.7,98.9,253.3,352.8,204.5,320.8,286.0
Oregon,2025-12-01,2025,12,5.3,292.7,1685.8,6.0,108.6,178.1,359.4,33.0,99.0,252.6,354.2,203.1,319.9,285.6
Oregon,2026-01-01,2026,1,5.2,287.0,1665.2,5.8,106.5,174.7,351.1,32.6,98.3,245.6,355.1,200.8,316.4,278.2
Oregon,2026-02-01,2026,2,5.2,288.2,1662.3,5.7,108.1,174.4,348.1,31.9,98.6,246.2,356.0,197.6,318.7,278.09999999999997
Pennsylvania,2016-01-01,2016,1,5.3,805.6,4948.9,27.2,218.4,560.0,1111.5,84.2,316.7,775.1,1194.5,516.9,696.6,859.3000000000001
Pennsylvania,2016-02-01,2016,2,5.3,798.1,4987.6,26.1,213.4,558.6,1099.8,84.1,316.6,775.5,1221.8,519.7,715.6,859.6
Pennsylvania,2016-03-01,2016,3,5.3,809.0,5018.9,25.7,223.5,559.8,1104.2,84.3,316.4,780.9,1224.3,533.4,718.5,865.1999999999999
Pennsylvania,2016-04-01,2016,4,5.4,822.3,5071.7,25.0,237.5,559.8,1109.0,85.2,317.3,796.6,1234.1,552.2,719.0,881.8000000000001
Pennsylvania,2016-05-01,2016,5,5.4,829.8,5083.1,24.8,243.6,561.4,1118.0,81.7,318.7,796.7,1220.2,575.4,712.3,878.4000000000001
Pennsylvania,2016-06-01,2016,6,5.4,838.8,5053.3,24.4,248.7,565.7,1115.9,86.7,322.0,796.8,1187.9,587.6,693.0,883.5
Pennsylvania,2016-07-01,2016,7,5.4,842.0,5018.8,24.1,252.5,565.4,1108.3,86.8,323.0,799.9,1189.1,592.4,655.2,886.6999999999999
Pennsylvania,2016-08-01,2016,8,5.4,840.4,5014.0,24.1,252.2,564.1,1107.9,86.6,323.1,797.8,1185.8,594.3,655.2,884.4
Pennsylvania,2016-09-01,2016,9,5.3,834.6,5093.2,24.1,250.5,560.0,1114.1,85.2,320.2,802.7,1230.2,570.0,711.1,887.9000000000001
Pennsylvania,2016-10-01,2016,10,5.3,833.9,5121.6,24.1,250.0,559.8,1123.8,85.3,320.0,808.3,1245.7,558.6,719.1,893.5999999999999
Pennsylvania,2016-11-01,2016,11,5.3,829.7,5142.3,24.3,245.4,560.0,1146.7,84.9,320.3,809.4,1250.8,546.5,724.0,894.3
Pennsylvania,2016-12-01,2016,12,5.2,820.6,5135.8,24.2,234.7,561.7,1161.5,84.6,321.5,804.8,1242.8,542.8,719.4,889.4
Pennsylvania,2017-01-01,2017,1,5.2,803.1,5006.9,24.0,221.3,557.8,1116.9,83.7,319.0,785.1,1221.0,528.0,696.6,868.8000000000001
Pennsylvania,2017-02-01,2017,2,5.1,803.9,5045.1,24.6,221.2,558.1,1102.8,84.2,320.2,783.3,1251.1,530.3,716.7,867.5
Pennsylvania,2017-03-01,2017,3,5.1,811.5,5059.5,25.0,226.4,560.1,1100.9,83.4,320.9,786.6,1252.5,539.5,718.2,870.0
Pennsylvania,2017-04-01,2017,4,5.0,830.5,5108.1,25.7,243.2,561.6,1107.8,84.2,320.9,799.6,1257.1,560.9,719.5,883.8000000000001
Pennsylvania,2017-05-01,2017,5,5.0,844.4,5131.3,26.4,254.9,563.1,1113.8,85.1,322.8,803.6,1245.2,582.8,717.2,888.7
Pennsylvania,2017-06-01,2017,6,4.9,856.4,5101.1,27.0,261.7,567.7,1112.8,86.4,326.6,804.1,1214.1,600.3,692.6,890.5
Pennsylvania,2017-07-01,2017,7,4.9,859.4,5054.3,27.3,264.6,567.5,1104.3,85.7,327.6,803.0,1213.3,601.0,655.4,888.7
Pennsylvania,2017-08-01,2017,8,4.9,858.5,5056.3,27.5,264.5,566.5,1106.1,86.1,327.3,802.9,1210.4,603.4,656.8,889.0
Pennsylvania,2017-09-01,2017,9,4.9,853.9,5131.1,27.6,262.8,563.5,1114.5,84.4,324.5,806.4,1256.3,576.3,710.4,890.8
Pennsylvania,2017-10-01,2017,10,4.9,853.8,5160.4,27.7,262.5,563.6,1122.4,84.7,324.2,811.0,1273.3,568.7,717.1,895.7
Pennsylvania,2017-11-01,2017,11,4.9,850.2,5187.0,27.9,257.8,564.5,1148.9,85.0,324.4,812.8,1279.8,555.5,721.8,897.8
Pennsylvania,2017-12-01,2017,12,4.9,843.4,5182.4,27.7,249.0,566.7,1159.5,85.2,325.2,806.6,1275.4,554.7,716.6,891.8000000000001
Pennsylvania,2018-01-01,2018,1,4.8,821.4,5052.0,27.1,231.0,563.3,1118.2,84.4,323.2,785.9,1248.5,538.9,696.7,870.3
Pennsylvania,2018-02-01,2018,2,4.7,823.1,5095.4,27.1,232.3,563.7,1107.6,85.5,324.0,787.5,1281.2,538.0,715.0,873.0
Pennsylvania,2018-03-01,2018,3,4.6,833.0,5113.1,27.4,239.8,565.8,1109.5,85.6,324.2,790.2,1281.8,547.1,717.0,875.8000000000001
Pennsylvania,2018-04-01,2018,4,4.5,848.1,5161.5,28.0,252.9,567.2,1114.1,86.9,325.4,804.4,1288.3,565.7,717.4,891.3
Pennsylvania,2018-05-01,2018,5,4.4,858.4,5181.8,28.3,260.2,569.9,1122.7,86.7,327.6,807.5,1273.9,588.1,713.7,894.2
Pennsylvania,2018-06-01,2018,6,4.3,871.4,5157.9,28.8,267.2,575.4,1122.8,87.4,331.8,808.8,1245.6,603.7,692.4,896.1999999999999
Pennsylvania,2018-07-01,2018,7,4.3,874.7,5109.4,29.1,269.3,576.3,1113.3,87.0,333.1,807.6,1240.5,607.0,655.1,894.6
Pennsylvania,2018-08-01,2018,8,4.2,873.5,5111.8,29.1,268.8,575.6,1112.4,86.9,333.1,806.9,1242.2,606.9,658.9,893.8
Pennsylvania,2018-09-01,2018,9,4.2,868.5,5178.0,29.0,266.6,572.9,1118.5,86.8,329.8,808.1,1284.2,578.9,711.4,894.9
Pennsylvania,2018-10-01,2018,10,4.3,872.5,5217.0,29.6,268.6,574.3,1126.9,87.6,330.3,815.7,1304.8,572.6,717.8,903.3000000000001
Pennsylvania,2018-11-01,2018,11,4.3,866.6,5239.3,29.5,261.2,575.9,1153.5,87.8,331.0,817.5,1307.7,558.0,723.3,905.3
Pennsylvania,2018-12-01,2018,12,4.3,860.3,5225.8,29.5,253.2,577.6,1162.4,87.4,331.2,809.7,1299.2,558.4,717.4,897.1
Pennsylvania,2019-01-01,2019,1,4.3,842.4,5106.4,28.9,240.2,573.3,1125.1,85.6,329.6,791.2,1275.7,541.6,699.7,876.8000000000001
Pennsylvania,2019-02-01,2019,2,4.3,840.6,5136.0,28.9,237.5,574.2,1107.0,86.1,330.0,794.9,1303.1,541.8,715.5,881.0
Pennsylvania,2019-03-01,2019,3,4.3,849.1,5160.1,29.3,243.7,576.1,1107.8,86.5,330.3,795.3,1307.4,554.8,718.7,881.8
Pennsylvania,2019-04-01,2019,4,4.2,865.6,5205.4,29.4,260.0,576.2,1111.4,86.4,330.8,812.8,1311.7,572.9,718.9,899.1999999999999
Pennsylvania,2019-05-01,2019,5,4.2,873.7,5220.5,29.5,266.9,577.3,1118.0,87.0,333.1,815.9,1295.8,594.0,713.5,902.9
Pennsylvania,2019-06-01,2019,6,4.2,881.9,5196.5,29.5,271.8,580.6,1117.4,89.0,337.0,816.4,1265.1,610.9,694.1,905.4
Pennsylvania,2019-07-01,2019,7,4.2,883.8,5156.9,29.5,274.4,579.9,1109.7,89.5,337.9,817.4,1258.3,614.3,662.4,906.9
Pennsylvania,2019-08-01,2019,8,4.2,881.6,5166.9,29.1,275.4,577.1,1110.9,89.4,337.5,818.9,1262.9,614.0,667.8,908.3
Pennsylvania,2019-09-01,2019,9,4.3,874.2,5221.0,28.3,272.9,573.0,1115.6,88.3,334.0,818.3,1302.2,584.7,716.0,906.5999999999999
Pennsylvania,2019-10-01,2019,10,4.3,872.1,5260.4,27.9,271.7,572.5,1128.8,88.2,334.8,825.2,1322.6,576.2,721.7,913.4000000000001
Pennsylvania,2019-11-01,2019,11,4.3,864.4,5291.3,27.2,264.9,572.3,1155.5,89.7,335.9,829.0,1327.3,564.3,727.0,918.7
Pennsylvania,2019-12-01,2019,12,4.4,854.8,5280.4,26.5,255.1,573.2,1168.2,89.4,336.2,819.6,1318.0,566.2,719.9,909.0
Pennsylvania,2020-01-01,2020,1,4.4,839.1,5156.8,25.6,244.7,568.8,1123.4,89.3,334.0,796.5,1294.9,550.5,708.0,885.8
Pennsylvania,2020-02-01,2020,2,4.6,836.5,5187.0,25.4,242.8,568.3,1110.8,89.1,334.5,798.1,1322.1,551.1,720.0,887.2
Pennsylvania,2020-03-01,2020,3,4.8,840.5,5159.7,25.1,247.7,567.7,1108.2,88.1,334.1,797.9,1315.6,536.7,721.0,886.0
Pennsylvania,2020-04-01,2020,4,16.1,676.8,4294.1,23.2,162.0,491.6,911.8,80.5,322.4,720.2,1159.9,240.2,694.0,800.7
Pennsylvania,2020-05-01,2020,5,12.9,766.5,4424.9,22.8,229.0,514.7,967.9,80.2,324.3,736.3,1168.0,289.1,680.0,816.5
Pennsylvania,2020-06-01,2020,6,11.3,805.7,4588.6,22.8,248.8,534.1,1022.5,81.3,328.4,749.4,1179.4,364.6,661.1,830.6999999999999
Pennsylvania,2020-07-01,2020,7,10.4,809.0,4671.4,22.4,253.1,533.5,1038.0,81.9,330.2,753.4,1184.4,424.6,636.4,835.3
Pennsylvania,2020-08-01,2020,8,9.3,812.4,4712.3,22.2,257.0,533.2,1043.4,82.2,330.3,755.8,1192.9,435.8,648.2,838.0
Pennsylvania,2020-09-01,2020,9,8.7,812.5,4805.5,22.0,256.1,534.4,1059.9,83.1,328.6,759.8,1226.0,433.9,688.7,842.9
Pennsylvania,2020-10-01,2020,10,8.1,814.7,4876.8,21.9,257.4,535.4,1084.3,83.8,328.9,778.7,1242.3,437.9,689.6,862.5
Pennsylvania,2020-11-01,2020,11,7.8,812.4,4897.4,21.8,254.1,536.5,1106.9,83.7,328.7,786.0,1241.9,429.1,690.2,869.7
Pennsylvania,2020-12-01,2020,12,7.6,807.0,4844.4,21.6,246.7,538.7,1124.2,83.3,328.5,784.0,1218.6,398.7,680.0,867.3
Pennsylvania,2021-01-01,2021,1,7.4,789.1,4759.4,20.8,232.9,535.4,1094.7,82.1,326.9,766.9,1202.5,394.4,666.5,849.0
Pennsylvania,2021-02-01,2021,2,7.1,784.8,4806.4,20.8,227.4,536.6,1081.5,82.9,327.9,773.7,1225.4,408.7,679.8,856.6
Pennsylvania,2021-03-01,2021,3,6.8,800.4,4860.5,21.2,239.4,539.8,1085.2,83.9,328.8,779.3,1241.5,427.5,684.9,863.1999999999999
Pennsylvania,2021-04-01,2021,4,6.6,814.0,4898.0,21.6,254.3,538.1,1078.2,83.5,328.6,792.4,1244.3,452.3,686.6,875.9
Pennsylvania,2021-05-01,2021,5,6.3,820.9,4927.8,21.7,258.9,540.3,1085.5,84.1,329.4,795.9,1235.6,479.7,682.9,880.0
Pennsylvania,2021-06-01,2021,6,6.2,830.5,4929.6,21.7,263.5,545.3,1089.9,85.8,332.1,798.8,1208.4,505.6,670.4,884.5999999999999
Pennsylvania,2021-07-01,2021,7,5.9,837.0,4924.1,21.8,267.4,547.8,1087.4,87.5,334.0,802.2,1201.1,524.1,645.9,889.7
Pennsylvania,2021-08-01,2021,8,5.6,837.5,4926.6,21.8,267.5,548.2,1087.2,88.5,333.7,801.8,1198.9,528.1,647.0,890.3
Pennsylvania,2021-09-01,2021,9,5.3,831.9,4979.0,21.7,264.5,545.7,1094.9,89.2,330.6,806.2,1227.7,506.3,685.1,895.4000000000001
Pennsylvania,2021-10-01,2021,10,5.0,836.9,5055.1,21.7,265.8,549.4,1116.4,88.7,332.8,824.8,1251.8,509.5,689.9,913.5
Pennsylvania,2021-11-01,2021,11,4.7,835.0,5097.0,21.8,261.2,552.0,1147.3,89.6,333.5,831.9,1257.5,501.8,693.6,921.5
Pennsylvania,2021-12-01,2021,12,4.5,831.1,5105.9,21.6,254.6,554.9,1167.1,90.4,334.3,829.6,1251.5,502.6,687.9,920.0
Pennsylvania,2022-01-01,2022,1,4.3,811.2,4990.0,21.1,238.8,551.3,1132.5,90.3,330.9,811.5,1225.0,485.3,672.6,901.8
Pennsylvania,2022-02-01,2022,2,4.3,817.0,5051.1,21.3,239.1,556.6,1131.9,90.6,331.8,820.7,1254.3,491.9,686.3,911.3000000000001
Pennsylvania,2022-03-01,2022,3,4.2,829.1,5087.4,21.4,247.5,560.2,1132.5,91.1,333.1,829.5,1260.4,507.1,687.7,920.6
Pennsylvania,2022-04-01,2022,4,4.2,844.0,5132.6,21.7,260.2,562.1,1133.8,92.1,332.3,841.8,1268.3,527.5,688.6,933.9
Pennsylvania,2022-05-01,2022,5,4.2,850.0,5153.5,22.0,264.5,563.5,1136.1,92.3,333.7,844.3,1263.7,549.5,683.9,936.5999999999999
Pennsylvania,2022-06-01,2022,6,4.2,857.9,5133.1,22.1,268.7,567.1,1133.7,93.8,337.6,845.0,1231.1,568.3,669.7,938.8
Pennsylvania,2022-07-01,2022,7,4.2,863.1,5127.0,22.3,270.6,570.2,1133.0,95.6,339.7,846.0,1235.2,579.3,641.9,941.6
Pennsylvania,2022-08-01,2022,8,4.1,860.7,5122.4,22.4,269.7,568.6,1131.4,95.8,340.1,843.7,1237.1,577.9,640.9,939.5
Pennsylvania,2022-09-01,2022,9,4.1,855.6,5189.2,22.6,267.4,565.6,1135.8,95.0,337.9,849.1,1279.1,551.7,687.6,944.1
Pennsylvania,2022-10-01,2022,10,4.0,855.1,5217.1,22.6,266.4,566.1,1145.6,94.0,338.0,856.3,1295.5,543.0,689.7,950.3
Pennsylvania,2022-11-01,2022,11,4.0,851.4,5239.1,22.7,261.5,567.2,1166.3,93.8,338.4,856.0,1301.4,533.2,695.9,949.8
Pennsylvania,2022-12-01,2022,12,3.9,845.5,5236.5,22.3,254.6,568.6,1179.2,94.1,339.4,848.3,1296.8,532.8,692.4,942.4
Pennsylvania,2023-01-01,2023,1,3.9,830.8,5138.7,22.3,243.5,565.0,1148.4,93.7,337.5,829.1,1279.8,521.2,677.5,922.8000000000001
Pennsylvania,2023-02-01,2023,2,3.8,830.1,5169.1,22.5,242.8,564.8,1134.5,94.1,337.6,829.9,1306.6,522.8,691.4,924.0
Pennsylvania,2023-03-01,2023,3,3.7,837.3,5202.8,22.7,248.4,566.2,1135.7,94.0,338.8,835.9,1314.3,535.6,694.0,929.9
Pennsylvania,2023-04-01,2023,4,3.6,849.6,5230.1,23.1,259.7,566.8,1133.7,93.2,338.8,842.9,1317.9,552.9,695.4,936.1
Pennsylvania,2023-05-01,2023,5,3.6,855.4,5244.9,23.0,265.1,567.3,1140.0,93.1,339.6,844.4,1308.2,575.3,686.8,937.5
Pennsylvania,2023-06-01,2023,6,3.5,865.3,5243.4,23.0,270.6,571.7,1139.3,93.9,344.5,843.7,1287.0,598.0,676.2,937.6
Pennsylvania,2023-07-01,2023,7,3.5,864.1,5205.4,22.8,272.1,569.2,1128.6,93.4,344.6,840.4,1283.5,600.0,653.2,933.8
Pennsylvania,2023-08-01,2023,8,3.6,861.6,5204.5,22.6,271.3,567.7,1125.9,93.3,343.9,836.9,1287.5,596.6,660.0,930.1999999999999
Pennsylvania,2023-09-01,2023,9,3.6,857.4,5268.7,22.4,268.9,566.1,1133.6,92.6,341.3,844.0,1330.4,571.8,698.4,936.6
Pennsylvania,2023-10-01,2023,10,3.7,854.9,5289.8,22.3,268.3,564.3,1144.4,92.3,340.5,845.5,1346.2,561.8,701.9,937.8
Pennsylvania,2023-11-01,2023,11,3.7,847.7,5316.9,22.4,262.5,562.8,1166.8,92.3,339.8,846.8,1354.9,548.7,710.2,939.0999999999999
Pennsylvania,2023-12-01,2023,12,3.7,844.5,5316.1,22.2,255.2,567.1,1176.8,92.7,341.0,838.1,1353.4,550.5,705.4,930.8000000000001
Pennsylvania,2024-01-01,2024,1,3.7,826.2,5196.5,21.7,242.6,561.9,1141.8,91.7,338.0,817.9,1331.7,529.5,690.6,909.6
Pennsylvania,2024-02-01,2024,2,3.7,825.7,5232.5,21.8,242.4,561.5,1128.1,92.0,338.1,820.7,1361.4,531.4,705.3,912.7
Pennsylvania,2024-03-01,2024,3,3.7,834.5,5269.9,21.9,248.8,563.8,1130.4,92.2,338.6,830.4,1366.3,547.2,707.8,922.6
Pennsylvania,2024-04-01,2024,4,3.7,842.7,5292.3,21.7,258.5,562.5,1127.4,90.8,338.0,837.5,1370.0,562.4,708.4,928.3
Pennsylvania,2024-05-01,2024,5,3.7,848.7,5315.8,21.9,263.5,563.3,1133.7,90.8,338.6,840.1,1358.2,586.9,707.0,930.9
Pennsylvania,2024-06-01,2024,6,3.8,859.8,5294.9,21.9,269.7,568.2,1131.4,91.2,343.4,836.5,1336.1,605.7,686.1,927.7
Pennsylvania,2024-07-01,2024,7,3.8,859.9,5254.7,21.8,271.4,566.7,1124.3,91.0,343.6,834.1,1330.5,603.6,662.0,925.1
Pennsylvania,2024-08-01,2024,8,3.8,856.9,5258.1,21.7,270.3,564.9,1125.1,91.2,342.9,831.5,1331.2,601.6,669.5,922.7
Pennsylvania,2024-09-01,2024,9,3.9,851.5,5325.3,21.5,267.6,562.4,1134.1,90.6,340.5,839.7,1375.3,575.3,707.7,930.3000000000001
Pennsylvania,2024-10-01,2024,10,3.9,849.5,5352.2,20.8,268.2,560.5,1146.0,90.2,340.3,842.9,1387.7,567.4,713.8,933.1
Pennsylvania,2024-11-01,2024,11,4.0,844.8,5370.3,20.8,263.0,561.0,1165.2,90.7,340.4,843.5,1396.3,554.9,719.5,934.2
Pennsylvania,2024-12-01,2024,12,4.0,838.9,5368.9,20.8,255.9,562.2,1176.8,90.6,340.9,837.7,1391.1,557.7,715.3,928.3000000000001
Pennsylvania,2025-01-01,2025,1,4.1,819.3,5255.6,20.2,242.1,557.0,1140.1,90.2,338.8,818.1,1374.1,535.6,703.2,908.3000000000001
Pennsylvania,2025-02-01,2025,2,4.1,819.6,5276.3,20.4,242.6,556.6,1130.3,89.7,338.7,819.7,1399.3,532.1,711.3,909.4000000000001
Pennsylvania,2025-03-01,2025,3,4.2,830.7,5309.9,21.0,251.8,557.9,1131.6,90.4,338.9,827.4,1401.8,549.0,713.7,917.8
Pennsylvania,2025-04-01,2025,4,4.2,840.1,5336.3,21.5,260.9,557.7,1127.6,89.6,339.3,837.5,1403.2,565.3,715.8,927.1
Pennsylvania,2025-05-01,2025,5,4.2,848.6,5359.3,21.5,268.4,558.7,1132.8,89.8,340.4,841.1,1386.8,592.6,715.9,930.9
Pennsylvania,2025-06-01,2025,6,4.3,856.1,5336.0,21.5,273.3,561.3,1130.8,90.9,343.8,836.3,1367.1,607.6,696.3,927.1999999999999
Pennsylvania,2025-07-01,2025,7,4.4,856.6,5288.6,21.5,275.2,559.9,1123.6,90.8,344.8,833.3,1359.7,606.9,665.8,924.0999999999999
Pennsylvania,2025-08-01,2025,8,4.4,853.1,5286.4,21.4,274.8,556.9,1121.2,90.9,343.7,828.0,1364.6,606.2,669.8,918.9
Pennsylvania,2025-09-01,2025,9,4.4,846.4,5344.0,21.2,272.2,553.0,1126.8,89.5,340.6,836.5,1402.7,579.5,710.2,926.0
Pennsylvania,2025-10-01,2025,10,,842.7,5379.3,21.4,270.3,551.0,1142.3,89.2,341.1,845.1,1417.5,572.4,711.9,934.3000000000001
Pennsylvania,2025-11-01,2025,11,4.4,839.3,5387.0,21.3,266.9,551.1,1158.7,88.5,341.3,840.8,1421.7,561.3,716.2,929.3
Pennsylvania,2025-12-01,2025,12,4.4,832.0,5389.8,21.4,257.8,552.8,1172.0,88.6,343.4,839.6,1420.5,555.7,711.7,928.2
Pennsylvania,2026-01-01,2026,1,4.3,822.5,5286.6,21.3,249.6,551.6,1131.7,87.2,340.7,821.8,1408.5,543.2,697.0,909.0
Pennsylvania,2026-02-01,2026,2,4.2,815.0,5294.0,21.0,244.9,549.1,1115.4,87.7,340.6,820.7,1422.7,540.7,707.3,908.4000000000001
Rhode Island,2016-01-01,2016,1,5.6,56.7,422.8,0.2,16.0,40.5,75.2,6.0,35.3,63.3,104.2,51.1,65.2,69.3
Rhode Island,2016-02-01,2016,2,5.5,56.2,426.6,0.2,15.5,40.5,74.6,6.1,35.5,63.5,107.1,51.6,65.7,69.6
Rhode Island,2016-03-01,2016,3,5.5,56.9,429.6,0.2,16.1,40.6,74.6,6.0,35.6,64.1,108.0,52.7,65.9,70.1
Rhode Island,2016-04-01,2016,4,5.4,58.3,435.5,0.2,17.6,40.5,75.0,6.2,35.5,66.0,108.4,55.7,65.8,72.2
Rhode Island,2016-05-01,2016,5,5.4,59.2,439.5,0.2,18.5,40.5,75.8,5.4,35.5,66.4,108.2,58.8,66.3,71.80000000000001
Rhode Island,2016-06-01,2016,6,5.3,59.9,439.1,0.2,18.9,40.8,76.4,6.2,35.8,67.0,103.1,63.4,63.4,73.2
Rhode Island,2016-07-01,2016,7,5.3,59.6,435.7,0.2,19.3,40.1,75.5,6.3,35.8,67.0,102.3,63.9,60.7,73.3
Rhode Island,2016-08-01,2016,8,5.2,60.0,434.0,0.2,19.4,40.4,75.6,6.1,35.7,67.3,101.8,63.4,60.1,73.39999999999999
Rhode Island,2016-09-01,2016,9,5.1,59.5,440.7,0.2,19.2,40.1,76.0,6.2,35.6,67.4,105.7,60.9,65.9,73.60000000000001
Rhode Island,2016-10-01,2016,10,5.0,59.8,441.4,0.2,19.3,40.3,76.4,6.1,35.7,67.7,108.0,58.4,66.2,73.8
Rhode Island,2016-11-01,2016,11,4.9,59.5,441.0,0.2,18.9,40.4,77.9,6.1,35.8,67.5,108.1,56.2,66.4,73.6
Rhode Island,2016-12-01,2016,12,4.7,59.0,439.5,0.2,18.2,40.6,78.6,6.2,35.8,67.1,107.5,55.0,66.3,73.3
Rhode Island,2017-01-01,2017,1,4.6,56.7,425.4,0.2,16.4,40.1,75.1,6.2,35.5,64.7,104.2,51.9,65.4,70.9
Rhode Island,2017-02-01,2017,2,4.5,56.5,429.4,0.2,16.2,40.1,74.5,6.3,35.6,65.3,106.8,52.6,65.8,71.6
Rhode Island,2017-03-01,2017,3,4.5,56.7,431.1,0.2,16.3,40.2,74.3,6.2,35.6,65.4,108.2,53.0,66.0,71.60000000000001
Rhode Island,2017-04-01,2017,4,4.4,58.5,437.8,0.2,17.9,40.4,75.3,6.2,35.6,67.5,108.8,55.6,66.0,73.7
Rhode Island,2017-05-01,2017,5,4.4,59.3,443.6,0.2,18.7,40.4,76.2,6.2,35.8,67.9,108.4,59.3,66.8,74.10000000000001
Rhode Island,2017-06-01,2017,6,4.4,60.2,443.6,0.2,19.3,40.7,76.8,6.3,36.1,69.0,103.5,64.2,64.0,75.3
Rhode Island,2017-07-01,2017,7,4.4,59.7,439.6,0.2,19.5,40.0,75.9,6.1,36.0,69.4,102.7,64.5,61.1,75.5
Rhode Island,2017-08-01,2017,8,4.5,60.3,439.3,0.2,19.6,40.5,75.8,6.1,36.1,69.6,102.7,64.7,60.5,75.69999999999999
Rhode Island,2017-09-01,2017,9,4.5,59.9,444.1,0.2,19.3,40.4,76.5,6.2,36.0,69.1,105.8,61.2,66.4,75.3
Rhode Island,2017-10-01,2017,10,4.5,60.0,444.1,0.2,19.3,40.5,77.0,6.0,35.7,69.3,107.6,59.0,66.6,75.3
Rhode Island,2017-11-01,2017,11,4.5,60.1,444.5,0.2,19.2,40.7,78.5,6.1,35.9,69.4,108.3,56.8,66.4,75.5
Rhode Island,2017-12-01,2017,12,4.5,59.9,443.8,0.2,18.7,41.0,79.4,6.0,35.8,69.0,107.8,56.0,66.8,75.0
Rhode Island,2018-01-01,2018,1,4.5,57.1,426.3,0.1,16.5,40.5,75.6,5.8,35.3,65.9,103.3,52.5,65.7,71.7
Rhode Island,2018-02-01,2018,2,4.4,58.0,432.0,0.1,17.2,40.7,75.4,6.0,35.4,66.3,106.8,53.5,66.2,72.3
Rhode Island,2018-03-01,2018,3,4.3,58.5,433.1,0.2,17.4,40.9,75.1,5.9,35.3,66.9,107.4,53.9,66.1,72.80000000000001
Rhode Island,2018-04-01,2018,4,4.1,59.5,439.8,0.2,18.7,40.6,75.4,5.8,35.4,68.9,108.8,56.8,66.2,74.7
Rhode Island,2018-05-01,2018,5,4.0,60.4,446.6,0.2,19.6,40.6,76.5,5.8,35.3,69.5,108.6,60.6,67.6,75.3
Rhode Island,2018-06-01,2018,6,4.0,60.9,445.7,0.2,20.1,40.6,77.1,5.8,35.5,70.1,104.2,65.0,64.5,75.89999999999999
Rhode Island,2018-07-01,2018,7,3.9,60.3,442.5,0.2,20.3,39.8,76.3,5.7,35.5,70.1,103.6,66.0,61.3,75.8
Rhode Island,2018-08-01,2018,8,3.9,61.0,441.8,0.2,20.4,40.4,76.2,5.9,35.4,70.5,103.1,65.8,61.0,76.4
Rhode Island,2018-09-01,2018,9,3.9,60.8,447.1,0.2,20.3,40.3,76.6,6.0,35.2,69.8,107.0,62.2,67.3,75.8
Rhode Island,2018-10-01,2018,10,3.9,60.6,447.4,0.2,20.3,40.1,77.1,6.1,35.4,69.9,109.5,59.8,66.7,76.0
Rhode Island,2018-11-01,2018,11,3.9,60.4,447.4,0.2,20.1,40.1,78.9,6.2,35.3,70.1,110.1,57.3,66.7,76.3
Rhode Island,2018-12-01,2018,12,3.8,60.1,446.6,0.2,19.7,40.2,79.7,6.0,35.2,69.5,109.4,56.8,67.0,75.5
Rhode Island,2019-01-01,2019,1,3.8,58.3,432.5,0.2,18.2,39.9,76.1,5.9,34.9,66.8,105.9,53.8,66.4,72.7
Rhode Island,2019-02-01,2019,2,3.7,57.8,436.9,0.2,17.8,39.8,75.4,6.1,35.2,67.2,109.4,54.5,66.4,73.3
Rhode Island,2019-03-01,2019,3,3.6,58.2,437.1,0.2,18.2,39.8,74.8,5.9,35.0,66.8,110.4,54.4,67.0,72.7
Rhode Island,2019-04-01,2019,4,3.5,59.8,443.5,0.2,19.8,39.8,75.3,5.7,35.0,68.8,111.5,57.5,67.0,74.5
Rhode Island,2019-05-01,2019,5,3.5,60.5,448.6,0.2,20.5,39.8,75.9,5.8,35.1,69.4,110.8,61.4,67.3,75.2
Rhode Island,2019-06-01,2019,6,3.5,61.3,447.8,0.2,20.9,40.2,76.9,5.8,35.5,69.7,105.9,65.7,64.7,75.5
Rhode Island,2019-07-01,2019,7,3.5,60.7,445.1,0.2,21.0,39.5,75.6,5.9,35.9,69.9,105.8,66.9,61.3,75.80000000000001
Rhode Island,2019-08-01,2019,8,3.5,61.4,444.7,0.2,21.1,40.1,75.7,6.1,35.5,70.0,105.8,66.3,61.4,76.1
Rhode Island,2019-09-01,2019,9,3.5,60.9,449.5,0.2,20.9,39.8,76.3,5.8,35.4,69.4,109.5,63.0,67.2,75.2
Rhode Island,2019-10-01,2019,10,3.4,60.9,449.6,0.2,20.8,39.9,76.8,5.8,35.5,69.5,111.3,60.7,67.1,75.3
Rhode Island,2019-11-01,2019,11,3.4,60.9,450.1,0.2,20.7,40.0,78.2,5.9,35.5,70.0,112.0,58.5,67.1,75.9
Rhode Island,2019-12-01,2019,12,3.4,60.2,449.0,0.2,20.0,40.0,79.4,5.8,35.5,68.8,111.4,58.1,67.1,74.6
Rhode Island,2020-01-01,2020,1,3.5,58.3,435.4,0.2,18.5,39.6,76.1,5.8,35.4,67.3,107.4,54.1,66.8,73.1
Rhode Island,2020-02-01,2020,2,3.6,58.3,440.3,0.2,18.3,39.8,75.2,5.8,35.6,67.2,111.2,55.7,67.0,73.0
Rhode Island,2020-03-01,2020,3,3.7,58.3,436.2,0.2,18.5,39.6,75.0,5.7,35.2,67.1,111.2,52.9,66.8,72.8
Rhode Island,2020-04-01,2020,4,17.9,49.1,350.6,0.2,15.7,33.2,58.6,5.0,33.5,60.3,93.1,21.3,64.1,65.3
Rhode Island,2020-05-01,2020,5,15.4,53.4,365.8,0.2,18.0,35.2,61.3,5.0,33.3,62.3,94.8,29.2,64.1,67.3
Rhode Island,2020-06-01,2020,6,13.4,55.8,386.8,0.2,19.1,36.5,67.2,4.9,33.5,64.4,94.7,41.7,62.3,69.30000000000001
Rhode Island,2020-07-01,2020,7,12.2,56.1,394.7,0.2,19.6,36.3,68.9,5.1,33.8,65.4,95.7,47.4,59.0,70.5
Rhode Island,2020-08-01,2020,8,10.4,57.4,402.1,0.2,20.0,37.2,70.3,5.1,33.9,66.5,96.9,50.0,59.6,71.6
Rhode Island,2020-09-01,2020,9,10.0,57.7,411.0,0.2,20.0,37.5,71.1,5.1,33.7,66.9,100.9,49.7,64.0,72.0
Rhode Island,2020-10-01,2020,10,7.0,58.2,417.6,0.2,20.1,37.9,73.3,5.3,34.0,68.0,103.8,48.4,65.0,73.3
Rhode Island,2020-11-01,2020,11,7.0,58.5,417.1,0.2,20.2,38.1,74.7,5.3,34.0,68.4,104.0,45.9,65.0,73.7
Rhode Island,2020-12-01,2020,12,7.0,58.1,409.0,0.2,19.7,38.2,76.0,5.1,34.0,68.0,102.8,39.6,64.2,73.1
Rhode Island,2021-01-01,2021,1,6.6,55.8,399.0,0.1,17.9,37.8,73.2,5.2,33.8,65.6,99.4,39.3,63.1,70.8
Rhode Island,2021-02-01,2021,2,6.4,55.7,405.5,0.1,17.5,38.1,72.6,5.4,33.7,66.6,102.7,41.2,63.8,72.0
Rhode Island,2021-03-01,2021,3,6.2,56.8,409.4,0.2,18.2,38.4,72.7,5.2,33.7,66.9,104.1,43.4,63.8,72.10000000000001
Rhode Island,2021-04-01,2021,4,6.2,58.5,417.6,0.2,19.7,38.6,72.9,5.3,33.7,69.3,104.8,47.2,64.3,74.6
Rhode Island,2021-05-01,2021,5,6.1,59.3,424.0,0.2,20.3,38.8,74.0,5.3,33.7,69.9,104.3,51.7,64.8,75.2
Rhode Island,2021-06-01,2021,6,6.1,60.3,426.2,0.2,20.8,39.3,75.0,5.3,34.0,69.6,101.0,57.0,63.4,74.89999999999999
Rhode Island,2021-07-01,2021,7,5.9,60.2,425.2,0.2,21.0,39.0,73.9,5.6,34.1,69.7,100.4,59.3,60.8,75.3
Rhode Island,2021-08-01,2021,8,5.6,60.7,422.3,0.2,21.1,39.4,73.8,5.6,34.2,69.4,99.7,59.0,59.1,75.0
Rhode Island,2021-09-01,2021,9,5.1,60.5,427.5,0.2,21.0,39.3,74.3,5.5,33.9,69.5,102.4,56.2,64.9,75.0
Rhode Island,2021-10-01,2021,10,4.6,61.2,430.7,0.2,21.0,40.0,75.3,5.5,33.9,70.9,103.8,55.8,64.6,76.4
Rhode Island,2021-11-01,2021,11,4.1,61.5,432.1,0.2,21.3,40.0,76.7,5.7,34.1,71.2,104.7,54.0,64.9,76.9
Rhode Island,2021-12-01,2021,12,3.7,61.0,429.9,0.2,20.6,40.2,77.7,5.6,33.9,70.1,103.8,53.1,64.9,75.69999999999999
Rhode Island,2022-01-01,2022,1,3.5,58.2,415.4,0.1,19.0,39.1,75.1,5.5,34.2,67.4,100.8,48.6,63.5,72.9
Rhode Island,2022-02-01,2022,2,3.3,58.9,423.6,0.1,19.0,39.8,75.2,5.4,34.3,68.3,104.6,50.6,64.6,73.7
Rhode Island,2022-03-01,2022,3,3.2,59.6,426.0,0.2,19.4,40.0,75.0,5.5,34.2,68.1,105.9,52.0,64.6,73.6
Rhode Island,2022-04-01,2022,4,3.1,61.4,436.3,0.2,20.9,40.3,75.8,5.7,34.9,71.5,107.4,55.2,64.7,77.2
Rhode Island,2022-05-01,2022,5,3.1,62.0,440.6,0.2,21.4,40.4,75.8,6.0,35.2,71.7,106.7,58.6,65.2,77.7
Rhode Island,2022-06-01,2022,6,3.2,62.5,442.6,0.2,21.8,40.5,76.9,5.8,35.3,72.1,103.6,63.4,63.7,77.89999999999999
Rhode Island,2022-07-01,2022,7,3.3,62.3,441.4,0.2,21.9,40.2,76.2,5.7,35.5,72.2,103.3,64.8,61.2,77.9
Rhode Island,2022-08-01,2022,8,3.4,62.7,440.5,0.2,21.9,40.6,76.0,5.8,35.4,72.0,102.9,64.4,61.5,77.8
Rhode Island,2022-09-01,2022,9,3.3,62.3,441.2,0.2,21.7,40.4,76.5,5.7,35.2,70.6,106.2,60.6,64.9,76.3
Rhode Island,2022-10-01,2022,10,3.2,62.5,443.2,0.2,21.8,40.5,77.3,5.9,35.3,71.4,108.1,58.2,65.4,77.30000000000001
Rhode Island,2022-11-01,2022,11,3.1,62.8,443.7,0.2,22.0,40.6,78.5,5.8,35.4,71.0,108.7,56.7,66.1,76.8
Rhode Island,2022-12-01,2022,12,3.0,62.3,440.9,0.2,21.4,40.7,79.5,5.8,35.1,69.7,107.9,55.1,66.1,75.5
Rhode Island,2023-01-01,2023,1,2.9,60.5,426.7,0.2,20.0,40.3,77.1,5.8,34.9,67.5,104.3,51.8,64.1,73.3
Rhode Island,2023-02-01,2023,2,2.8,60.6,433.2,0.1,20.0,40.5,76.7,5.9,34.9,67.5,108.0,53.3,65.3,73.4
Rhode Island,2023-03-01,2023,3,2.7,60.9,436.3,0.2,20.2,40.5,76.3,5.9,35.1,68.3,109.1,53.7,66.3,74.2
Rhode Island,2023-04-01,2023,4,2.7,61.9,439.1,0.2,21.3,40.4,74.6,5.7,35.3,70.0,110.3,56.1,65.5,75.7
Rhode Island,2023-05-01,2023,5,2.7,62.8,447.0,0.2,22.0,40.6,77.1,6.1,35.2,70.4,110.2,59.9,66.1,76.5
Rhode Island,2023-06-01,2023,6,2.7,63.4,450.0,0.2,22.4,40.8,78.0,6.0,35.5,71.0,107.0,65.7,64.3,77.0
Rhode Island,2023-07-01,2023,7,2.7,62.7,446.6,0.2,22.4,40.1,77.0,5.8,35.5,70.6,107.0,66.3,61.3,76.39999999999999
Rhode Island,2023-08-01,2023,8,2.9,62.9,445.9,0.2,22.3,40.4,76.6,5.8,35.4,70.5,106.9,66.1,61.7,76.3
Rhode Island,2023-09-01,2023,9,3.1,62.6,450.8,0.2,22.2,40.2,77.5,5.7,35.4,69.8,110.9,63.1,66.4,75.5
Rhode Island,2023-10-01,2023,10,3.3,62.4,449.8,0.2,22.0,40.2,77.9,5.7,35.3,70.2,111.6,60.4,66.6,75.9
Rhode Island,2023-11-01,2023,11,3.5,62.3,450.0,0.2,21.8,40.3,79.1,5.7,35.3,70.2,112.6,58.0,66.9,75.9
Rhode Island,2023-12-01,2023,12,3.7,62.0,449.4,0.2,21.4,40.4,79.9,5.7,35.4,69.3,112.4,57.5,67.0,75.0
Rhode Island,2024-01-01,2024,1,3.8,60.0,432.6,0.1,20.1,39.8,76.6,5.6,34.9,66.6,109.1,53.5,64.7,72.19999999999999
Rhode Island,2024-02-01,2024,2,3.9,60.1,439.7,0.1,20.1,39.9,76.0,5.8,34.9,66.7,113.4,54.5,66.6,72.5
Rhode Island,2024-03-01,2024,3,4.0,61.0,443.3,0.1,20.7,40.2,76.0,5.7,34.9,67.2,114.6,55.9,67.2,72.9
Rhode Island,2024-04-01,2024,4,4.1,62.1,449.0,0.1,21.9,40.1,76.1,5.6,34.9,69.2,116.4,58.2,66.4,74.8
Rhode Island,2024-05-01,2024,5,4.2,63.1,453.8,0.2,22.7,40.2,76.8,5.7,35.0,69.9,115.5,62.2,66.2,75.60000000000001
Rhode Island,2024-06-01,2024,6,4.3,63.6,456.3,0.2,23.0,40.4,77.8,5.6,35.5,70.1,112.3,66.6,65.4,75.69999999999999
Rhode Island,2024-07-01,2024,7,4.4,63.3,452.6,0.2,23.3,39.8,76.5,5.6,35.5,70.9,111.2,67.2,62.5,76.5
Rhode Island,2024-08-01,2024,8,4.4,63.5,452.3,0.2,23.3,40.0,76.8,5.8,35.6,70.7,111.4,66.5,62.2,76.5
Rhode Island,2024-09-01,2024,9,4.4,63.1,456.6,0.2,23.2,39.7,77.4,5.6,35.3,70.3,114.9,63.3,67.5,75.89999999999999
Rhode Island,2024-10-01,2024,10,4.5,62.7,456.3,0.2,22.9,39.6,78.7,5.7,35.4,70.5,115.4,61.5,66.9,76.2
Rhode Island,2024-11-01,2024,11,4.5,62.7,457.1,0.2,22.9,39.6,80.8,5.9,35.5,70.1,116.4,59.0,67.2,76.0
Rhode Island,2024-12-01,2024,12,4.5,62.2,455.9,0.2,22.3,39.7,81.9,5.7,35.3,68.7,115.9,58.8,67.2,74.4
Rhode Island,2025-01-01,2025,1,4.5,60.1,440.8,0.1,20.9,39.1,79.5,5.6,34.9,66.0,112.5,54.7,66.1,71.6
Rhode Island,2025-02-01,2025,2,4.5,60.0,445.7,0.1,20.7,39.2,78.9,5.6,35.1,66.1,116.3,55.3,66.8,71.69999999999999
Rhode Island,2025-03-01,2025,3,4.5,60.7,447.7,0.1,21.3,39.3,79.1,5.5,35.0,66.3,117.3,55.9,66.9,71.8
Rhode Island,2025-04-01,2025,4,4.4,61.9,455.3,0.2,22.4,39.3,79.8,5.5,34.8,69.1,118.4,58.8,67.0,74.6
Rhode Island,2025-05-01,2025,5,4.4,62.7,460.8,0.2,23.1,39.4,80.3,5.7,35.1,69.4,118.3,63.5,66.1,75.10000000000001
Rhode Island,2025-06-01,2025,6,4.3,63.1,460.2,0.2,23.2,39.7,81.2,5.7,35.3,69.7,113.3,67.2,64.9,75.4
Rhode Island,2025-07-01,2025,7,4.2,62.6,455.8,0.2,23.4,39.0,79.4,6.1,35.4,70.1,110.9,68.3,62.5,76.19999999999999
Rhode Island,2025-08-01,2025,8,4.3,63.1,454.0,0.2,23.6,39.3,79.7,6.2,35.3,69.5,110.9,67.6,61.8,75.7
Rhode Island,2025-09-01,2025,9,4.3,62.6,456.4,0.2,23.3,39.1,80.2,5.4,35.0,68.8,114.4,64.2,66.5,74.2
Rhode Island,2025-10-01,2025,10,,62.4,454.8,0.2,23.1,39.1,80.2,5.5,35.1,68.6,116.1,61.8,65.4,74.1
Rhode Island,2025-11-01,2025,11,4.4,62.4,454.3,0.2,23.2,39.0,81.3,5.4,35.1,68.9,116.6,58.6,66.2,74.30000000000001
Rhode Island,2025-12-01,2025,12,4.4,62.4,452.7,0.2,23.0,39.2,82.3,5.4,35.1,67.2,115.7,58.5,66.5,72.60000000000001
Rhode Island,2026-01-01,2026,1,4.5,60.9,441.2,0.2,21.9,38.8,80.0,5.3,34.4,65.4,114.0,56.0,64.5,70.7
Rhode Island,2026-02-01,2026,2,4.6,60.3,444.4,0.2,20.9,39.2,78.4,5.2,34.4,66.1,117.7,55.3,65.6,71.3
South Carolina,2016-01-01,2016,1,5.3,330.8,1669.3,4.0,92.4,234.4,385.2,28.1,98.2,257.9,237.6,227.0,362.0,286.0
South Carolina,2016-02-01,2016,2,5.3,332.3,1686.0,4.1,93.4,234.8,386.0,28.2,98.7,261.7,240.7,231.3,365.8,289.9
South Carolina,2016-03-01,2016,3,5.2,333.9,1702.4,4.1,95.0,234.8,387.4,28.3,99.5,262.5,241.6,241.1,367.7,290.8
South Carolina,2016-04-01,2016,4,5.1,334.7,1725.2,4.1,95.7,234.9,390.6,29.0,100.5,268.9,242.4,250.8,368.4,297.9
South Carolina,2016-05-01,2016,5,5.1,336.3,1734.4,4.2,96.7,235.4,393.4,28.6,101.1,269.1,242.8,257.1,367.5,297.70000000000005
South Carolina,2016-06-01,2016,6,5.0,338.3,1733.0,4.2,98.4,235.7,394.8,28.6,101.6,268.4,240.5,261.5,362.6,297.0
South Carolina,2016-07-01,2016,7,4.9,339.6,1721.7,4.2,99.2,236.2,396.1,28.5,101.9,267.9,240.7,260.8,350.7,296.4
South Carolina,2016-08-01,2016,8,4.7,339.4,1726.7,4.2,99.8,235.4,395.9,28.4,102.0,269.4,243.1,259.4,353.5,297.79999999999995
South Carolina,2016-09-01,2016,9,4.7,340.8,1730.2,4.3,99.8,236.7,393.8,28.3,100.9,270.2,245.9,250.7,365.3,298.5
South Carolina,2016-10-01,2016,10,4.6,339.1,1727.3,4.2,99.7,235.2,393.6,28.5,101.4,271.3,246.1,244.2,367.5,299.8
South Carolina,2016-11-01,2016,11,4.5,342.0,1745.6,4.2,100.8,237.0,402.3,28.8,101.7,276.9,247.3,244.8,368.7,305.7
South Carolina,2016-12-01,2016,12,4.4,343.8,1744.4,4.3,101.1,238.4,405.2,29.2,101.4,275.7,246.6,241.0,370.1,304.9
South Carolina,2017-01-01,2017,1,4.4,341.9,1707.4,4.2,99.6,238.1,392.5,28.6,100.2,268.8,243.6,234.8,364.4,297.40000000000003
South Carolina,2017-02-01,2017,2,4.3,343.9,1723.4,4.2,100.3,239.4,391.9,28.9,100.5,272.2,247.4,240.1,367.8,301.09999999999997
South Carolina,2017-03-01,2017,3,4.2,345.1,1738.4,4.3,100.8,240.0,393.4,29.0,101.2,273.5,247.8,248.2,369.9,302.5
South Carolina,2017-04-01,2017,4,4.2,344.9,1752.0,4.2,101.8,238.9,393.6,28.8,101.5,277.7,247.7,257.3,370.0,306.5
South Carolina,2017-05-01,2017,5,4.1,347.4,1762.6,4.3,103.3,239.8,395.4,29.1,102.2,279.6,247.8,263.0,369.7,308.70000000000005
South Carolina,2017-06-01,2017,6,4.1,350.4,1766.3,4.3,104.6,241.5,397.8,29.3,103.2,280.3,246.1,268.4,365.2,309.6
South Carolina,2017-07-01,2017,7,4.2,350.1,1751.3,4.3,104.1,241.7,397.6,28.9,103.5,278.8,245.2,267.1,354.4,307.7
South Carolina,2017-08-01,2017,8,4.2,345.9,1755.5,4.3,100.4,241.2,397.0,28.9,103.6,279.7,247.6,265.9,357.1,308.59999999999997
South Carolina,2017-09-01,2017,9,4.2,345.6,1750.5,4.2,99.2,242.2,392.8,28.9,102.4,280.0,248.6,254.1,368.3,308.9
South Carolina,2017-10-01,2017,10,4.2,345.5,1765.8,4.2,100.1,241.2,397.1,28.7,102.6,284.9,251.9,253.7,371.5,313.59999999999997
South Carolina,2017-11-01,2017,11,4.2,347.4,1781.0,4.2,100.2,243.0,405.5,28.9,102.5,291.5,252.0,251.6,373.6,320.4
South Carolina,2017-12-01,2017,12,4.0,349.4,1777.8,4.2,100.8,244.4,409.1,29.1,102.8,290.0,251.5,246.6,373.2,319.1
South Carolina,2018-01-01,2018,1,3.9,350.9,1757.8,4.4,102.7,243.8,398.7,28.9,102.5,286.2,250.0,245.9,369.6,315.09999999999997
South Carolina,2018-02-01,2018,2,3.7,354.3,1773.0,4.4,104.1,245.8,399.2,29.5,103.0,289.4,253.3,250.2,371.7,318.9
South Carolina,2018-03-01,2018,3,3.5,355.2,1783.8,4.4,104.8,246.0,401.1,29.6,103.3,291.2,253.7,255.0,372.9,320.8
South Carolina,2018-04-01,2018,4,3.3,358.0,1803.7,4.4,105.9,247.7,402.0,29.4,103.6,292.4,256.0,269.3,372.8,321.79999999999995
South Carolina,2018-05-01,2018,5,3.2,360.1,1812.8,4.5,106.8,248.8,404.3,29.4,104.3,293.2,256.1,274.4,372.6,322.59999999999997
South Carolina,2018-06-01,2018,6,3.2,363.2,1816.1,4.5,107.5,251.2,406.7,29.8,105.1,294.0,254.8,279.4,367.3,323.8
South Carolina,2018-07-01,2018,7,3.3,361.9,1795.8,4.4,106.6,250.9,405.2,29.7,104.9,291.7,254.1,277.4,354.4,321.4
South Carolina,2018-08-01,2018,8,3.3,361.6,1801.7,4.4,106.7,250.5,404.3,29.1,105.0,293.6,257.0,276.6,357.9,322.70000000000005
South Carolina,2018-09-01,2018,9,3.3,361.1,1789.5,4.4,105.8,250.9,399.5,28.6,103.6,291.9,257.6,261.1,369.8,320.5
South Carolina,2018-10-01,2018,10,3.3,362.5,1805.8,4.4,105.8,252.3,403.9,28.6,104.4,298.3,260.1,261.6,371.0,326.90000000000003
South Carolina,2018-11-01,2018,11,3.2,364.1,1821.2,4.4,105.7,254.0,413.9,28.6,104.5,301.9,260.7,260.3,373.2,330.5
South Carolina,2018-12-01,2018,12,3.2,365.9,1815.7,4.4,105.9,255.6,415.6,28.6,104.3,299.9,259.5,256.9,373.0,328.5
South Carolina,2019-01-01,2019,1,3.2,364.4,1781.5,4.3,104.9,255.2,402.9,28.2,102.7,291.9,256.2,251.8,370.2,320.09999999999997
South Carolina,2019-02-01,2019,2,3.2,365.8,1792.6,4.4,105.2,256.2,401.4,28.4,103.2,293.1,259.5,255.5,373.4,321.5
South Carolina,2019-03-01,2019,3,3.1,367.0,1804.3,4.4,105.6,257.0,403.2,28.6,102.9,293.9,260.0,262.4,374.7,322.5
South Carolina,2019-04-01,2019,4,3.1,369.6,1824.0,4.4,107.1,258.1,404.6,29.1,104.3,296.3,258.3,274.0,377.9,325.40000000000003
South Carolina,2019-05-01,2019,5,2.9,370.2,1835.6,4.5,107.5,258.2,407.4,29.2,105.1,297.6,258.7,279.6,378.1,326.8
South Carolina,2019-06-01,2019,6,2.7,372.3,1835.6,4.4,108.3,259.6,409.9,29.5,106.0,296.4,257.5,283.4,373.0,325.9
South Carolina,2019-07-01,2019,7,2.6,372.3,1822.4,4.4,108.1,259.8,410.6,28.7,106.7,293.5,256.3,285.2,360.9,322.2
South Carolina,2019-08-01,2019,8,2.5,371.5,1830.1,4.4,108.1,259.0,409.2,28.5,106.9,295.7,259.4,283.1,366.8,324.2
South Carolina,2019-09-01,2019,9,2.4,370.3,1827.4,4.4,107.8,258.1,406.8,28.0,105.8,296.0,260.6,273.2,377.0,324.0
South Carolina,2019-10-01,2019,10,2.4,367.9,1836.1,4.4,106.6,256.9,409.2,27.9,107.0,297.5,264.5,269.8,380.3,325.4
South Carolina,2019-11-01,2019,11,2.5,368.6,1849.3,4.4,106.5,257.7,417.7,27.8,107.0,302.5,265.8,266.8,381.7,330.3
South Carolina,2019-12-01,2019,12,2.6,369.2,1845.9,4.4,106.6,258.2,420.5,27.7,107.1,299.4,264.9,264.4,381.9,327.09999999999997
South Carolina,2020-01-01,2020,1,2.8,365.3,1805.1,4.4,105.0,255.9,408.1,27.3,105.8,287.8,262.0,256.6,378.1,315.1
South Carolina,2020-02-01,2020,2,2.9,365.8,1813.1,4.4,105.3,256.1,405.4,27.4,106.3,288.0,264.9,260.4,380.9,315.4
South Carolina,2020-03-01,2020,3,3.1,365.3,1811.4,4.4,105.5,255.4,406.0,27.7,106.2,286.7,264.0,259.3,382.0,314.4
South Carolina,2020-04-01,2020,4,11.7,331.1,1568.2,4.3,101.4,225.4,369.7,25.8,103.2,254.9,231.5,152.4,367.8,280.7
South Carolina,2020-05-01,2020,5,9.3,337.6,1635.2,4.4,103.2,230.0,382.7,26.0,104.2,260.6,238.8,192.0,362.7,286.6
South Carolina,2020-06-01,2020,6,7.8,350.4,1692.3,4.4,103.8,242.2,397.2,26.0,105.5,268.5,241.6,225.6,353.9,294.5
South Carolina,2020-07-01,2020,7,7.1,348.3,1691.2,4.4,103.3,240.6,398.8,26.1,106.4,273.4,242.4,230.8,340.0,299.5
South Carolina,2020-08-01,2020,8,6.2,351.5,1725.2,4.4,103.1,244.0,403.3,26.3,106.7,279.8,246.0,230.7,358.9,306.1
South Carolina,2020-09-01,2020,9,5.8,351.7,1732.2,4.3,103.0,244.4,401.5,26.8,105.5,282.0,248.2,228.1,367.0,308.8
South Carolina,2020-10-01,2020,10,5.3,352.8,1762.0,4.3,103.4,245.1,410.0,27.0,107.1,290.9,254.9,230.8,367.3,317.9
South Carolina,2020-11-01,2020,11,5.1,353.9,1776.9,4.3,103.2,246.4,417.7,27.2,107.2,293.5,256.9,231.6,368.3,320.7
South Carolina,2020-12-01,2020,12,4.9,355.8,1783.5,4.3,104.0,247.5,424.0,27.2,107.1,295.2,256.4,229.0,369.6,322.4
South Carolina,2021-01-01,2021,1,4.6,352.9,1744.8,4.3,102.1,246.5,407.5,26.7,106.7,287.1,253.3,222.6,366.4,313.8
South Carolina,2021-02-01,2021,2,4.5,355.2,1758.4,4.3,102.5,248.4,406.6,26.7,107.2,291.3,257.6,226.2,367.6,318.0
South Carolina,2021-03-01,2021,3,4.3,356.3,1769.3,4.3,103.6,248.4,408.6,26.7,107.5,291.1,258.2,232.7,368.5,317.8
South Carolina,2021-04-01,2021,4,4.2,357.1,1783.1,4.3,104.8,248.0,408.7,27.0,108.5,293.2,258.7,240.9,369.1,320.2
South Carolina,2021-05-01,2021,5,4.1,356.2,1797.2,4.3,105.2,246.7,412.3,27.2,109.4,293.8,258.4,250.4,368.2,321.0
South Carolina,2021-06-01,2021,6,4.0,358.5,1796.5,4.3,105.6,248.6,413.2,27.0,109.8,293.2,255.2,256.6,363.7,320.2
South Carolina,2021-07-01,2021,7,3.9,361.2,1800.0,4.4,106.4,250.4,414.7,27.4,112.0,296.3,256.3,262.8,352.4,323.7
South Carolina,2021-08-01,2021,8,3.8,360.1,1805.4,4.4,105.5,250.2,413.2,27.6,112.2,296.5,257.6,259.9,360.1,324.1
South Carolina,2021-09-01,2021,9,3.6,359.8,1803.5,4.4,105.3,250.1,411.5,27.5,111.4,295.2,257.6,253.9,368.1,322.7
South Carolina,2021-10-01,2021,10,3.5,362.7,1830.9,4.4,106.2,252.1,419.6,27.9,113.1,305.5,262.6,251.9,371.4,333.4
South Carolina,2021-11-01,2021,11,3.4,364.5,1844.1,4.4,106.0,254.1,429.4,28.2,113.4,307.4,263.9,250.3,372.4,335.59999999999997
South Carolina,2021-12-01,2021,12,3.3,367.6,1844.5,4.4,106.5,256.7,435.6,28.0,113.9,304.9,261.6,250.1,371.0,332.9
South Carolina,2022-01-01,2022,1,3.3,364.9,1810.9,4.3,105.3,255.3,424.4,28.3,113.8,298.9,261.1,244.1,360.7,327.2
South Carolina,2022-02-01,2022,2,3.2,369.9,1839.6,4.3,106.2,259.4,429.9,28.4,114.2,303.5,265.2,250.4,367.7,331.9
South Carolina,2022-03-01,2022,3,3.2,371.8,1840.8,4.3,106.9,260.6,428.7,28.3,114.3,300.4,263.3,255.9,369.2,328.7
South Carolina,2022-04-01,2022,4,3.2,373.7,1863.9,4.4,108.3,261.0,431.5,28.6,116.2,305.1,266.3,264.8,369.6,333.70000000000005
South Carolina,2022-05-01,2022,5,3.2,373.8,1875.3,4.4,108.7,260.7,432.9,29.2,116.9,306.8,267.2,270.9,369.1,336.0
South Carolina,2022-06-01,2022,6,3.2,376.2,1873.9,4.4,110.0,261.8,432.8,29.4,117.8,304.8,264.3,276.0,365.8,334.2
South Carolina,2022-07-01,2022,7,3.2,377.7,1877.0,4.5,110.0,263.2,436.0,30.1,118.4,307.2,266.7,278.3,357.2,337.3
South Carolina,2022-08-01,2022,8,3.2,378.3,1881.3,4.5,109.8,264.0,435.3,30.0,118.1,308.4,270.1,276.8,359.4,338.4
South Carolina,2022-09-01,2022,9,3.2,378.2,1887.7,4.5,109.9,263.8,434.3,29.8,117.4,309.2,273.2,269.5,371.1,339.0
South Carolina,2022-10-01,2022,10,3.2,376.7,1900.0,4.5,109.6,262.6,440.2,30.2,118.2,310.5,276.4,267.5,373.5,340.7
South Carolina,2022-11-01,2022,11,3.2,376.7,1909.7,4.5,109.3,262.9,447.0,30.2,118.0,312.1,277.5,265.6,375.8,342.3
South Carolina,2022-12-01,2022,12,3.1,378.1,1907.3,4.5,109.9,263.7,450.2,30.0,117.4,309.5,276.5,264.7,375.0,339.5
South Carolina,2023-01-01,2023,1,3.1,376.4,1882.7,4.4,109.1,262.9,437.3,30.1,116.4,306.8,278.3,260.7,368.7,336.90000000000003
South Carolina,2023-02-01,2023,2,3.0,377.8,1898.9,4.4,109.8,263.6,435.7,29.9,116.4,309.0,281.7,265.8,375.5,338.9
South Carolina,2023-03-01,2023,3,3.0,378.3,1910.6,4.4,110.5,263.4,436.9,29.3,116.8,309.1,281.6,273.3,377.8,338.40000000000003
South Carolina,2023-04-01,2023,4,2.9,376.8,1917.2,4.3,110.2,262.3,436.4,29.3,117.8,308.9,282.5,278.9,377.5,338.2
South Carolina,2023-05-01,2023,5,2.8,377.7,1928.3,4.4,111.0,262.3,439.4,28.9,118.7,311.4,283.9,284.4,375.1,340.29999999999995
South Carolina,2023-06-01,2023,6,2.8,381.0,1935.0,4.4,112.7,263.9,442.1,29.2,120.0,309.7,282.6,289.4,374.9,338.9
South Carolina,2023-07-01,2023,7,2.8,381.3,1927.7,4.4,113.3,263.6,443.2,29.2,120.7,308.6,283.3,290.1,364.8,337.8
South Carolina,2023-08-01,2023,8,2.8,381.2,1939.7,4.4,113.5,263.3,442.2,29.0,120.6,310.7,287.0,289.6,372.2,339.7
South Carolina,2023-09-01,2023,9,2.9,381.9,1945.0,4.5,113.9,263.5,440.3,28.5,120.0,312.7,290.8,282.2,382.5,341.2
South Carolina,2023-10-01,2023,10,3.0,381.4,1956.0,4.4,114.6,262.4,444.3,29.2,121.0,311.8,296.4,279.8,384.6,341.0
South Carolina,2023-11-01,2023,11,3.2,382.0,1968.5,4.4,114.9,262.7,451.2,29.1,120.8,314.8,297.5,278.1,388.0,343.90000000000003
South Carolina,2023-12-01,2023,12,3.3,383.1,1964.7,4.4,115.1,263.6,454.4,29.0,121.3,313.0,295.5,274.9,387.2,342.0
South Carolina,2024-01-01,2024,1,3.4,380.7,1925.1,4.4,113.4,262.9,438.8,28.5,119.1,307.0,294.0,266.9,381.7,335.5
South Carolina,2024-02-01,2024,2,3.6,382.4,1945.5,4.4,114.4,263.6,439.5,28.3,119.4,310.9,297.8,271.9,387.7,339.2
South Carolina,2024-03-01,2024,3,3.7,383.7,1955.3,4.4,115.4,263.9,441.2,28.1,119.6,311.3,296.6,279.6,388.7,339.40000000000003
South Carolina,2024-04-01,2024,4,3.9,384.1,1967.9,4.5,115.9,263.7,441.5,28.3,120.7,311.2,300.2,285.7,389.7,339.5
South Carolina,2024-05-01,2024,5,4.1,385.3,1973.6,4.5,117.2,263.6,443.0,28.4,121.2,312.4,299.7,291.2,386.9,340.79999999999995
South Carolina,2024-06-01,2024,6,4.3,390.4,1979.7,4.5,119.8,266.1,446.4,28.8,122.8,310.2,299.4,294.7,386.4,339.0
South Carolina,2024-07-01,2024,7,4.4,387.6,1959.7,4.6,118.9,264.1,445.2,28.6,123.0,307.5,299.0,290.9,375.2,336.1
South Carolina,2024-08-01,2024,8,4.5,387.2,1971.5,4.6,118.7,263.9,442.6,28.6,122.4,313.1,301.8,289.2,383.5,341.70000000000005
South Carolina,2024-09-01,2024,9,4.5,387.2,1981.9,4.6,119.0,263.6,442.5,28.5,121.9,316.1,307.0,282.0,393.4,344.6
South Carolina,2024-10-01,2024,10,4.4,387.5,1986.2,4.6,120.3,262.6,443.0,27.9,122.8,315.5,310.7,281.1,395.0,343.4
South Carolina,2024-11-01,2024,11,4.3,387.7,1999.2,4.6,120.3,262.8,450.6,28.0,122.8,318.4,312.7,279.3,397.1,346.4
South Carolina,2024-12-01,2024,12,4.2,389.2,1994.5,4.7,121.0,263.5,452.6,27.8,122.4,316.7,310.2,277.9,396.7,344.5
South Carolina,2025-01-01,2025,1,4.1,386.0,1957.7,4.7,119.4,261.9,441.0,27.5,120.8,311.8,308.2,266.5,392.6,339.3
South Carolina,2025-02-01,2025,2,4.1,387.6,1976.5,4.7,120.8,262.1,441.3,27.3,121.0,315.6,313.4,271.1,397.0,342.90000000000003
South Carolina,2025-03-01,2025,3,4.2,390.2,1992.5,4.7,123.0,262.5,442.8,27.5,121.6,319.3,313.9,279.4,397.0,346.8
South Carolina,2025-04-01,2025,4,4.2,388.9,1995.6,4.7,122.5,261.7,441.4,27.1,122.1,317.7,315.5,285.4,395.4,344.8
South Carolina,2025-05-01,2025,5,4.3,391.0,2001.9,4.7,123.6,262.7,443.1,27.3,122.6,318.5,315.0,291.2,392.8,345.8
South Carolina,2025-06-01,2025,6,4.4,393.9,2004.8,4.8,125.7,263.4,445.4,28.0,124.3,316.3,311.4,295.2,391.8,344.3
South Carolina,2025-07-01,2025,7,4.4,391.0,1984.4,4.7,124.3,262.0,444.9,27.7,123.5,312.6,309.6,291.9,382.7,340.3
South Carolina,2025-08-01,2025,8,4.6,391.5,1997.4,4.7,124.4,262.4,444.3,27.7,123.0,315.3,314.5,289.6,391.5,343.0
South Carolina,2025-09-01,2025,9,4.7,391.7,1994.8,4.7,124.8,262.2,441.9,27.1,121.8,315.2,317.5,280.4,399.8,342.3
South Carolina,2025-10-01,2025,10,,391.0,2008.8,4.7,124.0,262.3,443.7,27.9,122.9,315.9,321.6,284.1,400.3,343.79999999999995
South Carolina,2025-11-01,2025,11,4.8,391.3,2018.3,4.7,125.2,261.4,449.3,27.6,123.7,319.1,322.7,280.6,402.4,346.70000000000005
South Carolina,2025-12-01,2025,12,4.8,391.8,2012.3,4.8,125.1,261.9,454.0,27.6,124.5,312.7,320.4,278.5,402.0,340.3
South Carolina,2026-01-01,2026,1,4.9,390.0,1977.6,4.8,125.4,259.8,442.9,27.0,121.7,304.9,319.2,272.1,397.5,331.9
South Carolina,2026-02-01,2026,2,5.0,393.0,1984.4,4.8,125.3,262.9,440.7,26.3,121.9,307.6,320.9,271.8,402.4,333.90000000000003
South Dakota,2016-01-01,2016,1,2.8,61.8,356.7,0.8,18.9,42.1,86.6,5.8,29.1,30.4,69.1,42.5,77.1,36.199999999999996
South Dakota,2016-02-01,2016,2,2.8,61.6,359.0,0.8,18.8,42.0,86.3,5.8,29.0,30.6,69.8,42.8,78.5,36.4
South Dakota,2016-03-01,2016,3,2.8,62.7,360.6,0.8,19.8,42.1,86.5,5.8,29.0,30.6,70.0,43.5,78.9,36.4
South Dakota,2016-04-01,2016,4,2.9,64.6,365.0,0.9,21.6,42.1,87.5,5.8,29.1,31.4,70.2,45.1,79.4,37.199999999999996
South Dakota,2016-05-01,2016,5,2.9,66.6,370.2,1.0,23.3,42.3,88.7,5.8,29.4,31.7,70.2,47.6,80.2,37.5
South Dakota,2016-06-01,2016,6,3.0,69.4,371.2,1.0,25.8,42.6,89.2,5.9,29.4,32.1,68.3,49.8,79.5,38.0
South Dakota,2016-07-01,2016,7,3.1,70.0,367.2,1.0,26.6,42.4,89.3,5.8,29.6,32.2,68.4,50.8,74.0,38.0
South Dakota,2016-08-01,2016,8,3.1,68.9,369.4,1.0,25.7,42.2,89.3,5.8,29.6,32.0,68.8,52.7,74.2,37.8
South Dakota,2016-09-01,2016,9,3.1,67.6,369.3,1.0,24.7,41.9,87.3,5.7,29.4,31.4,70.6,49.0,79.3,37.1
South Dakota,2016-10-01,2016,10,3.2,67.1,368.8,1.0,23.9,42.2,87.6,5.7,29.3,31.5,71.0,47.2,79.9,37.2
South Dakota,2016-11-01,2016,11,3.2,66.2,368.6,1.0,23.1,42.1,88.6,5.7,29.3,31.6,71.4,45.5,80.0,37.300000000000004
South Dakota,2016-12-01,2016,12,3.1,64.6,368.1,0.9,21.5,42.2,88.6,5.7,29.5,31.7,71.7,44.4,80.1,37.4
South Dakota,2017-01-01,2017,1,3.1,61.9,359.5,0.8,19.2,41.9,86.1,5.8,29.0,30.8,70.4,42.9,78.2,36.6
South Dakota,2017-02-01,2017,2,3.1,62.1,360.8,0.8,19.1,42.2,85.5,5.7,28.9,30.8,70.9,43.3,79.4,36.5
South Dakota,2017-03-01,2017,3,3.0,62.7,363.0,0.9,19.6,42.2,85.7,5.7,29.0,31.2,71.4,43.9,79.7,36.9
South Dakota,2017-04-01,2017,4,3.0,65.2,366.6,1.0,21.8,42.4,86.5,5.6,29.1,31.4,71.9,45.7,79.8,37.0
South Dakota,2017-05-01,2017,5,3.0,66.9,372.1,1.0,23.1,42.8,87.6,5.8,29.3,31.6,71.7,48.2,81.1,37.4
South Dakota,2017-06-01,2017,6,3.0,69.1,373.4,1.1,24.5,43.5,88.0,5.8,29.5,32.0,70.0,50.5,80.3,37.8
South Dakota,2017-07-01,2017,7,3.0,69.3,367.1,1.1,24.6,43.6,87.9,5.8,29.5,31.9,69.4,50.8,74.6,37.699999999999996
South Dakota,2017-08-01,2017,8,3.0,69.3,369.7,1.1,24.5,43.7,87.8,5.8,29.5,32.0,69.9,52.6,75.1,37.8
South Dakota,2017-09-01,2017,9,3.0,68.3,369.6,1.0,23.8,43.5,86.3,5.7,29.3,31.5,71.6,48.7,79.8,37.2
South Dakota,2017-10-01,2017,10,3.0,68.1,370.0,1.0,23.5,43.6,86.8,5.7,29.3,31.6,72.2,47.4,80.4,37.300000000000004
South Dakota,2017-11-01,2017,11,3.0,67.5,368.8,1.0,22.8,43.7,87.8,5.7,29.3,31.5,72.3,45.3,80.4,37.2
South Dakota,2017-12-01,2017,12,3.0,66.8,368.7,0.9,22.0,43.9,88.2,5.7,29.4,31.7,72.4,44.6,80.2,37.4
South Dakota,2018-01-01,2018,1,2.9,64.0,360.9,0.8,20.0,43.2,85.4,5.6,29.1,31.1,72.1,43.0,78.3,36.7
South Dakota,2018-02-01,2018,2,2.9,64.1,362.8,0.8,19.7,43.6,84.9,5.7,29.1,31.5,72.3,43.4,79.6,37.2
South Dakota,2018-03-01,2018,3,2.9,64.8,364.6,0.9,20.2,43.7,85.1,5.6,29.1,31.7,72.5,44.1,80.2,37.3
South Dakota,2018-04-01,2018,4,2.8,66.3,365.1,0.9,21.5,43.9,85.2,5.5,29.2,31.8,72.1,44.9,80.0,37.3
South Dakota,2018-05-01,2018,5,2.8,69.1,373.8,1.0,23.9,44.2,87.2,5.6,29.3,32.3,72.3,48.8,81.6,37.9
South Dakota,2018-06-01,2018,6,2.7,71.0,375.6,1.1,25.1,44.8,87.5,5.6,29.4,32.8,70.9,51.3,80.9,38.4
South Dakota,2018-07-01,2018,7,2.7,71.2,369.9,1.1,25.2,44.9,87.5,5.6,29.4,33.1,70.3,51.7,75.1,38.7
South Dakota,2018-08-01,2018,8,2.7,71.1,372.7,1.1,25.3,44.7,87.6,5.7,29.3,33.1,71.1,53.4,75.5,38.800000000000004
South Dakota,2018-09-01,2018,9,2.7,70.6,372.3,1.1,24.7,44.8,86.3,5.5,29.2,32.5,72.6,49.3,80.2,38.0
South Dakota,2018-10-01,2018,10,2.7,70.1,371.8,1.0,24.3,44.8,86.3,5.6,29.2,32.5,73.0,47.4,81.0,38.1
South Dakota,2018-11-01,2018,11,2.7,69.6,371.2,1.0,23.6,45.0,87.6,5.5,29.2,32.5,73.4,45.4,80.9,38.0
South Dakota,2018-12-01,2018,12,2.7,68.5,371.5,0.9,22.5,45.1,87.8,5.6,29.4,32.4,73.7,45.1,80.8,38.0
South Dakota,2019-01-01,2019,1,2.8,66.3,362.9,0.8,20.7,44.8,85.4,5.4,28.9,31.9,72.5,43.4,79.0,37.3
South Dakota,2019-02-01,2019,2,2.8,65.8,364.0,0.8,20.1,44.9,84.4,5.5,28.8,32.2,73.2,43.4,80.1,37.7
South Dakota,2019-03-01,2019,3,2.8,66.3,364.9,0.9,20.3,45.1,84.4,5.5,28.8,32.2,73.5,43.6,80.4,37.7
South Dakota,2019-04-01,2019,4,2.8,67.8,367.3,0.9,22.0,44.9,84.9,5.4,28.9,32.9,72.8,45.1,80.7,38.3
South Dakota,2019-05-01,2019,5,2.8,70.5,374.8,1.0,24.2,45.3,86.6,5.5,29.0,33.4,73.2,48.7,81.6,38.9
South Dakota,2019-06-01,2019,6,2.8,72.2,376.4,1.1,25.6,45.5,86.9,5.6,29.2,33.7,71.6,51.2,80.9,39.300000000000004
South Dakota,2019-07-01,2019,7,2.8,72.7,371.4,1.1,26.2,45.4,87.1,5.5,29.1,33.9,71.1,52.0,75.4,39.4
South Dakota,2019-08-01,2019,8,2.7,72.3,373.6,1.1,26.1,45.1,87.0,5.6,29.1,33.9,72.2,52.8,75.9,39.5
South Dakota,2019-09-01,2019,9,2.7,71.3,373.5,1.1,25.5,44.7,85.1,5.5,28.9,33.4,73.5,49.2,81.0,38.9
South Dakota,2019-10-01,2019,10,2.7,70.8,374.2,1.1,25.1,44.6,85.2,5.5,28.9,33.6,74.7,47.9,81.5,39.1
South Dakota,2019-11-01,2019,11,2.6,70.1,374.1,1.0,24.4,44.7,86.6,5.6,28.9,33.4,75.0,46.1,81.7,39.0
South Dakota,2019-12-01,2019,12,2.6,68.7,373.7,1.0,23.2,44.5,86.9,5.5,28.9,33.3,75.1,45.8,81.3,38.8
South Dakota,2020-01-01,2020,1,2.5,65.9,365.3,0.9,20.9,44.1,84.9,5.5,28.6,32.8,74.2,43.9,78.6,38.3
South Dakota,2020-02-01,2020,2,2.5,65.8,367.7,0.9,20.6,44.3,84.3,5.5,28.5,32.8,75.1,44.1,80.6,38.3
South Dakota,2020-03-01,2020,3,2.4,66.3,366.1,0.9,21.2,44.2,84.3,5.4,28.5,33.0,74.7,42.9,80.6,38.4
South Dakota,2020-04-01,2020,4,8.8,66.4,329.7,1.0,22.8,42.6,78.0,4.9,27.9,31.9,70.9,26.1,74.8,36.8
South Dakota,2020-05-01,2020,5,6.6,68.8,340.8,1.1,25.1,42.6,80.7,5.0,28.1,32.3,70.9,34.8,73.2,37.3
South Dakota,2020-06-01,2020,6,5.3,69.9,352.3,1.1,26.2,42.6,83.4,5.0,28.4,32.9,70.8,41.1,74.2,37.9
South Dakota,2020-07-01,2020,7,4.7,70.9,352.2,1.1,27.2,42.6,84.5,5.0,28.4,32.9,71.2,44.6,68.9,37.9
South Dakota,2020-08-01,2020,8,3.9,70.8,359.5,1.1,27.0,42.7,84.9,4.9,28.4,32.7,72.0,46.7,73.0,37.6
South Dakota,2020-09-01,2020,9,3.6,69.9,362.9,1.0,26.3,42.6,84.3,4.9,28.1,32.4,73.7,43.8,78.9,37.3
South Dakota,2020-10-01,2020,10,3.3,70.3,366.7,1.0,26.3,43.0,85.2,4.9,28.2,33.2,74.3,43.3,80.7,38.1
South Dakota,2020-11-01,2020,11,3.1,69.1,364.6,1.0,24.9,43.2,85.9,5.0,28.3,33.1,74.5,40.9,80.1,38.1
South Dakota,2020-12-01,2020,12,3.0,68.8,364.2,1.0,24.4,43.4,87.3,4.9,28.1,33.4,74.0,39.7,80.1,38.3
South Dakota,2021-01-01,2021,1,2.8,65.8,357.1,0.9,21.8,43.1,84.7,4.9,28.0,32.9,73.5,39.1,77.5,37.8
South Dakota,2021-02-01,2021,2,2.8,65.1,359.1,0.9,21.2,43.0,84.4,4.9,28.0,33.0,73.8,39.8,78.6,37.9
South Dakota,2021-03-01,2021,3,2.8,66.7,361.4,1.0,22.4,43.3,85.0,4.9,28.0,33.4,74.0,40.2,79.2,38.3
South Dakota,2021-04-01,2021,4,2.8,69.1,366.7,1.1,24.5,43.5,85.8,4.9,28.0,34.3,74.6,42.9,79.3,39.199999999999996
South Dakota,2021-05-01,2021,5,2.8,70.8,373.6,1.1,26.2,43.5,87.1,5.0,28.1,34.8,74.5,46.5,80.6,39.8
South Dakota,2021-06-01,2021,6,2.7,72.9,375.9,1.2,27.5,44.2,88.0,5.1,28.4,35.3,73.1,49.6,79.0,40.4
South Dakota,2021-07-01,2021,7,2.6,73.5,373.2,1.2,27.7,44.6,88.0,5.2,28.5,35.3,72.8,51.2,74.7,40.5
South Dakota,2021-08-01,2021,8,2.5,72.8,374.8,1.2,27.2,44.4,88.0,5.2,28.4,35.2,73.2,52.1,75.4,40.400000000000006
South Dakota,2021-09-01,2021,9,2.4,71.7,375.0,1.2,26.5,44.0,86.4,5.1,28.1,34.7,74.5,48.6,80.6,39.800000000000004
South Dakota,2021-10-01,2021,10,2.3,71.2,376.3,1.1,26.0,44.1,87.3,5.1,28.1,35.2,75.4,47.3,80.9,40.300000000000004
South Dakota,2021-11-01,2021,11,2.1,70.9,375.8,1.1,25.7,44.1,88.7,5.2,28.1,35.2,75.4,45.6,80.6,40.400000000000006
South Dakota,2021-12-01,2021,12,2.0,70.2,375.7,1.1,24.7,44.4,89.3,5.2,28.2,35.4,75.4,44.8,80.3,40.6
South Dakota,2022-01-01,2022,1,1.9,67.7,368.4,1.0,22.5,44.2,86.8,5.2,27.8,35.3,74.2,43.6,78.5,40.5
South Dakota,2022-02-01,2022,2,1.9,68.2,371.4,1.0,22.5,44.7,87.2,5.2,27.8,35.6,74.5,44.1,79.9,40.800000000000004
South Dakota,2022-03-01,2022,3,1.9,68.9,374.0,1.0,23.0,44.9,87.5,5.2,27.8,36.0,74.8,45.1,80.4,41.2
South Dakota,2022-04-01,2022,4,1.9,71.3,377.3,1.1,25.2,45.0,87.9,5.1,27.9,36.6,75.3,46.6,80.6,41.7
South Dakota,2022-05-01,2022,5,1.9,72.9,382.9,1.2,26.7,45.0,88.8,5.3,28.0,37.0,75.4,49.3,81.4,42.3
South Dakota,2022-06-01,2022,6,1.9,75.3,385.4,1.3,28.4,45.6,90.0,5.2,28.2,37.3,74.5,51.9,80.2,42.5
South Dakota,2022-07-01,2022,7,1.9,75.6,381.7,1.3,28.7,45.6,90.1,5.3,28.3,37.6,74.5,52.7,74.9,42.9
South Dakota,2022-08-01,2022,8,2.0,75.3,384.5,1.3,28.5,45.5,90.3,5.4,28.3,37.6,75.2,53.7,75.8,43.0
South Dakota,2022-09-01,2022,9,2.0,74.0,384.7,1.2,27.8,45.0,89.0,5.3,28.0,37.3,76.1,50.3,80.9,42.599999999999994
South Dakota,2022-10-01,2022,10,2.0,74.3,384.9,1.3,27.7,45.3,89.9,5.2,28.0,37.3,76.2,49.0,81.4,42.5
South Dakota,2022-11-01,2022,11,1.9,73.4,384.2,1.2,27.0,45.2,91.0,5.2,28.0,37.0,76.5,47.0,81.6,42.2
South Dakota,2022-12-01,2022,12,1.9,71.9,383.0,1.1,25.6,45.2,91.3,5.2,28.1,37.0,76.7,45.8,81.1,42.2
South Dakota,2023-01-01,2023,1,1.8,70.2,375.8,1.1,24.1,45.0,89.2,5.2,27.7,36.1,76.0,44.8,79.2,41.300000000000004
South Dakota,2023-02-01,2023,2,1.8,70.3,378.7,1.1,24.0,45.2,89.0,5.1,27.7,36.4,76.5,45.3,81.0,41.5
South Dakota,2023-03-01,2023,3,1.8,71.0,380.7,1.1,24.5,45.4,89.3,5.1,27.6,36.6,76.9,45.9,81.5,41.7
South Dakota,2023-04-01,2023,4,1.8,72.8,383.1,1.2,26.5,45.1,90.2,5.0,27.7,37.1,76.5,47.2,81.5,42.1
South Dakota,2023-05-01,2023,5,1.8,75.2,389.8,1.3,28.8,45.1,91.7,5.1,27.9,37.7,76.6,50.3,82.5,42.800000000000004
South Dakota,2023-06-01,2023,6,1.8,78.0,393.8,1.4,30.7,45.9,92.9,5.2,28.1,38.5,75.7,53.3,81.5,43.7
South Dakota,2023-07-01,2023,7,1.8,78.0,387.3,1.3,31.1,45.6,92.9,5.1,28.1,38.0,75.1,53.6,75.9,43.1
South Dakota,2023-08-01,2023,8,1.8,77.7,390.9,1.3,31.0,45.4,92.8,5.2,28.0,38.0,76.2,54.8,77.3,43.2
South Dakota,2023-09-01,2023,9,1.8,76.9,391.2,1.3,30.3,45.3,91.8,5.2,27.8,37.5,76.9,51.5,82.3,42.7
South Dakota,2023-10-01,2023,10,1.8,76.1,391.8,1.3,29.8,45.0,92.3,5.2,27.7,37.3,77.8,50.2,83.1,42.5
South Dakota,2023-11-01,2023,11,1.8,75.5,391.1,1.3,29.1,45.1,93.6,5.2,27.7,37.1,78.3,48.0,83.0,42.300000000000004
South Dakota,2023-12-01,2023,12,1.8,74.9,391.4,1.2,28.2,45.5,94.2,5.2,27.8,36.9,78.5,47.6,82.9,42.1
South Dakota,2024-01-01,2024,1,1.8,71.6,381.9,1.1,25.4,45.1,91.2,5.1,27.5,36.1,77.5,45.6,80.9,41.2
South Dakota,2024-02-01,2024,2,1.7,72.1,384.6,1.2,25.5,45.4,91.1,5.1,27.3,36.1,78.1,46.3,82.5,41.2
South Dakota,2024-03-01,2024,3,1.7,73.3,387.1,1.2,26.6,45.5,91.2,5.1,27.3,36.5,78.4,47.1,83.2,41.6
South Dakota,2024-04-01,2024,4,1.8,74.8,389.6,1.2,28.3,45.3,91.5,5.1,27.3,37.2,78.6,48.6,82.9,42.300000000000004
South Dakota,2024-05-01,2024,5,1.8,76.7,396.9,1.3,29.9,45.5,92.8,5.1,27.4,37.7,79.4,51.9,84.0,42.800000000000004
South Dakota,2024-06-01,2024,6,1.8,78.3,397.5,1.4,31.2,45.7,93.5,5.1,27.8,38.2,77.5,53.9,82.5,43.300000000000004
South Dakota,2024-07-01,2024,7,1.8,78.6,391.7,1.4,31.8,45.4,93.2,5.1,27.8,38.3,77.6,54.0,76.8,43.4
South Dakota,2024-08-01,2024,8,1.9,77.9,394.2,1.3,31.5,45.1,92.9,5.2,27.7,38.0,78.8,55.3,77.5,43.2
South Dakota,2024-09-01,2024,9,1.9,77.1,395.4,1.3,30.9,44.9,92.1,5.2,27.4,37.6,79.4,52.1,83.2,42.800000000000004
South Dakota,2024-10-01,2024,10,1.9,76.7,395.5,1.3,30.7,44.7,92.4,5.2,27.3,37.4,80.3,51.1,83.5,42.6
South Dakota,2024-11-01,2024,11,1.9,75.9,396.2,1.2,30.2,44.5,93.8,5.2,27.3,37.4,81.3,49.3,83.6,42.6
South Dakota,2024-12-01,2024,12,1.9,74.7,395.4,1.2,28.9,44.6,94.3,5.2,27.3,37.2,80.7,48.9,83.5,42.400000000000006
South Dakota,2025-01-01,2025,1,2.0,71.7,386.4,1.0,26.6,44.1,91.5,5.1,27.3,36.3,80.0,46.8,81.2,41.4
South Dakota,2025-02-01,2025,2,2.0,71.5,387.5,1.0,26.3,44.2,91.0,5.1,27.3,36.5,79.9,46.8,82.7,41.6
South Dakota,2025-03-01,2025,3,2.0,72.5,388.7,1.0,27.2,44.3,90.8,5.1,27.2,36.9,80.0,47.2,83.1,42.0
South Dakota,2025-04-01,2025,4,2.0,74.8,392.8,1.1,29.2,44.5,91.7,5.0,27.2,37.4,80.9,49.1,83.0,42.4
South Dakota,2025-05-01,2025,5,2.0,76.3,398.8,1.2,30.6,44.5,93.0,5.1,27.3,37.7,80.6,52.9,83.6,42.800000000000004
South Dakota,2025-06-01,2025,6,2.0,77.7,400.1,1.3,31.8,44.6,93.7,5.1,27.6,38.1,79.1,54.5,82.9,43.2
South Dakota,2025-07-01,2025,7,2.0,77.9,394.5,1.3,32.3,44.3,93.5,5.1,27.7,38.3,79.1,55.0,76.6,43.4
South Dakota,2025-08-01,2025,8,2.1,77.7,396.3,1.3,32.0,44.4,93.5,5.1,27.5,38.1,79.7,55.9,77.5,43.2
South Dakota,2025-09-01,2025,9,2.1,76.3,396.3,1.2,31.1,44.0,92.2,5.0,27.3,37.4,80.4,52.3,83.0,42.4
South Dakota,2025-10-01,2025,10,,76.5,397.6,1.2,31.4,43.9,92.5,5.0,27.4,37.1,80.9,52.6,82.9,42.1
South Dakota,2025-11-01,2025,11,2.2,74.4,396.8,1.2,29.3,43.9,93.5,4.9,27.4,36.9,81.5,51.2,82.6,41.8
South Dakota,2025-12-01,2025,12,2.2,72.9,396.8,1.2,28.1,43.6,93.0,4.9,27.5,36.0,81.9,52.4,82.3,40.9
South Dakota,2026-01-01,2026,1,2.2,71.3,387.6,1.2,26.4,43.7,90.3,4.8,26.9,35.5,80.9,50.6,79.9,40.3
South Dakota,2026-02-01,2026,2,2.3,71.4,389.6,1.2,26.3,43.9,90.2,4.8,26.6,36.1,81.0,50.6,81.6,40.9
Tennessee,2016-01-01,2016,1,4.8,450.8,2455.1,4.3,110.3,336.2,600.6,45.3,158.0,396.9,420.2,300.7,425.5,442.2
Tennessee,2016-02-01,2016,2,4.7,451.7,2470.9,4.3,109.8,337.6,599.5,45.8,158.6,397.2,424.5,302.1,434.5,443.0
Tennessee,2016-03-01,2016,3,4.7,456.0,2490.2,4.0,112.5,339.5,601.6,45.0,159.0,399.6,426.2,310.1,439.0,444.6
Tennessee,2016-04-01,2016,4,4.7,458.3,2512.9,4.0,113.9,340.4,606.6,45.7,160.4,405.4,427.3,320.9,435.9,451.09999999999997
Tennessee,2016-05-01,2016,5,4.7,460.1,2511.5,4.0,114.4,341.7,607.5,45.4,161.5,404.8,426.1,325.0,430.0,450.2
Tennessee,2016-06-01,2016,6,4.7,464.0,2488.6,4.0,116.5,343.5,608.4,46.9,162.3,406.3,422.0,331.8,398.6,453.2
Tennessee,2016-07-01,2016,7,4.7,464.8,2483.9,4.0,117.5,343.3,610.8,45.2,163.1,404.0,422.8,330.1,395.7,449.2
Tennessee,2016-08-01,2016,8,4.8,465.4,2510.5,4.0,117.4,344.0,611.3,45.2,163.8,409.2,426.5,329.5,413.6,454.4
Tennessee,2016-09-01,2016,9,4.8,466.1,2539.6,4.1,118.3,343.7,610.7,45.8,164.2,411.2,432.5,326.1,437.5,457.0
Tennessee,2016-10-01,2016,10,4.8,465.5,2546.0,4.0,117.8,343.7,614.4,45.7,163.9,413.7,434.5,321.5,440.9,459.4
Tennessee,2016-11-01,2016,11,4.8,466.1,2567.4,4.0,117.8,344.3,627.5,46.7,164.4,416.0,435.8,320.9,444.3,462.7
Tennessee,2016-12-01,2016,12,4.7,467.6,2568.7,4.0,117.3,346.3,630.4,45.8,165.0,420.2,435.3,319.4,440.8,466.0
Tennessee,2017-01-01,2017,1,4.5,461.9,2493.3,4.0,113.9,344.0,607.8,45.4,163.7,399.7,428.6,310.4,426.8,445.09999999999997
Tennessee,2017-02-01,2017,2,4.3,465.7,2515.9,4.1,115.8,345.8,605.8,46.1,164.9,402.0,434.7,312.8,437.8,448.1
Tennessee,2017-03-01,2017,3,4.1,467.9,2527.8,4.0,117.6,346.3,606.0,45.7,165.9,402.7,435.7,320.4,438.6,448.4
Tennessee,2017-04-01,2017,4,3.9,470.6,2546.4,4.1,119.6,346.9,608.6,45.5,166.8,406.7,435.9,329.6,439.5,452.2
Tennessee,2017-05-01,2017,5,3.7,471.7,2548.0,4.2,120.9,346.6,609.6,46.0,168.0,406.9,433.7,334.9,434.3,452.9
Tennessee,2017-06-01,2017,6,3.6,475.0,2528.8,4.3,122.3,348.4,611.5,47.6,169.6,410.8,429.5,341.2,402.5,458.40000000000003
Tennessee,2017-07-01,2017,7,3.5,473.8,2519.5,4.2,122.4,347.2,611.8,46.0,169.8,409.6,428.5,338.3,399.8,455.6
Tennessee,2017-08-01,2017,8,3.4,474.8,2543.3,4.2,123.0,347.6,614.4,46.1,170.6,411.3,431.8,339.2,414.5,457.40000000000003
Tennessee,2017-09-01,2017,9,3.4,473.9,2571.7,4.3,122.7,346.9,614.0,45.8,170.6,414.2,438.0,333.9,439.8,460.0
Tennessee,2017-10-01,2017,10,3.4,472.5,2581.9,4.2,122.2,346.1,617.2,46.7,172.0,416.0,440.9,330.8,443.0,462.7
Tennessee,2017-11-01,2017,11,3.5,474.1,2607.9,4.3,122.4,347.4,631.3,47.9,171.6,423.8,441.9,330.5,445.1,471.7
Tennessee,2017-12-01,2017,12,3.5,474.3,2606.3,4.3,121.7,348.3,635.1,46.2,172.2,424.4,441.0,328.7,442.8,470.59999999999997
Tennessee,2018-01-01,2018,1,3.5,468.2,2531.1,4.2,117.2,346.8,612.4,45.5,170.8,404.9,434.3,317.3,431.6,450.4
Tennessee,2018-02-01,2018,2,3.5,470.1,2556.2,4.3,118.2,347.6,610.6,45.6,172.2,410.0,440.4,320.2,441.5,455.6
Tennessee,2018-03-01,2018,3,3.5,473.6,2572.1,4.3,121.1,348.2,613.4,45.5,173.1,410.0,441.6,328.7,443.1,455.5
Tennessee,2018-04-01,2018,4,3.5,476.2,2585.7,4.4,122.7,349.1,613.5,45.9,173.6,414.0,439.9,337.3,444.1,459.9
Tennessee,2018-05-01,2018,5,3.5,478.1,2593.2,4.4,124.3,349.4,616.9,45.5,174.4,415.8,438.0,344.0,440.3,461.3
Tennessee,2018-06-01,2018,6,3.5,482.6,2573.1,4.4,127.2,351.0,618.5,47.4,175.7,418.5,434.9,349.8,408.4,465.9
Tennessee,2018-07-01,2018,7,3.5,482.8,2558.7,4.4,127.1,351.3,618.8,44.5,175.9,413.9,434.0,348.3,403.6,458.4
Tennessee,2018-08-01,2018,8,3.5,485.5,2589.7,4.4,128.0,353.1,620.5,44.7,176.3,419.9,437.7,350.1,421.1,464.59999999999997
Tennessee,2018-09-01,2018,9,3.5,486.6,2611.8,4.4,128.8,353.4,619.4,45.0,176.3,422.0,443.2,342.9,443.4,467.0
Tennessee,2018-10-01,2018,10,3.5,485.3,2623.0,4.4,127.7,353.2,624.1,44.7,175.6,424.5,445.3,340.3,449.1,469.2
Tennessee,2018-11-01,2018,11,3.5,486.6,2652.8,4.4,127.9,354.3,641.0,45.2,176.3,432.3,446.4,338.8,453.6,477.5
Tennessee,2018-12-01,2018,12,3.5,485.5,2647.6,4.4,126.8,354.3,644.8,44.5,176.3,430.7,444.9,337.6,449.5,475.2
Tennessee,2019-01-01,2019,1,3.5,482.4,2586.0,4.3,124.3,353.8,625.4,44.0,175.9,418.4,439.3,329.2,435.6,462.4
Tennessee,2019-02-01,2019,2,3.4,484.6,2605.6,4.4,125.0,355.2,624.6,44.4,176.4,419.6,445.4,330.4,445.8,464.0
Tennessee,2019-03-01,2019,3,3.4,486.6,2617.5,4.4,126.9,355.3,624.8,44.4,176.6,420.4,446.5,337.9,446.8,464.79999999999995
Tennessee,2019-04-01,2019,4,3.4,489.1,2632.7,4.4,129.3,355.4,625.3,45.3,177.3,424.5,444.0,348.7,446.3,469.8
Tennessee,2019-05-01,2019,5,3.3,491.8,2636.2,4.4,131.3,356.1,628.0,45.3,177.8,423.7,444.8,352.7,441.6,469.0
Tennessee,2019-06-01,2019,6,3.2,494.9,2616.0,4.5,132.8,357.6,630.0,46.6,179.0,427.7,441.4,357.8,410.0,474.3
Tennessee,2019-07-01,2019,7,3.2,494.0,2601.8,4.5,132.1,357.4,628.6,46.2,179.0,426.0,437.6,356.6,405.0,472.2
Tennessee,2019-08-01,2019,8,3.2,493.4,2635.8,4.5,132.1,356.8,631.0,45.8,179.2,431.1,443.4,359.9,422.9,476.90000000000003
Tennessee,2019-09-01,2019,9,3.3,493.0,2657.1,4.5,131.7,356.8,630.8,45.9,178.8,430.3,448.7,353.6,446.4,476.2
Tennessee,2019-10-01,2019,10,3.3,486.6,2659.5,4.6,132.1,349.9,632.7,46.6,178.3,432.1,449.4,348.0,449.6,478.70000000000005
Tennessee,2019-11-01,2019,11,3.4,492.8,2692.9,4.5,132.0,356.3,649.4,47.2,179.6,440.1,452.9,348.2,452.4,487.3
Tennessee,2019-12-01,2019,12,3.4,492.5,2687.8,4.4,131.4,356.7,654.1,46.0,179.7,438.3,451.9,345.5,449.0,484.3
Tennessee,2020-01-01,2020,1,3.4,486.3,2632.8,4.3,128.2,353.8,635.0,45.0,178.3,427.7,447.1,336.9,440.2,472.7
Tennessee,2020-02-01,2020,2,3.5,486.3,2649.5,4.2,128.2,353.9,631.6,45.6,178.7,429.9,450.9,338.5,450.8,475.5
Tennessee,2020-03-01,2020,3,3.5,486.7,2642.1,4.2,129.4,353.1,629.6,45.2,178.1,427.5,449.8,336.3,452.3,472.7
Tennessee,2020-04-01,2020,4,15.7,425.7,2357.8,4.2,126.0,295.5,579.1,41.8,172.5,386.4,415.2,219.4,437.5,428.2
Tennessee,2020-05-01,2020,5,12.1,433.8,2409.4,4.2,129.0,300.6,596.5,42.0,172.4,390.3,419.3,252.9,426.0,432.3
Tennessee,2020-06-01,2020,6,10.2,463.8,2460.4,4.1,130.3,329.4,611.8,41.9,173.5,399.8,422.9,281.7,413.7,441.7
Tennessee,2020-07-01,2020,7,9.0,469.5,2452.7,4.1,130.2,335.2,614.3,42.1,173.9,403.7,423.5,289.6,390.0,445.8
Tennessee,2020-08-01,2020,8,7.6,471.7,2501.5,4.1,130.6,337.0,620.2,42.1,174.4,413.3,428.2,290.3,416.8,455.40000000000003
Tennessee,2020-09-01,2020,9,7.1,474.9,2536.1,4.1,131.1,339.7,623.2,43.2,174.0,414.0,434.4,292.1,438.8,457.2
Tennessee,2020-10-01,2020,10,6.3,477.8,2580.8,4.1,132.5,341.2,637.4,43.0,174.9,429.5,440.1,294.8,442.7,472.5
Tennessee,2020-11-01,2020,11,5.9,480.1,2611.6,4.1,132.7,343.3,657.2,43.9,175.4,435.8,441.7,295.3,443.7,479.7
Tennessee,2020-12-01,2020,12,5.6,483.0,2622.8,4.2,132.8,346.0,669.4,43.9,175.4,439.2,441.5,293.4,440.9,483.09999999999997
Tennessee,2021-01-01,2021,1,5.3,479.2,2546.4,4.1,130.2,344.9,641.1,43.3,173.9,426.4,434.8,282.9,425.6,469.7
Tennessee,2021-02-01,2021,2,5.2,479.9,2564.7,4.1,130.0,345.8,639.3,44.2,174.2,429.2,438.5,284.3,436.1,473.4
Tennessee,2021-03-01,2021,3,5.1,485.2,2580.5,4.1,133.0,348.1,639.8,44.2,174.6,430.8,440.4,293.8,436.6,475.0
Tennessee,2021-04-01,2021,4,5.0,484.1,2583.4,4.2,134.8,345.1,631.1,45.1,174.6,427.7,440.5,304.3,438.5,472.8
Tennessee,2021-05-01,2021,5,4.9,486.3,2596.4,4.2,134.9,347.2,634.8,45.8,176.0,432.5,436.8,315.7,432.6,478.3
Tennessee,2021-06-01,2021,6,4.7,490.6,2601.5,4.3,137.0,349.3,637.1,46.8,176.6,430.5,434.1,326.0,426.5,477.3
Tennessee,2021-07-01,2021,7,4.4,495.0,2597.8,4.3,138.6,352.1,643.2,48.1,177.5,438.1,435.3,333.6,397.7,486.20000000000005
Tennessee,2021-08-01,2021,8,4.2,495.3,2626.1,4.2,139.1,352.0,645.1,49.0,178.1,442.3,439.4,332.9,415.6,491.3
Tennessee,2021-09-01,2021,9,3.9,492.6,2644.3,4.3,139.2,349.1,644.7,49.0,177.0,439.3,442.4,329.3,439.8,488.3
Tennessee,2021-10-01,2021,10,3.7,495.3,2668.6,4.2,140.2,350.9,655.9,49.4,178.4,449.9,445.9,323.1,442.9,499.29999999999995
Tennessee,2021-11-01,2021,11,3.5,497.6,2693.4,4.2,140.8,352.6,672.1,50.8,179.1,453.0,446.9,324.1,444.1,503.8
Tennessee,2021-12-01,2021,12,3.4,501.0,2695.9,4.3,140.1,356.6,678.6,50.4,179.3,453.8,444.1,324.5,442.1,504.2
Tennessee,2022-01-01,2022,1,3.4,497.5,2650.9,4.3,137.8,355.4,662.6,50.8,178.5,450.8,440.1,315.5,430.5,501.6
Tennessee,2022-02-01,2022,2,3.4,503.7,2689.6,4.3,140.4,359.0,670.4,51.9,179.5,456.4,446.6,322.2,439.2,508.29999999999995
Tennessee,2022-03-01,2022,3,3.3,508.4,2698.9,4.4,143.1,360.9,668.8,52.8,179.6,457.1,447.5,329.0,440.5,509.90000000000003
Tennessee,2022-04-01,2022,4,3.3,511.3,2719.6,4.4,144.4,362.5,666.0,53.6,181.8,461.7,448.3,340.7,442.6,515.3
Tennessee,2022-05-01,2022,5,3.3,514.3,2726.8,4.4,146.4,363.5,667.5,54.1,183.1,462.4,447.3,347.8,439.0,516.5
Tennessee,2022-06-01,2022,6,3.3,518.8,2720.5,4.5,148.9,365.4,666.1,54.8,184.3,460.7,443.1,355.1,429.6,515.5
Tennessee,2022-07-01,2022,7,3.3,521.5,2709.3,4.5,149.6,367.4,667.6,55.1,187.0,464.8,447.5,356.6,404.1,519.9
Tennessee,2022-08-01,2022,8,3.3,522.3,2737.6,4.5,150.1,367.7,669.5,56.4,187.7,467.3,451.4,356.9,421.9,523.7
Tennessee,2022-09-01,2022,9,3.4,523.6,2770.3,4.5,151.4,367.7,670.6,55.9,188.3,470.2,459.0,355.4,444.8,526.1
Tennessee,2022-10-01,2022,10,3.4,523.0,2773.3,4.5,151.2,367.3,675.5,55.9,188.5,467.8,461.3,349.4,449.0,523.7
Tennessee,2022-11-01,2022,11,3.4,523.2,2799.0,4.6,151.2,367.4,689.5,56.5,189.4,468.6,464.3,351.4,453.5,525.1
Tennessee,2022-12-01,2022,12,3.4,523.6,2792.4,4.6,150.3,368.7,693.6,55.8,190.3,465.8,462.0,348.7,450.9,521.6
Tennessee,2023-01-01,2023,1,3.4,519.8,2746.6,4.6,148.3,366.9,675.2,56.6,187.8,459.0,461.4,340.5,440.5,515.6
Tennessee,2023-02-01,2023,2,3.3,521.1,2772.2,4.6,149.5,367.0,675.2,56.8,189.1,462.6,466.5,344.2,451.5,519.4
Tennessee,2023-03-01,2023,3,3.3,523.3,2780.4,4.6,152.3,366.4,673.5,56.4,190.3,462.1,466.8,352.2,452.6,518.5
Tennessee,2023-04-01,2023,4,3.2,523.0,2790.5,4.6,153.4,365.0,671.3,54.9,190.9,464.7,469.4,363.0,449.0,519.6
Tennessee,2023-05-01,2023,5,3.2,525.0,2797.7,4.6,154.9,365.5,674.3,55.4,191.7,464.3,469.1,367.8,446.8,519.7
Tennessee,2023-06-01,2023,6,3.2,531.1,2800.7,4.6,159.0,367.5,677.0,57.1,193.2,464.2,468.8,374.6,436.5,521.3
Tennessee,2023-07-01,2023,7,3.2,530.4,2770.1,4.6,159.8,366.0,678.4,55.2,193.0,461.4,468.1,371.6,412.8,516.6
Tennessee,2023-08-01,2023,8,3.2,529.3,2792.3,4.6,159.8,364.9,678.9,55.4,192.9,463.5,472.4,371.1,428.7,518.9
Tennessee,2023-09-01,2023,9,3.2,529.5,2829.3,4.7,160.3,364.5,681.6,55.4,193.2,464.9,482.7,369.4,453.4,520.3
Tennessee,2023-10-01,2023,10,3.3,527.3,2829.5,4.6,160.3,362.4,685.5,55.6,192.1,461.1,485.5,364.2,456.4,516.7
Tennessee,2023-11-01,2023,11,3.3,529.7,2860.1,4.6,161.3,363.8,704.2,56.2,192.0,464.7,487.9,365.8,459.4,520.9
Tennessee,2023-12-01,2023,12,3.2,530.3,2858.5,4.6,160.2,365.5,708.6,55.4,192.7,461.5,487.8,364.3,458.6,516.9
Tennessee,2024-01-01,2024,1,3.2,524.0,2787.4,4.3,156.2,363.5,685.6,54.9,190.8,447.9,482.8,349.5,446.6,502.79999999999995
Tennessee,2024-02-01,2024,2,3.2,529.8,2815.5,4.3,159.9,365.6,684.2,54.9,191.2,453.1,490.5,353.8,457.7,508.0
Tennessee,2024-03-01,2024,3,3.2,532.8,2832.2,4.3,162.1,366.4,684.0,54.6,191.8,455.0,492.4,361.9,460.9,509.6
Tennessee,2024-04-01,2024,4,3.2,532.1,2837.3,4.3,162.9,364.9,684.5,54.2,189.8,455.8,491.9,370.2,459.2,510.0
Tennessee,2024-05-01,2024,5,3.3,534.0,2841.6,4.4,165.2,364.4,689.2,54.4,190.6,455.8,488.7,377.2,453.2,510.2
Tennessee,2024-06-01,2024,6,3.3,537.5,2836.7,4.4,167.9,365.2,689.5,55.5,192.1,455.7,488.0,380.2,442.1,511.2
Tennessee,2024-07-01,2024,7,3.4,535.7,2803.4,4.4,167.6,363.7,689.7,54.2,192.2,452.7,486.0,377.3,417.8,506.9
Tennessee,2024-08-01,2024,8,3.5,535.5,2827.5,4.5,167.5,363.5,689.4,54.3,192.4,455.6,491.1,377.2,434.2,509.90000000000003
Tennessee,2024-09-01,2024,9,3.5,533.3,2854.4,4.5,166.0,362.8,688.9,54.6,192.4,453.5,499.9,373.3,458.2,508.1
Tennessee,2024-10-01,2024,10,3.6,529.5,2848.4,4.5,164.2,360.8,689.8,53.9,191.8,449.0,501.2,365.8,464.2,502.9
Tennessee,2024-11-01,2024,11,3.6,529.5,2873.8,4.4,164.3,360.8,705.3,54.7,192.6,451.7,503.5,364.1,468.7,506.4
Tennessee,2024-12-01,2024,12,3.5,529.4,2866.4,4.4,164.3,360.7,710.1,54.2,192.2,447.6,501.0,363.5,465.1,501.8
Tennessee,2025-01-01,2025,1,3.5,523.4,2811.2,4.4,160.6,358.4,693.5,53.8,191.7,440.7,500.2,348.2,450.5,494.5
Tennessee,2025-02-01,2025,2,3.5,524.0,2835.4,4.4,162.0,357.6,690.2,53.9,192.1,443.8,505.8,354.3,461.6,497.7
Tennessee,2025-03-01,2025,3,3.5,527.1,2836.9,4.4,163.7,359.0,687.0,53.4,192.1,443.8,503.9,359.6,462.3,497.2
Tennessee,2025-04-01,2025,4,3.5,528.1,2852.6,4.4,165.2,358.5,683.6,52.9,192.6,449.6,506.8,371.8,460.4,502.5
Tennessee,2025-05-01,2025,5,3.5,526.9,2853.8,4.4,165.8,356.7,683.9,53.1,192.9,448.8,504.7,376.5,458.3,501.90000000000003
Tennessee,2025-06-01,2025,6,3.5,529.6,2829.4,4.4,167.9,357.3,682.8,54.1,193.1,443.8,496.5,377.6,445.9,497.90000000000003
Tennessee,2025-07-01,2025,7,3.5,527.5,2803.6,4.4,168.0,355.1,682.4,53.1,193.6,443.1,499.0,376.3,421.0,496.20000000000005
Tennessee,2025-08-01,2025,8,3.5,527.7,2831.5,4.3,168.6,354.8,685.4,54.0,193.6,447.8,504.6,375.9,435.9,501.8
Tennessee,2025-09-01,2025,9,3.5,525.5,2848.5,4.3,168.1,353.1,681.8,52.4,192.7,445.8,509.2,371.1,461.6,498.2
Tennessee,2025-10-01,2025,10,,524.8,2846.7,4.3,167.6,352.9,682.4,52.3,191.9,446.3,507.4,367.6,464.3,498.6
Tennessee,2025-11-01,2025,11,3.6,526.2,2868.8,4.3,168.4,353.5,694.7,52.2,191.7,449.7,511.1,365.7,467.8,501.9
Tennessee,2025-12-01,2025,12,3.6,523.3,2871.5,4.3,166.5,352.5,701.6,52.9,191.5,447.9,512.2,363.4,465.3,500.79999999999995
Tennessee,2026-01-01,2026,1,3.5,518.4,2816.7,4.3,162.4,351.7,685.7,52.1,190.2,440.0,508.9,354.2,450.3,492.1
Tennessee,2026-02-01,2026,2,3.6,518.8,2828.2,4.3,161.6,352.9,679.0,52.1,190.5,443.6,511.2,354.4,463.0,495.70000000000005
Texas,2016-01-01,2016,1,4.5,1772.3,10060.8,235.1,683.9,853.3,2379.2,200.9,723.6,1618.6,1589.8,1228.2,1908.1,1819.5
Texas,2016-02-01,2016,2,4.5,1775.2,10136.9,229.4,691.9,853.9,2372.1,201.1,725.5,1629.8,1605.2,1252.3,1934.0,1830.8999999999999
Texas,2016-03-01,2016,3,4.5,1763.5,10163.7,223.0,691.1,849.4,2372.3,200.3,725.0,1628.6,1606.7,1272.9,1940.2,1828.8999999999999
Texas,2016-04-01,2016,4,4.5,1762.6,10228.6,215.8,701.6,845.2,2381.0,203.4,728.8,1644.5,1615.1,1294.8,1939.7,1847.9
Texas,2016-05-01,2016,5,4.6,1756.3,10266.1,211.4,701.7,843.2,2383.1,203.9,731.8,1637.8,1620.6,1311.9,1949.1,1841.7
Texas,2016-06-01,2016,6,4.7,1758.7,10270.6,209.4,704.3,845.0,2391.6,205.1,735.2,1641.5,1610.5,1327.6,1921.9,1846.6
Texas,2016-07-01,2016,7,4.7,1759.6,10216.0,207.5,707.5,844.6,2398.4,205.5,740.5,1655.9,1616.9,1316.4,1849.7,1861.4
Texas,2016-08-01,2016,8,4.8,1756.1,10241.2,206.5,706.7,842.9,2408.8,204.5,742.3,1663.7,1634.4,1315.3,1843.3,1868.2
Texas,2016-09-01,2016,9,4.8,1753.8,10293.0,204.8,708.7,840.3,2398.6,202.7,741.3,1665.8,1643.8,1302.6,1914.4,1868.5
Texas,2016-10-01,2016,10,4.8,1754.0,10350.7,205.7,710.7,837.6,2417.7,201.9,744.8,1673.7,1649.5,1288.8,1950.2,1875.6000000000001
Texas,2016-11-01,2016,11,4.8,1746.1,10425.8,204.9,702.5,838.7,2470.0,203.0,747.5,1677.6,1654.4,1286.2,1964.1,1880.6
Texas,2016-12-01,2016,12,4.8,1744.3,10440.8,206.3,697.0,841.0,2490.4,204.3,751.0,1667.3,1657.3,1282.6,1966.3,1871.6
Texas,2017-01-01,2017,1,4.8,1732.8,10265.2,208.8,688.9,835.1,2418.2,202.3,745.6,1647.2,1643.2,1261.1,1933.9,1849.5
Texas,2017-02-01,2017,2,4.7,1752.6,10339.6,212.6,699.9,840.1,2401.9,202.8,748.6,1661.9,1658.6,1279.1,1967.0,1864.7
Texas,2017-03-01,2017,3,4.7,1763.0,10389.1,214.2,707.3,841.5,2400.4,204.2,750.7,1669.4,1661.5,1305.2,1974.6,1873.6000000000001
Texas,2017-04-01,2017,4,4.6,1765.5,10422.0,216.7,706.3,842.5,2408.2,204.1,753.1,1671.0,1665.8,1320.9,1971.4,1875.1
Texas,2017-05-01,2017,5,4.4,1779.2,10465.6,220.0,714.5,844.7,2414.8,203.8,756.4,1673.2,1671.6,1341.3,1975.2,1877.0
Texas,2017-06-01,2017,6,4.3,1797.6,10491.0,222.9,721.2,853.5,2427.9,205.0,762.8,1685.9,1667.1,1359.3,1943.1,1890.9
Texas,2017-07-01,2017,7,4.2,1793.4,10380.4,224.9,714.3,854.2,2425.7,205.0,765.2,1687.9,1651.9,1350.9,1861.1,1892.9
Texas,2017-08-01,2017,8,4.2,1796.5,10404.6,226.3,714.1,856.1,2441.0,204.1,766.3,1695.5,1667.6,1348.4,1851.3,1899.6
Texas,2017-09-01,2017,9,4.1,1795.6,10433.1,227.1,713.8,854.7,2425.3,201.8,767.6,1704.0,1669.6,1321.8,1916.5,1905.8
Texas,2017-10-01,2017,10,4.1,1807.3,10531.8,228.5,722.7,856.1,2451.5,203.4,771.5,1719.1,1676.5,1318.2,1963.0,1922.5
Texas,2017-11-01,2017,11,4.1,1813.2,10612.0,230.0,723.5,859.7,2510.0,204.7,770.7,1724.5,1680.7,1315.4,1976.6,1929.2
Texas,2017-12-01,2017,12,4.1,1817.8,10621.5,232.4,720.8,864.6,2525.5,206.1,773.2,1714.5,1684.2,1316.6,1975.0,1920.6
Texas,2018-01-01,2018,1,4.1,1797.6,10427.9,231.7,708.5,857.4,2451.0,203.5,765.1,1693.1,1665.4,1292.5,1938.7,1896.6
Texas,2018-02-01,2018,2,4.1,1823.4,10522.9,236.0,723.1,864.3,2440.1,204.0,769.0,1714.9,1682.5,1314.7,1974.8,1918.9
Texas,2018-03-01,2018,3,4.0,1834.6,10570.0,239.0,729.2,866.4,2440.3,203.8,769.6,1720.3,1684.2,1340.2,1985.1,1924.1
Texas,2018-04-01,2018,4,4.0,1842.4,10598.1,240.7,733.3,868.4,2447.0,204.8,769.7,1726.1,1689.5,1355.0,1973.3,1930.8999999999999
Texas,2018-05-01,2018,5,4.0,1855.1,10657.1,243.5,739.2,872.4,2457.8,206.4,773.0,1730.4,1694.6,1373.4,1983.4,1936.8000000000002
Texas,2018-06-01,2018,6,3.9,1875.8,10690.2,246.9,747.1,881.8,2465.8,208.1,780.5,1747.5,1692.0,1393.4,1954.2,1955.6
Texas,2018-07-01,2018,7,3.9,1878.6,10612.4,248.9,744.8,884.9,2467.4,207.6,782.7,1755.7,1688.6,1386.4,1881.3,1963.3
Texas,2018-08-01,2018,8,3.8,1888.8,10652.5,251.4,750.2,887.2,2479.1,206.0,785.6,1770.1,1706.3,1388.7,1875.1,1976.1
Texas,2018-09-01,2018,9,3.8,1885.9,10670.1,252.4,746.5,887.0,2473.2,204.7,783.3,1760.9,1709.4,1363.0,1938.0,1965.6000000000001
Texas,2018-10-01,2018,10,3.8,1898.1,10766.0,254.4,753.2,890.5,2487.9,205.4,788.1,1784.9,1720.4,1362.4,1973.0,1990.3000000000002
Texas,2018-11-01,2018,11,3.8,1903.2,10851.1,255.5,752.3,895.4,2549.3,207.0,789.4,1791.9,1726.1,1354.6,1990.5,1998.9
Texas,2018-12-01,2018,12,3.8,1906.8,10854.5,256.2,752.5,898.1,2558.8,207.8,791.0,1785.1,1727.7,1359.1,1987.8,1992.8999999999999
Texas,2019-01-01,2019,1,3.7,1891.7,10659.9,254.3,744.4,893.0,2489.4,205.9,784.5,1757.4,1706.4,1332.9,1952.5,1963.3000000000002
Texas,2019-02-01,2019,2,3.7,1913.4,10752.8,254.9,759.6,898.9,2472.8,207.2,789.0,1777.3,1724.2,1357.7,1988.0,1984.5
Texas,2019-03-01,2019,3,3.6,1916.1,10775.5,253.6,763.1,899.4,2466.9,208.2,790.1,1773.0,1724.5,1378.4,1996.0,1981.2
Texas,2019-04-01,2019,4,3.5,1923.8,10817.4,253.8,769.6,900.4,2469.4,210.1,793.6,1788.8,1732.4,1393.4,1986.7,1998.8999999999999
Texas,2019-05-01,2019,5,3.4,1929.7,10873.7,253.3,774.2,902.2,2475.5,211.1,797.1,1791.1,1739.7,1411.8,1997.3,2002.1999999999998
Texas,2019-06-01,2019,6,3.4,1940.6,10895.7,252.4,778.6,909.6,2486.8,213.1,803.9,1801.9,1730.9,1430.7,1970.6,2015.0
Texas,2019-07-01,2019,7,3.5,1942.4,10838.3,250.8,781.0,910.6,2494.4,210.6,807.7,1814.5,1730.1,1427.5,1899.4,2025.1
Texas,2019-08-01,2019,8,3.5,1945.7,10878.7,249.5,785.6,910.6,2502.6,211.9,810.7,1826.9,1751.8,1423.5,1899.9,2038.8000000000002
Texas,2019-09-01,2019,9,3.5,1939.0,10900.4,245.8,785.0,908.2,2495.1,210.0,808.7,1815.9,1754.6,1404.4,1965.6,2025.9
Texas,2019-10-01,2019,10,3.5,1935.6,11004.9,243.6,788.4,903.6,2521.2,211.1,812.0,1837.4,1766.0,1400.7,2008.4,2048.5
Texas,2019-11-01,2019,11,3.5,1936.2,11107.7,240.1,786.1,910.0,2589.0,213.0,814.5,1847.5,1773.3,1397.3,2023.8,2060.5
Texas,2019-12-01,2019,12,3.5,1926.3,11101.6,236.6,778.5,911.2,2600.9,214.1,816.5,1834.8,1770.7,1397.8,2019.2,2048.9
Texas,2020-01-01,2020,1,3.5,1904.6,10928.2,234.8,765.2,904.6,2522.7,211.9,811.6,1814.7,1760.9,1370.1,1995.3,2026.6000000000001
Texas,2020-02-01,2020,2,3.6,1918.4,11005.7,235.0,776.6,906.8,2504.2,211.8,815.6,1836.3,1776.3,1388.8,2025.0,2048.1
Texas,2020-03-01,2020,3,5.0,1914.0,10954.0,232.4,777.3,904.3,2496.4,210.2,814.1,1821.0,1768.6,1372.0,2030.2,2031.2
Texas,2020-04-01,2020,4,12.8,1781.6,9732.5,206.5,725.3,849.8,2297.3,194.1,790.5,1685.9,1598.8,858.6,1969.9,1880.0
Texas,2020-05-01,2020,5,11.7,1771.4,10001.8,186.7,733.2,851.5,2350.7,193.8,792.2,1695.7,1648.6,1020.8,1941.7,1889.5
Texas,2020-06-01,2020,6,10.1,1770.6,10239.9,176.5,735.4,858.7,2413.3,195.2,797.6,1711.8,1670.9,1144.2,1917.3,1907.0
Texas,2020-07-01,2020,7,9.3,1748.2,10211.2,171.7,724.3,852.2,2423.0,194.7,798.8,1737.0,1664.3,1124.1,1881.7,1931.7
Texas,2020-08-01,2020,8,8.0,1745.3,10311.3,171.0,722.4,851.9,2442.3,194.5,801.2,1757.0,1677.7,1137.1,1912.5,1951.5
Texas,2020-09-01,2020,9,7.7,1740.6,10397.4,169.8,719.6,851.2,2452.1,197.5,800.5,1750.4,1683.5,1154.2,1968.4,1947.9
Texas,2020-10-01,2020,10,7.1,1750.6,10577.2,171.3,725.6,853.7,2507.1,197.5,809.1,1793.5,1710.4,1189.0,1971.2,1991.0
Texas,2020-11-01,2020,11,7.0,1752.3,10679.7,171.5,723.9,856.9,2565.2,198.3,812.4,1813.0,1717.7,1195.2,1978.9,2011.3
Texas,2020-12-01,2020,12,6.9,1754.3,10711.1,172.4,719.8,862.1,2579.7,199.4,815.6,1818.7,1721.1,1201.0,1978.5,2018.1000000000001
Texas,2021-01-01,2021,1,6.8,1735.9,10547.9,173.5,706.3,856.1,2506.0,199.9,812.2,1803.8,1702.4,1177.9,1951.6,2003.7
Texas,2021-02-01,2021,2,6.6,1741.3,10573.1,174.4,709.1,857.8,2492.8,200.1,815.0,1813.7,1706.1,1182.5,1968.1,2013.8
Texas,2021-03-01,2021,3,6.4,1771.5,10680.0,176.4,731.8,863.3,2506.3,201.0,822.1,1835.8,1712.4,1228.1,1969.5,2036.8
Texas,2021-04-01,2021,4,6.2,1774.3,10766.2,177.9,735.1,861.3,2500.7,202.8,826.4,1857.2,1727.2,1267.4,1974.6,2060.0
Texas,2021-05-01,2021,5,6.0,1773.8,10843.0,177.7,733.3,862.8,2518.8,204.7,828.6,1872.9,1727.7,1299.7,1974.3,2077.6
Texas,2021-06-01,2021,6,5.8,1787.7,10897.3,178.8,737.5,871.4,2537.4,207.8,835.6,1881.6,1726.7,1334.7,1949.5,2089.4
Texas,2021-07-01,2021,7,5.6,1800.7,10932.9,181.7,742.1,876.9,2556.1,210.6,844.8,1911.7,1734.7,1350.1,1896.0,2122.3
Texas,2021-08-01,2021,8,5.3,1802.5,10967.7,182.4,741.6,878.5,2564.4,211.5,848.1,1926.5,1746.8,1345.5,1897.2,2138.0
Texas,2021-09-01,2021,9,5.0,1802.9,11035.3,182.3,743.4,877.2,2573.1,211.3,847.8,1937.9,1745.1,1332.4,1962.3,2149.2000000000003
Texas,2021-10-01,2021,10,4.8,1829.3,11251.1,185.2,757.1,887.0,2629.1,215.0,862.9,1999.8,1772.0,1345.0,1994.8,2214.8
Texas,2021-11-01,2021,11,4.6,1837.7,11354.4,187.0,757.2,893.5,2697.6,216.4,867.1,2014.9,1775.2,1345.9,2004.5,2231.3
Texas,2021-12-01,2021,12,4.5,1847.0,11387.9,188.3,757.3,901.4,2731.3,219.0,870.7,2006.3,1773.9,1354.2,2000.6,2225.3
Texas,2022-01-01,2022,1,4.3,1824.3,11188.7,188.2,743.0,893.1,2647.9,219.5,864.2,1984.9,1752.1,1322.1,1974.2,2204.4
Texas,2022-02-01,2022,2,4.1,1856.3,11325.1,192.0,760.6,903.7,2669.3,221.0,870.4,2020.6,1767.2,1347.3,1996.4,2241.6
Texas,2022-03-01,2022,3,4.0,1868.1,11361.4,192.9,766.1,909.1,2668.9,223.3,872.8,2023.0,1768.2,1369.8,2000.4,2246.3
Texas,2022-04-01,2022,4,3.9,1888.5,11472.6,195.8,775.1,917.6,2679.0,226.1,882.1,2052.9,1790.9,1400.8,1998.4,2279.0
Texas,2022-05-01,2022,5,3.8,1898.5,11518.8,197.5,780.0,921.0,2679.6,228.9,885.7,2058.8,1795.5,1421.7,1999.6,2287.7000000000003
Texas,2022-06-01,2022,6,3.8,1913.6,11526.4,198.2,786.6,928.8,2685.4,231.3,890.8,2059.3,1786.1,1446.7,1973.0,2290.6000000000004
Texas,2022-07-01,2022,7,3.8,1930.9,11563.2,202.4,791.7,936.8,2704.6,236.4,902.5,2093.1,1801.2,1451.2,1913.9,2329.5
Texas,2022-08-01,2022,8,3.7,1937.6,11616.2,204.7,793.8,939.1,2714.8,235.5,905.3,2104.8,1820.2,1448.5,1928.2,2340.3
Texas,2022-09-01,2022,9,3.8,1946.7,11671.1,206.4,798.8,941.5,2720.3,234.9,906.0,2099.4,1831.9,1430.3,1991.8,2334.3
Texas,2022-10-01,2022,10,3.9,1955.5,11788.2,208.4,803.0,944.1,2744.3,235.4,913.1,2123.8,1850.5,1429.9,2028.4,2359.2000000000003
Texas,2022-11-01,2022,11,4.0,1959.7,11867.8,208.5,801.5,949.7,2793.8,238.2,913.4,2126.9,1859.9,1431.2,2039.9,2365.1
Texas,2022-12-01,2022,12,4.1,1965.1,11852.8,209.6,800.2,955.3,2817.9,237.8,913.7,2105.0,1854.9,1427.0,2037.8,2342.8
Texas,2023-01-01,2023,1,4.1,1955.1,11715.3,211.4,794.7,949.0,2743.3,236.8,907.8,2091.2,1848.9,1419.4,2013.3,2328.0
Texas,2023-02-01,2023,2,4.1,1975.9,11792.3,214.4,806.3,955.2,2731.5,236.7,912.4,2101.4,1868.6,1440.2,2040.5,2338.1
Texas,2023-03-01,2023,3,4.1,1986.6,11827.8,215.1,814.3,957.2,2729.8,236.4,913.8,2096.7,1872.2,1467.5,2047.0,2333.1
Texas,2023-04-01,2023,4,4.0,1988.6,11873.5,213.3,815.7,959.6,2732.6,235.9,914.8,2108.8,1884.7,1478.0,2053.1,2344.7000000000003
Texas,2023-05-01,2023,5,4.0,1996.1,11915.4,213.8,819.7,962.6,2739.2,235.2,917.2,2104.7,1891.8,1499.1,2060.7,2339.8999999999996
Texas,2023-06-01,2023,6,4.0,2019.0,11941.5,215.5,829.3,974.2,2750.0,234.9,923.8,2103.8,1891.4,1529.2,2033.3,2338.7000000000003
Texas,2023-07-01,2023,7,4.0,2012.8,11847.2,215.2,826.8,970.8,2743.7,233.9,924.1,2109.8,1882.0,1515.1,1962.7,2343.7000000000003
Texas,2023-08-01,2023,8,4.0,2016.0,11894.6,216.1,828.4,971.5,2749.7,232.2,924.7,2110.9,1900.9,1510.0,1992.0,2343.1
Texas,2023-09-01,2023,9,4.0,2022.9,11936.7,215.8,835.6,971.5,2747.2,229.5,922.4,2101.1,1909.6,1492.4,2061.3,2330.6
Texas,2023-10-01,2023,10,4.0,2027.6,12034.4,216.2,838.2,973.2,2770.8,229.4,924.0,2122.0,1921.5,1489.6,2100.3,2351.4
Texas,2023-11-01,2023,11,4.0,2025.9,12104.7,215.3,835.6,975.0,2822.9,228.7,922.6,2128.1,1922.4,1486.9,2116.2,2356.7999999999997
Texas,2023-12-01,2023,12,4.0,2032.4,12092.3,216.1,836.2,980.1,2840.9,228.3,923.3,2105.5,1919.4,1486.8,2115.0,2333.8
Texas,2024-01-01,2024,1,4.0,2017.4,11907.0,217.2,824.0,976.2,2766.8,227.1,913.6,2083.2,1902.5,1457.1,2089.6,2310.2999999999997
Texas,2024-02-01,2024,2,4.0,2043.8,11977.3,220.6,841.8,981.4,2750.0,226.2,916.1,2094.6,1918.8,1475.6,2121.6,2320.7999999999997
Texas,2024-03-01,2024,3,4.0,2051.1,12001.6,220.5,848.3,982.3,2743.3,226.1,916.9,2092.1,1914.8,1500.8,2130.2,2318.2
Texas,2024-04-01,2024,4,4.1,2051.1,12053.3,220.6,847.7,982.8,2746.6,225.9,919.1,2099.0,1928.8,1519.7,2130.0,2324.9
Texas,2024-05-01,2024,5,4.1,2057.0,12100.2,219.9,853.5,983.6,2754.5,225.1,921.1,2102.2,1931.8,1539.4,2135.8,2327.2999999999997
Texas,2024-06-01,2024,6,4.1,2068.3,12096.0,220.4,859.1,988.8,2760.6,227.3,927.8,2104.4,1922.8,1555.3,2098.6,2331.7000000000003
Texas,2024-07-01,2024,7,4.2,2059.2,11984.8,219.1,855.1,985.0,2756.1,226.7,930.2,2098.9,1918.4,1531.7,2028.5,2325.6
Texas,2024-08-01,2024,8,4.2,2072.9,12068.9,219.0,868.0,985.9,2770.8,225.4,930.4,2120.4,1944.2,1532.9,2051.7,2345.8
Texas,2024-09-01,2024,9,4.2,2076.3,12097.6,219.1,872.5,984.7,2765.9,224.7,930.2,2111.4,1949.8,1514.9,2108.9,2336.1
Texas,2024-10-01,2024,10,4.2,2085.4,12205.1,218.3,881.8,985.3,2782.9,224.2,936.2,2137.0,1966.6,1519.6,2144.0,2361.2
Texas,2024-11-01,2024,11,4.2,2087.5,12282.6,215.6,883.7,988.2,2831.3,224.6,938.3,2142.8,1973.3,1517.2,2162.1,2367.4
Texas,2024-12-01,2024,12,4.1,2085.3,12275.9,214.6,880.2,990.5,2860.0,225.5,938.6,2123.2,1969.3,1517.8,2152.5,2348.7
Texas,2025-01-01,2025,1,4.1,2063.7,12081.6,213.5,867.6,982.6,2780.3,223.7,931.4,2095.6,1959.2,1480.4,2127.8,2319.2999999999997
Texas,2025-02-01,2025,2,4.1,2087.6,12146.5,215.9,885.4,986.3,2772.1,223.6,935.2,2103.2,1974.5,1496.1,2154.3,2326.7999999999997
Texas,2025-03-01,2025,3,4.1,2095.4,12155.6,215.7,893.1,986.6,2763.7,222.9,935.2,2096.5,1969.8,1522.3,2157.4,2319.4
Texas,2025-04-01,2025,4,4.1,2102.1,12218.3,216.0,898.9,987.2,2764.7,223.0,939.2,2119.8,1981.3,1543.3,2154.8,2342.8
Texas,2025-05-01,2025,5,4.1,2106.0,12250.6,214.7,904.4,986.9,2768.5,223.5,939.7,2122.8,1982.9,1560.8,2156.8,2346.3
Texas,2025-06-01,2025,6,4.1,2110.4,12193.5,212.8,907.6,990.0,2767.8,225.7,943.1,2117.4,1959.2,1564.8,2118.1,2343.1
Texas,2025-07-01,2025,7,4.2,2106.3,12119.0,211.8,905.9,988.6,2772.2,226.1,946.4,2123.6,1966.5,1550.7,2039.4,2349.7
Texas,2025-08-01,2025,8,4.2,2105.7,12159.6,210.9,910.2,984.6,2775.3,224.0,946.2,2135.2,1985.0,1543.3,2060.1,2359.2
Texas,2025-09-01,2025,9,4.3,2099.1,12174.9,209.4,908.7,981.0,2763.3,220.4,942.8,2120.2,1987.0,1525.7,2127.2,2340.6
Texas,2025-10-01,2025,10,,2103.9,12263.0,210.1,910.4,983.4,2786.3,221.4,944.9,2132.7,1998.7,1531.2,2155.1,2354.1
Texas,2025-11-01,2025,11,4.3,2097.8,12318.2,206.7,909.8,981.3,2825.0,220.5,945.9,2139.2,2007.0,1520.8,2164.0,2359.7
Texas,2025-12-01,2025,12,4.3,2097.5,12348.6,208.8,903.8,984.9,2858.8,219.8,949.4,2141.9,2007.8,1515.4,2161.4,2361.7000000000003
Texas,2026-01-01,2026,1,4.3,2082.6,12180.2,207.6,902.7,972.3,2786.7,215.7,938.3,2118.2,2000.2,1505.5,2123.3,2333.8999999999996
Texas,2026-02-01,2026,2,4.3,2087.6,12219.1,206.6,907.2,973.8,2771.6,216.0,936.1,2136.8,2002.5,1512.2,2152.8,2352.8
Utah,2016-01-01,2016,1,3.5,218.1,1169.1,9.1,84.5,124.5,262.9,36.2,80.6,194.6,188.2,132.9,235.2,230.8
Utah,2016-02-01,2016,2,3.5,219.6,1179.3,8.8,85.8,125.0,263.1,37.1,81.2,195.1,190.1,135.2,238.8,232.2
Utah,2016-03-01,2016,3,3.5,222.2,1186.8,8.8,88.3,125.1,265.1,36.7,81.1,196.8,190.4,137.5,240.2,233.5
Utah,2016-04-01,2016,4,3.4,224.9,1194.6,8.7,91.1,125.1,265.4,36.8,81.1,199.4,191.3,138.7,242.9,236.2
Utah,2016-05-01,2016,5,3.4,226.7,1193.6,8.6,92.8,125.3,267.0,37.1,81.5,200.4,187.1,136.5,244.8,237.5
Utah,2016-06-01,2016,6,3.3,228.5,1197.3,8.5,94.1,125.9,268.0,37.5,82.0,201.8,186.1,141.3,240.8,239.3
Utah,2016-07-01,2016,7,3.3,230.9,1186.3,8.6,95.3,127.0,268.8,38.2,82.9,204.6,184.5,143.2,223.7,242.8
Utah,2016-08-01,2016,8,3.3,231.2,1194.0,8.6,95.6,127.0,270.3,38.9,83.7,205.7,187.1,143.3,224.5,244.6
Utah,2016-09-01,2016,9,3.2,230.6,1215.0,8.4,94.8,127.4,270.2,38.0,83.5,204.1,195.3,140.9,243.3,242.1
Utah,2016-10-01,2016,10,3.2,230.8,1220.7,8.3,94.8,127.7,271.1,38.3,84.3,205.7,196.7,138.7,246.4,244.0
Utah,2016-11-01,2016,11,3.2,230.5,1224.0,8.2,94.4,127.9,277.0,38.4,84.2,204.8,197.9,135.8,246.6,243.20000000000002
Utah,2016-12-01,2016,12,3.2,228.6,1226.3,8.1,92.0,128.5,279.3,38.5,84.4,203.8,196.3,139.0,245.7,242.3
Utah,2017-01-01,2017,1,3.2,224.9,1206.3,8.1,88.9,127.9,269.7,38.6,83.3,199.2,195.8,137.8,242.6,237.79999999999998
Utah,2017-02-01,2017,2,3.2,227.0,1214.5,8.2,90.2,128.6,269.0,39.3,83.5,199.0,197.8,140.2,246.2,238.3
Utah,2017-03-01,2017,3,3.2,231.0,1221.9,8.4,93.4,129.2,270.3,38.9,83.3,200.8,198.7,143.3,246.8,239.70000000000002
Utah,2017-04-01,2017,4,3.2,232.0,1226.9,8.5,94.6,128.9,271.2,38.6,83.4,203.0,199.8,142.4,248.5,241.6
Utah,2017-05-01,2017,5,3.2,235.4,1226.0,8.6,97.3,129.5,271.7,38.8,83.7,204.2,195.0,141.4,250.9,243.0
Utah,2017-06-01,2017,6,3.2,239.7,1227.5,8.9,100.6,130.2,273.3,39.2,84.7,205.9,192.9,146.8,243.5,245.10000000000002
Utah,2017-07-01,2017,7,3.2,240.8,1212.6,8.9,101.5,130.4,274.8,38.7,85.0,209.4,190.9,147.0,225.2,248.10000000000002
Utah,2017-08-01,2017,8,3.1,241.3,1222.7,8.9,102.1,130.3,275.9,39.3,85.6,210.5,193.9,147.9,228.4,249.8
Utah,2017-09-01,2017,9,3.1,240.7,1243.4,8.8,101.7,130.2,275.2,38.9,85.4,210.5,200.7,145.4,247.0,249.4
Utah,2017-10-01,2017,10,3.1,242.2,1251.9,9.0,102.5,130.7,278.4,39.5,86.3,211.7,203.0,142.5,250.3,251.2
Utah,2017-11-01,2017,11,3.1,242.4,1259.6,9.1,101.9,131.4,285.7,39.5,86.5,212.0,204.9,140.4,250.4,251.5
Utah,2017-12-01,2017,12,3.1,242.0,1264.1,8.9,101.1,132.0,287.8,39.0,87.0,211.8,203.9,143.9,250.4,250.8
Utah,2018-01-01,2018,1,3.0,238.3,1239.3,9.1,98.1,131.1,276.4,38.0,86.7,206.4,203.7,142.9,245.3,244.4
Utah,2018-02-01,2018,2,3.0,240.8,1252.1,9.1,99.6,132.1,276.2,38.7,87.3,208.9,205.8,145.9,249.0,247.60000000000002
Utah,2018-03-01,2018,3,3.0,242.9,1257.2,9.2,101.4,132.3,277.6,38.0,87.2,210.8,206.0,147.6,249.5,248.8
Utah,2018-04-01,2018,4,2.9,244.2,1261.5,9.3,102.8,132.1,277.7,38.2,87.1,213.4,206.1,146.6,251.6,251.60000000000002
Utah,2018-05-01,2018,5,2.9,246.8,1262.3,9.4,104.8,132.6,279.8,38.9,87.7,215.0,199.3,146.9,253.5,253.9
Utah,2018-06-01,2018,6,2.9,250.7,1263.9,9.6,107.4,133.7,281.5,39.2,88.5,216.8,197.4,151.4,246.9,256.0
Utah,2018-07-01,2018,7,2.9,251.4,1249.0,9.6,107.6,134.2,283.5,39.6,88.9,218.3,194.5,152.6,229.1,257.90000000000003
Utah,2018-08-01,2018,8,2.9,252.0,1262.0,9.6,107.9,134.5,285.0,40.4,89.6,219.5,197.9,154.5,232.7,259.9
Utah,2018-09-01,2018,9,2.9,250.8,1281.6,9.6,106.8,134.4,285.4,39.7,88.8,218.6,205.2,151.0,251.4,258.3
Utah,2018-10-01,2018,10,2.9,251.7,1290.5,9.8,106.8,135.1,288.4,39.9,88.8,220.8,208.6,148.1,254.2,260.7
Utah,2018-11-01,2018,11,2.9,252.4,1297.2,9.8,106.7,135.9,296.3,40.0,89.0,221.4,209.6,145.8,253.6,261.4
Utah,2018-12-01,2018,12,2.8,251.3,1300.0,9.6,104.9,136.8,297.8,39.4,89.5,219.9,208.7,150.1,253.1,259.3
Utah,2019-01-01,2019,1,2.8,246.6,1277.1,9.3,101.6,135.7,287.0,39.0,88.0,215.8,208.1,148.5,249.6,254.8
Utah,2019-02-01,2019,2,2.7,247.9,1287.2,9.3,102.3,136.3,285.1,39.7,88.4,217.1,211.5,150.9,253.1,256.8
Utah,2019-03-01,2019,3,2.7,250.7,1291.9,9.4,104.7,136.6,285.2,39.5,88.6,217.9,211.8,153.4,253.8,257.4
Utah,2019-04-01,2019,4,2.6,252.3,1298.9,9.3,106.5,136.5,286.3,39.8,89.3,220.6,211.6,152.8,257.0,260.4
Utah,2019-05-01,2019,5,2.6,256.3,1299.5,9.4,109.7,137.2,286.8,40.9,89.8,221.4,205.9,152.2,260.7,262.3
Utah,2019-06-01,2019,6,2.5,259.7,1292.8,9.6,112.0,138.1,287.5,40.6,90.7,223.5,202.7,156.7,248.5,264.1
Utah,2019-07-01,2019,7,2.5,261.0,1280.6,9.6,113.2,138.2,287.3,41.1,91.9,224.9,202.3,157.8,232.4,266.0
Utah,2019-08-01,2019,8,2.5,262.0,1294.6,9.6,114.0,138.4,289.0,41.5,92.9,226.2,205.7,158.7,237.5,267.7
Utah,2019-09-01,2019,9,2.4,260.5,1311.1,9.5,113.0,138.0,288.2,41.0,92.0,225.2,212.0,155.4,255.3,266.2
Utah,2019-10-01,2019,10,2.4,262.4,1319.8,9.5,114.3,138.6,291.0,40.5,92.8,227.4,214.8,153.0,258.4,267.9
Utah,2019-11-01,2019,11,2.4,262.3,1326.8,9.3,114.4,138.6,298.5,40.9,93.2,227.3,216.5,150.6,258.0,268.2
Utah,2019-12-01,2019,12,2.4,260.7,1327.1,9.2,112.6,138.9,299.5,40.7,93.7,224.4,215.1,154.3,257.5,265.1
Utah,2020-01-01,2020,1,2.5,255.3,1301.3,9.1,109.0,137.2,286.7,40.3,92.7,219.4,214.9,152.8,253.3,259.7
Utah,2020-02-01,2020,2,2.5,256.8,1310.5,9.0,110.2,137.6,285.4,40.8,93.2,221.0,216.9,155.3,256.4,261.8
Utah,2020-03-01,2020,3,2.5,258.6,1306.6,9.2,111.9,137.5,284.9,40.6,93.1,221.1,215.6,153.1,257.0,261.7
Utah,2020-04-01,2020,4,10.0,254.6,1177.2,8.9,112.0,133.7,263.3,37.4,91.5,214.9,196.7,92.9,246.4,252.3
Utah,2020-05-01,2020,5,7.7,258.0,1218.6,8.6,116.7,132.7,274.2,38.0,92.3,219.5,200.0,112.8,244.0,257.5
Utah,2020-06-01,2020,6,6.4,262.4,1236.9,8.5,118.2,135.7,281.9,38.5,93.1,221.6,199.6,127.3,235.6,260.1
Utah,2020-07-01,2020,7,5.7,263.6,1242.5,8.3,118.7,136.6,286.2,39.3,93.6,224.3,199.2,132.8,227.2,263.6
Utah,2020-08-01,2020,8,4.8,265.1,1264.2,8.4,119.4,137.3,290.0,39.7,94.5,226.0,203.5,134.6,235.7,265.7
Utah,2020-09-01,2020,9,4.5,264.0,1284.8,8.4,118.2,137.4,291.7,39.9,94.3,225.6,210.2,134.1,248.9,265.5
Utah,2020-10-01,2020,10,4.0,267.1,1310.4,8.5,119.8,138.8,298.5,40.1,95.9,230.6,217.0,136.2,251.6,270.7
Utah,2020-11-01,2020,11,3.8,266.6,1314.8,8.4,118.6,139.6,305.4,40.6,96.2,231.8,217.6,133.5,249.3,272.40000000000003
Utah,2020-12-01,2020,12,3.6,268.1,1318.7,8.4,118.7,141.0,310.2,40.6,96.8,231.9,213.7,135.7,249.5,272.5
Utah,2021-01-01,2021,1,3.4,265.8,1298.9,8.3,115.9,141.6,299.2,39.7,95.0,226.9,217.2,135.0,245.7,266.6
Utah,2021-02-01,2021,2,3.3,269.1,1311.4,8.2,117.3,143.6,299.1,40.1,95.6,229.1,219.2,138.4,249.3,269.2
Utah,2021-03-01,2021,3,3.1,272.1,1315.8,8.4,119.3,144.4,298.1,40.5,95.8,228.5,218.7,142.0,251.4,269.0
Utah,2021-04-01,2021,4,3.0,274.9,1327.6,8.5,121.8,144.6,298.6,40.9,97.1,231.7,218.6,145.9,253.3,272.59999999999997
Utah,2021-05-01,2021,5,2.9,276.6,1330.0,8.7,122.6,145.3,300.0,41.5,97.2,233.1,213.9,146.9,255.4,274.6
Utah,2021-06-01,2021,6,2.8,279.3,1330.8,8.8,124.0,146.5,302.2,42.1,97.8,233.9,211.0,153.5,247.7,276.0
Utah,2021-07-01,2021,7,2.7,283.4,1324.4,9.2,126.2,148.0,303.5,42.5,98.8,237.5,209.0,155.5,234.4,280.0
Utah,2021-08-01,2021,8,2.6,283.6,1334.9,9.2,126.0,148.4,305.2,42.9,98.7,237.4,211.3,155.9,240.4,280.3
Utah,2021-09-01,2021,9,2.4,281.9,1343.1,9.0,125.1,147.8,302.6,42.8,97.6,235.5,217.3,152.5,252.5,278.3
Utah,2021-10-01,2021,10,2.4,284.8,1361.4,9.3,126.2,149.3,307.2,43.6,99.2,239.7,221.3,152.3,255.0,283.3
Utah,2021-11-01,2021,11,2.3,285.1,1367.1,9.3,126.1,149.7,313.5,44.3,99.4,239.7,222.5,149.6,255.2,284.0
Utah,2021-12-01,2021,12,2.2,284.4,1370.2,9.3,125.0,150.1,316.7,44.6,99.5,239.8,219.3,153.9,253.6,284.40000000000003
Utah,2022-01-01,2022,1,2.2,281.1,1352.8,9.3,122.7,149.1,306.5,43.7,98.3,235.6,222.7,152.9,250.5,279.3
Utah,2022-02-01,2022,2,2.3,284.9,1370.1,9.4,125.1,150.4,309.1,44.3,98.6,239.3,225.6,156.5,253.5,283.6
Utah,2022-03-01,2022,3,2.3,287.5,1374.0,9.5,127.3,150.7,308.6,45.2,98.2,239.6,225.3,159.7,254.1,284.8
Utah,2022-04-01,2022,4,2.3,290.6,1386.8,9.7,130.1,150.8,310.7,45.3,98.8,243.9,226.8,161.9,255.7,289.2
Utah,2022-05-01,2022,5,2.3,293.0,1387.0,9.9,132.1,151.0,311.5,46.1,98.6,245.7,221.7,160.7,258.9,291.8
Utah,2022-06-01,2022,6,2.3,295.5,1382.5,10.0,133.8,151.7,311.4,46.2,99.2,245.0,218.3,165.9,252.1,291.2
Utah,2022-07-01,2022,7,2.4,298.8,1373.9,10.2,135.5,153.1,312.2,46.4,99.5,248.2,218.1,167.3,237.3,294.59999999999997
Utah,2022-08-01,2022,8,2.4,299.5,1386.8,10.1,136.3,153.1,313.6,46.9,99.3,248.8,221.0,168.5,243.9,295.7
Utah,2022-09-01,2022,9,2.5,297.8,1400.8,10.2,135.3,152.3,312.6,46.7,98.5,247.9,227.4,166.0,257.7,294.6
Utah,2022-10-01,2022,10,2.5,298.8,1408.7,10.2,135.6,153.0,314.3,46.9,98.9,248.3,230.5,164.7,260.9,295.2
Utah,2022-11-01,2022,11,2.5,298.8,1414.5,10.3,134.6,153.9,320.2,46.9,98.9,248.0,232.1,163.3,260.7,294.9
Utah,2022-12-01,2022,12,2.6,295.8,1414.1,10.3,132.0,153.5,322.5,46.8,99.0,245.3,229.4,166.4,260.1,292.1
Utah,2023-01-01,2023,1,2.6,290.7,1398.3,10.3,127.8,152.6,312.6,43.7,97.7,243.3,233.2,166.0,257.5,287.0
Utah,2023-02-01,2023,2,2.6,291.5,1411.3,10.4,128.4,152.7,312.6,44.2,97.8,244.9,236.1,169.1,262.0,289.1
Utah,2023-03-01,2023,3,2.6,292.5,1412.1,10.5,129.4,152.6,312.6,43.3,98.0,244.5,235.5,170.6,262.4,287.8
Utah,2023-04-01,2023,4,2.6,294.2,1421.1,10.5,131.5,152.2,312.4,43.6,97.8,247.2,238.0,172.6,264.2,290.8
Utah,2023-05-01,2023,5,2.6,298.0,1424.3,10.6,134.8,152.6,314.0,43.8,98.1,249.4,232.3,172.5,268.2,293.2
Utah,2023-06-01,2023,6,2.6,302.5,1424.7,10.9,138.2,153.4,315.7,44.5,98.8,248.1,229.7,176.5,264.7,292.6
Utah,2023-07-01,2023,7,2.7,303.1,1402.7,11.2,138.4,153.5,313.4,44.4,98.9,248.6,226.4,176.5,247.8,293.0
Utah,2023-08-01,2023,8,2.8,303.3,1415.5,11.1,138.8,153.4,314.7,44.2,98.6,248.6,229.2,177.1,256.6,292.8
Utah,2023-09-01,2023,9,2.8,302.6,1433.2,11.0,138.5,153.1,316.6,43.4,98.1,249.0,236.3,174.4,269.3,292.4
Utah,2023-10-01,2023,10,2.9,302.4,1439.5,11.2,138.5,152.7,317.4,43.0,98.6,251.2,239.7,171.4,272.1,294.2
Utah,2023-11-01,2023,11,2.9,301.4,1443.2,11.2,137.6,152.6,323.4,42.9,98.9,250.6,240.9,167.9,272.5,293.5
Utah,2023-12-01,2023,12,3.0,300.9,1444.6,11.3,136.5,153.1,325.7,42.6,99.2,247.0,241.5,170.9,271.5,289.6
Utah,2024-01-01,2024,1,3.0,294.2,1420.8,11.1,131.6,151.5,315.3,41.4,97.6,241.5,240.6,170.3,268.6,282.9
Utah,2024-02-01,2024,2,3.1,296.1,1431.4,11.2,132.9,152.0,314.1,41.5,98.1,242.8,243.6,172.8,272.8,284.3
Utah,2024-03-01,2024,3,3.1,298.0,1437.4,11.2,134.5,152.3,314.6,41.7,98.1,243.0,243.6,176.7,273.8,284.7
Utah,2024-04-01,2024,4,3.2,299.9,1439.6,11.4,136.6,151.9,312.8,41.6,98.2,246.1,244.6,175.6,274.9,287.7
Utah,2024-05-01,2024,5,3.3,302.9,1439.0,11.4,139.0,152.5,313.3,42.3,98.5,247.3,238.2,174.8,278.0,289.6
Utah,2024-06-01,2024,6,3.3,306.3,1432.5,11.5,141.3,153.5,313.0,42.6,98.5,245.7,234.4,178.2,273.2,288.3
Utah,2024-07-01,2024,7,3.4,307.4,1417.2,11.6,142.3,153.5,313.0,42.0,99.7,247.4,233.0,179.0,256.1,289.4
Utah,2024-08-01,2024,8,3.4,308.6,1432.6,11.6,143.4,153.6,313.9,42.0,99.9,248.3,237.3,179.2,264.8,290.3
Utah,2024-09-01,2024,9,3.4,307.9,1449.5,11.6,142.6,153.7,313.4,42.2,99.2,248.5,245.0,177.6,276.9,290.7
Utah,2024-10-01,2024,10,3.4,308.2,1460.1,11.5,142.9,153.8,315.0,42.7,100.1,252.5,247.5,175.6,279.9,295.2
Utah,2024-11-01,2024,11,3.3,307.9,1465.0,11.4,142.6,153.9,321.0,42.7,100.4,251.8,249.1,173.6,279.6,294.5
Utah,2024-12-01,2024,12,3.3,306.5,1463.9,11.4,141.0,154.1,322.3,42.8,100.6,249.5,248.4,175.2,278.4,292.3
Utah,2025-01-01,2025,1,3.3,301.9,1443.2,11.3,137.5,153.1,312.0,41.7,99.2,245.8,249.7,173.3,275.1,287.5
Utah,2025-02-01,2025,2,3.4,302.2,1451.2,11.2,137.7,153.3,310.6,41.9,99.5,246.7,252.1,175.3,278.5,288.59999999999997
Utah,2025-03-01,2025,3,3.4,303.8,1454.1,11.4,139.0,153.4,309.3,41.9,99.4,248.0,252.0,178.5,278.4,289.9
Utah,2025-04-01,2025,4,3.4,306.6,1464.1,11.5,141.3,153.8,309.9,41.9,99.9,251.4,253.8,180.0,280.6,293.3
Utah,2025-05-01,2025,5,3.5,309.5,1463.7,11.3,144.0,154.2,310.2,42.2,100.2,254.9,248.7,177.1,283.7,297.1
Utah,2025-06-01,2025,6,3.5,311.0,1453.0,11.3,145.2,154.5,310.3,42.4,100.4,251.7,243.9,180.0,277.3,294.09999999999997
Utah,2025-07-01,2025,7,3.5,310.7,1442.4,11.3,144.9,154.5,310.7,43.0,101.0,252.7,244.6,180.3,262.7,295.7
Utah,2025-08-01,2025,8,3.6,310.2,1458.0,11.2,144.8,154.2,311.6,42.7,101.5,254.2,248.5,181.0,271.2,296.9
Utah,2025-09-01,2025,9,3.6,309.1,1466.8,11.1,143.9,154.1,310.4,42.1,100.6,256.6,251.6,178.5,280.2,298.70000000000005
Utah,2025-10-01,2025,10,,307.8,1469.1,11.2,142.8,153.8,313.3,41.6,101.2,258.1,253.1,175.8,279.8,299.70000000000005
Utah,2025-11-01,2025,11,3.7,306.7,1473.2,11.1,142.7,152.9,319.1,41.4,101.9,259.3,254.8,171.5,279.6,300.7
Utah,2025-12-01,2025,12,3.7,305.5,1475.1,10.9,140.8,153.8,321.5,40.7,102.8,258.3,253.4,174.9,278.3,299.0
Utah,2026-01-01,2026,1,3.8,301.4,1452.7,10.7,137.4,153.3,309.9,39.6,101.6,254.6,255.0,172.4,274.1,294.2
Utah,2026-02-01,2026,2,3.8,303.0,1462.0,10.7,138.9,153.4,308.4,40.4,101.7,255.3,257.2,175.5,277.7,295.7
Vermont,2016-01-01,2016,1,3.2,44.2,266.0,0.8,13.4,30.0,55.1,4.6,11.9,26.3,63.6,38.1,56.2,30.9
Vermont,2016-02-01,2016,2,3.2,43.8,269.1,0.7,13.0,30.1,54.6,4.6,11.9,26.5,64.6,38.7,57.9,31.1
Vermont,2016-03-01,2016,3,3.2,43.6,269.0,0.7,13.2,29.7,54.6,4.7,11.8,26.6,65.9,37.1,58.0,31.3
Vermont,2016-04-01,2016,4,3.1,45.2,265.1,0.8,14.6,29.8,54.9,4.6,11.9,27.5,66.0,31.8,58.0,32.1
Vermont,2016-05-01,2016,5,3.1,46.6,265.3,0.8,15.9,29.9,55.5,4.7,12.0,28.0,64.6,32.8,57.2,32.7
Vermont,2016-06-01,2016,6,3.1,47.7,264.7,0.9,16.6,30.2,55.8,4.6,12.2,28.6,61.9,36.2,54.8,33.2
Vermont,2016-07-01,2016,7,3.1,48.0,260.9,0.9,17.0,30.1,55.7,4.6,12.2,29.0,63.2,38.0,47.6,33.6
Vermont,2016-08-01,2016,8,3.1,47.8,262.2,0.9,16.8,30.1,55.7,4.6,12.2,29.1,63.2,38.1,48.7,33.7
Vermont,2016-09-01,2016,9,3.1,47.1,268.7,0.8,16.5,29.8,55.4,4.7,12.0,28.5,64.4,36.3,57.0,33.2
Vermont,2016-10-01,2016,10,3.1,47.1,270.9,0.9,16.2,30.0,55.6,4.6,12.0,28.5,65.7,35.4,58.7,33.1
Vermont,2016-11-01,2016,11,3.1,46.4,270.2,0.8,15.7,29.9,56.4,4.6,11.9,28.0,66.0,34.2,58.9,32.6
Vermont,2016-12-01,2016,12,3.1,45.7,274.8,0.8,14.8,30.1,57.3,4.6,12.1,27.8,66.3,38.4,58.1,32.4
Vermont,2017-01-01,2017,1,3.1,43.5,268.5,0.7,13.5,29.3,55.2,4.6,11.9,26.9,64.4,39.4,56.2,31.5
Vermont,2017-02-01,2017,2,3.1,42.8,269.6,0.7,13.0,29.1,54.1,4.6,11.9,26.9,65.0,39.3,57.9,31.5
Vermont,2017-03-01,2017,3,3.1,43.1,271.3,0.7,13.1,29.3,54.1,4.6,11.9,27.2,67.2,38.3,58.0,31.799999999999997
Vermont,2017-04-01,2017,4,3.0,44.1,268.1,0.7,14.1,29.3,54.6,4.5,11.9,28.3,66.5,34.1,58.2,32.8
Vermont,2017-05-01,2017,5,2.9,45.9,267.0,0.8,15.6,29.5,55.0,4.5,12.0,29.0,65.6,33.7,57.1,33.5
Vermont,2017-06-01,2017,6,2.9,47.1,269.3,0.8,16.4,29.9,55.8,4.5,12.2,29.7,63.8,37.5,55.5,34.2
Vermont,2017-07-01,2017,7,2.9,47.1,263.0,0.8,16.6,29.7,55.1,4.4,12.3,29.5,64.2,38.7,48.5,33.9
Vermont,2017-08-01,2017,8,2.9,47.1,265.9,0.8,16.6,29.7,55.3,4.4,12.3,29.5,64.4,39.2,50.5,33.9
Vermont,2017-09-01,2017,9,2.9,46.6,270.1,0.8,16.3,29.5,54.7,4.4,12.1,28.9,65.7,36.9,57.2,33.3
Vermont,2017-10-01,2017,10,2.9,46.7,272.6,0.8,16.3,29.6,55.3,4.4,12.1,29.2,66.7,35.9,58.8,33.6
Vermont,2017-11-01,2017,11,2.9,46.2,272.6,0.8,15.7,29.7,56.0,4.4,12.0,28.7,66.8,35.8,58.8,33.1
Vermont,2017-12-01,2017,12,2.8,45.9,277.2,0.8,15.0,30.1,56.7,4.4,12.1,28.4,67.3,39.5,58.7,32.8
Vermont,2018-01-01,2018,1,2.8,43.3,267.1,0.7,13.5,29.1,54.3,4.3,11.9,27.6,65.1,39.7,54.3,31.900000000000002
Vermont,2018-02-01,2018,2,2.8,43.3,272.2,0.7,13.3,29.3,53.8,4.3,11.9,27.7,66.5,40.0,57.9,32.0
Vermont,2018-03-01,2018,3,2.7,43.5,272.1,0.7,13.4,29.4,53.6,4.4,11.9,27.8,68.0,38.8,57.5,32.2
Vermont,2018-04-01,2018,4,2.6,44.5,268.5,0.8,14.2,29.5,53.9,4.3,11.9,28.4,68.0,33.8,58.0,32.699999999999996
Vermont,2018-05-01,2018,5,2.5,46.1,267.2,0.8,15.6,29.7,54.5,4.4,12.0,29.1,66.1,33.4,57.5,33.5
Vermont,2018-06-01,2018,6,2.5,47.2,268.1,0.9,16.3,30.0,55.0,4.4,12.3,29.8,63.8,36.8,55.6,34.2
Vermont,2018-07-01,2018,7,2.4,47.7,265.4,0.9,16.6,30.2,54.7,4.3,12.6,30.5,64.3,38.4,50.0,34.8
Vermont,2018-08-01,2018,8,2.4,47.7,267.3,0.8,16.7,30.2,54.8,4.3,12.4,30.1,64.5,39.1,51.6,34.4
Vermont,2018-09-01,2018,9,2.4,47.0,270.1,0.8,16.3,29.9,54.3,4.2,12.3,29.3,66.2,36.8,56.6,33.5
Vermont,2018-10-01,2018,10,2.3,47.2,273.5,0.8,16.4,30.0,54.8,4.3,12.2,29.4,67.6,35.9,58.9,33.699999999999996
Vermont,2018-11-01,2018,11,2.3,46.7,273.0,0.8,15.8,30.1,55.6,4.3,12.2,29.1,68.3,34.9,58.3,33.4
Vermont,2018-12-01,2018,12,2.3,46.1,276.9,0.8,15.0,30.3,56.1,4.3,12.1,28.7,68.1,38.8,58.5,33.0
Vermont,2019-01-01,2019,1,2.3,44.0,269.0,0.7,13.7,29.6,54.3,4.3,12.2,28.0,65.6,39.3,55.3,32.3
Vermont,2019-02-01,2019,2,2.2,43.7,273.0,0.7,13.4,29.6,53.6,4.3,12.1,28.3,66.8,39.5,58.2,32.6
Vermont,2019-03-01,2019,3,2.1,44.0,274.7,0.8,13.6,29.6,53.6,4.3,12.1,28.1,69.4,39.0,58.0,32.4
Vermont,2019-04-01,2019,4,2.0,44.8,269.6,0.8,14.3,29.7,53.7,4.2,12.1,28.6,67.8,34.8,58.2,32.800000000000004
Vermont,2019-05-01,2019,5,2.0,46.4,267.9,0.8,15.7,29.9,53.7,4.3,12.3,29.1,66.4,34.0,57.8,33.4
Vermont,2019-06-01,2019,6,2.0,47.6,269.2,0.9,16.4,30.3,54.7,4.3,12.5,30.2,63.0,37.6,56.4,34.5
Vermont,2019-07-01,2019,7,2.0,48.0,264.0,0.9,16.6,30.5,54.1,4.4,12.6,30.4,63.3,38.7,50.0,34.8
Vermont,2019-08-01,2019,8,2.1,47.8,266.3,0.9,16.6,30.3,54.0,4.4,12.6,30.7,63.8,38.6,51.7,35.1
Vermont,2019-09-01,2019,9,2.1,47.3,268.8,0.9,16.3,30.1,53.2,4.3,12.4,30.1,65.1,36.6,56.8,34.4
Vermont,2019-10-01,2019,10,2.2,47.2,272.2,0.9,16.2,30.1,53.9,4.3,12.3,30.3,66.8,35.8,58.5,34.6
Vermont,2019-11-01,2019,11,2.1,46.8,271.8,0.8,15.6,30.4,54.3,4.4,12.2,30.0,67.4,34.7,58.6,34.4
Vermont,2019-12-01,2019,12,2.1,46.3,275.2,0.8,14.9,30.6,55.5,4.3,12.3,29.7,67.1,37.8,58.3,34.0
Vermont,2020-01-01,2020,1,2.1,44.4,268.7,0.8,13.9,29.7,53.7,4.3,12.2,28.8,65.4,38.7,55.6,33.1
Vermont,2020-02-01,2020,2,2.2,44.0,271.7,0.7,13.5,29.8,53.2,4.3,12.2,29.0,66.1,39.1,57.7,33.3
Vermont,2020-03-01,2020,3,2.4,43.6,268.8,0.7,13.4,29.5,52.5,4.2,12.2,28.7,67.6,36.9,56.8,32.9
Vermont,2020-04-01,2020,4,14.1,34.0,213.0,0.6,8.8,24.6,42.5,3.8,11.6,26.3,55.9,11.8,53.3,30.1
Vermont,2020-05-01,2020,5,9.6,41.4,219.6,0.8,13.7,26.9,45.9,3.8,11.7,27.7,55.4,14.7,52.2,31.5
Vermont,2020-06-01,2020,6,7.7,43.7,229.1,0.8,15.2,27.7,49.0,3.8,11.9,28.3,56.4,19.6,51.2,32.1
Vermont,2020-07-01,2020,7,6.6,44.3,231.1,0.8,15.7,27.8,49.1,3.8,11.9,28.7,57.2,23.7,47.5,32.5
Vermont,2020-08-01,2020,8,5.4,44.7,236.9,0.9,15.8,28.0,49.8,3.9,12.0,29.0,57.6,25.8,49.4,32.9
Vermont,2020-09-01,2020,9,4.9,44.7,244.4,0.8,15.7,28.2,50.1,3.9,11.9,28.8,61.2,25.9,53.3,32.7
Vermont,2020-10-01,2020,10,4.3,45.0,248.9,0.8,15.7,28.5,51.0,3.9,11.8,29.2,62.8,25.9,54.9,33.1
Vermont,2020-11-01,2020,11,4.2,44.9,246.7,0.8,15.4,28.7,51.7,3.9,11.9,28.9,62.0,24.5,54.5,32.8
Vermont,2020-12-01,2020,12,4.3,44.5,245.6,0.8,14.7,29.0,52.8,3.9,11.9,28.5,60.6,25.2,53.8,32.4
Vermont,2021-01-01,2021,1,4.2,42.3,240.8,0.7,13.4,28.2,51.4,3.9,11.9,28.3,58.8,26.4,51.3,32.2
Vermont,2021-02-01,2021,2,4.2,41.9,245.6,0.7,13.0,28.2,50.9,3.9,11.8,28.5,60.4,27.4,53.9,32.4
Vermont,2021-03-01,2021,3,4.2,42.2,246.6,0.7,13.2,28.3,50.8,3.9,11.8,28.6,62.2,27.4,53.0,32.5
Vermont,2021-04-01,2021,4,4.1,43.7,248.0,0.8,14.6,28.3,51.0,3.9,11.8,29.6,62.3,26.5,53.6,33.5
Vermont,2021-05-01,2021,5,3.9,44.8,248.3,0.8,15.7,28.3,51.3,4.0,11.8,30.3,61.4,26.4,53.7,34.3
Vermont,2021-06-01,2021,6,3.6,45.9,248.6,0.9,16.2,28.8,51.8,4.0,11.9,30.5,59.1,30.3,51.3,34.5
Vermont,2021-07-01,2021,7,3.4,46.4,249.5,0.9,16.4,29.1,51.6,4.0,11.9,31.3,59.7,33.4,47.6,35.3
Vermont,2021-08-01,2021,8,3.2,46.2,249.7,0.9,16.3,29.0,51.5,4.1,11.9,31.2,58.9,33.7,48.5,35.3
Vermont,2021-09-01,2021,9,3.0,45.5,251.3,0.8,16.0,28.7,50.9,4.0,11.7,30.6,60.5,31.1,52.8,34.6
Vermont,2021-10-01,2021,10,2.8,45.8,257.2,0.8,16.1,28.9,51.3,4.1,11.9,31.4,63.2,30.8,54.8,35.5
Vermont,2021-11-01,2021,11,2.7,45.5,256.2,0.8,15.7,29.0,52.0,4.2,11.9,31.3,63.4,28.9,54.9,35.5
Vermont,2021-12-01,2021,12,2.5,45.4,258.5,0.8,15.1,29.5,52.5,4.1,11.9,31.3,62.6,31.9,54.6,35.4
Vermont,2022-01-01,2022,1,2.4,43.3,253.5,0.7,14.0,28.6,51.4,4.2,11.9,30.9,59.7,32.8,53.1,35.1
Vermont,2022-02-01,2022,2,2.3,43.2,258.1,0.7,13.7,28.8,51.2,4.3,11.9,30.8,61.9,33.8,54.6,35.1
Vermont,2022-03-01,2022,3,2.3,43.6,259.0,0.8,14.0,28.8,51.3,4.2,11.9,30.9,63.1,33.5,54.5,35.1
Vermont,2022-04-01,2022,4,2.2,44.8,258.1,0.8,15.1,28.9,51.7,4.3,12.0,32.0,63.1,30.8,54.5,36.3
Vermont,2022-05-01,2022,5,2.3,45.8,256.5,0.9,16.0,28.9,51.8,4.4,12.1,32.2,61.2,30.4,54.6,36.6
Vermont,2022-06-01,2022,6,2.3,46.6,256.8,0.9,16.4,29.3,52.2,4.4,12.2,32.6,59.4,33.8,52.2,37.0
Vermont,2022-07-01,2022,7,2.3,47.0,258.2,0.9,16.7,29.4,52.1,4.5,12.4,32.9,60.4,36.1,49.6,37.4
Vermont,2022-08-01,2022,8,2.4,47.1,256.6,0.9,16.6,29.6,52.0,4.5,12.4,32.9,59.2,35.7,49.7,37.4
Vermont,2022-09-01,2022,9,2.4,46.3,259.0,0.8,16.2,29.3,51.4,4.5,12.1,32.5,61.5,32.7,54.4,37.0
Vermont,2022-10-01,2022,10,2.4,46.4,262.9,0.9,16.1,29.4,51.9,4.5,12.2,33.0,63.3,32.2,55.9,37.5
Vermont,2022-11-01,2022,11,2.3,46.0,263.5,0.8,15.8,29.4,52.6,4.5,12.0,32.3,64.5,31.6,56.2,36.8
Vermont,2022-12-01,2022,12,2.2,45.3,263.5,0.8,15.0,29.5,53.5,4.5,12.0,32.0,62.6,34.6,54.5,36.5
Vermont,2023-01-01,2023,1,2.1,44.2,262.1,0.8,14.4,29.0,52.3,4.6,11.9,32.3,61.1,35.4,54.6,36.9
Vermont,2023-02-01,2023,2,2.0,43.8,265.6,0.8,14.1,28.9,51.8,4.6,11.9,32.6,63.0,36.0,55.9,37.2
Vermont,2023-03-01,2023,3,1.9,43.9,266.1,0.8,14.3,28.8,51.8,4.6,11.9,32.7,64.0,35.4,55.8,37.300000000000004
Vermont,2023-04-01,2023,4,1.8,44.6,263.7,0.8,15.2,28.6,51.9,4.6,11.8,33.3,63.7,32.3,56.2,37.9
Vermont,2023-05-01,2023,5,1.8,45.5,262.4,0.8,16.1,28.6,52.3,4.6,11.9,33.0,62.6,31.7,56.3,37.6
Vermont,2023-06-01,2023,6,1.8,46.4,264.9,0.9,16.7,28.8,52.9,4.5,12.1,33.8,60.8,36.1,54.3,38.3
Vermont,2023-07-01,2023,7,1.9,46.7,262.1,0.9,17.0,28.8,52.4,4.6,12.1,34.3,60.8,36.6,51.0,38.9
Vermont,2023-08-01,2023,8,1.9,46.4,261.0,0.9,17.0,28.5,52.3,4.6,12.0,33.8,60.3,36.8,51.0,38.4
Vermont,2023-09-01,2023,9,2.0,45.8,264.9,0.9,16.6,28.3,52.0,4.5,11.8,33.3,63.3,34.1,56.0,37.8
Vermont,2023-10-01,2023,10,2.0,45.8,267.8,0.9,16.7,28.2,52.7,4.5,11.8,33.7,64.7,33.4,57.0,38.2
Vermont,2023-11-01,2023,11,2.0,45.2,267.7,0.9,16.3,28.0,53.1,4.6,11.7,33.4,64.9,32.9,57.2,38.0
Vermont,2023-12-01,2023,12,2.0,44.6,269.0,0.8,15.7,28.1,54.0,4.6,11.8,33.1,63.4,36.0,56.2,37.7
Vermont,2024-01-01,2024,1,2.0,43.3,265.5,0.8,14.9,27.6,52.5,4.6,11.7,32.6,62.4,36.5,55.4,37.2
Vermont,2024-02-01,2024,2,2.1,43.0,269.5,0.7,14.7,27.6,52.3,4.6,11.6,32.7,64.5,36.7,57.2,37.300000000000004
Vermont,2024-03-01,2024,3,2.1,43.1,269.4,0.7,14.8,27.6,52.2,4.6,11.6,32.9,65.8,35.5,56.9,37.5
Vermont,2024-04-01,2024,4,2.1,43.5,266.4,0.8,15.4,27.3,52.1,4.5,11.6,32.7,65.6,32.9,57.2,37.2
Vermont,2024-05-01,2024,5,2.2,45.1,265.1,0.8,16.7,27.6,52.4,4.6,11.6,33.0,63.7,32.5,57.3,37.6
Vermont,2024-06-01,2024,6,2.3,45.6,266.1,0.8,17.0,27.8,52.8,4.6,11.8,33.7,61.9,35.6,55.4,38.300000000000004
Vermont,2024-07-01,2024,7,2.3,46.2,265.1,0.9,17.4,27.9,52.7,4.6,11.8,33.9,62.5,37.2,51.8,38.5
Vermont,2024-08-01,2024,8,2.4,46.0,265.5,0.9,17.2,27.9,52.6,4.6,11.7,33.6,62.6,37.4,52.4,38.2
Vermont,2024-09-01,2024,9,2.4,45.3,267.2,0.8,16.9,27.6,52.4,4.5,11.6,33.1,64.8,34.7,55.9,37.6
Vermont,2024-10-01,2024,10,2.5,45.4,270.2,0.8,16.9,27.7,52.4,4.5,11.6,33.1,66.5,34.2,57.7,37.6
Vermont,2024-11-01,2024,11,2.5,45.1,269.3,0.8,16.6,27.7,52.6,4.6,11.5,32.7,66.6,33.4,57.8,37.300000000000004
Vermont,2024-12-01,2024,12,2.5,44.6,270.8,0.8,16.0,27.8,53.5,4.5,11.5,32.2,65.5,36.5,57.1,36.7
Vermont,2025-01-01,2025,1,2.6,43.1,268.1,0.7,15.1,27.3,52.1,4.5,11.5,32.0,65.2,37.1,55.7,36.5
Vermont,2025-02-01,2025,2,2.6,42.8,270.3,0.7,14.8,27.3,51.6,4.5,11.4,32.4,65.8,36.9,57.8,36.9
Vermont,2025-03-01,2025,3,2.6,43.1,270.1,0.7,15.0,27.4,51.7,4.4,11.4,32.3,66.8,35.8,57.8,36.699999999999996
Vermont,2025-04-01,2025,4,2.6,43.9,266.2,0.8,15.7,27.4,51.2,4.4,11.4,32.8,66.6,32.0,57.8,37.199999999999996
Vermont,2025-05-01,2025,5,2.6,45.0,263.4,0.8,16.8,27.4,51.9,4.4,11.4,33.2,63.9,32.5,56.1,37.6
Vermont,2025-06-01,2025,6,2.6,45.4,265.4,0.8,17.1,27.5,51.9,4.4,11.6,33.3,63.0,35.5,55.4,37.699999999999996
Vermont,2025-07-01,2025,7,2.6,45.8,262.5,0.8,17.4,27.6,51.3,4.5,11.6,33.5,63.4,37.0,50.7,38.0
Vermont,2025-08-01,2025,8,2.6,46.0,263.7,0.9,17.5,27.6,51.1,4.5,11.6,33.2,63.1,37.5,52.2,37.7
Vermont,2025-09-01,2025,9,2.6,45.3,265.8,0.9,17.0,27.4,51.1,4.4,11.5,32.6,64.9,34.5,56.7,37.0
Vermont,2025-10-01,2025,10,,45.1,268.2,0.9,16.7,27.5,51.3,4.4,11.5,32.4,66.3,34.3,58.0,36.8
Vermont,2025-11-01,2025,11,2.7,44.5,266.8,0.9,16.3,27.3,51.1,4.4,11.5,32.5,66.7,32.7,58.0,36.9
Vermont,2025-12-01,2025,12,2.7,43.8,269.6,0.8,15.7,27.3,52.2,4.4,11.5,32.3,66.0,35.8,57.6,36.699999999999996
Vermont,2026-01-01,2026,1,2.7,43.7,265.7,0.8,15.6,27.3,50.7,4.3,11.4,31.6,65.3,36.5,56.1,35.9
Vermont,2026-02-01,2026,2,2.6,43.2,268.4,0.8,15.1,27.3,50.6,4.3,11.4,31.6,66.4,36.6,57.7,35.9
Virginia,2016-01-01,2016,1,4.0,421.0,3417.2,8.0,180.1,232.9,654.3,68.6,197.5,700.5,523.8,372.7,706.4,769.1
Virginia,2016-02-01,2016,2,4.0,419.2,3434.0,8.0,179.1,232.1,649.1,68.8,197.5,703.0,526.2,376.3,719.3,771.8
Virginia,2016-03-01,2016,3,4.0,422.6,3460.9,8.0,182.4,232.2,652.1,68.0,198.1,705.2,528.0,386.9,727.3,773.2
Virginia,2016-04-01,2016,4,4.0,426.4,3494.3,7.7,187.1,231.6,657.2,68.6,199.5,712.5,531.9,400.7,725.4,781.1
Virginia,2016-05-01,2016,5,4.0,428.4,3493.1,7.7,188.6,232.1,661.7,66.1,200.7,711.4,522.5,412.0,719.6,777.5
Virginia,2016-06-01,2016,6,4.0,432.2,3511.1,7.7,191.2,233.3,665.4,69.1,202.2,716.0,519.2,423.5,714.7,785.1
Virginia,2016-07-01,2016,7,4.0,433.4,3486.6,7.8,191.7,233.9,663.3,69.2,202.9,719.7,516.9,424.2,688.5,788.9000000000001
Virginia,2016-08-01,2016,8,4.0,432.9,3491.2,7.7,191.2,234.0,664.4,68.8,203.3,722.3,523.7,422.5,685.5,791.0999999999999
Virginia,2016-09-01,2016,9,4.0,432.9,3502.6,7.8,191.2,233.9,660.5,68.5,201.5,719.8,529.0,408.7,715.4,788.3
Virginia,2016-10-01,2016,10,4.0,435.1,3515.5,7.9,193.3,233.9,665.2,67.6,202.3,724.2,534.0,400.7,721.8,791.8000000000001
Virginia,2016-11-01,2016,11,4.0,434.5,3541.7,7.9,192.6,234.0,681.4,67.6,202.8,726.6,535.9,395.8,732.1,794.2
Virginia,2016-12-01,2016,12,4.0,432.6,3529.2,8.0,190.6,234.0,686.7,68.3,203.6,726.0,526.7,393.1,726.1,794.3
Virginia,2017-01-01,2017,1,4.0,423.6,3457.5,7.9,183.9,231.8,660.0,67.8,201.2,710.6,532.0,378.8,709.8,778.4
Virginia,2017-02-01,2017,2,3.9,425.8,3482.8,8.0,185.1,232.7,653.7,68.4,202.0,716.5,536.5,385.3,722.6,784.9
Virginia,2017-03-01,2017,3,3.8,429.2,3496.9,8.0,187.8,233.4,654.8,68.3,202.3,717.6,538.0,393.8,723.2,785.9
Virginia,2017-04-01,2017,4,3.7,434.1,3523.1,7.9,191.7,234.5,658.6,67.9,202.7,724.7,538.0,406.1,727.2,792.6
Virginia,2017-05-01,2017,5,3.7,436.4,3532.4,7.9,194.2,234.3,663.2,68.3,204.3,727.0,531.2,417.6,722.3,795.3
Virginia,2017-06-01,2017,6,3.6,441.0,3558.0,8.0,197.5,235.5,668.0,68.7,206.7,735.1,527.3,429.1,722.1,803.8000000000001
Virginia,2017-07-01,2017,7,3.5,441.2,3528.2,8.0,197.4,235.8,666.7,68.3,207.7,737.1,528.3,428.2,690.4,805.4
Virginia,2017-08-01,2017,8,3.5,441.7,3524.6,8.1,197.8,235.8,666.9,67.9,207.3,738.3,530.7,426.2,687.4,806.1999999999999
Virginia,2017-09-01,2017,9,3.5,440.4,3534.7,8.1,196.9,235.4,663.5,67.7,205.7,733.9,537.3,409.6,718.6,801.6
Virginia,2017-10-01,2017,10,3.5,441.6,3552.8,7.9,197.5,236.2,667.0,67.5,206.6,738.6,544.6,406.4,723.1,806.1
Virginia,2017-11-01,2017,11,3.4,440.7,3575.4,7.9,196.2,236.6,683.0,68.4,206.8,743.6,543.1,399.2,732.9,812.0
Virginia,2017-12-01,2017,12,3.4,440.9,3566.7,7.9,195.9,237.1,687.4,68.2,207.4,741.5,539.8,397.4,726.8,809.7
Virginia,2018-01-01,2018,1,3.4,431.6,3503.4,7.8,189.2,234.6,660.7,67.4,204.6,730.9,543.2,385.1,714.9,798.3
Virginia,2018-02-01,2018,2,3.3,435.1,3526.5,7.9,190.8,236.4,656.1,68.1,205.7,737.1,546.8,388.6,727.2,805.2
Virginia,2018-03-01,2018,3,3.2,438.5,3542.7,8.0,193.3,237.2,657.1,67.4,205.8,739.5,548.0,397.6,729.5,806.9
Virginia,2018-04-01,2018,4,3.1,442.5,3568.6,7.9,196.5,238.1,659.8,67.8,206.8,746.7,550.6,408.6,730.8,814.5
Virginia,2018-05-01,2018,5,2.9,446.1,3578.0,7.9,198.6,239.6,665.8,68.4,208.0,748.4,539.5,421.5,728.0,816.8
Virginia,2018-06-01,2018,6,2.8,451.7,3602.1,8.0,201.9,241.8,668.3,68.7,210.1,754.1,538.6,433.9,727.6,822.8000000000001
Virginia,2018-07-01,2018,7,2.8,453.6,3573.3,7.9,203.1,242.6,667.3,68.5,210.7,756.5,538.8,433.2,697.4,825.0
Virginia,2018-08-01,2018,8,2.8,453.4,3569.8,7.8,203.2,242.4,667.2,67.9,210.5,757.6,540.8,431.4,694.5,825.5
Virginia,2018-09-01,2018,9,2.8,450.8,3568.2,7.9,200.0,242.9,662.8,66.6,208.5,748.0,549.3,410.9,724.9,814.6
Virginia,2018-10-01,2018,10,2.9,452.7,3595.2,7.9,201.8,243.0,668.2,67.1,209.1,758.2,555.3,409.0,730.3,825.3000000000001
Virginia,2018-11-01,2018,11,3.0,452.9,3623.5,7.9,201.5,243.5,685.4,67.4,209.5,762.3,556.0,404.2,740.5,829.6999999999999
Virginia,2018-12-01,2018,12,3.0,451.8,3603.3,7.9,200.2,243.7,689.6,67.1,209.9,755.5,547.8,401.7,733.8,822.6
Virginia,2019-01-01,2019,1,3.1,445.5,3542.2,7.8,195.9,241.8,662.3,66.7,208.3,749.8,549.0,389.5,720.2,816.5
Virginia,2019-02-01,2019,2,3.0,446.5,3563.7,7.9,196.2,242.4,654.0,67.4,209.1,753.1,555.6,392.6,734.5,820.5
Virginia,2019-03-01,2019,3,2.9,450.2,3579.2,8.0,198.9,243.3,656.2,67.4,209.1,754.0,556.9,402.0,735.3,821.4
Virginia,2019-04-01,2019,4,2.8,453.7,3604.7,7.9,201.8,244.0,657.6,67.3,210.2,762.3,556.6,413.2,740.4,829.5999999999999
Virginia,2019-05-01,2019,5,2.7,456.7,3609.0,8.0,204.3,244.4,660.7,68.2,211.4,765.0,546.8,423.9,734.9,833.2
Virginia,2019-06-01,2019,6,2.5,459.9,3637.9,8.0,206.5,245.4,665.1,68.5,214.0,772.9,546.2,437.3,733.9,841.4
Virginia,2019-07-01,2019,7,2.5,459.1,3608.5,7.6,207.4,244.1,662.4,68.7,214.1,774.4,543.4,438.2,707.2,843.1
Virginia,2019-08-01,2019,8,2.5,459.0,3607.4,7.7,207.5,243.8,662.1,68.6,213.6,775.7,547.4,433.5,707.6,844.3000000000001
Virginia,2019-09-01,2019,9,2.6,455.5,3606.1,7.7,205.2,242.6,657.7,67.3,211.8,766.1,557.7,414.2,735.0,833.4
Virginia,2019-10-01,2019,10,2.7,457.9,3645.5,7.8,206.6,243.5,668.5,67.6,214.1,778.5,562.0,413.8,743.2,846.1
Virginia,2019-11-01,2019,11,2.7,456.9,3671.9,7.9,205.4,243.6,683.6,68.5,214.6,782.7,563.2,410.0,752.3,851.2
Virginia,2019-12-01,2019,12,2.7,455.7,3651.0,7.8,204.3,243.6,688.7,68.4,214.3,775.5,556.7,408.1,742.9,843.9
Virginia,2020-01-01,2020,1,2.8,450.4,3598.0,7.7,201.0,241.7,664.3,68.1,212.9,768.8,556.4,399.6,732.4,836.9
Virginia,2020-02-01,2020,2,2.9,451.1,3611.1,7.6,201.6,241.9,656.9,68.1,213.1,770.2,561.7,401.5,744.2,838.3000000000001
Virginia,2020-03-01,2020,3,3.2,452.5,3604.1,7.6,203.1,241.8,656.2,68.5,212.7,768.0,558.6,394.9,751.4,836.5
Virginia,2020-04-01,2020,4,11.9,426.7,3195.9,6.7,196.0,224.0,591.0,64.0,206.9,738.5,497.0,217.0,723.2,802.5
Virginia,2020-05-01,2020,5,10.0,428.5,3215.9,6.8,199.7,222.0,599.8,64.0,206.9,741.2,496.2,239.4,703.7,805.2
Virginia,2020-06-01,2020,6,8.9,437.7,3300.7,6.8,202.7,228.2,627.0,64.1,208.0,743.9,502.8,286.1,694.5,808.0
Virginia,2020-07-01,2020,7,8.3,441.4,3333.8,6.7,203.7,231.0,640.2,64.5,209.3,753.9,509.0,320.8,657.2,818.4
Virginia,2020-08-01,2020,8,7.3,444.0,3390.4,6.9,204.8,232.3,644.8,64.3,210.0,756.9,516.5,329.4,688.5,821.1999999999999
Virginia,2020-09-01,2020,9,6.7,444.4,3416.7,6.8,204.4,233.2,647.3,64.5,208.3,753.1,527.0,327.7,709.0,817.6
Virginia,2020-10-01,2020,10,5.9,448.6,3459.2,6.9,205.8,235.9,663.0,64.8,209.0,765.5,535.5,329.2,710.7,830.3
Virginia,2020-11-01,2020,11,5.3,449.5,3484.1,7.0,205.4,237.1,675.3,64.9,209.2,767.3,539.2,328.5,718.3,832.1999999999999
Virginia,2020-12-01,2020,12,5.0,451.0,3471.9,7.0,205.7,238.3,683.4,65.2,209.7,767.2,531.1,324.1,710.6,832.4000000000001
Virginia,2021-01-01,2021,1,4.8,443.2,3421.1,6.9,200.7,235.6,663.3,64.8,207.8,760.4,532.9,315.7,696.7,825.1999999999999
Virginia,2021-02-01,2021,2,4.7,443.9,3434.0,6.9,200.4,236.6,654.3,65.0,209.0,763.7,537.1,317.3,708.1,828.7
Virginia,2021-03-01,2021,3,4.6,446.7,3454.6,6.9,202.7,237.1,656.7,65.4,209.1,767.0,537.8,325.8,712.2,832.4
Virginia,2021-04-01,2021,4,4.4,449.5,3479.2,6.9,206.7,235.9,653.3,65.7,210.3,773.3,541.2,336.2,716.5,839.0
Virginia,2021-05-01,2021,5,4.2,451.4,3488.8,6.9,208.3,236.2,658.4,66.3,210.7,775.8,531.3,352.3,710.4,842.0999999999999
Virginia,2021-06-01,2021,6,4.0,450.5,3515.2,6.9,209.1,234.5,663.4,66.8,211.8,777.7,526.5,373.7,709.7,844.5
Virginia,2021-07-01,2021,7,3.8,455.2,3522.0,7.0,210.5,237.7,667.9,67.8,213.0,785.6,532.9,390.3,676.7,853.4
Virginia,2021-08-01,2021,8,3.5,454.1,3532.5,7.0,209.3,237.8,665.2,67.6,212.9,785.8,534.8,388.6,690.4,853.4
Virginia,2021-09-01,2021,9,3.3,451.1,3526.9,6.9,207.1,237.1,659.2,66.9,211.0,780.2,537.7,372.5,714.3,847.1
Virginia,2021-10-01,2021,10,3.1,455.0,3575.2,7.0,209.4,238.6,675.2,67.7,212.9,794.2,549.0,369.7,719.3,861.9000000000001
Virginia,2021-11-01,2021,11,2.9,455.8,3602.9,7.1,208.7,240.0,691.4,68.0,213.5,798.7,551.3,368.4,724.1,866.7
Virginia,2021-12-01,2021,12,2.8,455.9,3596.1,7.0,207.9,241.0,700.1,68.4,213.9,794.5,540.7,369.2,721.8,862.9
Virginia,2022-01-01,2022,1,2.7,446.2,3521.0,6.9,201.0,238.3,669.5,68.2,212.1,783.6,543.0,354.6,704.1,851.8000000000001
Virginia,2022-02-01,2022,2,2.6,451.4,3564.0,7.0,203.3,241.1,670.3,68.6,213.4,791.9,550.1,363.2,719.1,860.5
Virginia,2022-03-01,2022,3,2.6,455.6,3571.5,7.1,205.4,243.1,670.4,68.9,213.7,790.3,548.4,371.0,720.9,859.1999999999999
Virginia,2022-04-01,2022,4,2.6,460.1,3617.3,7.1,209.3,243.7,672.4,69.1,215.6,802.3,559.9,384.3,723.3,871.4
Virginia,2022-05-01,2022,5,2.5,461.2,3618.9,7.1,209.9,244.2,674.6,69.4,216.6,802.8,550.7,395.9,717.4,872.1999999999999
Virginia,2022-06-01,2022,6,2.6,464.6,3632.3,7.1,211.7,245.8,676.1,69.8,217.7,805.7,546.4,410.6,712.7,875.5
Virginia,2022-07-01,2022,7,2.6,467.4,3630.2,7.2,213.8,246.4,681.2,71.0,219.9,815.3,548.3,417.9,681.6,886.3
Virginia,2022-08-01,2022,8,2.7,467.0,3647.6,7.2,213.6,246.2,681.2,70.8,220.0,815.7,553.6,415.5,696.4,886.5
Virginia,2022-09-01,2022,9,2.8,467.1,3654.3,7.3,213.5,246.3,677.6,70.1,219.0,808.4,563.9,397.6,725.0,878.5
Virginia,2022-10-01,2022,10,2.9,468.2,3674.9,7.2,214.5,246.5,687.0,70.1,219.8,812.5,569.6,392.4,729.5,882.6
Virginia,2022-11-01,2022,11,2.9,467.7,3706.1,7.3,213.9,246.5,700.9,70.8,219.8,814.7,572.8,392.2,740.6,885.5
Virginia,2022-12-01,2022,12,2.9,466.6,3686.7,7.3,213.2,246.1,707.8,70.5,219.8,807.8,564.4,391.5,730.2,878.3
Virginia,2023-01-01,2023,1,2.9,461.7,3643.2,7.3,209.6,244.8,683.6,70.6,218.9,802.5,572.2,384.4,716.5,873.1
Virginia,2023-02-01,2023,2,2.8,463.6,3674.0,7.3,210.3,246.0,678.1,70.6,219.3,806.9,579.0,389.6,735.1,877.5
Virginia,2023-03-01,2023,3,2.7,464.9,3681.9,7.3,212.2,245.4,678.3,70.5,219.6,804.5,579.1,396.0,737.5,875.0
Virginia,2023-04-01,2023,4,2.6,465.2,3704.2,7.3,213.1,244.8,678.2,70.4,220.0,810.3,581.3,406.7,739.2,880.6999999999999
Virginia,2023-05-01,2023,5,2.6,466.9,3711.0,7.3,214.2,245.4,681.5,70.5,221.0,810.6,574.2,419.7,733.9,881.1
Virginia,2023-06-01,2023,6,2.5,470.3,3738.3,7.3,216.2,246.8,685.9,70.6,223.5,815.9,572.2,434.8,732.9,886.5
Virginia,2023-07-01,2023,7,2.6,470.6,3713.2,7.4,216.8,246.4,687.2,70.5,224.6,815.7,575.2,435.8,701.3,886.2
Virginia,2023-08-01,2023,8,2.6,470.8,3725.9,7.4,217.3,246.1,686.0,70.2,224.5,815.0,580.1,433.8,714.2,885.2
Virginia,2023-09-01,2023,9,2.7,470.9,3732.5,7.4,217.5,246.0,682.3,69.4,222.1,808.4,591.1,415.0,743.3,877.8
Virginia,2023-10-01,2023,10,2.8,469.6,3754.3,7.4,217.9,244.3,690.0,69.5,221.9,812.4,598.1,410.2,750.3,881.9
Virginia,2023-11-01,2023,11,2.8,469.7,3777.6,7.4,217.7,244.6,704.4,69.8,221.5,813.6,599.2,408.0,759.2,883.4
Virginia,2023-12-01,2023,12,2.8,468.8,3763.3,7.4,216.6,244.8,709.2,69.8,221.5,808.5,593.5,406.0,752.4,878.3
Virginia,2024-01-01,2024,1,2.8,461.9,3707.2,7.3,211.1,243.5,685.9,69.3,218.6,797.7,597.7,394.1,742.7,867.0
Virginia,2024-02-01,2024,2,2.8,464.4,3733.3,7.3,212.8,244.3,681.4,69.1,219.5,802.4,602.6,396.8,759.3,871.5
Virginia,2024-03-01,2024,3,2.8,465.9,3756.8,7.2,214.9,243.8,681.7,69.3,219.3,804.3,604.8,405.4,768.6,873.5999999999999
Virginia,2024-04-01,2024,4,2.8,468.2,3771.1,7.3,217.1,243.8,683.2,69.4,220.1,810.8,607.8,415.6,760.6,880.1999999999999
Virginia,2024-05-01,2024,5,2.8,469.9,3774.0,7.4,218.4,244.1,687.1,69.7,220.4,811.8,596.8,428.0,756.2,881.5
Virginia,2024-06-01,2024,6,2.9,474.1,3797.6,7.3,221.3,245.5,690.0,70.1,222.3,816.4,596.6,440.0,756.1,886.5
Virginia,2024-07-01,2024,7,2.9,474.9,3768.7,7.4,223.0,244.5,693.4,70.2,222.7,820.8,598.8,438.8,717.9,891.0
Virginia,2024-08-01,2024,8,3.0,474.1,3773.8,7.4,222.8,243.9,692.0,69.9,222.5,820.1,603.1,434.0,727.3,890.0
Virginia,2024-09-01,2024,9,3.0,473.1,3789.3,7.4,222.0,243.7,690.1,69.1,220.6,814.3,615.1,416.7,760.5,883.4
Virginia,2024-10-01,2024,10,3.1,472.2,3810.7,7.3,222.7,242.2,696.8,68.7,220.9,819.1,618.4,413.3,770.2,887.8000000000001
Virginia,2024-11-01,2024,11,3.1,472.7,3831.1,7.2,222.9,242.6,706.9,68.9,221.4,820.0,621.7,409.9,779.5,888.9
Virginia,2024-12-01,2024,12,3.1,472.4,3814.7,7.3,222.6,242.5,712.0,68.9,220.9,812.4,614.8,410.4,773.6,881.3
Virginia,2025-01-01,2025,1,3.2,463.4,3764.2,7.0,217.3,239.1,692.7,68.8,220.2,806.4,619.0,396.7,759.7,875.1999999999999
Virginia,2025-02-01,2025,2,3.2,467.3,3781.5,7.0,220.8,239.5,688.0,68.4,221.1,809.1,621.5,399.2,773.8,877.5
Virginia,2025-03-01,2025,3,3.3,470.7,3791.9,7.0,224.2,239.5,688.7,68.2,221.0,806.9,624.8,407.7,773.5,875.1
Virginia,2025-04-01,2025,4,3.3,475.1,3813.5,6.9,227.8,240.4,687.6,68.3,221.8,812.4,628.2,417.9,774.9,880.6999999999999
Virginia,2025-05-01,2025,5,3.3,477.5,3818.1,6.8,230.4,240.3,690.8,68.5,222.6,811.6,619.3,433.9,767.5,880.1
Virginia,2025-06-01,2025,6,3.2,479.8,3830.1,6.8,233.9,239.1,693.6,69.3,224.8,811.6,618.1,443.6,763.5,880.9
Virginia,2025-07-01,2025,7,3.3,478.8,3794.4,6.8,233.8,238.2,691.1,69.3,225.8,812.5,614.2,442.5,733.2,881.8
Virginia,2025-08-01,2025,8,3.3,477.1,3795.1,6.9,234.5,235.7,689.9,69.0,225.3,809.2,619.2,439.9,738.3,878.2
Virginia,2025-09-01,2025,9,3.4,475.0,3798.2,6.9,233.4,234.7,686.6,67.8,223.4,801.0,627.4,421.2,768.2,868.8
Virginia,2025-10-01,2025,10,,469.9,3805.6,6.9,229.4,233.6,694.6,67.4,224.2,802.8,631.2,417.1,767.2,870.1999999999999
Virginia,2025-11-01,2025,11,3.6,467.2,3831.0,6.8,227.3,233.1,704.9,67.8,224.0,806.9,633.5,413.4,779.3,874.6999999999999
Virginia,2025-12-01,2025,12,3.6,464.3,3804.2,6.7,224.6,233.0,710.8,68.0,223.6,801.0,625.9,408.1,766.2,869.0
Virginia,2026-01-01,2026,1,3.7,456.7,3738.3,6.6,221.4,228.7,689.9,66.3,220.7,786.2,629.8,399.6,746.4,852.5
Virginia,2026-02-01,2026,2,3.7,454.0,3745.8,6.6,220.0,227.4,682.3,65.1,221.1,783.8,631.2,398.2,765.3,848.9
Washington,2016-01-01,2016,1,5.4,467.1,2685.9,6.1,171.8,289.2,568.3,116.8,147.8,406.7,455.6,304.4,572.1,523.5
Washington,2016-02-01,2016,2,5.4,470.7,2701.4,6.2,174.7,289.8,566.3,117.8,148.0,409.4,461.3,307.3,576.5,527.1999999999999
Washington,2016-03-01,2016,3,5.3,473.1,2717.1,6.0,177.6,289.5,569.4,118.3,148.5,412.9,462.7,311.4,578.2,531.1999999999999
Washington,2016-04-01,2016,4,5.3,478.7,2744.8,6.1,182.3,290.3,574.9,119.0,149.4,417.5,465.3,319.6,581.8,536.5
Washington,2016-05-01,2016,5,5.3,482.9,2766.2,6.3,185.4,291.2,579.7,119.8,150.4,420.5,465.7,325.4,586.3,540.3
Washington,2016-06-01,2016,6,5.3,487.8,2777.5,6.4,188.5,292.9,586.7,122.5,151.5,425.0,462.4,332.3,577.6,547.5
Washington,2016-07-01,2016,7,5.2,494.3,2766.3,6.5,193.0,294.8,589.3,123.8,153.4,428.0,455.6,336.7,560.0,551.8
Washington,2016-08-01,2016,8,5.2,495.1,2760.2,6.5,195.1,293.5,590.6,124.6,153.7,430.0,457.2,338.3,546.0,554.6
Washington,2016-09-01,2016,9,5.1,494.4,2787.1,6.5,195.4,292.5,588.9,124.0,153.0,432.9,464.7,336.9,568.3,556.9
Washington,2016-10-01,2016,10,5.0,488.5,2790.6,6.4,193.1,289.0,590.5,122.7,151.9,428.7,468.6,324.1,586.5,551.4
Washington,2016-11-01,2016,11,4.9,484.5,2806.0,6.2,191.9,286.4,600.8,123.5,151.8,430.3,471.0,320.3,590.6,553.8
Washington,2016-12-01,2016,12,4.9,481.5,2805.3,6.1,190.4,285.0,604.6,123.6,152.3,428.9,472.0,322.3,583.7,552.5
Washington,2017-01-01,2017,1,4.8,473.6,2760.4,5.9,184.8,282.9,584.4,123.0,150.9,423.6,465.8,314.1,582.2,546.6
Washington,2017-02-01,2017,2,4.7,476.6,2774.4,6.0,187.7,282.9,580.1,123.5,151.8,426.7,472.1,315.9,587.0,550.2
Washington,2017-03-01,2017,3,4.7,481.3,2795.2,5.9,192.2,283.2,583.1,124.0,152.4,431.7,474.1,321.3,590.2,555.7
Washington,2017-04-01,2017,4,4.6,485.1,2814.3,6.0,195.1,284.0,585.8,123.7,152.1,436.4,474.5,328.9,593.8,560.1
Washington,2017-05-01,2017,5,4.6,489.6,2840.6,6.2,199.4,284.0,590.4,124.9,153.8,441.8,475.8,335.5,598.0,566.7
Washington,2017-06-01,2017,6,4.6,498.2,2856.9,6.4,204.3,287.5,595.6,127.3,155.1,448.0,473.4,344.2,591.1,575.3
Washington,2017-07-01,2017,7,4.6,498.8,2842.1,6.4,205.3,287.1,598.5,128.3,155.7,450.9,467.5,344.6,574.8,579.2
Washington,2017-08-01,2017,8,4.6,500.2,2830.9,6.4,207.5,286.3,599.7,129.2,156.4,453.5,470.0,345.1,555.4,582.7
Washington,2017-09-01,2017,9,4.7,500.4,2850.3,6.4,208.1,285.9,598.5,128.6,155.9,453.5,477.4,341.2,575.1,582.1
Washington,2017-10-01,2017,10,4.7,495.5,2858.1,6.3,206.0,283.2,597.9,127.4,154.3,449.8,483.3,330.0,595.5,577.2
Washington,2017-11-01,2017,11,4.6,492.0,2871.2,6.2,204.1,281.7,609.3,127.6,154.7,449.1,486.3,327.0,597.8,576.7
Washington,2017-12-01,2017,12,4.6,490.7,2870.9,6.3,202.7,281.7,612.3,128.1,154.9,448.9,486.6,330.4,589.9,577.0
Washington,2018-01-01,2018,1,4.6,484.7,2840.5,6.1,198.8,279.8,597.4,127.6,155.0,443.5,483.0,324.9,590.6,571.1
Washington,2018-02-01,2018,2,4.5,489.3,2850.8,6.1,201.6,281.6,591.2,128.7,155.6,447.0,489.6,326.3,593.2,575.7
Washington,2018-03-01,2018,3,4.5,495.0,2869.3,6.1,205.7,283.2,593.6,129.4,156.4,451.8,491.6,331.3,595.1,581.2
Washington,2018-04-01,2018,4,4.4,498.2,2878.8,6.2,208.6,283.4,592.7,130.4,156.4,452.0,490.5,338.3,598.0,582.4
Washington,2018-05-01,2018,5,4.3,505.2,2902.7,6.3,212.9,286.0,597.7,131.5,157.9,455.3,491.3,346.0,600.7,586.8
Washington,2018-06-01,2018,6,4.3,511.8,2916.0,6.5,216.5,288.8,603.2,135.6,159.2,461.0,486.9,353.4,592.7,596.6
Washington,2018-07-01,2018,7,4.2,516.5,2897.1,6.5,218.1,291.9,604.8,137.4,159.7,461.8,481.7,354.1,572.8,599.2
Washington,2018-08-01,2018,8,4.2,519.6,2895.5,6.5,221.6,291.5,607.4,138.6,160.0,466.3,483.7,356.4,557.9,604.9
Washington,2018-09-01,2018,9,4.3,518.6,2906.3,6.4,220.0,292.2,604.6,138.1,158.9,465.0,489.6,351.0,575.4,603.1
Washington,2018-10-01,2018,10,4.4,517.6,2917.1,6.3,219.6,291.7,603.8,137.2,157.8,463.3,497.1,341.6,593.5,600.5
Washington,2018-11-01,2018,11,4.5,515.8,2926.5,6.2,218.1,291.5,613.5,138.0,158.5,463.8,499.3,338.0,592.7,601.8
Washington,2018-12-01,2018,12,4.6,513.4,2920.3,6.2,216.0,291.2,614.0,138.2,157.4,462.7,498.8,341.1,585.0,600.9
Washington,2019-01-01,2019,1,4.7,505.2,2890.2,6.0,209.5,289.7,600.2,138.4,157.1,454.9,494.9,332.4,587.4,593.3
Washington,2019-02-01,2019,2,4.6,498.7,2882.3,5.9,203.2,289.6,591.2,139.4,157.5,454.1,497.7,329.5,588.5,593.5
Washington,2019-03-01,2019,3,4.6,510.2,2910.9,5.8,212.8,291.6,594.7,140.7,158.1,460.0,502.6,337.2,590.9,600.7
Washington,2019-04-01,2019,4,4.4,513.9,2933.6,5.8,216.9,291.2,595.7,140.5,158.7,467.7,503.4,345.5,593.9,608.2
Washington,2019-05-01,2019,5,4.3,521.1,2956.4,6.0,221.4,293.7,599.4,142.0,160.3,471.2,503.9,351.6,598.2,613.2
Washington,2019-06-01,2019,6,4.2,526.4,2971.0,6.0,224.1,296.3,602.5,146.1,161.5,476.9,498.6,359.1,595.3,623.0
Washington,2019-07-01,2019,7,4.1,529.8,2961.3,6.1,225.7,298.0,605.2,148.3,162.6,481.9,495.9,360.8,575.4,630.2
Washington,2019-08-01,2019,8,4.0,531.7,2958.8,5.9,228.2,297.6,605.9,149.5,163.0,486.2,497.5,362.6,562.8,635.7
Washington,2019-09-01,2019,9,3.9,529.2,2964.4,5.9,226.3,297.0,603.3,148.1,162.2,484.6,502.8,356.8,577.2,632.7
Washington,2019-10-01,2019,10,3.9,524.3,2973.6,5.8,224.0,294.5,603.3,146.0,161.2,484.1,508.7,346.6,593.8,630.1
Washington,2019-11-01,2019,11,3.8,520.9,2985.2,5.7,222.5,292.7,613.7,147.2,161.3,483.5,510.8,342.7,596.0,630.7
Washington,2019-12-01,2019,12,3.7,517.7,2990.6,5.7,219.7,292.3,618.0,148.1,161.7,485.1,511.4,344.6,590.8,633.2
Washington,2020-01-01,2020,1,3.6,507.8,2955.9,5.5,212.6,289.7,599.2,147.4,161.2,478.3,506.8,337.2,595.6,625.7
Washington,2020-02-01,2020,2,3.8,512.1,2964.4,5.5,216.1,290.5,594.4,148.2,161.6,481.1,511.8,338.0,598.3,629.3
Washington,2020-03-01,2020,3,6.0,512.0,2957.3,5.5,218.8,287.7,594.8,148.9,161.6,482.0,509.8,330.8,598.9,630.9
Washington,2020-04-01,2020,4,17.1,457.8,2634.1,5.2,184.2,268.4,534.8,146.1,155.7,454.6,465.6,200.5,569.4,600.7
Washington,2020-05-01,2020,5,13.6,475.2,2622.8,5.5,203.3,266.4,538.5,146.7,155.4,454.5,465.5,206.7,549.5,601.2
Washington,2020-06-01,2020,6,11.7,491.1,2704.4,5.6,212.6,272.9,563.7,147.9,156.3,463.5,476.4,233.4,552.5,611.4
Washington,2020-07-01,2020,7,10.5,493.6,2736.0,5.7,217.7,270.2,576.5,148.6,157.4,468.4,478.3,250.8,542.2,617.0
Washington,2020-08-01,2020,8,9.0,493.7,2758.5,5.7,220.8,267.2,582.7,150.2,158.3,472.9,478.5,254.9,546.6,623.0999999999999
Washington,2020-09-01,2020,9,8.2,492.6,2782.2,5.7,221.1,265.8,584.5,151.1,158.3,476.7,489.6,257.7,550.6,627.8
Washington,2020-10-01,2020,10,7.3,490.3,2790.3,5.8,221.6,262.9,589.8,150.6,158.5,481.8,493.8,253.9,548.9,632.4
Washington,2020-11-01,2020,11,6.9,485.2,2804.5,5.7,219.2,260.3,600.8,150.9,158.8,484.1,497.0,252.4,548.2,635.0
Washington,2020-12-01,2020,12,6.7,482.9,2781.9,5.7,218.2,259.0,606.0,150.9,158.7,487.3,497.5,225.6,544.8,638.2
Washington,2021-01-01,2021,1,6.4,473.4,2743.9,5.5,211.4,256.5,592.6,150.5,157.2,475.5,492.6,218.8,548.0,626.0
Washington,2021-02-01,2021,2,6.2,474.1,2773.0,5.5,212.9,255.7,589.5,151.6,157.7,479.1,498.6,236.5,550.9,630.7
Washington,2021-03-01,2021,3,5.9,480.1,2806.0,5.5,217.8,256.8,592.6,152.3,158.8,483.8,501.7,251.2,555.7,636.1
Washington,2021-04-01,2021,4,5.7,484.3,2840.8,5.7,222.0,256.6,595.8,152.9,159.0,485.5,502.9,269.1,564.3,638.4
Washington,2021-05-01,2021,5,5.5,488.1,2864.0,5.7,224.4,258.0,600.4,154.3,160.0,488.4,502.8,279.5,566.0,642.7
Washington,2021-06-01,2021,6,5.3,491.9,2890.2,5.8,226.5,259.6,605.1,156.7,161.1,492.2,501.3,292.3,566.7,648.9
Washington,2021-07-01,2021,7,5.1,496.9,2903.7,5.9,228.7,262.3,608.2,158.1,162.4,498.4,496.8,308.3,555.4,656.5
Washington,2021-08-01,2021,8,4.9,496.7,2909.9,5.8,229.1,261.8,608.8,159.6,162.7,502.6,497.1,314.4,548.2,662.2
Washington,2021-09-01,2021,9,4.7,497.8,2928.5,5.8,229.2,262.8,609.3,161.4,162.1,505.4,503.1,310.3,561.4,666.8
Washington,2021-10-01,2021,10,4.4,499.0,2958.5,5.8,230.3,262.9,618.9,162.0,163.3,512.9,510.2,307.2,567.4,674.9
Washington,2021-11-01,2021,11,4.2,497.2,2971.7,5.7,228.2,263.3,627.5,163.1,164.0,514.7,510.5,305.5,569.5,677.8000000000001
Washington,2021-12-01,2021,12,4.0,494.9,2975.0,5.6,225.9,263.4,631.4,163.8,163.9,516.4,510.3,308.0,564.7,680.2
Washington,2022-01-01,2022,1,4.0,482.9,2927.2,5.4,216.9,260.6,600.4,163.2,163.1,522.8,503.2,300.9,558.2,686.0
Washington,2022-02-01,2022,2,3.9,491.7,2962.3,5.4,222.8,263.5,604.8,164.7,164.4,532.0,510.4,306.7,562.5,696.7
Washington,2022-03-01,2022,3,3.9,495.6,2983.1,5.4,225.8,264.4,605.1,165.8,165.4,536.7,513.8,313.7,564.5,702.5
Washington,2022-04-01,2022,4,3.9,498.7,3001.1,5.4,228.2,265.1,606.1,167.1,164.4,541.6,515.8,321.3,566.2,708.7
Washington,2022-05-01,2022,5,3.9,503.0,3017.5,5.5,231.2,266.3,608.2,169.5,165.0,544.2,514.7,327.4,569.0,713.7
Washington,2022-06-01,2022,6,4.0,508.8,3031.4,5.5,235.2,268.1,608.5,173.9,165.5,548.5,512.0,335.6,566.3,722.4
Washington,2022-07-01,2022,7,4.0,516.9,3042.8,5.6,238.5,272.8,615.1,176.5,166.8,551.9,507.9,341.7,560.8,728.4
Washington,2022-08-01,2022,8,4.1,519.0,3045.9,5.6,239.8,273.6,615.7,177.7,166.6,554.0,510.9,345.2,553.9,731.7
Washington,2022-09-01,2022,9,4.2,519.8,3048.4,5.6,240.0,274.2,613.4,176.2,165.4,552.0,517.4,339.1,563.9,728.2
Washington,2022-10-01,2022,10,4.2,515.9,3054.7,5.5,237.8,272.6,615.3,174.3,164.8,551.8,521.9,330.5,575.5,726.0999999999999
Washington,2022-11-01,2022,11,4.2,511.6,3060.1,5.5,233.7,272.4,623.0,174.5,164.5,550.7,523.4,328.6,575.4,725.2
Washington,2022-12-01,2022,12,4.2,507.4,3058.9,5.4,230.6,271.4,625.6,174.4,163.8,547.6,522.8,330.1,574.6,722.0
Washington,2023-01-01,2023,1,4.1,497.3,3033.3,5.2,222.8,269.3,620.4,172.7,163.1,539.9,520.2,323.2,575.0,712.5999999999999
Washington,2023-02-01,2023,2,4.1,499.5,3047.2,5.2,224.7,269.6,617.5,172.5,163.1,541.2,527.3,325.6,580.4,713.7
Washington,2023-03-01,2023,3,4.0,503.8,3059.0,5.2,227.9,270.7,618.3,172.0,163.7,541.1,528.6,332.0,582.6,713.1
Washington,2023-04-01,2023,4,4.0,505.4,3074.5,5.2,229.6,270.6,618.1,169.6,163.4,541.7,529.8,338.4,592.1,711.3000000000001
Washington,2023-05-01,2023,5,4.0,510.4,3093.8,5.3,232.1,273.0,622.1,169.0,164.2,542.7,530.9,345.3,597.0,711.7
Washington,2023-06-01,2023,6,4.0,516.8,3117.2,5.4,234.8,276.6,627.5,170.0,165.9,547.9,527.5,355.9,598.5,717.9
Washington,2023-07-01,2023,7,4.1,516.2,3089.8,5.7,233.6,276.9,625.6,169.5,165.6,547.2,521.9,356.6,580.2,716.7
Washington,2023-08-01,2023,8,4.2,517.8,3081.9,5.6,234.5,277.7,625.2,168.4,165.6,546.7,523.9,358.1,570.6,715.1
Washington,2023-09-01,2023,9,4.4,516.5,3091.6,5.6,232.2,278.7,624.7,166.5,164.6,546.0,535.0,352.4,580.8,712.5
Washington,2023-10-01,2023,10,4.5,510.1,3090.6,5.5,228.4,276.2,625.6,163.8,163.3,543.6,538.5,339.7,595.0,707.4000000000001
Washington,2023-11-01,2023,11,4.6,506.1,3100.5,5.4,225.5,275.2,632.8,163.2,162.8,544.6,541.5,337.3,597.5,707.8
Washington,2023-12-01,2023,12,4.6,503.4,3105.0,5.3,223.2,274.9,634.6,163.6,163.2,542.7,541.9,339.4,598.9,706.3000000000001
Washington,2024-01-01,2024,1,4.6,490.9,3055.5,5.1,212.5,273.3,617.1,161.9,160.7,532.1,535.4,326.9,602.1,694.0
Washington,2024-02-01,2024,2,4.6,493.5,3075.0,5.0,214.7,273.8,613.4,161.9,161.2,533.6,544.1,328.1,612.7,695.5
Washington,2024-03-01,2024,3,4.6,497.5,3094.8,5.1,218.0,274.4,615.8,162.4,161.7,535.5,547.1,335.5,616.5,697.9
Washington,2024-04-01,2024,4,4.6,500.5,3103.1,5.2,220.6,274.7,615.5,162.1,160.8,536.7,547.9,340.8,618.3,698.8000000000001
Washington,2024-05-01,2024,5,4.6,504.7,3128.1,5.3,223.0,276.4,618.6,162.7,161.6,540.7,549.2,349.7,623.5,703.4000000000001
Washington,2024-06-01,2024,6,4.6,509.5,3141.2,5.3,225.2,279.0,622.2,164.9,163.0,544.3,545.6,356.1,621.4,709.1999999999999
Washington,2024-07-01,2024,7,4.5,512.5,3125.1,5.3,226.5,280.7,622.4,165.6,163.4,546.4,539.1,359.0,605.2,712.0
Washington,2024-08-01,2024,8,4.5,513.5,3118.3,5.3,228.4,279.8,622.4,166.2,163.3,547.9,540.9,360.5,593.4,714.0999999999999
Washington,2024-09-01,2024,9,4.4,512.6,3136.9,5.3,226.4,280.9,624.3,165.5,163.3,547.8,553.9,354.5,605.0,713.3
Washington,2024-10-01,2024,10,4.4,476.3,3128.9,5.2,223.5,247.6,622.9,163.2,161.6,542.9,555.3,341.5,619.6,706.0999999999999
Washington,2024-11-01,2024,11,4.3,499.9,3137.4,5.1,220.0,274.8,628.2,163.5,161.5,541.2,558.4,338.0,624.9,704.7
Washington,2024-12-01,2024,12,4.3,497.5,3146.0,5.0,218.3,274.2,633.2,164.4,161.6,541.2,560.8,340.4,622.3,705.6
Washington,2025-01-01,2025,1,4.4,488.1,3101.0,4.9,211.2,272.0,617.8,162.5,160.8,531.4,557.0,330.0,620.6,693.9
Washington,2025-02-01,2025,2,4.4,488.4,3105.0,4.9,210.6,272.9,614.3,162.4,160.9,531.6,561.8,329.3,623.2,694.0
Washington,2025-03-01,2025,3,4.5,490.2,3117.2,4.9,214.6,270.7,614.9,162.7,161.3,533.4,562.7,334.7,625.1,696.0999999999999
Washington,2025-04-01,2025,4,4.5,494.1,3136.0,5.0,218.9,270.2,617.2,162.0,161.7,536.9,566.7,340.9,626.7,698.9
Washington,2025-05-01,2025,5,4.5,497.6,3164.6,5.1,222.0,270.5,621.8,162.4,162.7,543.0,568.3,351.0,630.3,705.4
Washington,2025-06-01,2025,6,4.5,500.9,3175.9,5.2,223.2,272.5,624.0,164.5,163.9,544.9,564.9,358.2,628.8,709.4
Washington,2025-07-01,2025,7,4.6,502.0,3149.7,5.2,223.1,273.7,624.0,164.8,163.8,547.4,557.6,357.5,607.7,712.2
Washington,2025-08-01,2025,8,4.6,501.3,3138.2,5.2,224.3,271.8,623.4,164.1,163.5,549.0,555.7,361.2,594.8,713.1
Washington,2025-09-01,2025,9,4.7,499.2,3144.5,5.1,222.4,271.7,622.9,164.8,162.6,547.6,564.2,351.9,605.6,712.4000000000001
Washington,2025-10-01,2025,10,,496.5,3143.3,5.1,220.6,270.8,625.1,164.4,161.6,546.5,571.0,336.5,614.0,710.9
Washington,2025-11-01,2025,11,4.9,485.5,3151.8,5.1,212.5,267.9,630.8,164.4,161.1,545.0,573.6,335.5,617.8,709.4
Washington,2025-12-01,2025,12,4.9,483.6,3159.6,5.0,210.2,268.4,637.0,165.6,162.0,541.3,575.3,339.8,615.4,706.9
Washington,2026-01-01,2026,1,5.0,479.1,3113.6,5.0,207.1,267.0,620.6,164.4,158.9,533.4,571.4,330.8,612.9,697.8
Washington,2026-02-01,2026,2,5.1,484.3,3118.2,5.0,209.6,269.7,615.3,164.0,158.5,539.5,571.0,331.4,616.7,703.5
West Virginia,2016-01-01,2016,1,6.3,95.9,607.2,21.7,27.1,47.1,132.7,9.6,23.9,64.4,125.7,71.8,154.7,74.0
West Virginia,2016-02-01,2016,2,6.3,94.3,606.5,21.4,26.2,46.7,131.4,9.6,23.9,64.7,125.6,71.6,155.3,74.3
West Virginia,2016-03-01,2016,3,6.3,96.7,612.6,21.2,28.7,46.8,132.0,9.6,24.1,65.2,126.3,72.9,157.8,74.8
West Virginia,2016-04-01,2016,4,6.2,98.4,616.0,20.8,30.7,46.9,133.1,9.5,23.8,65.9,127.2,74.0,157.9,75.4
West Virginia,2016-05-01,2016,5,6.2,97.3,626.8,19.9,30.4,47.0,133.1,9.4,23.9,65.2,127.4,75.7,167.5,74.60000000000001
West Virginia,2016-06-01,2016,6,6.1,97.9,609.5,19.8,30.9,47.2,132.6,9.5,23.8,65.5,123.8,76.9,152.7,75.0
West Virginia,2016-07-01,2016,7,6.1,98.3,603.2,19.5,31.5,47.3,132.6,9.5,23.9,66.8,122.8,76.7,146.3,76.3
West Virginia,2016-08-01,2016,8,6.1,98.2,605.7,19.6,31.7,46.9,132.7,9.5,23.8,66.5,123.9,76.8,147.9,76.0
West Virginia,2016-09-01,2016,9,6.0,98.5,615.9,19.6,32.0,46.9,133.3,9.5,23.7,66.0,128.2,75.8,154.9,75.5
West Virginia,2016-10-01,2016,10,5.9,98.4,618.3,20.0,31.7,46.7,133.9,9.5,23.6,66.6,128.0,74.7,157.5,76.1
West Virginia,2016-11-01,2016,11,5.8,97.6,630.7,20.2,30.7,46.7,137.8,9.6,23.6,66.4,128.5,73.3,167.1,76.0
West Virginia,2016-12-01,2016,12,5.6,96.4,619.5,20.5,29.0,46.9,138.3,9.5,23.7,65.6,128.5,72.5,157.0,75.1
West Virginia,2017-01-01,2017,1,5.4,93.1,604.3,20.5,26.2,46.4,130.9,9.2,23.2,64.8,127.0,70.3,154.6,74.0
West Virginia,2017-02-01,2017,2,5.2,93.7,605.2,20.9,26.2,46.6,129.0,8.9,23.3,65.4,127.4,71.0,155.9,74.30000000000001
West Virginia,2017-03-01,2017,3,5.1,95.6,609.7,21.2,27.7,46.7,129.1,8.9,23.4,65.9,127.6,72.3,158.1,74.80000000000001
West Virginia,2017-04-01,2017,4,5.1,98.1,610.2,21.4,29.9,46.8,129.2,8.7,23.5,66.2,127.7,73.7,156.7,74.9
West Virginia,2017-05-01,2017,5,5.0,99.6,613.4,21.6,31.2,46.8,129.8,8.7,23.7,66.6,127.6,75.6,156.7,75.3
West Virginia,2017-06-01,2017,6,5.1,101.9,608.4,22.0,32.8,47.1,130.3,8.6,23.7,67.2,126.0,77.2,150.4,75.8
West Virginia,2017-07-01,2017,7,5.1,102.4,602.0,22.2,33.2,47.0,129.9,8.6,23.5,67.3,125.8,77.1,145.0,75.89999999999999
West Virginia,2017-08-01,2017,8,5.2,102.6,604.6,22.1,33.7,46.8,130.1,8.4,23.5,67.5,127.0,77.2,146.1,75.9
West Virginia,2017-09-01,2017,9,5.2,104.1,612.5,22.2,35.1,46.8,131.0,8.4,23.4,67.5,128.3,75.6,153.6,75.9
West Virginia,2017-10-01,2017,10,5.3,104.4,616.8,22.6,35.1,46.7,133.1,8.4,23.4,67.6,128.9,74.9,155.9,76.0
West Virginia,2017-11-01,2017,11,5.3,103.5,617.9,22.6,34.2,46.7,136.6,8.3,22.9,67.9,129.0,73.5,155.3,76.2
West Virginia,2017-12-01,2017,12,5.4,102.2,615.6,22.5,32.8,46.9,135.5,8.3,23.4,67.5,128.8,73.1,154.7,75.8
West Virginia,2018-01-01,2018,1,5.4,97.6,602.8,21.9,29.4,46.3,130.2,8.4,23.5,66.4,127.4,71.5,151.6,74.80000000000001
West Virginia,2018-02-01,2018,2,5.4,98.0,604.2,21.9,29.6,46.5,128.1,8.3,23.7,67.2,128.1,71.7,153.2,75.5
West Virginia,2018-03-01,2018,3,5.3,101.1,607.1,22.1,32.1,46.9,128.4,7.4,23.7,68.1,128.4,72.5,154.1,75.5
West Virginia,2018-04-01,2018,4,5.3,104.7,611.2,22.5,35.2,47.0,128.2,8.3,23.7,68.8,128.3,73.8,155.3,77.1
West Virginia,2018-05-01,2018,5,5.2,108.4,621.7,22.7,38.5,47.2,129.4,8.3,23.9,69.1,128.1,75.3,163.1,77.39999999999999
West Virginia,2018-06-01,2018,6,5.1,112.7,610.3,22.8,42.8,47.1,129.4,8.3,24.0,69.6,127.1,76.6,150.7,77.89999999999999
West Virginia,2018-07-01,2018,7,5.0,115.6,603.2,23.1,45.4,47.1,128.9,8.1,23.9,69.8,126.6,76.6,144.6,77.89999999999999
West Virginia,2018-08-01,2018,8,5.0,117.1,606.4,22.9,46.9,47.3,129.0,8.1,23.9,70.2,127.9,76.4,146.3,78.3
West Virginia,2018-09-01,2018,9,5.0,118.2,610.9,22.9,48.0,47.3,129.3,8.1,23.8,69.9,128.8,75.2,151.4,78.0
West Virginia,2018-10-01,2018,10,5.0,118.0,616.1,22.8,48.0,47.2,131.2,8.2,24.0,69.7,129.2,74.8,154.5,77.9
West Virginia,2018-11-01,2018,11,5.0,114.8,618.0,22.7,44.8,47.3,135.3,8.3,23.9,69.7,129.3,73.2,153.9,78.0
West Virginia,2018-12-01,2018,12,5.0,110.8,616.1,22.9,40.5,47.4,135.4,8.3,24.0,68.8,129.3,73.3,152.8,77.1
West Virginia,2019-01-01,2019,1,5.0,104.2,601.9,23.0,34.0,47.2,128.0,8.1,23.6,67.6,128.2,71.9,150.6,75.69999999999999
West Virginia,2019-02-01,2019,2,4.9,102.3,603.6,23.0,32.1,47.2,125.9,8.1,23.6,68.2,128.9,72.4,152.5,76.3
West Virginia,2019-03-01,2019,3,4.9,103.4,607.1,23.0,33.2,47.2,126.1,8.1,23.7,68.6,129.3,73.4,153.5,76.69999999999999
West Virginia,2019-04-01,2019,4,4.8,105.8,612.3,22.9,35.6,47.3,126.0,8.0,23.8,69.5,130.0,75.3,154.9,77.5
West Virginia,2019-05-01,2019,5,4.8,107.8,612.7,22.7,37.8,47.3,126.2,8.0,24.0,69.5,130.0,76.5,153.9,77.5
West Virginia,2019-06-01,2019,6,4.8,109.2,610.4,22.7,38.8,47.7,125.8,8.0,24.1,70.1,129.3,77.6,150.6,78.1
West Virginia,2019-07-01,2019,7,4.8,108.6,604.2,22.5,38.8,47.3,125.9,7.9,24.0,70.5,129.1,77.8,144.6,78.4
West Virginia,2019-08-01,2019,8,4.9,107.7,609.5,22.3,38.3,47.1,125.7,8.0,24.2,70.7,130.5,77.6,148.4,78.7
West Virginia,2019-09-01,2019,9,5.0,106.5,613.3,22.1,37.4,47.0,126.1,8.0,24.1,70.2,131.7,76.2,152.7,78.2
West Virginia,2019-10-01,2019,10,5.0,104.0,618.0,21.4,35.7,46.9,128.4,8.0,24.2,69.5,131.7,75.1,156.8,77.5
West Virginia,2019-11-01,2019,11,5.1,100.6,619.6,21.1,32.6,46.9,132.0,8.1,24.1,68.4,132.8,74.0,156.0,76.5
West Virginia,2019-12-01,2019,12,5.1,98.2,618.1,20.6,30.8,46.8,131.8,8.0,24.0,68.0,133.3,73.3,155.6,76.0
West Virginia,2020-01-01,2020,1,5.2,95.8,608.0,20.3,28.8,46.7,125.4,7.9,23.9,67.2,132.5,71.5,156.0,75.10000000000001
West Virginia,2020-02-01,2020,2,5.3,94.0,608.5,19.7,27.8,46.5,122.8,7.8,23.9,67.8,133.7,72.3,156.6,75.6
West Virginia,2020-03-01,2020,3,5.3,94.9,606.6,19.5,29.0,46.4,122.3,7.8,23.9,67.9,133.4,70.9,156.9,75.7
West Virginia,2020-04-01,2020,4,15.8,85.3,524.8,17.2,25.2,42.9,108.9,6.9,22.9,62.6,120.6,38.2,146.4,69.5
West Virginia,2020-05-01,2020,5,12.5,89.0,536.4,17.1,28.9,43.0,113.5,6.9,23.3,63.3,121.9,45.5,141.9,70.2
West Virginia,2020-06-01,2020,6,10.6,92.1,568.9,17.4,30.7,44.0,118.9,6.9,23.6,64.7,124.1,59.0,149.9,71.60000000000001
West Virginia,2020-07-01,2020,7,9.5,91.0,562.0,16.4,30.9,43.7,118.9,6.9,23.7,64.7,125.5,63.0,137.0,71.60000000000001
West Virginia,2020-08-01,2020,8,8.2,91.9,568.8,16.5,31.4,44.0,119.7,6.8,23.8,65.1,126.6,63.7,140.7,71.89999999999999
West Virginia,2020-09-01,2020,9,7.6,91.9,577.2,16.3,31.5,44.1,120.5,7.1,24.0,65.3,127.6,64.2,146.3,72.39999999999999
West Virginia,2020-10-01,2020,10,7.0,93.1,585.0,16.7,32.0,44.4,122.9,6.9,23.8,66.9,129.0,63.8,149.1,73.80000000000001
West Virginia,2020-11-01,2020,11,6.6,92.3,586.5,16.8,30.9,44.6,125.1,6.9,24.0,66.9,129.3,62.9,148.9,73.80000000000001
West Virginia,2020-12-01,2020,12,6.4,91.3,584.7,16.9,29.6,44.8,125.2,6.9,24.0,66.8,129.0,62.3,148.0,73.7
West Virginia,2021-01-01,2021,1,6.4,88.5,569.1,17.1,26.7,44.7,120.3,6.8,23.9,65.7,127.7,61.0,141.5,72.5
West Virginia,2021-02-01,2021,2,6.1,88.1,573.8,17.2,26.0,44.9,119.9,6.9,23.9,66.1,128.1,61.7,145.0,73.0
West Virginia,2021-03-01,2021,3,5.9,90.7,581.8,17.2,28.3,45.2,120.7,6.9,24.3,67.1,128.9,63.2,148.2,74.0
West Virginia,2021-04-01,2021,4,5.7,92.4,584.3,17.5,29.8,45.1,120.9,7.0,24.4,67.8,126.9,65.1,149.4,74.8
West Virginia,2021-05-01,2021,5,5.4,93.8,587.5,17.6,30.9,45.3,121.8,7.0,24.5,67.6,126.5,67.5,149.7,74.6
West Virginia,2021-06-01,2021,6,5.2,95.3,586.4,17.8,31.8,45.7,122.0,7.1,24.6,67.7,125.6,69.8,146.4,74.8
West Virginia,2021-07-01,2021,7,5.0,96.9,584.8,18.0,32.9,46.0,122.8,7.2,24.9,68.4,126.0,71.1,141.0,75.60000000000001
West Virginia,2021-08-01,2021,8,4.8,96.9,587.1,18.0,32.7,46.2,122.9,7.2,24.9,68.7,126.5,70.9,142.7,75.9
West Virginia,2021-09-01,2021,9,4.5,96.3,590.7,17.8,32.9,45.6,122.6,7.3,24.7,68.4,126.4,69.6,148.5,75.7
West Virginia,2021-10-01,2021,10,4.3,96.8,598.3,18.2,33.4,45.2,125.0,7.4,25.0,70.0,127.8,69.5,150.1,77.4
West Virginia,2021-11-01,2021,11,4.2,96.7,601.4,18.3,32.9,45.5,127.5,7.5,25.0,71.0,127.3,68.7,151.0,78.5
West Virginia,2021-12-01,2021,12,4.1,95.5,602.0,18.4,31.5,45.6,128.0,7.5,25.1,70.5,128.1,69.0,150.5,78.0
West Virginia,2022-01-01,2022,1,4.0,93.4,588.4,19.0,29.0,45.4,122.3,7.4,25.0,69.9,126.6,66.2,147.8,77.30000000000001
West Virginia,2022-02-01,2022,2,4.0,94.1,593.3,19.2,29.4,45.5,121.9,7.6,25.0,70.6,127.4,67.5,150.0,78.19999999999999
West Virginia,2022-03-01,2022,3,4.0,95.6,597.2,19.3,30.4,45.9,121.9,7.7,25.2,71.4,127.8,68.6,150.8,79.10000000000001
West Virginia,2022-04-01,2022,4,4.0,97.7,599.6,19.6,31.6,46.5,122.3,7.7,25.5,72.7,127.3,69.3,150.7,80.4
West Virginia,2022-05-01,2022,5,4.0,98.8,609.7,19.8,32.3,46.7,122.0,7.7,25.5,72.4,127.4,71.2,159.5,80.10000000000001
West Virginia,2022-06-01,2022,6,3.9,99.9,596.5,19.8,33.0,47.1,120.9,7.6,25.6,72.1,126.6,72.7,147.1,79.69999999999999
West Virginia,2022-07-01,2022,7,3.9,99.8,593.7,20.1,33.0,46.7,121.4,7.8,25.4,73.0,127.7,72.7,141.6,80.8
West Virginia,2022-08-01,2022,8,3.9,99.8,596.3,20.3,33.1,46.4,121.1,7.8,25.5,73.2,128.7,72.6,143.6,81.0
West Virginia,2022-09-01,2022,9,3.8,100.0,603.3,20.4,33.3,46.3,121.6,7.8,25.4,73.1,130.3,71.1,150.3,80.89999999999999
West Virginia,2022-10-01,2022,10,3.8,99.7,604.8,20.5,32.9,46.3,122.2,7.8,25.5,72.7,130.1,70.7,151.5,80.5
West Virginia,2022-11-01,2022,11,3.7,99.2,615.9,20.6,32.3,46.3,124.7,7.8,25.4,72.4,130.5,69.6,161.3,80.2
West Virginia,2022-12-01,2022,12,3.6,98.0,607.5,20.8,30.9,46.3,125.5,7.9,25.3,71.9,131.0,69.2,152.9,79.80000000000001
West Virginia,2023-01-01,2023,1,3.6,96.2,599.7,20.6,29.7,45.9,122.0,7.8,25.2,71.5,130.6,69.2,149.9,79.3
West Virginia,2023-02-01,2023,2,3.6,96.6,603.8,20.8,29.7,46.1,121.2,7.9,25.3,71.9,131.7,69.7,152.7,79.80000000000001
West Virginia,2023-03-01,2023,3,3.6,97.7,606.8,20.9,30.5,46.3,121.3,7.8,25.3,72.5,132.5,70.4,153.4,80.3
West Virginia,2023-04-01,2023,4,3.7,99.3,607.6,21.1,32.1,46.1,121.7,7.7,25.6,72.8,132.7,71.0,152.3,80.5
West Virginia,2023-05-01,2023,5,3.8,100.0,610.5,21.2,32.6,46.2,122.4,7.7,25.7,72.7,133.3,72.4,152.3,80.4
West Virginia,2023-06-01,2023,6,3.8,101.3,612.5,21.4,33.4,46.5,122.3,7.8,25.9,73.5,133.7,74.6,150.3,81.3
West Virginia,2023-07-01,2023,7,3.9,101.7,601.3,21.4,33.9,46.4,121.5,7.7,25.9,72.8,133.5,73.7,142.0,80.5
West Virginia,2023-08-01,2023,8,4.0,101.9,605.1,21.3,34.4,46.2,121.4,7.7,25.8,72.6,134.4,73.3,146.0,80.3
West Virginia,2023-09-01,2023,9,4.0,103.0,611.7,21.2,35.5,46.3,122.1,7.7,25.9,72.2,136.0,72.3,151.6,79.9
West Virginia,2023-10-01,2023,10,4.1,103.1,614.5,21.3,35.5,46.3,123.6,7.7,26.1,72.5,136.8,71.6,152.0,80.2
West Virginia,2023-11-01,2023,11,4.1,102.6,617.4,21.3,35.0,46.3,126.0,7.7,26.1,72.1,137.9,70.9,152.5,79.8
West Virginia,2023-12-01,2023,12,4.2,101.7,617.7,21.4,33.7,46.6,125.9,7.6,26.1,71.8,138.2,71.1,153.1,79.39999999999999
West Virginia,2024-01-01,2024,1,4.2,98.6,607.0,21.3,31.0,46.3,122.4,7.6,25.9,70.8,137.3,69.6,149.6,78.39999999999999
West Virginia,2024-02-01,2024,2,4.2,99.7,611.8,21.4,31.8,46.5,121.7,7.7,25.8,71.8,138.7,70.1,152.0,79.5
West Virginia,2024-03-01,2024,3,4.1,100.2,616.6,21.4,32.4,46.4,122.1,7.6,25.9,72.4,139.8,70.9,153.9,80.0
West Virginia,2024-04-01,2024,4,4.1,100.8,618.8,21.4,33.3,46.1,122.1,7.6,25.8,72.7,141.8,70.9,153.8,80.3
West Virginia,2024-05-01,2024,5,4.1,101.7,631.2,21.5,34.1,46.1,122.5,7.6,26.0,73.0,142.1,72.6,163.1,80.6
West Virginia,2024-06-01,2024,6,4.1,102.9,617.6,21.5,34.9,46.5,122.3,7.6,26.0,72.9,142.2,74.4,147.6,80.5
West Virginia,2024-07-01,2024,7,4.1,102.2,610.1,21.4,34.8,46.0,122.3,7.6,26.0,72.4,141.6,73.6,142.0,80.0
West Virginia,2024-08-01,2024,8,4.0,102.4,614.8,21.3,35.0,46.1,122.4,7.6,26.1,72.4,143.2,73.7,145.0,80.0
West Virginia,2024-09-01,2024,9,4.0,101.8,618.9,21.2,34.9,45.7,122.3,7.7,26.1,72.1,143.7,72.5,150.3,79.8
West Virginia,2024-10-01,2024,10,3.9,101.2,620.9,21.2,34.4,45.6,122.6,7.6,26.0,71.9,144.5,71.6,152.5,79.5
West Virginia,2024-11-01,2024,11,3.9,101.0,624.3,21.2,34.2,45.6,124.4,7.6,26.0,72.4,145.2,71.0,153.5,80.0
West Virginia,2024-12-01,2024,12,3.9,99.6,622.2,21.2,32.8,45.6,124.4,7.6,26.0,72.1,144.9,71.4,151.7,79.69999999999999
West Virginia,2025-01-01,2025,1,3.8,95.6,606.8,21.0,29.2,45.4,120.9,7.6,25.8,70.5,143.5,68.2,146.7,78.1
West Virginia,2025-02-01,2025,2,3.8,97.4,614.9,20.7,31.3,45.4,120.8,7.7,25.8,71.3,145.0,69.9,150.5,79.0
West Virginia,2025-03-01,2025,3,3.9,99.2,618.3,20.4,33.4,45.4,121.2,7.5,25.9,71.9,145.9,70.7,151.0,79.4
West Virginia,2025-04-01,2025,4,3.9,101.1,617.1,20.5,35.1,45.5,120.7,7.5,25.8,72.4,144.3,71.3,150.9,79.9
West Virginia,2025-05-01,2025,5,4.0,102.3,621.5,20.5,36.4,45.4,121.1,7.6,25.9,72.7,144.4,73.1,152.6,80.3
West Virginia,2025-06-01,2025,6,4.0,102.4,617.0,20.6,36.2,45.6,121.0,7.7,25.9,72.9,143.7,74.5,146.8,80.60000000000001
West Virginia,2025-07-01,2025,7,4.2,102.0,611.8,20.4,36.2,45.4,121.0,7.6,25.9,73.1,143.8,74.7,141.4,80.69999999999999
West Virginia,2025-08-01,2025,8,4.3,102.2,615.3,20.3,36.8,45.1,121.2,7.6,26.1,73.0,145.2,74.9,143.0,80.6
West Virginia,2025-09-01,2025,9,4.5,102.2,617.9,20.1,37.1,45.0,120.8,7.6,26.2,72.1,145.7,73.3,148.2,79.69999999999999
West Virginia,2025-10-01,2025,10,,102.6,620.4,20.1,37.4,45.1,122.4,7.7,26.4,73.3,146.3,71.8,148.7,81.0
West Virginia,2025-11-01,2025,11,4.6,101.6,620.7,20.2,36.4,45.0,123.2,7.6,26.3,72.4,147.3,70.7,149.4,80.0
West Virginia,2025-12-01,2025,12,4.6,100.6,619.2,20.1,35.6,44.9,123.5,7.6,26.1,72.5,146.9,70.3,148.3,80.1
West Virginia,2026-01-01,2026,1,4.6,99.4,605.6,20.1,34.8,44.5,119.9,7.5,25.9,71.4,145.9,67.6,143.7,78.9
West Virginia,2026-02-01,2026,2,4.7,99.0,608.9,20.2,34.0,44.8,119.3,7.4,26.2,71.0,147.3,67.3,146.8,78.4
Wisconsin,2016-01-01,2016,1,4.2,566.6,2286.2,3.5,98.3,464.8,526.9,49.2,150.0,314.9,438.9,254.3,405.1,364.09999999999997
Wisconsin,2016-02-01,2016,2,4.1,564.4,2305.4,3.5,98.1,462.8,523.4,49.1,149.8,316.2,442.3,256.4,421.3,365.3
Wisconsin,2016-03-01,2016,3,4.1,568.4,2311.1,3.6,101.0,463.8,525.0,48.9,150.0,315.9,443.7,259.2,420.4,364.79999999999995
Wisconsin,2016-04-01,2016,4,4.0,577.5,2345.9,3.7,109.5,464.3,531.2,49.0,150.7,321.8,445.7,268.6,429.4,370.8
Wisconsin,2016-05-01,2016,5,4.0,584.3,2354.7,3.9,114.8,465.6,536.5,49.0,151.3,321.5,445.9,283.1,417.6,370.5
Wisconsin,2016-06-01,2016,6,3.9,597.3,2362.7,3.9,119.8,473.6,538.9,49.0,153.1,324.6,444.6,295.1,406.2,373.6
Wisconsin,2016-07-01,2016,7,3.9,601.8,2350.0,3.9,122.2,475.7,539.5,49.5,154.4,327.2,441.6,300.1,385.9,376.7
Wisconsin,2016-08-01,2016,8,3.9,600.9,2356.1,3.9,122.3,474.7,539.4,49.8,154.3,328.4,442.4,300.5,389.7,378.2
Wisconsin,2016-09-01,2016,9,3.8,591.8,2356.5,3.8,119.7,468.3,535.7,48.7,152.5,326.1,447.0,284.8,410.9,374.8
Wisconsin,2016-10-01,2016,10,3.8,589.1,2367.0,3.9,119.0,466.2,539.6,48.8,152.2,326.3,449.1,276.7,423.7,375.1
Wisconsin,2016-11-01,2016,11,3.8,586.2,2380.1,3.8,116.8,465.6,548.7,49.0,152.1,325.7,450.3,267.6,436.2,374.7
Wisconsin,2016-12-01,2016,12,3.7,579.5,2368.5,3.6,109.4,466.5,551.8,49.0,152.5,322.9,450.5,264.5,426.5,371.9
Wisconsin,2017-01-01,2017,1,3.6,569.6,2306.6,3.5,102.0,464.1,533.1,48.7,151.7,314.6,445.9,259.8,404.1,363.3
Wisconsin,2017-02-01,2017,2,3.5,569.2,2323.2,3.6,102.3,463.3,528.3,48.4,151.7,315.3,449.1,261.1,420.2,363.7
Wisconsin,2017-03-01,2017,3,3.4,574.1,2331.4,3.9,104.6,465.6,529.6,48.1,152.2,318.5,450.6,265.2,416.9,366.6
Wisconsin,2017-04-01,2017,4,3.3,583.4,2355.9,4.2,113.1,466.1,532.2,47.7,152.1,322.7,451.5,271.8,426.8,370.4
Wisconsin,2017-05-01,2017,5,3.3,591.7,2374.3,4.4,120.0,467.3,538.6,47.8,152.6,324.9,451.7,286.6,420.2,372.7
Wisconsin,2017-06-01,2017,6,3.2,607.1,2385.6,4.6,125.5,477.0,541.3,47.9,154.6,329.1,452.5,303.3,403.1,377.0
Wisconsin,2017-07-01,2017,7,3.3,611.0,2364.0,4.7,127.8,478.5,539.8,48.2,155.0,331.6,446.0,305.4,385.1,379.8
Wisconsin,2017-08-01,2017,8,3.3,610.0,2361.2,4.8,127.3,477.9,540.9,48.0,154.8,332.3,447.2,305.0,380.4,380.3
Wisconsin,2017-09-01,2017,9,3.2,601.1,2366.9,4.7,124.7,471.7,536.7,47.5,152.9,329.5,452.1,287.8,408.8,377.0
Wisconsin,2017-10-01,2017,10,3.2,599.3,2378.5,4.7,123.9,470.7,540.8,47.1,152.4,330.8,454.6,279.1,422.3,377.90000000000003
Wisconsin,2017-11-01,2017,11,3.1,596.7,2384.9,4.6,121.3,470.8,552.2,47.5,152.0,330.6,456.7,270.7,424.4,378.1
Wisconsin,2017-12-01,2017,12,3.0,593.2,2383.9,4.4,116.2,472.6,555.9,47.5,152.4,330.0,457.7,268.0,420.7,377.5
Wisconsin,2018-01-01,2018,1,3.0,584.2,2323.7,4.3,108.2,471.7,535.9,47.4,151.3,321.0,452.5,263.6,401.9,368.4
Wisconsin,2018-02-01,2018,2,3.0,584.2,2344.6,4.4,108.0,471.8,530.8,47.0,151.1,323.8,455.1,264.8,421.8,370.8
Wisconsin,2018-03-01,2018,3,3.0,588.9,2350.6,4.6,111.5,472.8,533.0,46.8,151.2,324.1,456.5,268.6,419.3,370.90000000000003
Wisconsin,2018-04-01,2018,4,3.0,595.2,2365.0,4.6,117.1,473.5,534.0,46.8,151.6,326.8,457.0,271.0,426.6,373.6
Wisconsin,2018-05-01,2018,5,3.0,605.6,2387.2,4.9,125.1,475.6,540.4,46.8,152.2,328.9,457.5,287.4,421.6,375.7
Wisconsin,2018-06-01,2018,6,3.0,622.2,2400.9,5.1,131.8,485.3,542.8,46.9,154.7,332.8,459.0,303.5,406.8,379.7
Wisconsin,2018-07-01,2018,7,3.0,625.3,2376.7,5.1,132.3,487.9,541.8,47.6,155.2,332.5,452.2,307.1,386.8,380.1
Wisconsin,2018-08-01,2018,8,3.0,625.8,2379.5,5.1,132.4,488.3,542.9,47.5,155.2,333.4,453.8,306.4,386.8,380.9
Wisconsin,2018-09-01,2018,9,3.0,616.4,2375.7,4.9,129.5,482.0,536.9,47.0,153.4,328.5,457.8,290.0,409.9,375.5
Wisconsin,2018-10-01,2018,10,3.0,613.5,2387.6,4.8,127.5,481.2,538.9,47.5,153.2,330.6,460.6,281.4,422.9,378.1
Wisconsin,2018-11-01,2018,11,3.0,611.1,2398.2,4.5,124.8,481.8,550.1,47.5,153.0,329.8,462.7,272.4,430.8,377.3
Wisconsin,2018-12-01,2018,12,3.0,607.8,2393.8,4.3,119.9,483.6,553.2,47.5,153.6,325.8,463.2,272.8,425.1,373.3
Wisconsin,2019-01-01,2019,1,3.1,598.6,2330.6,4.2,111.9,482.5,534.5,47.2,152.7,319.0,458.7,266.0,401.8,366.2
Wisconsin,2019-02-01,2019,2,3.1,595.1,2341.7,4.0,110.2,480.9,526.5,46.8,152.6,321.4,460.2,266.2,417.5,368.2
Wisconsin,2019-03-01,2019,3,3.1,597.6,2352.1,4.1,112.3,481.2,527.0,46.7,153.0,321.7,461.8,270.0,420.4,368.4
Wisconsin,2019-04-01,2019,4,3.2,605.4,2372.3,4.1,120.1,481.2,529.8,46.4,153.3,326.3,462.9,276.8,424.6,372.7
Wisconsin,2019-05-01,2019,5,3.2,614.1,2386.5,4.3,127.2,482.6,534.2,46.5,154.0,327.0,464.8,292.4,414.6,373.5
Wisconsin,2019-06-01,2019,6,3.2,627.5,2407.5,4.4,132.9,490.2,538.3,47.3,156.2,331.4,464.6,307.0,407.7,378.7
Wisconsin,2019-07-01,2019,7,3.3,630.7,2380.7,4.5,134.2,492.0,534.9,47.5,156.8,330.3,460.9,310.5,385.6,377.8
Wisconsin,2019-08-01,2019,8,3.3,628.7,2377.0,4.4,134.0,490.3,536.5,47.3,156.4,331.7,463.6,308.4,378.9,379.0
Wisconsin,2019-09-01,2019,9,3.3,618.3,2373.1,4.3,131.4,482.6,530.9,46.9,154.8,327.7,465.0,292.1,403.4,374.59999999999997
Wisconsin,2019-10-01,2019,10,3.3,614.9,2393.0,4.1,130.3,480.5,536.1,47.3,154.2,329.8,467.2,284.5,421.5,377.1
Wisconsin,2019-11-01,2019,11,3.2,608.9,2399.5,3.9,126.3,478.7,546.8,47.3,154.4,328.2,469.4,275.7,425.5,375.5
Wisconsin,2019-12-01,2019,12,3.2,605.8,2400.8,3.8,122.7,479.3,549.4,47.5,155.0,324.2,470.7,276.7,424.3,371.7
Wisconsin,2020-01-01,2020,1,3.1,594.3,2342.0,3.6,114.6,476.1,532.0,47.1,153.5,319.0,465.9,269.8,403.1,366.1
Wisconsin,2020-02-01,2020,2,3.1,591.9,2359.3,3.6,113.9,474.4,526.0,46.9,153.5,319.3,469.3,270.0,422.6,366.2
Wisconsin,2020-03-01,2020,3,3.0,593.5,2347.9,3.6,115.7,474.2,526.6,46.8,153.7,315.5,468.0,264.9,421.0,362.3
Wisconsin,2020-04-01,2020,4,14.1,554.2,2028.7,3.5,114.5,436.2,468.5,43.4,149.8,291.0,427.0,134.5,390.0,334.4
Wisconsin,2020-05-01,2020,5,10.5,572.2,2087.1,3.6,125.4,443.2,489.0,43.4,150.8,294.2,432.0,173.4,372.5,337.59999999999997
Wisconsin,2020-06-01,2020,6,8.7,590.2,2183.8,3.5,130.8,455.9,517.4,44.0,153.5,302.1,440.6,226.5,357.1,346.1
Wisconsin,2020-07-01,2020,7,7.6,593.2,2210.4,3.5,132.1,457.6,520.1,44.5,154.4,307.8,444.2,242.5,353.2,352.3
Wisconsin,2020-08-01,2020,8,6.3,594.3,2238.6,3.5,132.5,458.3,523.5,44.7,154.5,311.6,448.1,246.8,365.6,356.3
Wisconsin,2020-09-01,2020,9,5.8,590.0,2251.6,3.5,129.5,457.0,523.4,44.9,152.9,310.5,450.8,238.0,388.0,355.4
Wisconsin,2020-10-01,2020,10,5.2,590.5,2272.7,3.5,130.1,456.9,530.6,44.8,153.3,316.7,453.2,231.5,398.9,361.5
Wisconsin,2020-11-01,2020,11,5.0,587.8,2269.5,3.5,127.0,457.3,539.7,44.7,153.1,315.4,453.0,218.7,402.2,360.09999999999997
Wisconsin,2020-12-01,2020,12,4.8,588.3,2269.5,3.4,123.3,461.6,545.9,44.7,153.4,316.0,455.8,216.8,394.4,360.7
Wisconsin,2021-01-01,2021,1,4.6,575.7,2226.3,3.3,113.4,459.0,531.4,44.9,153.2,310.7,451.0,213.4,381.5,355.59999999999997
Wisconsin,2021-02-01,2021,2,4.5,569.7,2243.8,3.2,107.9,458.6,524.8,44.7,153.6,313.3,454.1,217.5,395.4,358.0
Wisconsin,2021-03-01,2021,3,4.3,578.9,2252.8,3.3,114.5,461.1,526.8,44.6,153.6,312.5,455.2,223.3,395.7,357.1
Wisconsin,2021-04-01,2021,4,4.2,589.6,2284.3,3.4,125.0,461.2,528.7,44.5,154.3,317.0,456.7,236.3,404.6,361.5
Wisconsin,2021-05-01,2021,5,4.1,595.8,2300.7,3.5,130.6,461.7,531.9,44.6,154.9,318.9,457.0,253.3,397.4,363.5
Wisconsin,2021-06-01,2021,6,4.0,608.4,2322.4,3.6,135.2,469.6,536.9,45.0,157.0,322.0,456.9,271.3,388.1,367.0
Wisconsin,2021-07-01,2021,7,3.8,615.1,2320.0,3.7,136.6,474.8,537.4,45.5,157.9,323.7,455.0,281.3,373.6,369.2
Wisconsin,2021-08-01,2021,8,3.6,613.8,2311.0,3.7,136.1,474.0,537.7,45.8,157.9,322.9,454.2,281.1,366.2,368.7
Wisconsin,2021-09-01,2021,9,3.4,606.3,2308.0,3.6,133.6,469.1,530.3,45.2,156.0,319.0,453.9,264.7,395.0,364.2
Wisconsin,2021-10-01,2021,10,3.2,608.6,2326.3,3.6,133.5,471.5,537.9,45.5,156.4,324.1,456.1,257.9,404.3,369.6
Wisconsin,2021-11-01,2021,11,3.1,607.6,2329.6,3.6,131.3,472.7,548.6,45.5,156.6,323.9,455.3,251.0,404.7,369.4
Wisconsin,2021-12-01,2021,12,3.0,604.6,2330.9,3.5,126.2,474.9,553.4,45.6,157.3,322.2,455.3,250.7,401.6,367.8
Wisconsin,2022-01-01,2022,1,2.9,592.3,2283.7,3.4,116.8,472.1,539.4,45.4,156.3,317.6,451.5,243.6,387.0,363.0
Wisconsin,2022-02-01,2022,2,2.9,596.0,2311.7,3.4,117.8,474.8,541.5,45.3,156.8,323.4,453.9,246.7,400.7,368.7
Wisconsin,2022-03-01,2022,3,2.9,599.7,2320.2,3.5,119.9,476.3,542.0,45.4,157.0,325.3,454.0,250.5,401.7,370.7
Wisconsin,2022-04-01,2022,4,2.9,608.3,2344.2,3.6,127.4,477.3,544.1,45.4,157.9,327.0,456.1,259.5,409.5,372.4
Wisconsin,2022-05-01,2022,5,2.8,615.3,2357.2,3.7,133.8,477.8,547.4,45.7,158.5,328.4,456.9,274.5,400.9,374.09999999999997
Wisconsin,2022-06-01,2022,6,2.8,628.5,2373.1,3.8,139.4,485.3,550.1,46.3,160.4,333.1,457.4,289.8,389.7,379.40000000000003
Wisconsin,2022-07-01,2022,7,2.8,635.8,2372.9,3.9,141.7,490.2,550.7,47.1,162.2,334.9,459.2,296.0,375.8,382.0
Wisconsin,2022-08-01,2022,8,2.8,635.4,2376.3,3.9,141.6,489.9,551.1,47.5,162.0,333.9,461.6,295.1,378.5,381.4
Wisconsin,2022-09-01,2022,9,2.8,627.8,2377.7,3.8,139.9,484.1,547.3,47.3,160.2,332.1,463.8,280.1,402.0,379.40000000000003
Wisconsin,2022-10-01,2022,10,2.8,626.1,2385.0,3.8,138.8,483.5,551.5,47.4,160.2,333.4,465.0,272.1,410.6,380.79999999999995
Wisconsin,2022-11-01,2022,11,2.7,623.1,2391.3,3.8,136.3,483.0,560.0,47.4,159.7,331.2,465.6,264.9,418.4,378.59999999999997
Wisconsin,2022-12-01,2022,12,2.7,618.4,2385.2,3.7,130.9,483.8,564.4,47.3,159.8,329.3,467.5,263.1,409.6,376.6
Wisconsin,2023-01-01,2023,1,2.6,607.2,2338.1,3.6,123.9,479.7,549.4,47.0,158.1,323.4,465.7,259.6,392.2,370.4
Wisconsin,2023-02-01,2023,2,2.6,606.5,2360.3,3.6,123.9,479.0,545.8,46.9,158.1,326.0,467.1,261.9,411.8,372.9
Wisconsin,2023-03-01,2023,3,2.6,609.0,2369.5,3.6,126.2,479.2,546.8,46.9,158.2,327.7,468.9,265.1,412.3,374.59999999999997
Wisconsin,2023-04-01,2023,4,2.7,613.6,2391.3,3.8,133.9,475.9,548.6,47.0,158.7,331.7,468.1,273.9,419.4,378.7
Wisconsin,2023-05-01,2023,5,2.7,618.3,2405.7,4.0,139.4,474.9,552.7,46.9,159.4,332.8,468.7,289.5,411.3,379.7
Wisconsin,2023-06-01,2023,6,2.8,631.3,2428.8,4.1,145.0,482.2,556.5,47.6,161.8,337.0,471.3,308.8,399.1,384.6
Wisconsin,2023-07-01,2023,7,2.9,633.7,2408.2,4.1,146.3,483.3,554.0,47.9,162.1,335.8,470.4,311.3,380.2,383.7
Wisconsin,2023-08-01,2023,8,3.0,633.0,2406.6,4.1,146.2,482.7,553.0,48.1,162.0,336.7,473.3,310.8,376.9,384.8
Wisconsin,2023-09-01,2023,9,3.0,625.0,2413.5,4.1,143.7,477.2,550.8,48.0,160.4,333.4,476.0,291.9,409.0,381.4
Wisconsin,2023-10-01,2023,10,3.0,621.2,2418.1,4.0,142.8,474.4,553.5,47.9,160.0,333.5,477.1,282.9,419.0,381.4
Wisconsin,2023-11-01,2023,11,2.9,617.3,2418.4,4.0,140.5,472.8,563.9,47.7,159.7,330.9,478.8,274.3,418.8,378.59999999999997
Wisconsin,2023-12-01,2023,12,2.9,612.4,2424.3,3.9,135.7,472.8,569.1,47.7,160.1,327.5,481.9,274.7,418.2,375.2
Wisconsin,2024-01-01,2024,1,2.9,599.6,2367.3,3.8,127.7,468.1,550.7,47.6,158.5,323.3,478.6,264.8,400.8,370.90000000000003
Wisconsin,2024-02-01,2024,2,2.9,598.6,2390.5,3.8,127.8,467.0,547.1,47.2,158.0,323.7,482.4,268.9,419.7,370.9
Wisconsin,2024-03-01,2024,3,2.9,603.0,2400.3,3.9,131.6,467.5,548.0,47.2,158.2,325.6,483.2,272.7,421.0,372.8
Wisconsin,2024-04-01,2024,4,3.0,606.4,2424.3,4.1,137.2,465.1,549.2,47.1,158.8,330.4,484.1,280.3,429.4,377.5
Wisconsin,2024-05-01,2024,5,3.0,613.3,2434.8,4.2,143.3,465.8,553.8,46.8,159.5,332.1,485.6,297.5,413.8,378.90000000000003
Wisconsin,2024-06-01,2024,6,3.0,623.3,2450.5,4.2,147.5,471.6,556.8,47.4,161.7,334.1,484.8,314.2,403.9,381.5
Wisconsin,2024-07-01,2024,7,3.0,626.1,2437.1,4.2,149.9,472.0,554.4,47.4,162.0,334.9,484.3,316.8,389.1,382.29999999999995
Wisconsin,2024-08-01,2024,8,3.0,624.2,2443.7,4.2,150.1,469.9,554.7,47.4,161.6,335.5,487.7,314.5,394.3,382.9
Wisconsin,2024-09-01,2024,9,3.0,617.1,2439.6,4.1,148.0,465.0,551.8,47.5,160.0,332.7,488.6,296.8,415.8,380.2
Wisconsin,2024-10-01,2024,10,3.1,613.7,2448.1,4.1,147.2,462.4,555.1,46.8,159.8,333.7,490.2,288.8,426.9,380.5
Wisconsin,2024-11-01,2024,11,3.1,610.5,2455.8,4.1,145.2,461.2,563.1,46.8,159.5,330.9,492.7,278.6,437.9,377.7
Wisconsin,2024-12-01,2024,12,3.2,605.0,2443.8,4.0,140.3,460.7,566.7,46.9,159.8,328.1,493.6,279.2,423.6,375.0
Wisconsin,2025-01-01,2025,1,3.3,593.8,2395.4,3.8,132.0,458.0,550.0,46.7,158.2,321.4,493.0,269.7,412.0,368.09999999999997
Wisconsin,2025-02-01,2025,2,3.3,591.7,2406.0,3.8,131.3,456.6,544.6,46.4,158.0,324.2,493.4,268.9,426.1,370.59999999999997
Wisconsin,2025-03-01,2025,3,3.2,595.2,2406.9,3.8,135.2,456.2,544.3,46.2,157.9,323.9,494.6,272.0,422.8,370.09999999999997
Wisconsin,2025-04-01,2025,4,3.2,602.4,2432.1,3.9,141.8,456.7,545.4,46.3,158.1,328.9,496.9,279.6,431.4,375.2
Wisconsin,2025-05-01,2025,5,3.1,609.7,2442.2,4.1,148.5,457.1,548.6,46.1,158.8,329.8,497.4,298.4,417.5,375.90000000000003
Wisconsin,2025-06-01,2025,6,3.1,620.7,2453.9,4.2,153.7,462.8,549.9,46.5,160.2,332.7,496.1,313.0,408.5,379.2
Wisconsin,2025-07-01,2025,7,3.0,624.5,2440.1,4.2,155.2,465.1,546.9,46.9,161.4,335.8,494.4,316.5,390.7,382.7
Wisconsin,2025-08-01,2025,8,3.1,623.1,2439.4,4.2,155.6,463.3,546.7,46.7,161.0,334.9,497.7,315.0,391.0,381.59999999999997
Wisconsin,2025-09-01,2025,9,3.1,613.7,2426.3,4.1,152.5,457.1,542.5,46.2,158.5,331.5,496.3,294.1,413.0,377.7
Wisconsin,2025-10-01,2025,10,,613.4,2425.0,4.2,153.0,456.2,544.1,45.7,158.9,329.6,498.5,287.1,417.3,375.3
Wisconsin,2025-11-01,2025,11,3.2,609.0,2427.6,4.1,150.2,454.7,552.8,46.0,159.0,329.1,497.5,277.7,419.7,375.1
Wisconsin,2025-12-01,2025,12,3.2,604.8,2419.8,4.0,145.8,455.0,553.1,46.7,158.1,320.0,501.7,276.5,418.1,366.7
Wisconsin,2026-01-01,2026,1,3.3,595.2,2376.1,4.0,142.0,449.2,538.2,46.3,157.5,316.4,499.8,268.5,405.1,362.7
Wisconsin,2026-02-01,2026,2,3.4,594.4,2382.1,4.0,141.4,449.0,531.5,45.2,156.7,317.2,502.0,269.6,416.2,362.4
Wyoming,2016-01-01,2016,1,5.0,50.2,232.9,21.2,19.6,9.4,54.3,3.8,10.9,17.1,27.4,32.8,70.6,20.900000000000002
Wyoming,2016-02-01,2016,2,5.2,49.0,233.4,20.5,19.3,9.2,53.6,3.8,10.9,17.0,27.7,32.6,71.9,20.8
Wyoming,2016-03-01,2016,3,5.4,48.7,234.5,19.8,19.8,9.1,53.4,3.7,10.8,17.0,28.0,32.9,72.6,20.7
Wyoming,2016-04-01,2016,4,5.5,49.5,233.2,19.0,21.5,9.0,52.9,3.7,10.8,17.6,28.1,32.0,72.0,21.3
Wyoming,2016-05-01,2016,5,5.5,49.6,238.5,18.3,22.3,9.0,53.4,3.7,10.8,18.0,28.0,35.1,73.3,21.7
Wyoming,2016-06-01,2016,6,5.5,49.5,244.1,18.1,22.2,9.2,54.4,3.8,11.0,18.5,27.2,40.8,72.3,22.3
Wyoming,2016-07-01,2016,7,5.4,50.1,241.5,18.1,22.7,9.3,54.7,3.8,11.0,18.8,27.1,42.3,67.7,22.6
Wyoming,2016-08-01,2016,8,5.3,50.0,240.6,18.0,22.7,9.3,54.3,3.8,10.9,18.8,27.0,42.0,67.8,22.6
Wyoming,2016-09-01,2016,9,5.2,49.3,239.8,18.0,22.1,9.2,53.2,3.7,10.8,18.3,27.8,38.8,71.2,22.0
Wyoming,2016-10-01,2016,10,5.2,49.1,236.7,18.3,21.5,9.3,52.9,3.7,10.7,18.1,28.0,35.8,71.6,21.8
Wyoming,2016-11-01,2016,11,5.1,48.4,231.3,18.4,20.6,9.4,52.8,3.7,10.7,17.5,27.8,31.7,71.3,21.2
Wyoming,2016-12-01,2016,12,5.0,47.3,233.1,18.6,19.4,9.3,52.8,3.7,10.8,17.6,27.7,33.2,71.5,21.3
Wyoming,2017-01-01,2017,1,4.8,45.2,228.9,18.5,17.5,9.2,51.3,3.7,10.7,17.2,27.7,33.1,69.4,20.9
Wyoming,2017-02-01,2017,2,4.7,45.2,229.9,18.7,17.4,9.1,50.8,3.7,10.7,17.2,27.8,33.0,70.9,20.9
Wyoming,2017-03-01,2017,3,4.5,45.8,231.2,18.9,17.7,9.2,50.8,3.7,10.7,17.3,27.9,33.4,71.5,21.0
Wyoming,2017-04-01,2017,4,4.3,47.5,230.3,19.1,19.4,9.0,50.8,3.7,10.7,17.7,27.8,32.5,71.0,21.4
Wyoming,2017-05-01,2017,5,4.2,48.9,236.6,19.4,20.4,9.1,51.7,3.7,10.8,18.2,28.0,35.7,72.2,21.9
Wyoming,2017-06-01,2017,6,4.2,49.8,242.3,19.7,20.8,9.3,53.0,3.7,11.1,18.7,27.4,41.0,70.8,22.4
Wyoming,2017-07-01,2017,7,4.2,50.3,240.2,19.8,21.0,9.5,53.6,3.7,11.0,19.1,26.9,42.7,66.5,22.8
Wyoming,2017-08-01,2017,8,4.2,50.6,240.5,20.0,21.0,9.6,53.5,3.7,11.0,19.2,27.1,42.6,66.8,22.9
Wyoming,2017-09-01,2017,9,4.2,50.7,239.9,20.1,21.0,9.6,52.6,3.7,11.0,18.8,28.0,39.4,70.0,22.5
Wyoming,2017-10-01,2017,10,4.3,50.4,236.0,20.4,20.3,9.7,51.8,3.6,11.0,18.5,28.0,36.3,70.4,22.1
Wyoming,2017-11-01,2017,11,4.3,49.9,230.8,20.6,19.5,9.8,51.9,3.6,10.9,18.0,27.9,32.4,69.9,21.6
Wyoming,2017-12-01,2017,12,4.2,49.1,232.9,20.7,18.7,9.7,52.2,3.7,11.1,17.9,28.2,33.7,69.9,21.599999999999998
Wyoming,2018-01-01,2018,1,4.2,47.6,228.5,20.6,17.4,9.6,51.0,3.6,10.9,17.4,28.3,33.5,67.7,21.0
Wyoming,2018-02-01,2018,2,4.2,47.2,229.2,20.5,17.2,9.5,50.5,3.6,10.9,17.2,28.4,33.4,69.1,20.8
Wyoming,2018-03-01,2018,3,4.1,47.7,230.5,20.6,17.7,9.4,50.6,3.6,10.9,17.5,28.6,33.5,69.6,21.1
Wyoming,2018-04-01,2018,4,4.1,48.6,231.0,20.3,19.0,9.3,51.0,3.6,11.0,18.1,28.5,32.9,69.6,21.700000000000003
Wyoming,2018-05-01,2018,5,4.1,50.1,237.1,20.3,20.3,9.5,51.9,3.6,11.1,18.8,28.6,36.4,70.3,22.400000000000002
Wyoming,2018-06-01,2018,6,4.1,51.3,242.4,20.6,21.0,9.7,53.1,3.6,11.2,19.4,27.9,41.3,69.3,23.0
Wyoming,2018-07-01,2018,7,4.1,52.1,240.6,20.8,21.5,9.8,53.4,3.6,11.3,19.8,27.5,42.8,65.6,23.400000000000002
Wyoming,2018-08-01,2018,8,4.0,53.1,239.8,21.0,22.2,9.9,53.2,3.5,11.3,19.8,27.6,42.0,65.9,23.3
Wyoming,2018-09-01,2018,9,4.0,52.5,239.1,20.9,21.6,10.0,52.5,3.5,11.1,19.4,28.3,38.8,69.3,22.9
Wyoming,2018-10-01,2018,10,4.0,53.3,236.7,21.2,21.9,10.2,51.9,3.5,11.1,19.4,28.5,36.4,69.8,22.9
Wyoming,2018-11-01,2018,11,4.0,53.3,232.1,21.1,22.1,10.1,52.3,3.4,11.1,19.1,28.4,32.3,69.4,22.5
Wyoming,2018-12-01,2018,12,3.9,52.6,233.9,21.0,21.5,10.1,52.6,3.5,11.2,18.8,28.5,33.9,69.3,22.3
Wyoming,2019-01-01,2019,1,3.7,51.4,229.5,21.1,20.2,10.1,51.2,3.4,11.0,18.0,28.5,34.0,67.4,21.4
Wyoming,2019-02-01,2019,2,3.6,51.1,231.5,21.0,20.1,10.0,51.0,3.4,11.1,18.3,28.8,34.0,68.9,21.7
Wyoming,2019-03-01,2019,3,3.5,51.5,232.2,21.0,20.6,9.9,51.1,3.4,11.1,18.3,28.8,34.0,69.5,21.7
Wyoming,2019-04-01,2019,4,3.5,52.5,231.9,20.8,21.8,9.9,51.3,3.4,11.1,18.8,28.5,33.3,69.5,22.2
Wyoming,2019-05-01,2019,5,3.5,54.0,238.2,20.9,23.2,9.9,51.9,3.4,11.1,19.3,28.8,36.6,71.0,22.7
Wyoming,2019-06-01,2019,6,3.6,55.2,243.7,21.2,23.9,10.1,53.1,3.5,11.2,20.1,28.1,41.5,69.8,23.6
Wyoming,2019-07-01,2019,7,3.7,55.5,242.2,20.7,24.7,10.1,53.3,3.5,11.3,20.3,27.9,43.5,65.9,23.8
Wyoming,2019-08-01,2019,8,3.8,56.2,242.1,20.8,25.3,10.1,53.0,3.5,11.3,20.2,28.1,42.9,66.7,23.7
Wyoming,2019-09-01,2019,9,3.8,55.3,241.0,20.7,24.4,10.2,52.1,3.4,11.3,19.7,28.9,40.0,69.3,23.099999999999998
Wyoming,2019-10-01,2019,10,3.9,55.0,239.6,20.1,24.6,10.3,51.9,3.4,11.2,19.6,29.1,37.2,71.0,23.0
Wyoming,2019-11-01,2019,11,4.0,53.5,234.2,19.9,23.5,10.1,51.9,3.4,11.1,19.0,29.1,33.0,70.6,22.4
Wyoming,2019-12-01,2019,12,4.2,51.9,236.8,19.7,22.2,10.0,52.2,3.4,11.3,18.6,29.5,35.0,70.6,22.0
Wyoming,2020-01-01,2020,1,4.4,50.3,232.8,19.3,21.0,10.0,51.1,3.3,11.2,18.1,29.1,35.1,68.8,21.400000000000002
Wyoming,2020-02-01,2020,2,4.6,49.3,233.5,19.2,20.3,9.8,50.6,3.2,11.1,18.1,29.3,34.8,70.3,21.3
Wyoming,2020-03-01,2020,3,4.8,49.2,233.2,18.8,20.7,9.7,50.5,3.2,11.1,18.1,29.0,34.3,70.8,21.3
Wyoming,2020-04-01,2020,4,5.1,46.9,212.2,17.3,20.3,9.3,47.9,2.9,10.7,17.5,27.4,21.8,68.8,20.4
Wyoming,2020-05-01,2020,5,8.7,46.2,217.8,15.4,21.5,9.3,49.0,2.9,10.7,18.1,28.0,26.0,67.6,21.0
Wyoming,2020-06-01,2020,6,7.3,46.1,225.7,14.5,22.1,9.5,50.8,2.9,10.9,18.7,27.3,32.6,66.6,21.599999999999998
Wyoming,2020-07-01,2020,7,6.8,45.9,226.8,14.2,22.3,9.4,50.9,3.0,10.9,18.8,27.5,36.1,63.7,21.8
Wyoming,2020-08-01,2020,8,6.2,46.1,229.8,14.1,22.5,9.5,50.9,3.0,10.9,18.8,27.7,36.7,66.0,21.8
Wyoming,2020-09-01,2020,9,5.9,45.5,231.6,14.0,21.9,9.6,50.4,2.9,10.8,18.5,28.6,35.2,69.5,21.4
Wyoming,2020-10-01,2020,10,5.6,45.0,230.6,13.8,21.5,9.7,50.6,2.9,10.9,18.8,28.7,33.6,69.4,21.7
Wyoming,2020-11-01,2020,11,5.5,43.8,226.9,13.9,20.3,9.6,51.0,2.9,10.9,18.4,28.8,30.2,69.0,21.299999999999997
Wyoming,2020-12-01,2020,12,5.4,43.8,229.5,14.1,20.1,9.6,51.4,3.0,11.0,18.7,28.9,31.9,69.0,21.7
Wyoming,2021-01-01,2021,1,5.3,41.4,224.7,13.6,18.3,9.5,50.3,2.9,10.8,18.1,28.8,31.5,66.8,21.0
Wyoming,2021-02-01,2021,2,5.3,41.1,227.0,13.6,18.1,9.4,50.1,2.9,10.9,18.4,28.9,32.0,68.3,21.299999999999997
Wyoming,2021-03-01,2021,3,5.2,41.8,228.4,13.6,18.7,9.5,50.2,2.9,10.9,18.6,29.0,32.3,68.9,21.5
Wyoming,2021-04-01,2021,4,5.1,43.7,229.0,13.7,20.5,9.5,50.1,2.9,11.0,19.0,28.9,32.6,68.8,21.9
Wyoming,2021-05-01,2021,5,4.9,44.9,234.4,13.9,21.4,9.6,50.9,2.9,11.1,19.9,28.9,35.1,69.8,22.799999999999997
Wyoming,2021-06-01,2021,6,4.7,46.1,240.5,14.0,22.3,9.8,51.8,3.0,11.3,20.4,28.1,40.6,69.2,23.4
Wyoming,2021-07-01,2021,7,4.5,46.7,238.6,14.2,22.5,10.0,52.2,3.0,11.3,20.6,27.7,42.2,65.5,23.6
Wyoming,2021-08-01,2021,8,4.3,47.2,237.6,14.3,23.0,9.9,51.9,3.0,11.3,20.5,27.8,41.3,65.8,23.5
Wyoming,2021-09-01,2021,9,4.1,47.3,237.5,14.4,22.9,10.0,51.1,2.9,11.3,20.2,28.7,38.9,68.6,23.099999999999998
Wyoming,2021-10-01,2021,10,3.9,47.0,235.7,14.7,22.3,10.0,51.6,3.0,11.4,20.2,28.5,36.1,69.1,23.2
Wyoming,2021-11-01,2021,11,3.7,46.7,232.0,14.9,21.9,9.9,52.0,3.0,11.4,19.9,28.7,32.7,68.5,22.9
Wyoming,2021-12-01,2021,12,3.6,45.8,234.9,14.9,20.9,10.0,52.4,3.0,11.6,19.8,28.9,34.9,68.5,22.8
Wyoming,2022-01-01,2022,1,3.5,43.7,230.5,14.8,19.1,9.8,51.3,3.0,11.2,19.3,28.7,34.5,66.9,22.3
Wyoming,2022-02-01,2022,2,3.4,43.7,232.4,15.0,18.9,9.8,51.3,3.0,11.3,19.4,29.0,34.7,68.1,22.4
Wyoming,2022-03-01,2022,3,3.4,44.3,233.1,15.1,19.3,9.9,51.3,3.0,11.4,19.5,28.9,34.8,68.4,22.5
Wyoming,2022-04-01,2022,4,3.4,46.2,234.1,15.4,20.9,9.9,51.5,3.1,11.4,20.2,29.1,34.4,68.4,23.3
Wyoming,2022-05-01,2022,5,3.4,47.2,237.5,15.5,21.7,10.0,51.8,3.1,11.4,20.7,28.8,36.5,69.2,23.8
Wyoming,2022-06-01,2022,6,3.4,48.3,243.1,15.6,22.5,10.2,52.7,3.1,11.6,21.2,28.2,42.1,68.0,24.3
Wyoming,2022-07-01,2022,7,3.5,48.9,243.2,15.7,22.8,10.4,53.3,3.2,11.7,22.0,28.1,43.2,65.4,25.2
Wyoming,2022-08-01,2022,8,3.5,49.1,242.4,15.9,22.8,10.4,53.0,3.2,11.7,21.8,28.3,42.6,65.6,25.0
Wyoming,2022-09-01,2022,9,3.5,49.2,242.8,16.1,22.6,10.5,52.4,3.1,11.6,21.3,29.0,40.2,69.0,24.400000000000002
Wyoming,2022-10-01,2022,10,3.5,48.9,239.6,16.1,22.2,10.6,52.0,3.1,11.6,21.2,28.9,37.1,69.6,24.3
Wyoming,2022-11-01,2022,11,3.4,48.6,235.8,16.3,21.7,10.6,52.4,3.1,11.4,20.9,29.3,33.3,69.4,24.0
Wyoming,2022-12-01,2022,12,3.4,47.6,238.8,16.2,20.8,10.6,52.7,3.1,11.7,20.6,29.3,35.8,69.6,23.700000000000003
Wyoming,2023-01-01,2023,1,3.3,46.0,235.3,16.3,19.3,10.4,51.8,3.2,11.6,20.3,29.3,35.2,67.9,23.5
Wyoming,2023-02-01,2023,2,3.1,46.0,236.3,16.3,19.3,10.4,51.4,3.1,11.5,20.5,29.4,35.4,69.1,23.6
Wyoming,2023-03-01,2023,3,3.0,46.7,237.6,16.4,20.0,10.3,51.5,3.2,11.5,20.6,29.5,35.4,69.7,23.8
Wyoming,2023-04-01,2023,4,2.9,47.9,237.9,16.4,21.3,10.2,51.5,3.2,11.5,21.6,29.4,34.8,69.9,24.8
Wyoming,2023-05-01,2023,5,2.9,49.2,243.5,16.4,22.5,10.3,52.2,3.2,11.5,22.1,29.5,37.7,71.2,25.3
Wyoming,2023-06-01,2023,6,2.8,50.6,249.1,16.4,23.6,10.6,53.1,3.2,11.7,22.8,28.9,43.1,69.9,26.0
Wyoming,2023-07-01,2023,7,2.8,51.0,247.0,16.5,24.0,10.5,53.5,3.2,11.6,22.9,28.5,44.8,66.1,26.099999999999998
Wyoming,2023-08-01,2023,8,2.8,51.3,246.4,16.5,24.3,10.5,53.2,3.2,11.6,22.7,28.6,44.1,66.7,25.9
Wyoming,2023-09-01,2023,9,2.8,51.0,246.9,16.5,23.9,10.6,52.8,3.2,11.5,22.3,29.3,41.2,70.5,25.5
Wyoming,2023-10-01,2023,10,2.8,51.1,243.0,16.5,24.0,10.6,52.4,3.2,11.5,21.9,29.5,37.4,70.9,25.099999999999998
Wyoming,2023-11-01,2023,11,2.8,50.3,239.5,16.5,23.3,10.5,52.8,3.1,11.4,21.4,29.7,34.1,70.8,24.5
Wyoming,2023-12-01,2023,12,2.8,49.3,241.7,16.4,22.4,10.5,53.3,3.1,11.5,21.1,29.8,35.9,70.8,24.200000000000003
Wyoming,2024-01-01,2024,1,2.8,47.7,237.6,16.3,21.1,10.3,51.7,3.1,11.3,20.7,29.6,35.0,70.2,23.8
Wyoming,2024-02-01,2024,2,2.9,47.3,239.0,16.2,20.8,10.3,51.3,3.0,11.2,21.1,30.0,35.0,71.4,24.1
Wyoming,2024-03-01,2024,3,2.9,47.8,239.9,16.1,21.4,10.3,51.4,3.0,11.3,21.2,30.0,35.2,71.6,24.2
Wyoming,2024-04-01,2024,4,3.0,48.8,240.3,16.1,22.5,10.2,51.4,3.0,11.2,21.9,29.9,34.9,71.8,24.9
Wyoming,2024-05-01,2024,5,3.1,50.4,245.7,16.1,23.9,10.4,52.2,3.0,11.2,22.6,30.0,37.6,72.7,25.6
Wyoming,2024-06-01,2024,6,3.1,51.1,250.8,16.0,24.6,10.5,53.2,3.0,11.4,22.9,29.1,43.3,71.5,25.9
Wyoming,2024-07-01,2024,7,3.2,52.1,248.6,16.1,25.4,10.6,53.3,3.0,11.4,23.3,28.8,44.8,67.5,26.3
Wyoming,2024-08-01,2024,8,3.2,52.6,249.6,16.2,25.9,10.5,53.2,3.0,11.4,23.3,28.9,44.6,68.9,26.3
Wyoming,2024-09-01,2024,9,3.3,51.8,249.3,16.1,25.2,10.5,52.7,3.0,11.3,22.7,29.6,41.6,72.2,25.7
Wyoming,2024-10-01,2024,10,3.3,51.6,245.6,16.1,25.0,10.5,52.4,3.1,11.3,22.4,29.9,37.9,72.4,25.5
Wyoming,2024-11-01,2024,11,3.3,50.9,241.5,16.1,24.2,10.6,52.7,3.0,11.3,21.8,30.0,34.0,72.6,24.8
Wyoming,2024-12-01,2024,12,3.3,49.8,243.4,15.9,23.3,10.6,53.4,3.1,11.3,21.4,30.0,36.0,72.1,24.5
Wyoming,2025-01-01,2025,1,3.2,47.8,238.5,15.7,21.6,10.5,51.9,3.1,11.2,21.0,29.7,35.1,70.4,24.1
Wyoming,2025-02-01,2025,2,3.2,47.4,240.1,15.7,21.2,10.5,51.8,3.0,11.2,21.1,29.8,35.0,72.1,24.1
Wyoming,2025-03-01,2025,3,3.2,47.9,240.3,15.5,22.0,10.4,51.6,3.0,11.1,21.1,29.7,35.1,72.4,24.1
Wyoming,2025-04-01,2025,4,3.2,49.2,241.1,15.7,23.2,10.3,51.9,3.0,11.1,21.7,29.7,34.8,72.3,24.7
Wyoming,2025-05-01,2025,5,3.2,50.2,246.4,15.8,24.1,10.3,52.3,3.0,11.2,22.4,29.7,38.1,73.1,25.4
Wyoming,2025-06-01,2025,6,3.2,50.9,250.7,15.7,24.7,10.5,53.4,3.1,11.3,22.8,28.8,42.6,72.1,25.900000000000002
Wyoming,2025-07-01,2025,7,3.3,50.4,250.4,15.5,24.3,10.6,53.6,3.1,11.5,23.0,29.0,44.3,69.1,26.1
Wyoming,2025-08-01,2025,8,3.3,50.4,249.7,15.5,24.3,10.6,53.5,3.1,11.5,22.8,29.0,44.1,69.3,25.900000000000002
Wyoming,2025-09-01,2025,9,3.4,49.4,249.0,15.2,23.7,10.5,53.2,3.0,11.4,22.1,29.6,41.0,72.4,25.1
Wyoming,2025-10-01,2025,10,,49.1,246.2,14.9,23.8,10.4,53.2,3.0,11.5,21.9,29.7,37.6,72.9,24.9
Wyoming,2025-11-01,2025,11,3.5,49.7,242.3,15.5,23.8,10.4,53.6,3.0,11.4,21.0,30.0,34.5,72.4,24.0
Wyoming,2025-12-01,2025,12,3.5,48.4,244.3,15.1,22.9,10.4,53.9,3.0,11.5,21.2,29.9,36.6,72.0,24.2
Wyoming,2026-01-01,2026,1,3.6,47.3,239.1,14.8,22.2,10.3,52.2,3.0,11.4,20.6,29.8,36.6,69.5,23.6
Wyoming,2026-02-01,2026,2,3.6,47.5,240.9,15.2,22.1,10.2,52.0,3.0,11.5,20.7,30.1,35.9,71.8,23.7
