State,Date,Year,Month,Unemployment_Rate,Information,Professional_and_Tech_Services,Leisure_and_Hospitality,Other_Services,Total_Tech_Employment_Thousands
Alabama,2016-01-01,2016,1,5.9,1584.3,351.2,1611.6,1233.1,1935.5
Alabama,2016-02-01,2016,2,5.9,1593.1,351.2,1623.6,1241.9,1944.3
Alabama,2016-03-01,2016,3,5.9,1601.8,352.8,1632.0,1249.0,1954.6
Alabama,2016-04-01,2016,4,5.8,1617.9,354.6,1646.8,1263.3,1972.5
Alabama,2016-05-01,2016,5,5.8,1619.0,353.6,1650.0,1265.4,1972.6
Alabama,2016-06-01,2016,6,5.8,1620.3,354.5,1649.4,1265.8,1974.8
Alabama,2016-07-01,2016,7,5.8,1618.9,355.0,1636.6,1263.9,1973.9
Alabama,2016-08-01,2016,8,5.8,1621.6,354.2,1643.8,1267.4,1975.8
Alabama,2016-09-01,2016,9,5.8,1623.5,356.4,1650.6,1267.1,1979.9
Alabama,2016-10-01,2016,10,5.8,1620.5,354.9,1650.9,1265.6,1975.4
Alabama,2016-11-01,2016,11,5.7,1627.1,354.5,1659.1,1272.6,1981.6
Alabama,2016-12-01,2016,12,5.6,1628.9,356.1,1660.0,1272.8,1985.0
Alabama,2017-01-01,2017,1,5.4,1602.9,354.3,1630.2,1248.6,1957.2
Alabama,2017-02-01,2017,2,5.2,1614.2,356.4,1642.6,1257.8,1970.6
Alabama,2017-03-01,2017,3,5.0,1624.3,357.8,1652.8,1266.5,1982.1
Alabama,2017-04-01,2017,4,4.8,1630.2,356.8,1659.9,1273.4,1987.0
Alabama,2017-05-01,2017,5,4.6,1635.3,357.6,1665.4,1277.7,1992.9
Alabama,2017-06-01,2017,6,4.5,1641.2,358.2,1669.8,1283.0,1999.4
Alabama,2017-07-01,2017,7,4.3,1635.9,358.0,1653.3,1277.9,1993.9
Alabama,2017-08-01,2017,8,4.2,1641.6,358.7,1661.0,1282.9,2000.3
Alabama,2017-09-01,2017,9,4.1,1639.5,359.9,1664.7,1279.6,1999.4
Alabama,2017-10-01,2017,10,4.0,1643.4,361.7,1669.0,1281.7,2005.1000000000001
Alabama,2017-11-01,2017,11,4.0,1651.4,361.2,1678.4,1290.2,2012.6000000000001
Alabama,2017-12-01,2017,12,4.0,1651.1,362.1,1676.7,1289.0,2013.1999999999998
Alabama,2018-01-01,2018,1,4.0,1622.0,358.2,1645.5,1263.8,1980.2
Alabama,2018-02-01,2018,2,4.0,1634.8,361.7,1658.4,1273.1,1996.5
Alabama,2018-03-01,2018,3,4.0,1644.2,363.1,1668.0,1281.1,2007.3000000000002
Alabama,2018-04-01,2018,4,4.0,1653.7,363.3,1678.7,1290.4,2017.0
Alabama,2018-05-01,2018,5,4.0,1656.1,363.9,1682.1,1292.2,2020.0
Alabama,2018-06-01,2018,6,4.0,1665.5,366.0,1689.6,1299.5,2031.5
Alabama,2018-07-01,2018,7,3.9,1663.2,366.8,1674.5,1296.4,2030.0
Alabama,2018-08-01,2018,8,3.9,1667.9,368.0,1681.4,1299.9,2035.9
Alabama,2018-09-01,2018,9,3.9,1664.4,368.8,1683.2,1295.6,2033.2
Alabama,2018-10-01,2018,10,3.8,1672.7,369.7,1692.7,1303.0,2042.4
Alabama,2018-11-01,2018,11,3.8,1685.6,370.5,1705.9,1315.1,2056.1
Alabama,2018-12-01,2018,12,3.8,1683.9,371.6,1703.8,1312.3,2055.5
Alabama,2019-01-01,2019,1,3.7,1656.9,367.4,1675.8,1289.5,2024.3000000000002
Alabama,2019-02-01,2019,2,3.6,1666.6,369.3,1687.1,1297.3,2035.8999999999999
Alabama,2019-03-01,2019,3,3.4,1672.6,371.7,1692.1,1300.9,2044.3
Alabama,2019-04-01,2019,4,3.3,1684.2,371.8,1704.7,1312.4,2056.0
Alabama,2019-05-01,2019,5,3.2,1687.9,372.4,1709.2,1315.5,2060.3
Alabama,2019-06-01,2019,6,3.0,1691.3,373.5,1711.7,1317.8,2064.8
Alabama,2019-07-01,2019,7,3.0,1689.4,373.2,1700.9,1316.2,2062.6
Alabama,2019-08-01,2019,8,3.0,1693.0,373.9,1707.1,1319.1,2066.9
Alabama,2019-09-01,2019,9,3.0,1685.5,373.4,1706.0,1312.1,2058.9
Alabama,2019-10-01,2019,10,3.0,1691.4,374.2,1712.4,1317.2,2065.6
Alabama,2019-11-01,2019,11,3.0,1705.7,374.6,1727.6,1331.1,2080.3
Alabama,2019-12-01,2019,12,3.1,1703.7,375.7,1724.7,1328.0,2079.4
Alabama,2020-01-01,2020,1,3.2,1673.4,371.9,1694.1,1301.5,2045.3000000000002
Alabama,2020-02-01,2020,2,3.3,1682.3,373.8,1703.4,1308.5,2056.1
Alabama,2020-03-01,2020,3,3.4,1677.8,374.5,1699.2,1303.3,2052.3
Alabama,2020-04-01,2020,4,13.8,1458.1,332.0,1512.7,1126.1,1790.1
Alabama,2020-05-01,2020,5,10.4,1521.3,343.6,1552.0,1177.7,1864.9
Alabama,2020-06-01,2020,6,8.6,1576.1,357.0,1590.5,1219.1,1933.1
Alabama,2020-07-01,2020,7,7.5,1589.6,358.3,1600.9,1231.3,1947.8999999999999
Alabama,2020-08-01,2020,8,6.3,1603.8,359.0,1622.9,1244.8,1962.8
Alabama,2020-09-01,2020,9,5.9,1606.4,361.0,1631.1,1245.4,1967.4
Alabama,2020-10-01,2020,10,5.2,1634.9,364.7,1656.6,1270.2,1999.6000000000001
Alabama,2020-11-01,2020,11,4.8,1646.0,364.9,1668.0,1281.1,2010.9
Alabama,2020-12-01,2020,12,4.5,1652.1,366.6,1673.7,1285.5,2018.6999999999998
Alabama,2021-01-01,2021,1,4.2,1619.5,363.2,1639.9,1256.3,1982.7
Alabama,2021-02-01,2021,2,3.9,1631.1,364.7,1652.7,1266.4,1995.8
Alabama,2021-03-01,2021,3,3.8,1637.3,366.3,1658.8,1271.0,2003.6
Alabama,2021-04-01,2021,4,3.7,1642.6,364.3,1667.3,1278.3,2006.8999999999999
Alabama,2021-05-01,2021,5,3.6,1649.9,364.3,1675.2,1285.6,2014.2
Alabama,2021-06-01,2021,6,3.5,1659.9,366.0,1683.2,1293.9,2025.9
Alabama,2021-07-01,2021,7,3.4,1668.7,367.7,1683.0,1301.0,2036.4
Alabama,2021-08-01,2021,8,3.2,1665.8,366.5,1684.0,1299.3,2032.3
Alabama,2021-09-01,2021,9,3.0,1666.6,367.9,1687.9,1298.7,2034.5
Alabama,2021-10-01,2021,10,2.9,1687.5,371.4,1706.5,1316.1,2058.9
Alabama,2021-11-01,2021,11,2.8,1701.7,372.4,1720.9,1329.3,2074.1
Alabama,2021-12-01,2021,12,2.7,1706.8,374.7,1723.4,1332.1,2081.5
Alabama,2022-01-01,2022,1,2.6,1675.3,370.9,1690.9,1304.4,2046.1999999999998
Alabama,2022-02-01,2022,2,2.6,1696.5,376.3,1708.6,1320.2,2072.8
Alabama,2022-03-01,2022,3,2.6,1696.5,379.0,1707.1,1317.5,2075.5
Alabama,2022-04-01,2022,4,2.6,1709.8,380.4,1721.3,1329.4,2090.2
Alabama,2022-05-01,2022,5,2.6,1713.2,381.3,1724.4,1331.9,2094.5
Alabama,2022-06-01,2022,6,2.6,1717.7,382.6,1727.6,1335.1,2100.3
Alabama,2022-07-01,2022,7,2.6,1728.5,385.1,1728.1,1343.4,2113.6
Alabama,2022-08-01,2022,8,2.6,1727.4,385.1,1729.9,1342.3,2112.5
Alabama,2022-09-01,2022,9,2.5,1733.3,386.6,1740.4,1346.7,2119.9
Alabama,2022-10-01,2022,10,2.5,1736.7,387.5,1745.3,1349.2,2124.2
Alabama,2022-11-01,2022,11,2.4,1746.2,387.8,1755.7,1358.4,2134.0
Alabama,2022-12-01,2022,12,2.3,1749.2,389.4,1758.3,1359.8,2138.6
Alabama,2023-01-01,2023,1,2.3,1728.9,386.5,1737.2,1342.4,2115.4
Alabama,2023-02-01,2023,2,2.3,1741.3,388.5,1750.6,1352.8,2129.8
Alabama,2023-03-01,2023,3,2.3,1742.8,389.2,1753.9,1353.6,2132.0
Alabama,2023-04-01,2023,4,2.3,1752.2,390.1,1763.3,1362.1,2142.3
Alabama,2023-05-01,2023,5,2.3,1756.4,390.5,1768.2,1365.9,2146.9
Alabama,2023-06-01,2023,6,2.4,1767.2,394.1,1776.5,1373.1,2161.3
Alabama,2023-07-01,2023,7,2.4,1761.4,393.6,1764.0,1367.8,2155.0
Alabama,2023-08-01,2023,8,2.5,1762.7,394.1,1769.2,1368.6,2156.8
Alabama,2023-09-01,2023,9,2.6,1765.1,395.2,1777.2,1369.9,2160.2999999999997
Alabama,2023-10-01,2023,10,2.7,1768.7,395.4,1785.9,1373.3,2164.1
Alabama,2023-11-01,2023,11,2.8,1774.9,395.6,1793.5,1379.3,2170.5
Alabama,2023-12-01,2023,12,2.8,1776.4,397.1,1794.2,1379.3,2173.5
Alabama,2024-01-01,2024,1,2.9,1745.9,394.0,1762.4,1351.9,2139.9
Alabama,2024-02-01,2024,2,2.9,1762.2,398.3,1778.2,1363.9,2160.5
Alabama,2024-03-01,2024,3,2.9,1764.4,399.2,1782.0,1365.2,2163.6
Alabama,2024-04-01,2024,4,2.9,1771.9,399.7,1789.6,1372.2,2171.6
Alabama,2024-05-01,2024,5,2.9,1777.1,400.8,1794.9,1376.3,2177.9
Alabama,2024-06-01,2024,6,2.9,1781.4,404.7,1795.6,1376.7,2186.1
Alabama,2024-07-01,2024,7,3.0,1775.2,403.3,1780.6,1371.9,2178.5
Alabama,2024-08-01,2024,8,3.0,1777.8,403.5,1786.8,1374.3,2181.3
Alabama,2024-09-01,2024,9,3.1,1772.1,404.5,1785.1,1367.6,2176.6
Alabama,2024-10-01,2024,10,3.1,1779.1,403.2,1796.3,1375.9,2182.2999999999997
Alabama,2024-11-01,2024,11,3.1,1780.7,402.7,1804.9,1378.0,2183.4
Alabama,2024-12-01,2024,12,3.1,1778.1,402.6,1803.1,1375.5,2180.7
Alabama,2025-01-01,2025,1,3.1,1749.7,399.7,1773.9,1350.0,2149.4
Alabama,2025-02-01,2025,2,3.0,1762.1,402.3,1786.1,1359.8,2164.4
Alabama,2025-03-01,2025,3,3.0,1759.1,402.2,1784.7,1356.9,2161.2999999999997
Alabama,2025-04-01,2025,4,2.9,1771.1,402.7,1795.4,1368.4,2173.7999999999997
Alabama,2025-05-01,2025,5,2.9,1775.7,402.9,1800.9,1372.8,2178.6
Alabama,2025-06-01,2025,6,2.9,1776.3,404.4,1798.7,1371.9,2180.7
Alabama,2025-07-01,2025,7,2.8,1772.8,403.4,1785.7,1369.4,2176.2
Alabama,2025-08-01,2025,8,2.8,1773.1,402.9,1791.2,1370.2,2176.0
Alabama,2025-09-01,2025,9,2.8,1768.2,402.5,1792.0,1365.7,2170.7
Alabama,2025-10-01,2025,10,,1774.0,404.1,1797.6,1369.9,2178.1
Alabama,2025-11-01,2025,11,2.7,1777.5,404.5,1802.9,1373.0,2182.0
Alabama,2025-12-01,2025,12,2.7,1776.8,403.5,1803.1,1373.3,2180.3
Alaska,2016-01-01,2016,1,6.4,236.6,41.0,,,277.6
Alaska,2016-02-01,2016,2,6.5,239.9,43.2,,,283.1
Alaska,2016-03-01,2016,3,6.5,241.3,43.7,,,285.0
Alaska,2016-04-01,2016,4,6.6,246.1,43.2,,,289.3
Alaska,2016-05-01,2016,5,6.6,256.5,43.0,,,299.5
Alaska,2016-06-01,2016,6,6.7,269.3,49.7,,,319.0
Alaska,2016-07-01,2016,7,6.7,281.4,59.0,,,340.4
Alaska,2016-08-01,2016,8,6.7,276.3,54.1,,,330.40000000000003
Alaska,2016-09-01,2016,9,6.7,260.2,45.5,,,305.7
Alaska,2016-10-01,2016,10,6.7,245.2,41.3,,,286.5
Alaska,2016-11-01,2016,11,6.7,235.2,36.4,,,271.59999999999997
Alaska,2016-12-01,2016,12,6.7,233.9,34.4,,,268.3
Alaska,2017-01-01,2017,1,6.7,229.6,34.9,,,264.5
Alaska,2017-02-01,2017,2,6.6,235.0,38.6,,,273.6
Alaska,2017-03-01,2017,3,6.6,235.9,39.0,,,274.9
Alaska,2017-04-01,2017,4,6.6,239.2,38.5,,,277.7
Alaska,2017-05-01,2017,5,6.6,251.6,39.1,,,290.7
Alaska,2017-06-01,2017,6,6.6,267.9,47.4,,,315.29999999999995
Alaska,2017-07-01,2017,7,6.6,277.9,55.5,,,333.4
Alaska,2017-08-01,2017,8,6.6,274.4,52.5,,,326.9
Alaska,2017-09-01,2017,9,6.6,259.0,44.8,,,303.8
Alaska,2017-10-01,2017,10,6.6,243.5,39.9,,,283.4
Alaska,2017-11-01,2017,11,6.6,233.2,34.6,,,267.8
Alaska,2017-12-01,2017,12,6.6,230.7,32.6,,,263.3
Alaska,2018-01-01,2018,1,6.5,228.1,33.8,,,261.9
Alaska,2018-02-01,2018,2,6.4,233.3,37.4,,,270.7
Alaska,2018-03-01,2018,3,6.3,234.8,37.8,,,272.6
Alaska,2018-04-01,2018,4,6.1,237.4,38.1,,,275.5
Alaska,2018-05-01,2018,5,6.0,250.1,38.9,,,289.0
Alaska,2018-06-01,2018,6,6.0,266.3,46.9,,,313.2
Alaska,2018-07-01,2018,7,5.9,275.9,54.9,,,330.79999999999995
Alaska,2018-08-01,2018,8,5.9,272.4,51.0,,,323.4
Alaska,2018-09-01,2018,9,5.9,257.6,44.4,,,302.0
Alaska,2018-10-01,2018,10,6.0,244.9,40.5,,,285.4
Alaska,2018-11-01,2018,11,6.0,234.7,35.6,,,270.3
Alaska,2018-12-01,2018,12,6.1,232.7,34.2,,,266.9
Alaska,2019-01-01,2019,1,6.0,229.7,35.1,,,264.8
Alaska,2019-02-01,2019,2,5.9,235.2,38.9,,,274.09999999999997
Alaska,2019-03-01,2019,3,5.8,236.6,39.0,,,275.6
Alaska,2019-04-01,2019,4,5.7,240.7,40.0,,,280.7
Alaska,2019-05-01,2019,5,5.6,253.2,40.6,,,293.8
Alaska,2019-06-01,2019,6,5.6,268.5,48.5,,,317.0
Alaska,2019-07-01,2019,7,5.6,280.1,57.2,,,337.3
Alaska,2019-08-01,2019,8,5.6,276.3,53.3,,,329.6
Alaska,2019-09-01,2019,9,5.5,263.0,47.9,,,310.9
Alaska,2019-10-01,2019,10,5.4,247.0,41.8,,,288.8
Alaska,2019-11-01,2019,11,5.3,236.7,36.7,,,273.4
Alaska,2019-12-01,2019,12,5.2,234.5,35.2,,,269.7
Alaska,2020-01-01,2020,1,5.3,232.2,36.3,,,268.5
Alaska,2020-02-01,2020,2,5.4,237.3,40.0,,,277.3
Alaska,2020-03-01,2020,3,5.4,236.6,39.6,,,276.2
Alaska,2020-04-01,2020,4,11.6,202.0,35.1,,,237.1
Alaska,2020-05-01,2020,5,11.7,213.6,36.6,,,250.2
Alaska,2020-06-01,2020,6,11.2,227.8,42.5,,,270.3
Alaska,2020-07-01,2020,7,11.1,236.0,48.1,,,284.1
Alaska,2020-08-01,2020,8,8.6,233.0,44.8,,,277.8
Alaska,2020-09-01,2020,9,7.8,228.3,40.7,,,269.0
Alaska,2020-10-01,2020,10,7.2,224.3,37.1,,,261.40000000000003
Alaska,2020-11-01,2020,11,7.0,219.0,32.9,,,251.9
Alaska,2020-12-01,2020,12,7.1,216.4,31.5,,,247.9
Alaska,2021-01-01,2021,1,6.9,215.1,32.2,,,247.3
Alaska,2021-02-01,2021,2,6.9,219.1,33.7,,,252.8
Alaska,2021-03-01,2021,3,7.0,221.4,34.6,,,256.0
Alaska,2021-04-01,2021,4,7.0,225.4,35.9,,,261.3
Alaska,2021-05-01,2021,5,6.8,232.4,37.3,,,269.7
Alaska,2021-06-01,2021,6,6.8,245.6,43.8,,,289.4
Alaska,2021-07-01,2021,7,6.5,258.1,51.9,,,310.0
Alaska,2021-08-01,2021,8,6.3,253.7,48.0,,,301.7
Alaska,2021-09-01,2021,9,6.0,243.3,42.7,,,286.0
Alaska,2021-10-01,2021,10,5.8,232.1,37.6,,,269.7
Alaska,2021-11-01,2021,11,5.5,225.9,33.2,,,259.1
Alaska,2021-12-01,2021,12,5.4,224.7,32.0,,,256.7
Alaska,2022-01-01,2022,1,5.3,222.2,33.3,,,255.5
Alaska,2022-02-01,2022,2,5.0,227.3,35.5,,,262.8
Alaska,2022-03-01,2022,3,4.7,229.3,35.9,,,265.2
Alaska,2022-04-01,2022,4,4.5,234.0,36.8,,,270.8
Alaska,2022-05-01,2022,5,4.4,244.8,38.2,,,283.0
Alaska,2022-06-01,2022,6,4.2,259.2,45.0,,,304.2
Alaska,2022-07-01,2022,7,4.1,270.1,52.5,,,322.6
Alaska,2022-08-01,2022,8,3.9,265.0,48.1,,,313.1
Alaska,2022-09-01,2022,9,4.0,250.7,41.1,,,291.8
Alaska,2022-10-01,2022,10,4.1,237.4,37.7,,,275.1
Alaska,2022-11-01,2022,11,4.1,230.9,34.1,,,265.0
Alaska,2022-12-01,2022,12,4.1,229.8,32.6,,,262.40000000000003
Alaska,2023-01-01,2023,1,4.1,229.4,35.2,,,264.6
Alaska,2023-02-01,2023,2,4.1,234.4,37.5,,,271.9
Alaska,2023-03-01,2023,3,4.1,235.7,38.1,,,273.8
Alaska,2023-04-01,2023,4,4.1,239.8,38.0,,,277.8
Alaska,2023-05-01,2023,5,4.1,249.9,38.8,,,288.7
Alaska,2023-06-01,2023,6,4.2,270.9,48.7,,,319.59999999999997
Alaska,2023-07-01,2023,7,4.2,278.3,55.0,,,333.3
Alaska,2023-08-01,2023,8,4.3,274.2,51.1,,,325.3
Alaska,2023-09-01,2023,9,4.4,261.8,45.9,,,307.7
Alaska,2023-10-01,2023,10,4.4,245.2,40.6,,,285.8
Alaska,2023-11-01,2023,11,4.5,236.7,35.9,,,272.59999999999997
Alaska,2023-12-01,2023,12,4.5,236.2,34.6,,,270.8
Alaska,2024-01-01,2024,1,4.5,234.3,36.6,,,270.90000000000003
Alaska,2024-02-01,2024,2,4.5,239.8,39.8,,,279.6
Alaska,2024-03-01,2024,3,4.5,242.4,40.6,,,283.0
Alaska,2024-04-01,2024,4,4.5,246.0,40.8,,,286.8
Alaska,2024-05-01,2024,5,4.5,257.4,41.0,,,298.4
Alaska,2024-06-01,2024,6,4.5,274.1,49.3,,,323.40000000000003
Alaska,2024-07-01,2024,7,4.6,282.4,55.0,,,337.4
Alaska,2024-08-01,2024,8,4.6,277.1,49.6,,,326.70000000000005
Alaska,2024-09-01,2024,9,4.6,266.2,46.2,,,312.4
Alaska,2024-10-01,2024,10,4.6,250.5,42.1,,,292.6
Alaska,2024-11-01,2024,11,4.6,242.1,37.7,,,279.8
Alaska,2024-12-01,2024,12,4.5,241.4,37.0,,,278.4
Alaska,2025-01-01,2025,1,4.5,241.5,39.9,,,281.4
Alaska,2025-02-01,2025,2,4.6,245.0,42.7,,,287.7
Alaska,2025-03-01,2025,3,4.6,246.7,43.2,,,289.9
Alaska,2025-04-01,2025,4,4.6,250.7,43.4,,,294.09999999999997
Alaska,2025-05-01,2025,5,4.6,262.2,42.7,,,304.9
Alaska,2025-06-01,2025,6,4.6,277.3,50.5,,,327.8
Alaska,2025-07-01,2025,7,4.6,286.4,57.2,,,343.59999999999997
Alaska,2025-08-01,2025,8,4.6,280.6,52.2,,,332.8
Alaska,2025-09-01,2025,9,4.7,266.9,46.9,,,313.79999999999995
Alaska,2025-10-01,2025,10,,254.2,43.9,,,298.09999999999997
Alaska,2025-11-01,2025,11,4.8,246.7,39.4,,,286.09999999999997
Alaska,2025-12-01,2025,12,4.8,245.5,37.9,,,283.4
Arizona,2016-01-01,2016,1,5.7,,,,,0.0
Arizona,2016-02-01,2016,2,5.7,,,,,0.0
Arizona,2016-03-01,2016,3,5.6,,,,,0.0
Arizona,2016-04-01,2016,4,5.6,,,,,0.0
Arizona,2016-05-01,2016,5,5.6,,,,,0.0
Arizona,2016-06-01,2016,6,5.5,,,,,0.0
Arizona,2016-07-01,2016,7,5.5,,,,,0.0
Arizona,2016-08-01,2016,8,5.4,,,,,0.0
Arizona,2016-09-01,2016,9,5.4,,,,,0.0
Arizona,2016-10-01,2016,10,5.4,,,,,0.0
Arizona,2016-11-01,2016,11,5.3,,,,,0.0
Arizona,2016-12-01,2016,12,5.3,,,,,0.0
Arizona,2017-01-01,2017,1,5.2,,,,,0.0
Arizona,2017-02-01,2017,2,5.2,,,,,0.0
Arizona,2017-03-01,2017,3,5.1,,,,,0.0
Arizona,2017-04-01,2017,4,5.0,,,,,0.0
Arizona,2017-05-01,2017,5,5.0,,,,,0.0
Arizona,2017-06-01,2017,6,4.9,,,,,0.0
Arizona,2017-07-01,2017,7,4.9,,,,,0.0
Arizona,2017-08-01,2017,8,4.8,,,,,0.0
Arizona,2017-09-01,2017,9,4.8,,,,,0.0
Arizona,2017-10-01,2017,10,4.8,,,,,0.0
Arizona,2017-11-01,2017,11,4.9,,,,,0.0
Arizona,2017-12-01,2017,12,4.9,,,,,0.0
Arizona,2018-01-01,2018,1,4.9,,,,,0.0
Arizona,2018-02-01,2018,2,4.8,,,,,0.0
Arizona,2018-03-01,2018,3,4.8,,,,,0.0
Arizona,2018-04-01,2018,4,4.7,,,,,0.0
Arizona,2018-05-01,2018,5,4.7,,,,,0.0
Arizona,2018-06-01,2018,6,4.7,,,,,0.0
Arizona,2018-07-01,2018,7,4.7,,,,,0.0
Arizona,2018-08-01,2018,8,4.7,,,,,0.0
Arizona,2018-09-01,2018,9,4.8,,,,,0.0
Arizona,2018-10-01,2018,10,4.9,,,,,0.0
Arizona,2018-11-01,2018,11,5.0,,,,,0.0
Arizona,2018-12-01,2018,12,5.0,,,,,0.0
Arizona,2019-01-01,2019,1,5.0,,,,,0.0
Arizona,2019-02-01,2019,2,5.0,,,,,0.0
Arizona,2019-03-01,2019,3,4.9,,,,,0.0
Arizona,2019-04-01,2019,4,4.9,,,,,0.0
Arizona,2019-05-01,2019,5,4.8,,,,,0.0
Arizona,2019-06-01,2019,6,4.8,,,,,0.0
Arizona,2019-07-01,2019,7,4.8,,,,,0.0
Arizona,2019-08-01,2019,8,4.8,,,,,0.0
Arizona,2019-09-01,2019,9,4.7,,,,,0.0
Arizona,2019-10-01,2019,10,4.7,,,,,0.0
Arizona,2019-11-01,2019,11,4.7,,,,,0.0
Arizona,2019-12-01,2019,12,4.7,,,,,0.0
Arizona,2020-01-01,2020,1,4.8,,,,,0.0
Arizona,2020-02-01,2020,2,4.8,,,,,0.0
Arizona,2020-03-01,2020,3,4.9,,,,,0.0
Arizona,2020-04-01,2020,4,13.8,,,,,0.0
Arizona,2020-05-01,2020,5,11.2,,,,,0.0
Arizona,2020-06-01,2020,6,9.8,,,,,0.0
Arizona,2020-07-01,2020,7,9.0,,,,,0.0
Arizona,2020-08-01,2020,8,7.9,,,,,0.0
Arizona,2020-09-01,2020,9,7.5,,,,,0.0
Arizona,2020-10-01,2020,10,7.0,,,,,0.0
Arizona,2020-11-01,2020,11,6.7,,,,,0.0
Arizona,2020-12-01,2020,12,6.5,,,,,0.0
Arizona,2021-01-01,2021,1,6.3,,,,,0.0
Arizona,2021-02-01,2021,2,6.2,,,,,0.0
Arizona,2021-03-01,2021,3,6.0,,,,,0.0
Arizona,2021-04-01,2021,4,5.8,,,,,0.0
Arizona,2021-05-01,2021,5,5.6,,,,,0.0
Arizona,2021-06-01,2021,6,5.3,,,,,0.0
Arizona,2021-07-01,2021,7,4.9,,,,,0.0
Arizona,2021-08-01,2021,8,4.6,,,,,0.0
Arizona,2021-09-01,2021,9,4.2,,,,,0.0
Arizona,2021-10-01,2021,10,4.0,,,,,0.0
Arizona,2021-11-01,2021,11,3.8,,,,,0.0
Arizona,2021-12-01,2021,12,3.7,,,,,0.0
Arizona,2022-01-01,2022,1,3.6,,,,,0.0
Arizona,2022-02-01,2022,2,3.6,,,,,0.0
Arizona,2022-03-01,2022,3,3.7,,,,,0.0
Arizona,2022-04-01,2022,4,3.7,,,,,0.0
Arizona,2022-05-01,2022,5,3.7,,,,,0.0
Arizona,2022-06-01,2022,6,3.7,,,,,0.0
Arizona,2022-07-01,2022,7,3.8,,,,,0.0
Arizona,2022-08-01,2022,8,3.8,,,,,0.0
Arizona,2022-09-01,2022,9,3.8,,,,,0.0
Arizona,2022-10-01,2022,10,3.8,,,,,0.0
Arizona,2022-11-01,2022,11,3.8,,,,,0.0
Arizona,2022-12-01,2022,12,3.7,,,,,0.0
Arizona,2023-01-01,2023,1,3.7,,,,,0.0
Arizona,2023-02-01,2023,2,3.7,,,,,0.0
Arizona,2023-03-01,2023,3,3.6,,,,,0.0
Arizona,2023-04-01,2023,4,3.7,,,,,0.0
Arizona,2023-05-01,2023,5,3.7,,,,,0.0
Arizona,2023-06-01,2023,6,3.7,,,,,0.0
Arizona,2023-07-01,2023,7,3.7,,,,,0.0
Arizona,2023-08-01,2023,8,3.7,,,,,0.0
Arizona,2023-09-01,2023,9,3.8,,,,,0.0
Arizona,2023-10-01,2023,10,3.7,,,,,0.0
Arizona,2023-11-01,2023,11,3.7,,,,,0.0
Arizona,2023-12-01,2023,12,3.6,,,,,0.0
Arizona,2024-01-01,2024,1,3.5,,,,,0.0
Arizona,2024-02-01,2024,2,3.4,,,,,0.0
Arizona,2024-03-01,2024,3,3.4,,,,,0.0
Arizona,2024-04-01,2024,4,3.5,,,,,0.0
Arizona,2024-05-01,2024,5,3.5,,,,,0.0
Arizona,2024-06-01,2024,6,3.6,,,,,0.0
Arizona,2024-07-01,2024,7,3.7,,,,,0.0
Arizona,2024-08-01,2024,8,3.8,,,,,0.0
Arizona,2024-09-01,2024,9,3.9,,,,,0.0
Arizona,2024-10-01,2024,10,4.0,,,,,0.0
Arizona,2024-11-01,2024,11,4.0,,,,,0.0
Arizona,2024-12-01,2024,12,4.1,,,,,0.0
Arizona,2025-01-01,2025,1,4.2,,,,,0.0
Arizona,2025-02-01,2025,2,4.2,,,,,0.0
Arizona,2025-03-01,2025,3,4.2,,,,,0.0
Arizona,2025-04-01,2025,4,4.2,,,,,0.0
Arizona,2025-05-01,2025,5,4.3,,,,,0.0
Arizona,2025-06-01,2025,6,4.3,,,,,0.0
Arizona,2025-07-01,2025,7,4.3,,,,,0.0
Arizona,2025-08-01,2025,8,4.4,,,,,0.0
Arizona,2025-09-01,2025,9,4.4,,,,,0.0
Arizona,2025-10-01,2025,10,,,,,,0.0
Arizona,2025-11-01,2025,11,4.4,,,,,0.0
Arizona,2025-12-01,2025,12,4.4,,,,,0.0
Arkansas,2016-01-01,2016,1,4.2,,209.7,986.3,778.9,209.7
Arkansas,2016-02-01,2016,2,4.1,,209.8,996.2,785.9,209.8
Arkansas,2016-03-01,2016,3,4.0,,209.9,1004.4,792.1,209.9
Arkansas,2016-04-01,2016,4,4.0,,210.3,1011.4,799.5,210.3
Arkansas,2016-05-01,2016,5,4.0,,210.7,1013.6,801.7,210.7
Arkansas,2016-06-01,2016,6,4.0,,212.7,1005.1,798.8,212.7
Arkansas,2016-07-01,2016,7,4.0,,213.2,990.2,797.5,213.2
Arkansas,2016-08-01,2016,8,3.9,,212.7,1000.7,802.1,212.7
Arkansas,2016-09-01,2016,9,3.9,,213.4,1018.6,809.0,213.4
Arkansas,2016-10-01,2016,10,3.9,,212.6,1019.3,810.1,212.6
Arkansas,2016-11-01,2016,11,3.9,,211.7,1022.0,812.4,211.7
Arkansas,2016-12-01,2016,12,3.8,,211.8,1021.4,811.9,211.8
Arkansas,2017-01-01,2017,1,3.8,,210.4,999.7,794.5,210.4
Arkansas,2017-02-01,2017,2,3.7,,211.6,1010.1,801.6,211.6
Arkansas,2017-03-01,2017,3,3.7,,213.2,1016.8,807.2,213.2
Arkansas,2017-04-01,2017,4,3.7,,213.0,1022.0,812.6,213.0
Arkansas,2017-05-01,2017,5,3.7,,213.8,1025.7,815.7,213.8
Arkansas,2017-06-01,2017,6,3.7,,215.8,1016.9,812.7,215.8
Arkansas,2017-07-01,2017,7,3.7,,215.6,1000.6,807.9,215.6
Arkansas,2017-08-01,2017,8,3.7,,215.8,1012.5,813.1,215.8
Arkansas,2017-09-01,2017,9,3.8,,216.5,1029.1,817.5,216.5
Arkansas,2017-10-01,2017,10,3.8,,215.9,1029.5,818.9,215.9
Arkansas,2017-11-01,2017,11,3.8,,216.4,1032.9,821.9,216.4
Arkansas,2017-12-01,2017,12,3.8,,216.4,1032.4,821.8,216.4
Arkansas,2018-01-01,2018,1,3.8,,213.2,1012.0,805.2,213.2
Arkansas,2018-02-01,2018,2,3.8,,214.9,1020.0,810.7,214.9
Arkansas,2018-03-01,2018,3,3.7,,215.5,1025.8,815.6,215.5
Arkansas,2018-04-01,2018,4,3.7,,215.3,1030.8,821.3,215.3
Arkansas,2018-05-01,2018,5,3.6,,216.7,1035.2,825.6,216.7
Arkansas,2018-06-01,2018,6,3.6,,218.2,1023.9,819.5,218.2
Arkansas,2018-07-01,2018,7,3.5,,218.7,1011.0,818.4,218.7
Arkansas,2018-08-01,2018,8,3.5,,218.8,1023.1,824.0,218.8
Arkansas,2018-09-01,2018,9,3.6,,219.4,1037.6,826.8,219.4
Arkansas,2018-10-01,2018,10,3.6,,219.6,1039.7,829.1,219.6
Arkansas,2018-11-01,2018,11,3.7,,219.5,1043.8,832.4,219.5
Arkansas,2018-12-01,2018,12,3.7,,220.3,1041.5,831.6,220.3
Arkansas,2019-01-01,2019,1,3.7,,218.3,1024.1,818.1,218.3
Arkansas,2019-02-01,2019,2,3.6,,219.2,1030.7,822.3,219.2
Arkansas,2019-03-01,2019,3,3.5,,219.7,1034.1,824.8,219.7
Arkansas,2019-04-01,2019,4,3.4,,220.2,1038.9,829.8,220.2
Arkansas,2019-05-01,2019,5,3.4,,220.8,1040.3,831.3,220.8
Arkansas,2019-06-01,2019,6,3.4,,221.9,1028.8,826.0,221.9
Arkansas,2019-07-01,2019,7,3.4,,221.3,1013.9,823.5,221.3
Arkansas,2019-08-01,2019,8,3.5,,221.7,1025.0,827.7,221.7
Arkansas,2019-09-01,2019,9,3.5,,221.2,1037.7,830.2,221.2
Arkansas,2019-10-01,2019,10,3.5,,222.1,1044.7,835.2,222.1
Arkansas,2019-11-01,2019,11,3.5,,221.2,1051.4,841.6,221.2
Arkansas,2019-12-01,2019,12,3.5,,221.0,1050.8,841.6,221.0
Arkansas,2020-01-01,2020,1,3.5,,218.6,1034.3,828.8,218.6
Arkansas,2020-02-01,2020,2,3.6,,218.4,1039.2,832.1,218.4
Arkansas,2020-03-01,2020,3,4.8,,218.3,1039.2,831.0,218.3
Arkansas,2020-04-01,2020,4,10.1,,206.3,937.5,732.6,206.3
Arkansas,2020-05-01,2020,5,8.9,,209.7,965.2,763.4,209.7
Arkansas,2020-06-01,2020,6,7.9,,211.4,978.4,779.8,211.4
Arkansas,2020-07-01,2020,7,7.3,,210.1,969.9,783.5,210.1
Arkansas,2020-08-01,2020,8,6.4,,212.5,988.8,793.2,212.5
Arkansas,2020-09-01,2020,9,5.9,,213.7,1002.1,797.7,213.7
Arkansas,2020-10-01,2020,10,5.4,,214.7,1013.7,808.7,214.7
Arkansas,2020-11-01,2020,11,5.1,,215.1,1019.5,815.2,215.1
Arkansas,2020-12-01,2020,12,5.0,,215.9,1012.5,808.5,215.9
Arkansas,2021-01-01,2021,1,4.9,,213.8,1003.4,802.4,213.8
Arkansas,2021-02-01,2021,2,4.8,,213.0,1002.7,800.6,213.0
Arkansas,2021-03-01,2021,3,4.7,,216.6,1014.8,811.4,216.6
Arkansas,2021-04-01,2021,4,4.6,,216.7,1019.6,816.5,216.7
Arkansas,2021-05-01,2021,5,4.4,,216.4,1022.4,820.2,216.4
Arkansas,2021-06-01,2021,6,4.2,,218.2,1015.8,819.2,218.2
Arkansas,2021-07-01,2021,7,4.0,,218.8,1000.0,815.9,218.8
Arkansas,2021-08-01,2021,8,3.7,,218.5,1012.7,822.4,218.5
Arkansas,2021-09-01,2021,9,3.5,,218.9,1022.9,821.6,218.9
Arkansas,2021-10-01,2021,10,3.3,,220.4,1039.9,837.0,220.4
Arkansas,2021-11-01,2021,11,3.2,,220.4,1044.2,841.5,220.4
Arkansas,2021-12-01,2021,12,3.2,,221.5,1043.1,841.1,221.5
Arkansas,2022-01-01,2022,1,3.2,,218.5,1029.8,829.2,218.5
Arkansas,2022-02-01,2022,2,3.2,,221.2,1040.8,839.0,221.2
Arkansas,2022-03-01,2022,3,3.2,,222.0,1044.2,841.7,222.0
Arkansas,2022-04-01,2022,4,3.2,,223.0,1052.6,849.9,223.0
Arkansas,2022-05-01,2022,5,3.2,,224.6,1056.7,854.3,224.6
Arkansas,2022-06-01,2022,6,3.2,,226.5,1050.0,853.1,226.5
Arkansas,2022-07-01,2022,7,3.2,,228.0,1040.3,854.0,228.0
Arkansas,2022-08-01,2022,8,3.2,,228.2,1053.7,861.2,228.2
Arkansas,2022-09-01,2022,9,3.2,,229.5,1069.0,865.5,229.5
Arkansas,2022-10-01,2022,10,3.2,,229.7,1073.8,868.1,229.7
Arkansas,2022-11-01,2022,11,3.1,,228.9,1079.1,872.9,228.9
Arkansas,2022-12-01,2022,12,3.0,,229.0,1077.7,872.0,229.0
Arkansas,2023-01-01,2023,1,2.9,,227.9,1064.6,861.3,227.9
Arkansas,2023-02-01,2023,2,2.9,,228.7,1070.0,864.8,228.7
Arkansas,2023-03-01,2023,3,2.9,,229.3,1077.2,870.5,229.3
Arkansas,2023-04-01,2023,4,2.9,,230.0,1080.2,873.4,230.0
Arkansas,2023-05-01,2023,5,3.0,,231.0,1084.5,877.4,231.0
Arkansas,2023-06-01,2023,6,3.0,,233.9,1076.3,874.8,233.9
Arkansas,2023-07-01,2023,7,3.2,,232.4,1058.7,868.5,232.4
Arkansas,2023-08-01,2023,8,3.3,,232.6,1069.3,874.2,232.6
Arkansas,2023-09-01,2023,9,3.4,,233.2,1086.5,879.3,233.2
Arkansas,2023-10-01,2023,10,3.4,,233.0,1091.0,883.0,233.0
Arkansas,2023-11-01,2023,11,3.5,,232.9,1093.7,885.4,232.9
Arkansas,2023-12-01,2023,12,3.5,,233.3,1096.0,887.7,233.3
Arkansas,2024-01-01,2024,1,3.4,,230.4,1076.3,870.7,230.4
Arkansas,2024-02-01,2024,2,3.4,,231.9,1085.9,878.2,231.9
Arkansas,2024-03-01,2024,3,3.4,,234.0,1093.6,884.0,234.0
Arkansas,2024-04-01,2024,4,3.4,,233.5,1095.3,886.6,233.5
Arkansas,2024-05-01,2024,5,3.4,,234.0,1098.5,889.5,234.0
Arkansas,2024-06-01,2024,6,3.4,,236.0,1090.2,886.3,236.0
Arkansas,2024-07-01,2024,7,3.5,,235.5,1075.4,883.1,235.5
Arkansas,2024-08-01,2024,8,3.5,,235.6,1087.5,889.4,235.6
Arkansas,2024-09-01,2024,9,3.5,,235.9,1101.8,893.0,235.9
Arkansas,2024-10-01,2024,10,3.6,,234.4,1108.3,897.6,234.4
Arkansas,2024-11-01,2024,11,3.7,,233.6,1113.0,901.9,233.6
Arkansas,2024-12-01,2024,12,3.7,,233.9,1111.6,901.9,233.9
Arkansas,2025-01-01,2025,1,3.8,,230.5,1093.7,887.1,230.5
Arkansas,2025-02-01,2025,2,3.8,,231.0,1101.0,892.5,231.0
Arkansas,2025-03-01,2025,3,3.9,,231.7,1106.7,897.5,231.7
Arkansas,2025-04-01,2025,4,3.9,,230.7,1113.2,903.6,230.7
Arkansas,2025-05-01,2025,5,4.0,,230.9,1115.1,905.3,230.9
Arkansas,2025-06-01,2025,6,4.0,,231.8,1104.2,900.9,231.8
Arkansas,2025-07-01,2025,7,4.1,,230.8,1089.8,898.0,230.8
Arkansas,2025-08-01,2025,8,4.2,,230.3,1101.6,903.8,230.3
Arkansas,2025-09-01,2025,9,4.2,,230.2,1113.1,905.5,230.2
Arkansas,2025-10-01,2025,10,,,230.6,1118.0,910.2,230.6
Arkansas,2025-11-01,2025,11,4.3,,229.5,1119.1,910.8,229.5
Arkansas,2025-12-01,2025,12,4.3,,230.0,1121.2,913.8,230.0
California,2016-01-01,2016,1,5.7,13659.3,2032.4,14117.7,11626.9,15691.699999999999
California,2016-02-01,2016,2,5.6,13748.3,2047.3,14214.0,11701.0,15795.599999999999
California,2016-03-01,2016,3,5.6,13742.2,2042.3,14240.7,11699.9,15784.5
California,2016-04-01,2016,4,5.5,13882.8,2063.3,14366.8,11819.5,15946.099999999999
California,2016-05-01,2016,5,5.5,13920.5,2073.7,14407.0,11846.8,15994.2
California,2016-06-01,2016,6,5.5,13922.9,2087.6,14380.1,11835.3,16010.5
California,2016-07-01,2016,7,5.5,14011.6,2117.8,14275.5,11893.8,16129.400000000001
California,2016-08-01,2016,8,5.5,14056.1,2125.2,14344.1,11930.9,16181.3
California,2016-09-01,2016,9,5.5,14057.6,2118.4,14432.5,11939.2,16176.0
California,2016-10-01,2016,10,5.5,14135.7,2107.3,14585.5,12028.4,16243.0
California,2016-11-01,2016,11,5.4,14208.5,2094.8,14690.9,12113.7,16303.3
California,2016-12-01,2016,12,5.4,14223.6,2084.7,14708.1,12138.9,16308.3
California,2017-01-01,2017,1,5.3,13918.4,2039.2,14422.7,11879.2,15957.6
California,2017-02-01,2017,2,5.1,14016.3,2056.6,14525.0,11959.7,16072.9
California,2017-03-01,2017,3,5.0,14084.5,2074.9,14595.7,12009.6,16159.4
California,2017-04-01,2017,4,5.0,14138.7,2085.8,14642.3,12052.9,16224.5
California,2017-05-01,2017,5,4.9,14219.7,2106.7,14716.3,12113.0,16326.400000000001
California,2017-06-01,2017,6,4.8,14278.9,2131.2,14741.7,12147.7,16410.1
California,2017-07-01,2017,7,4.8,14309.0,2149.9,14571.2,12159.1,16458.9
California,2017-08-01,2017,8,4.8,14368.7,2163.1,14639.8,12205.6,16531.8
California,2017-09-01,2017,9,4.7,14365.4,2159.9,14728.7,12205.5,16525.3
California,2017-10-01,2017,10,4.6,14451.3,2154.3,14887.0,12297.0,16605.6
California,2017-11-01,2017,11,4.5,14541.2,2144.5,15006.0,12396.7,16685.7
California,2017-12-01,2017,12,4.5,14575.6,2142.7,15033.1,12432.9,16718.3
California,2018-01-01,2018,1,4.4,14293.4,2110.8,14756.6,12182.6,16404.2
California,2018-02-01,2018,2,4.3,14400.9,2139.5,14856.1,12261.4,16540.4
California,2018-03-01,2018,3,4.3,14432.3,2136.3,14910.7,12296.0,16568.6
California,2018-04-01,2018,4,4.2,14464.5,2148.4,14937.6,12316.1,16612.9
California,2018-05-01,2018,5,4.2,14515.2,2163.2,14982.7,12352.0,16678.4
California,2018-06-01,2018,6,4.2,14574.9,2184.6,15016.5,12390.3,16759.5
California,2018-07-01,2018,7,4.2,14610.1,2206.0,14833.4,12404.1,16816.1
California,2018-08-01,2018,8,4.2,14681.4,2217.0,14930.2,12464.4,16898.4
California,2018-09-01,2018,9,4.2,14648.8,2212.2,14985.3,12436.6,16861.0
California,2018-10-01,2018,10,4.3,14758.1,2209.0,15160.9,12549.1,16967.1
California,2018-11-01,2018,11,4.3,14838.8,2194.0,15278.9,12644.8,17032.8
California,2018-12-01,2018,12,4.3,14860.8,2183.8,15304.5,12677.0,17044.6
California,2019-01-01,2019,1,4.3,14548.0,2143.2,14999.4,12404.8,16691.2
California,2019-02-01,2019,2,4.3,14635.3,2154.8,15095.2,12480.5,16790.1
California,2019-03-01,2019,3,4.2,14671.8,2169.8,15138.5,12502.0,16841.6
California,2019-04-01,2019,4,4.1,14701.6,2178.6,15163.1,12523.0,16880.2
California,2019-05-01,2019,5,4.0,14754.4,2193.5,15211.0,12560.9,16947.9
California,2019-06-01,2019,6,4.0,14810.0,2214.4,15232.6,12595.6,17024.4
California,2019-07-01,2019,7,4.0,14847.4,2230.2,15083.5,12617.2,17077.6
California,2019-08-01,2019,8,4.0,14918.8,2243.3,15166.5,12675.5,17162.1
California,2019-09-01,2019,9,4.0,14880.7,2234.2,15201.0,12646.5,17114.9
California,2019-10-01,2019,10,4.0,14991.6,2228.2,15381.7,12763.4,17219.8
California,2019-11-01,2019,11,4.1,15119.0,2219.5,15539.8,12899.5,17338.5
California,2019-12-01,2019,12,4.1,15111.7,2201.2,15535.9,12910.5,17312.9
California,2020-01-01,2020,1,4.3,14861.4,2175.6,15306.1,12685.8,17037.0
California,2020-02-01,2020,2,4.4,14968.0,2197.8,15405.7,12770.2,17165.8
California,2020-03-01,2020,3,5.5,14787.7,2178.9,15260.2,12608.8,16966.600000000002
California,2020-04-01,2020,4,16.1,12359.0,1919.4,13001.6,10439.6,14278.4
California,2020-05-01,2020,5,15.8,12648.9,2033.9,13094.3,10615.0,14682.8
California,2020-06-01,2020,6,13.8,13180.3,2094.3,13540.6,11086.0,15274.599999999999
California,2020-07-01,2020,7,13.1,13258.8,2096.3,13475.8,11162.5,15355.099999999999
California,2020-08-01,2020,8,11.8,13317.5,2110.8,13593.8,11206.7,15428.3
California,2020-09-01,2020,9,9.9,13425.8,2107.0,13761.2,11318.8,15532.8
California,2020-10-01,2020,10,9.3,13778.5,2122.5,14117.0,11656.0,15901.0
California,2020-11-01,2020,11,9.0,13920.5,2112.6,14270.1,11807.9,16033.1
California,2020-12-01,2020,12,9.0,13810.8,2105.9,14154.9,11704.9,15916.699999999999
California,2021-01-01,2021,1,8.7,13407.8,2068.2,13767.2,11339.6,15476.0
California,2021-02-01,2021,2,8.6,13709.3,2095.5,14048.5,11613.8,15804.8
California,2021-03-01,2021,3,8.5,13833.4,2109.3,14178.6,11724.1,15942.7
California,2021-04-01,2021,4,8.4,14021.2,2126.2,14369.8,11895.0,16147.400000000001
California,2021-05-01,2021,5,8.0,14147.8,2135.0,14507.7,12012.8,16282.8
California,2021-06-01,2021,6,7.9,14205.3,2144.5,14553.8,12060.8,16349.8
California,2021-07-01,2021,7,7.4,14402.2,2171.7,14595.9,12230.5,16573.9
California,2021-08-01,2021,8,7.0,14494.7,2176.0,14729.9,12318.7,16670.7
California,2021-09-01,2021,9,6.5,14440.4,2163.0,14762.1,12277.4,16603.4
California,2021-10-01,2021,10,6.1,14801.5,2186.3,15137.7,12615.2,16987.8
California,2021-11-01,2021,11,5.7,14932.5,2183.6,15288.1,12748.9,17116.1
California,2021-12-01,2021,12,5.4,14974.0,2173.2,15332.6,12800.8,17147.2
California,2022-01-01,2022,1,5.2,14672.6,2148.0,15034.5,12524.6,16820.6
California,2022-02-01,2022,2,4.8,14902.6,2187.8,15235.5,12714.8,17090.4
California,2022-03-01,2022,3,4.5,14952.8,2201.9,15297.4,12750.9,17154.7
California,2022-04-01,2022,4,4.3,15060.6,2214.6,15403.1,12846.0,17275.2
California,2022-05-01,2022,5,4.1,15111.4,2225.2,15456.0,12886.2,17336.6
California,2022-06-01,2022,6,4.0,15136.1,2242.9,15462.1,12893.2,17379.0
California,2022-07-01,2022,7,3.9,15211.9,2263.2,15365.6,12948.7,17475.1
California,2022-08-01,2022,8,3.8,15267.6,2268.8,15444.0,12998.8,17536.4
California,2022-09-01,2022,9,4.0,15238.9,2263.0,15491.6,12975.9,17501.9
California,2022-10-01,2022,10,4.1,15335.7,2253.9,15637.7,13081.8,17589.600000000002
California,2022-11-01,2022,11,4.3,15382.9,2229.5,15754.8,13153.4,17612.4
California,2022-12-01,2022,12,4.4,15365.9,2219.3,15741.0,13146.6,17585.2
California,2023-01-01,2023,1,4.4,15012.5,2160.7,15424.9,12851.8,17173.2
California,2023-02-01,2023,2,4.5,15115.0,2203.2,15498.5,12911.8,17318.2
California,2023-03-01,2023,3,4.5,15102.1,2192.2,15520.2,12909.9,17294.3
California,2023-04-01,2023,4,4.5,15145.5,2207.1,15558.9,12938.4,17352.6
California,2023-05-01,2023,5,4.6,15221.6,2219.6,15647.6,13002.0,17441.2
California,2023-06-01,2023,6,4.6,15219.8,2236.7,15628.3,12983.1,17456.5
California,2023-07-01,2023,7,4.7,15220.5,2242.1,15453.9,12978.4,17462.6
California,2023-08-01,2023,8,4.8,15263.5,2249.5,15528.3,13014.0,17513.0
California,2023-09-01,2023,9,4.9,15253.3,2246.5,15596.7,13006.8,17499.8
California,2023-10-01,2023,10,5.0,15322.1,2237.5,15719.2,13084.6,17559.6
California,2023-11-01,2023,11,5.0,15364.7,2211.4,15831.1,13153.3,17576.100000000002
California,2023-12-01,2023,12,5.1,15377.3,2201.3,15853.9,13176.0,17578.6
California,2024-01-01,2024,1,5.1,15199.2,2176.9,15682.6,13022.3,17376.100000000002
California,2024-02-01,2024,2,5.1,15191.5,2166.9,15700.6,13024.6,17358.4
California,2024-03-01,2024,3,5.2,15198.4,2169.6,15735.6,13028.8,17368.0
California,2024-04-01,2024,4,5.2,15226.7,2179.2,15764.7,13047.5,17405.9
California,2024-05-01,2024,5,5.2,15255.1,2184.1,15804.1,13071.0,17439.2
California,2024-06-01,2024,6,5.3,15223.2,2197.8,15745.1,13025.4,17421.0
California,2024-07-01,2024,7,5.4,15296.6,2210.9,15626.7,13085.7,17507.5
California,2024-08-01,2024,8,5.4,15330.8,2208.6,15699.0,13122.2,17539.399999999998
California,2024-09-01,2024,9,5.4,15266.4,2196.1,15742.5,13070.3,17462.5
California,2024-10-01,2024,10,5.4,15441.3,2188.3,15976.7,13253.0,17629.6
California,2024-11-01,2024,11,5.4,15486.6,2168.7,16065.3,13317.9,17655.3
California,2024-12-01,2024,12,5.4,15413.3,2146.7,16003.3,13266.6,17560.0
California,2025-01-01,2025,1,5.4,15122.8,2111.8,15746.2,13011.0,17234.6
California,2025-02-01,2025,2,5.4,15189.9,2114.6,15798.2,13075.3,17304.5
California,2025-03-01,2025,3,5.4,15191.5,2111.6,15833.5,13079.9,17303.1
California,2025-04-01,2025,4,5.4,15309.2,2132.6,15938.6,13176.6,17441.8
California,2025-05-01,2025,5,5.5,15356.1,2139.9,15981.9,13216.2,17496.0
California,2025-06-01,2025,6,5.5,15302.2,2146.6,15905.1,13155.6,17448.8
California,2025-07-01,2025,7,5.5,15342.2,2154.5,15752.7,13187.7,17496.7
California,2025-08-01,2025,8,5.5,15411.6,2158.2,15824.1,13253.4,17569.8
California,2025-09-01,2025,9,5.5,15338.5,2141.8,15824.7,13196.7,17480.3
California,2025-10-01,2025,10,,15479.5,2138.9,16013.7,13340.6,17618.4
California,2025-11-01,2025,11,5.5,15533.9,2121.3,16105.6,13412.6,17655.2
California,2025-12-01,2025,12,5.5,15527.1,2108.6,16104.3,13418.5,17635.7
Colorado,2016-01-01,2016,1,3.3,,,,,0.0
Colorado,2016-02-01,2016,2,3.3,,,,,0.0
Colorado,2016-03-01,2016,3,3.3,,,,,0.0
Colorado,2016-04-01,2016,4,3.3,,,,,0.0
Colorado,2016-05-01,2016,5,3.3,,,,,0.0
Colorado,2016-06-01,2016,6,3.2,,,,,0.0
Colorado,2016-07-01,2016,7,3.2,,,,,0.0
Colorado,2016-08-01,2016,8,3.1,,,,,0.0
Colorado,2016-09-01,2016,9,3.0,,,,,0.0
Colorado,2016-10-01,2016,10,2.9,,,,,0.0
Colorado,2016-11-01,2016,11,2.8,,,,,0.0
Colorado,2016-12-01,2016,12,2.7,,,,,0.0
Colorado,2017-01-01,2017,1,2.6,,,,,0.0
Colorado,2017-02-01,2017,2,2.5,,,,,0.0
Colorado,2017-03-01,2017,3,2.4,,,,,0.0
Colorado,2017-04-01,2017,4,2.4,,,,,0.0
Colorado,2017-05-01,2017,5,2.4,,,,,0.0
Colorado,2017-06-01,2017,6,2.5,,,,,0.0
Colorado,2017-07-01,2017,7,2.6,,,,,0.0
Colorado,2017-08-01,2017,8,2.7,,,,,0.0
Colorado,2017-09-01,2017,9,2.8,,,,,0.0
Colorado,2017-10-01,2017,10,2.8,,,,,0.0
Colorado,2017-11-01,2017,11,2.8,,,,,0.0
Colorado,2017-12-01,2017,12,2.9,,,,,0.0
Colorado,2018-01-01,2018,1,2.9,,,,,0.0
Colorado,2018-02-01,2018,2,2.9,,,,,0.0
Colorado,2018-03-01,2018,3,2.9,,,,,0.0
Colorado,2018-04-01,2018,4,3.0,,,,,0.0
Colorado,2018-05-01,2018,5,3.0,,,,,0.0
Colorado,2018-06-01,2018,6,3.1,,,,,0.0
Colorado,2018-07-01,2018,7,3.1,,,,,0.0
Colorado,2018-08-01,2018,8,3.1,,,,,0.0
Colorado,2018-09-01,2018,9,3.1,,,,,0.0
Colorado,2018-10-01,2018,10,3.1,,,,,0.0
Colorado,2018-11-01,2018,11,3.1,,,,,0.0
Colorado,2018-12-01,2018,12,3.0,,,,,0.0
Colorado,2019-01-01,2019,1,3.0,,,,,0.0
Colorado,2019-02-01,2019,2,2.9,,,,,0.0
Colorado,2019-03-01,2019,3,2.8,,,,,0.0
Colorado,2019-04-01,2019,4,2.6,,,,,0.0
Colorado,2019-05-01,2019,5,2.6,,,,,0.0
Colorado,2019-06-01,2019,6,2.5,,,,,0.0
Colorado,2019-07-01,2019,7,2.5,,,,,0.0
Colorado,2019-08-01,2019,8,2.5,,,,,0.0
Colorado,2019-09-01,2019,9,2.5,,,,,0.0
Colorado,2019-10-01,2019,10,2.6,,,,,0.0
Colorado,2019-11-01,2019,11,2.7,,,,,0.0
Colorado,2019-12-01,2019,12,2.8,,,,,0.0
Colorado,2020-01-01,2020,1,3.0,,,,,0.0
Colorado,2020-02-01,2020,2,3.2,,,,,0.0
Colorado,2020-03-01,2020,3,3.4,,,,,0.0
Colorado,2020-04-01,2020,4,11.2,,,,,0.0
Colorado,2020-05-01,2020,5,11.7,,,,,0.0
Colorado,2020-06-01,2020,6,11.2,,,,,0.0
Colorado,2020-07-01,2020,7,6.5,,,,,0.0
Colorado,2020-08-01,2020,8,6.2,,,,,0.0
Colorado,2020-09-01,2020,9,6.3,,,,,0.0
Colorado,2020-10-01,2020,10,6.2,,,,,0.0
Colorado,2020-11-01,2020,11,6.2,,,,,0.0
Colorado,2020-12-01,2020,12,6.4,,,,,0.0
Colorado,2021-01-01,2021,1,6.3,,,,,0.0
Colorado,2021-02-01,2021,2,6.3,,,,,0.0
Colorado,2021-03-01,2021,3,6.2,,,,,0.0
Colorado,2021-04-01,2021,4,6.2,,,,,0.0
Colorado,2021-05-01,2021,5,6.0,,,,,0.0
Colorado,2021-06-01,2021,6,5.9,,,,,0.0
Colorado,2021-07-01,2021,7,5.7,,,,,0.0
Colorado,2021-08-01,2021,8,5.4,,,,,0.0
Colorado,2021-09-01,2021,9,4.9,,,,,0.0
Colorado,2021-10-01,2021,10,4.6,,,,,0.0
Colorado,2021-11-01,2021,11,4.4,,,,,0.0
Colorado,2021-12-01,2021,12,4.2,,,,,0.0
Colorado,2022-01-01,2022,1,4.0,,,,,0.0
Colorado,2022-02-01,2022,2,3.6,,,,,0.0
Colorado,2022-03-01,2022,3,3.3,,,,,0.0
Colorado,2022-04-01,2022,4,3.1,,,,,0.0
Colorado,2022-05-01,2022,5,3.0,,,,,0.0
Colorado,2022-06-01,2022,6,2.9,,,,,0.0
Colorado,2022-07-01,2022,7,2.7,,,,,0.0
Colorado,2022-08-01,2022,8,2.6,,,,,0.0
Colorado,2022-09-01,2022,9,2.8,,,,,0.0
Colorado,2022-10-01,2022,10,2.9,,,,,0.0
Colorado,2022-11-01,2022,11,2.9,,,,,0.0
Colorado,2022-12-01,2022,12,3.0,,,,,0.0
Colorado,2023-01-01,2023,1,3.0,,,,,0.0
Colorado,2023-02-01,2023,2,3.0,,,,,0.0
Colorado,2023-03-01,2023,3,3.1,,,,,0.0
Colorado,2023-04-01,2023,4,3.1,,,,,0.0
Colorado,2023-05-01,2023,5,3.2,,,,,0.0
Colorado,2023-06-01,2023,6,3.2,,,,,0.0
Colorado,2023-07-01,2023,7,3.3,,,,,0.0
Colorado,2023-08-01,2023,8,3.3,,,,,0.0
Colorado,2023-09-01,2023,9,3.4,,,,,0.0
Colorado,2023-10-01,2023,10,3.5,,,,,0.0
Colorado,2023-11-01,2023,11,3.6,,,,,0.0
Colorado,2023-12-01,2023,12,3.7,,,,,0.0
Colorado,2024-01-01,2024,1,3.8,,,,,0.0
Colorado,2024-02-01,2024,2,3.9,,,,,0.0
Colorado,2024-03-01,2024,3,3.9,,,,,0.0
Colorado,2024-04-01,2024,4,4.0,,,,,0.0
Colorado,2024-05-01,2024,5,4.1,,,,,0.0
Colorado,2024-06-01,2024,6,4.1,,,,,0.0
Colorado,2024-07-01,2024,7,4.2,,,,,0.0
Colorado,2024-08-01,2024,8,4.3,,,,,0.0
Colorado,2024-09-01,2024,9,4.3,,,,,0.0
Colorado,2024-10-01,2024,10,4.3,,,,,0.0
Colorado,2024-11-01,2024,11,4.3,,,,,0.0
Colorado,2024-12-01,2024,12,4.3,,,,,0.0
Colorado,2025-01-01,2025,1,4.3,,,,,0.0
Colorado,2025-02-01,2025,2,4.3,,,,,0.0
Colorado,2025-03-01,2025,3,4.2,,,,,0.0
Colorado,2025-04-01,2025,4,4.2,,,,,0.0
Colorado,2025-05-01,2025,5,4.1,,,,,0.0
Colorado,2025-06-01,2025,6,4.0,,,,,0.0
Colorado,2025-07-01,2025,7,3.9,,,,,0.0
Colorado,2025-08-01,2025,8,3.9,,,,,0.0
Colorado,2025-09-01,2025,9,3.8,,,,,0.0
Colorado,2025-10-01,2025,10,,,,,,0.0
Colorado,2025-11-01,2025,11,3.8,,,,,0.0
Colorado,2025-12-01,2025,12,3.8,,,,,0.0
Connecticut,2016-01-01,2016,1,5.3,,,,,0.0
Connecticut,2016-02-01,2016,2,5.2,,,,,0.0
Connecticut,2016-03-01,2016,3,5.1,,,,,0.0
Connecticut,2016-04-01,2016,4,5.0,,,,,0.0
Connecticut,2016-05-01,2016,5,5.0,,,,,0.0
Connecticut,2016-06-01,2016,6,4.9,,,,,0.0
Connecticut,2016-07-01,2016,7,4.8,,,,,0.0
Connecticut,2016-08-01,2016,8,4.7,,,,,0.0
Connecticut,2016-09-01,2016,9,4.7,,,,,0.0
Connecticut,2016-10-01,2016,10,4.6,,,,,0.0
Connecticut,2016-11-01,2016,11,4.6,,,,,0.0
Connecticut,2016-12-01,2016,12,4.6,,,,,0.0
Connecticut,2017-01-01,2017,1,4.6,,,,,0.0
Connecticut,2017-02-01,2017,2,4.5,,,,,0.0
Connecticut,2017-03-01,2017,3,4.5,,,,,0.0
Connecticut,2017-04-01,2017,4,4.5,,,,,0.0
Connecticut,2017-05-01,2017,5,4.4,,,,,0.0
Connecticut,2017-06-01,2017,6,4.4,,,,,0.0
Connecticut,2017-07-01,2017,7,4.4,,,,,0.0
Connecticut,2017-08-01,2017,8,4.4,,,,,0.0
Connecticut,2017-09-01,2017,9,4.3,,,,,0.0
Connecticut,2017-10-01,2017,10,4.3,,,,,0.0
Connecticut,2017-11-01,2017,11,4.3,,,,,0.0
Connecticut,2017-12-01,2017,12,4.3,,,,,0.0
Connecticut,2018-01-01,2018,1,4.2,,,,,0.0
Connecticut,2018-02-01,2018,2,4.2,,,,,0.0
Connecticut,2018-03-01,2018,3,4.1,,,,,0.0
Connecticut,2018-04-01,2018,4,4.0,,,,,0.0
Connecticut,2018-05-01,2018,5,3.9,,,,,0.0
Connecticut,2018-06-01,2018,6,3.9,,,,,0.0
Connecticut,2018-07-01,2018,7,3.8,,,,,0.0
Connecticut,2018-08-01,2018,8,3.8,,,,,0.0
Connecticut,2018-09-01,2018,9,3.8,,,,,0.0
Connecticut,2018-10-01,2018,10,3.7,,,,,0.0
Connecticut,2018-11-01,2018,11,3.7,,,,,0.0
Connecticut,2018-12-01,2018,12,3.7,,,,,0.0
Connecticut,2019-01-01,2019,1,3.7,,,,,0.0
Connecticut,2019-02-01,2019,2,3.6,,,,,0.0
Connecticut,2019-03-01,2019,3,3.5,,,,,0.0
Connecticut,2019-04-01,2019,4,3.5,,,,,0.0
Connecticut,2019-05-01,2019,5,3.5,,,,,0.0
Connecticut,2019-06-01,2019,6,3.5,,,,,0.0
Connecticut,2019-07-01,2019,7,3.5,,,,,0.0
Connecticut,2019-08-01,2019,8,3.6,,,,,0.0
Connecticut,2019-09-01,2019,9,3.6,,,,,0.0
Connecticut,2019-10-01,2019,10,3.6,,,,,0.0
Connecticut,2019-11-01,2019,11,3.7,,,,,0.0
Connecticut,2019-12-01,2019,12,3.7,,,,,0.0
Connecticut,2020-01-01,2020,1,3.8,,,,,0.0
Connecticut,2020-02-01,2020,2,3.8,,,,,0.0
Connecticut,2020-03-01,2020,3,3.9,,,,,0.0
Connecticut,2020-04-01,2020,4,8.3,,,,,0.0
Connecticut,2020-05-01,2020,5,11.9,,,,,0.0
Connecticut,2020-06-01,2020,6,11.5,,,,,0.0
Connecticut,2020-07-01,2020,7,11.7,,,,,0.0
Connecticut,2020-08-01,2020,8,9.6,,,,,0.0
Connecticut,2020-09-01,2020,9,8.8,,,,,0.0
Connecticut,2020-10-01,2020,10,7.9,,,,,0.0
Connecticut,2020-11-01,2020,11,7.5,,,,,0.0
Connecticut,2020-12-01,2020,12,7.4,,,,,0.0
Connecticut,2021-01-01,2021,1,7.2,,,,,0.0
Connecticut,2021-02-01,2021,2,7.2,,,,,0.0
Connecticut,2021-03-01,2021,3,7.1,,,,,0.0
Connecticut,2021-04-01,2021,4,7.2,,,,,0.0
Connecticut,2021-05-01,2021,5,7.0,,,,,0.0
Connecticut,2021-06-01,2021,6,6.9,,,,,0.0
Connecticut,2021-07-01,2021,7,6.6,,,,,0.0
Connecticut,2021-08-01,2021,8,6.3,,,,,0.0
Connecticut,2021-09-01,2021,9,5.9,,,,,0.0
Connecticut,2021-10-01,2021,10,5.6,,,,,0.0
Connecticut,2021-11-01,2021,11,5.3,,,,,0.0
Connecticut,2021-12-01,2021,12,5.0,,,,,0.0
Connecticut,2022-01-01,2022,1,4.8,,,,,0.0
Connecticut,2022-02-01,2022,2,4.5,,,,,0.0
Connecticut,2022-03-01,2022,3,4.3,,,,,0.0
Connecticut,2022-04-01,2022,4,4.2,,,,,0.0
Connecticut,2022-05-01,2022,5,4.1,,,,,0.0
Connecticut,2022-06-01,2022,6,4.0,,,,,0.0
Connecticut,2022-07-01,2022,7,3.9,,,,,0.0
Connecticut,2022-08-01,2022,8,3.7,,,,,0.0
Connecticut,2022-09-01,2022,9,3.7,,,,,0.0
Connecticut,2022-10-01,2022,10,3.7,,,,,0.0
Connecticut,2022-11-01,2022,11,3.6,,,,,0.0
Connecticut,2022-12-01,2022,12,3.5,,,,,0.0
Connecticut,2023-01-01,2023,1,3.4,,,,,0.0
Connecticut,2023-02-01,2023,2,3.3,,,,,0.0
Connecticut,2023-03-01,2023,3,3.2,,,,,0.0
Connecticut,2023-04-01,2023,4,3.1,,,,,0.0
Connecticut,2023-05-01,2023,5,3.1,,,,,0.0
Connecticut,2023-06-01,2023,6,3.1,,,,,0.0
Connecticut,2023-07-01,2023,7,3.1,,,,,0.0
Connecticut,2023-08-01,2023,8,3.1,,,,,0.0
Connecticut,2023-09-01,2023,9,3.2,,,,,0.0
Connecticut,2023-10-01,2023,10,3.2,,,,,0.0
Connecticut,2023-11-01,2023,11,3.3,,,,,0.0
Connecticut,2023-12-01,2023,12,3.3,,,,,0.0
Connecticut,2024-01-01,2024,1,3.3,,,,,0.0
Connecticut,2024-02-01,2024,2,3.2,,,,,0.0
Connecticut,2024-03-01,2024,3,3.2,,,,,0.0
Connecticut,2024-04-01,2024,4,3.2,,,,,0.0
Connecticut,2024-05-01,2024,5,3.2,,,,,0.0
Connecticut,2024-06-01,2024,6,3.2,,,,,0.0
Connecticut,2024-07-01,2024,7,3.3,,,,,0.0
Connecticut,2024-08-01,2024,8,3.3,,,,,0.0
Connecticut,2024-09-01,2024,9,3.4,,,,,0.0
Connecticut,2024-10-01,2024,10,3.4,,,,,0.0
Connecticut,2024-11-01,2024,11,3.5,,,,,0.0
Connecticut,2024-12-01,2024,12,3.5,,,,,0.0
Connecticut,2025-01-01,2025,1,3.6,,,,,0.0
Connecticut,2025-02-01,2025,2,3.7,,,,,0.0
Connecticut,2025-03-01,2025,3,3.7,,,,,0.0
Connecticut,2025-04-01,2025,4,3.8,,,,,0.0
Connecticut,2025-05-01,2025,5,3.8,,,,,0.0
Connecticut,2025-06-01,2025,6,3.9,,,,,0.0
Connecticut,2025-07-01,2025,7,3.9,,,,,0.0
Connecticut,2025-08-01,2025,8,4.1,,,,,0.0
Connecticut,2025-09-01,2025,9,4.2,,,,,0.0
Connecticut,2025-10-01,2025,10,,,,,,0.0
Connecticut,2025-11-01,2025,11,4.3,,,,,0.0
Connecticut,2025-12-01,2025,12,4.3,,,,,0.0
Delaware,2016-01-01,2016,1,4.5,375.8,45.6,394.0,330.2,421.40000000000003
Delaware,2016-02-01,2016,2,4.5,375.9,45.8,394.2,330.1,421.7
Delaware,2016-03-01,2016,3,4.5,379.0,46.5,398.2,332.5,425.5
Delaware,2016-04-01,2016,4,4.5,383.3,46.3,403.3,337.0,429.6
Delaware,2016-05-01,2016,5,4.5,387.1,46.6,406.7,340.5,433.70000000000005
Delaware,2016-06-01,2016,6,4.5,392.7,47.2,408.6,345.5,439.9
Delaware,2016-07-01,2016,7,4.5,394.9,47.6,409.7,347.3,442.5
Delaware,2016-08-01,2016,8,4.5,393.8,47.9,406.4,345.9,441.7
Delaware,2016-09-01,2016,9,4.6,389.3,47.6,406.2,341.7,436.90000000000003
Delaware,2016-10-01,2016,10,4.6,388.0,47.8,406.4,340.2,435.8
Delaware,2016-11-01,2016,11,4.6,390.3,47.8,409.3,342.5,438.1
Delaware,2016-12-01,2016,12,4.6,391.0,47.8,409.5,343.2,438.8
Delaware,2017-01-01,2017,1,4.6,380.3,46.9,398.1,333.4,427.2
Delaware,2017-02-01,2017,2,4.6,380.4,47.2,398.1,333.2,427.59999999999997
Delaware,2017-03-01,2017,3,4.5,381.8,47.7,401.0,334.1,429.5
Delaware,2017-04-01,2017,4,4.5,386.2,47.8,405.2,338.4,434.0
Delaware,2017-05-01,2017,5,4.5,389.3,47.6,408.5,341.7,436.90000000000003
Delaware,2017-06-01,2017,6,4.4,396.7,48.2,412.6,348.5,444.9
Delaware,2017-07-01,2017,7,4.4,397.1,48.3,411.4,348.8,445.40000000000003
Delaware,2017-08-01,2017,8,4.3,396.5,48.0,409.3,348.5,444.5
Delaware,2017-09-01,2017,9,4.3,392.5,48.1,409.8,344.4,440.6
Delaware,2017-10-01,2017,10,4.3,390.8,48.0,408.8,342.8,438.8
Delaware,2017-11-01,2017,11,4.2,394.7,48.4,412.5,346.3,443.09999999999997
Delaware,2017-12-01,2017,12,4.2,394.8,48.5,412.3,346.3,443.3
Delaware,2018-01-01,2018,1,4.1,383.5,47.4,400.0,336.1,430.9
Delaware,2018-02-01,2018,2,4.0,384.6,47.9,401.8,336.7,432.5
Delaware,2018-03-01,2018,3,3.9,386.9,48.3,404.8,338.6,435.2
Delaware,2018-04-01,2018,4,3.8,391.9,48.9,409.5,343.0,440.79999999999995
Delaware,2018-05-01,2018,5,3.7,397.7,49.2,415.3,348.5,446.9
Delaware,2018-06-01,2018,6,3.7,402.9,50.0,416.8,352.9,452.9
Delaware,2018-07-01,2018,7,3.6,402.2,50.0,415.1,352.2,452.2
Delaware,2018-08-01,2018,8,3.5,400.9,50.1,412.2,350.8,451.0
Delaware,2018-09-01,2018,9,3.5,395.6,49.9,411.2,345.7,445.5
Delaware,2018-10-01,2018,10,3.5,397.3,50.1,413.7,347.2,447.40000000000003
Delaware,2018-11-01,2018,11,3.5,398.8,50.0,415.7,348.8,448.8
Delaware,2018-12-01,2018,12,3.5,399.0,50.6,415.3,348.4,449.6
Delaware,2019-01-01,2019,1,3.5,389.2,49.5,404.1,339.7,438.7
Delaware,2019-02-01,2019,2,3.5,389.4,49.5,405.6,339.9,438.9
Delaware,2019-03-01,2019,3,3.5,393.2,50.1,410.0,343.1,443.3
Delaware,2019-04-01,2019,4,3.5,397.0,50.4,413.7,346.6,447.4
Delaware,2019-05-01,2019,5,3.5,401.1,50.5,417.0,350.6,451.6
Delaware,2019-06-01,2019,6,3.5,405.8,50.8,419.7,355.0,456.6
Delaware,2019-07-01,2019,7,3.6,407.0,50.7,420.3,356.3,457.7
Delaware,2019-08-01,2019,8,3.6,406.6,50.8,418.6,355.8,457.40000000000003
Delaware,2019-09-01,2019,9,3.6,400.5,50.3,416.1,350.2,450.8
Delaware,2019-10-01,2019,10,3.6,400.0,50.5,417.0,349.5,450.5
Delaware,2019-11-01,2019,11,3.6,402.8,50.4,420.5,352.4,453.2
Delaware,2019-12-01,2019,12,3.6,402.2,50.2,419.5,352.0,452.4
Delaware,2020-01-01,2020,1,3.6,391.5,49.7,407.0,341.8,441.2
Delaware,2020-02-01,2020,2,3.6,391.4,49.5,408.5,341.9,440.9
Delaware,2020-03-01,2020,3,5.0,390.5,49.9,408.4,340.6,440.4
Delaware,2020-04-01,2020,4,13.1,334.2,44.7,353.8,289.5,378.9
Delaware,2020-05-01,2020,5,13.4,344.8,46.3,361.9,298.5,391.1
Delaware,2020-06-01,2020,6,12.8,369.0,47.6,383.4,321.4,416.6
Delaware,2020-07-01,2020,7,7.6,376.9,48.1,390.6,328.8,425.0
Delaware,2020-08-01,2020,8,7.4,378.9,48.2,393.0,330.7,427.09999999999997
Delaware,2020-09-01,2020,9,7.6,378.4,47.7,395.5,330.7,426.09999999999997
Delaware,2020-10-01,2020,10,5.2,381.2,48.1,398.8,333.1,429.3
Delaware,2020-11-01,2020,11,5.4,382.4,48.1,400.2,334.3,430.5
Delaware,2020-12-01,2020,12,5.6,381.3,48.3,398.6,333.0,429.6
Delaware,2021-01-01,2021,1,5.8,370.9,47.1,386.8,323.8,418.0
Delaware,2021-02-01,2021,2,5.9,371.0,46.8,388.7,324.2,417.8
Delaware,2021-03-01,2021,3,6.0,375.2,47.7,393.2,327.5,422.9
Delaware,2021-04-01,2021,4,6.0,381.0,48.1,399.4,332.9,429.1
Delaware,2021-05-01,2021,5,5.9,385.4,48.1,402.9,337.3,433.5
Delaware,2021-06-01,2021,6,5.8,389.8,48.3,405.9,341.5,438.1
Delaware,2021-07-01,2021,7,5.6,395.4,49.0,410.0,346.4,444.4
Delaware,2021-08-01,2021,8,5.4,393.1,49.1,406.7,344.0,442.20000000000005
Delaware,2021-09-01,2021,9,5.1,388.2,48.8,405.1,339.4,437.0
Delaware,2021-10-01,2021,10,4.9,392.2,48.8,410.2,343.4,441.0
Delaware,2021-11-01,2021,11,4.8,395.2,48.7,413.7,346.5,443.9
Delaware,2021-12-01,2021,12,4.6,397.0,48.8,415.1,348.2,445.8
Delaware,2022-01-01,2022,1,4.5,386.7,47.8,403.4,338.9,434.5
Delaware,2022-02-01,2022,2,4.4,390.5,48.6,408.0,341.9,439.1
Delaware,2022-03-01,2022,3,4.3,393.1,48.8,411.2,344.3,441.90000000000003
Delaware,2022-04-01,2022,4,4.2,400.8,49.8,418.8,351.0,450.6
Delaware,2022-05-01,2022,5,4.2,403.5,49.3,421.6,354.2,452.8
Delaware,2022-06-01,2022,6,4.2,407.8,49.8,423.1,358.0,457.6
Delaware,2022-07-01,2022,7,4.1,411.7,50.1,425.9,361.6,461.8
Delaware,2022-08-01,2022,8,4.1,411.2,50.1,424.3,361.1,461.3
Delaware,2022-09-01,2022,9,4.1,407.3,49.8,424.9,357.5,457.1
Delaware,2022-10-01,2022,10,4.2,408.8,50.1,426.9,358.7,458.90000000000003
Delaware,2022-11-01,2022,11,4.1,410.2,50.1,428.8,360.1,460.3
Delaware,2022-12-01,2022,12,4.1,409.9,50.1,428.9,359.8,460.0
Delaware,2023-01-01,2023,1,4.0,403.2,49.6,419.6,353.6,452.8
Delaware,2023-02-01,2023,2,3.9,404.3,49.8,422.8,354.5,454.1
Delaware,2023-03-01,2023,3,3.9,406.7,50.0,425.9,356.7,456.7
Delaware,2023-04-01,2023,4,3.8,411.8,51.4,429.6,360.4,463.2
Delaware,2023-05-01,2023,5,3.8,417.4,51.6,434.4,365.8,469.0
Delaware,2023-06-01,2023,6,3.8,422.4,51.4,438.7,371.0,473.79999999999995
Delaware,2023-07-01,2023,7,3.9,423.7,51.4,438.1,372.3,475.09999999999997
Delaware,2023-08-01,2023,8,3.9,422.1,51.3,436.0,370.8,473.40000000000003
Delaware,2023-09-01,2023,9,3.9,417.4,51.1,435.2,366.3,468.5
Delaware,2023-10-01,2023,10,4.0,417.3,50.9,436.9,366.4,468.2
Delaware,2023-11-01,2023,11,3.9,418.3,51.0,437.9,367.3,469.3
Delaware,2023-12-01,2023,12,3.9,417.4,50.7,437.8,366.7,468.09999999999997
Delaware,2024-01-01,2024,1,3.9,408.2,49.8,426.2,358.4,458.0
Delaware,2024-02-01,2024,2,3.8,408.6,50.0,428.6,358.6,458.6
Delaware,2024-03-01,2024,3,3.8,413.0,50.7,433.7,362.3,463.7
Delaware,2024-04-01,2024,4,3.9,418.7,51.1,439.1,367.6,469.8
Delaware,2024-05-01,2024,5,3.9,422.4,51.0,442.5,371.4,473.4
Delaware,2024-06-01,2024,6,4.0,426.4,51.4,444.5,375.0,477.79999999999995
Delaware,2024-07-01,2024,7,4.0,429.0,51.5,444.4,377.5,480.5
Delaware,2024-08-01,2024,8,3.9,428.7,51.4,443.5,377.3,480.09999999999997
Delaware,2024-09-01,2024,9,3.9,424.8,51.2,444.0,373.6,476.0
Delaware,2024-10-01,2024,10,3.9,424.3,51.4,445.2,372.9,475.7
Delaware,2024-11-01,2024,11,4.0,426.0,51.5,447.4,374.5,477.5
Delaware,2024-12-01,2024,12,4.0,423.6,51.1,445.2,372.5,474.70000000000005
Delaware,2025-01-01,2025,1,4.1,414.0,49.9,435.0,364.1,463.9
Delaware,2025-02-01,2025,2,4.3,415.3,50.1,436.9,365.2,465.40000000000003
Delaware,2025-03-01,2025,3,4.4,417.6,50.7,440.1,366.9,468.3
Delaware,2025-04-01,2025,4,4.5,423.1,51.5,445.0,371.6,474.6
Delaware,2025-05-01,2025,5,4.5,427.6,51.7,448.9,375.9,479.3
Delaware,2025-06-01,2025,6,4.7,430.6,52.3,449.6,378.3,482.90000000000003
Delaware,2025-07-01,2025,7,4.8,431.2,52.2,448.6,379.0,483.4
Delaware,2025-08-01,2025,8,5.0,429.6,52.0,446.3,377.6,481.6
Delaware,2025-09-01,2025,9,5.2,423.1,51.5,443.9,371.6,474.6
Delaware,2025-10-01,2025,10,,421.2,50.9,443.2,370.3,472.09999999999997
Delaware,2025-11-01,2025,11,5.3,421.5,50.7,444.0,370.8,472.2
Delaware,2025-12-01,2025,12,5.3,422.6,51.0,444.4,371.6,473.6
Florida,2016-01-01,2016,1,5.1,7143.0,806.4,7436.7,6336.6,7949.4
Florida,2016-02-01,2016,2,5.0,7207.9,815.4,7503.9,6392.5,8023.299999999999
Florida,2016-03-01,2016,3,4.9,7250.5,821.1,7544.1,6429.4,8071.6
Florida,2016-04-01,2016,4,4.9,7285.4,829.0,7573.1,6456.4,8114.4
Florida,2016-05-01,2016,5,4.9,7280.9,833.9,7557.4,6447.0,8114.799999999999
Florida,2016-06-01,2016,6,4.9,7254.7,839.9,7439.0,6414.8,8094.599999999999
Florida,2016-07-01,2016,7,4.9,7258.3,844.9,7434.9,6413.4,8103.2
Florida,2016-08-01,2016,8,4.9,7281.0,847.4,7528.6,6433.6,8128.4
Florida,2016-09-01,2016,9,4.9,7300.2,852.8,7560.5,6447.4,8153.0
Florida,2016-10-01,2016,10,4.9,7354.1,855.3,7617.4,6498.8,8209.4
Florida,2016-11-01,2016,11,4.8,7449.0,860.7,7712.0,6588.3,8309.7
Florida,2016-12-01,2016,12,4.8,7479.7,863.0,7737.7,6616.7,8342.7
Florida,2017-01-01,2017,1,4.7,7378.4,855.1,7637.8,6523.3,8233.5
Florida,2017-02-01,2017,2,4.6,7427.8,864.2,7691.5,6563.6,8292.0
Florida,2017-03-01,2017,3,4.5,7465.1,870.7,7725.1,6594.4,8335.800000000001
Florida,2017-04-01,2017,4,4.4,7473.8,870.6,7728.3,6603.2,8344.4
Florida,2017-05-01,2017,5,4.3,7479.8,876.3,7723.5,6603.5,8356.1
Florida,2017-06-01,2017,6,4.2,7468.4,883.8,7614.7,6584.6,8352.199999999999
Florida,2017-07-01,2017,7,4.2,7434.9,882.1,7579.5,6552.8,8317.0
Florida,2017-08-01,2017,8,4.2,7457.7,885.8,7669.8,6571.9,8343.5
Florida,2017-09-01,2017,9,4.1,7285.2,852.4,7544.2,6432.8,8137.599999999999
Florida,2017-10-01,2017,10,4.1,7516.7,889.3,7753.5,6627.4,8406.0
Florida,2017-11-01,2017,11,4.1,7622.3,894.0,7858.7,6728.3,8516.3
Florida,2017-12-01,2017,12,4.0,7653.3,897.6,7883.9,6755.7,8550.9
Florida,2018-01-01,2018,1,3.9,7538.9,890.8,7771.1,6648.1,8429.699999999999
Florida,2018-02-01,2018,2,3.9,7609.1,904.6,7837.3,6704.5,8513.7
Florida,2018-03-01,2018,3,3.8,7647.9,911.9,7871.8,6736.0,8559.8
Florida,2018-04-01,2018,4,3.7,7653.6,913.9,7872.8,6739.7,8567.5
Florida,2018-05-01,2018,5,3.7,7654.6,917.3,7862.8,6737.3,8571.9
Florida,2018-06-01,2018,6,3.6,7642.2,926.7,7756.5,6715.5,8568.9
Florida,2018-07-01,2018,7,3.6,7621.5,926.7,7726.1,6694.8,8548.2
Florida,2018-08-01,2018,8,3.5,7664.6,932.2,7843.7,6732.4,8596.800000000001
Florida,2018-09-01,2018,9,3.5,7660.5,934.1,7852.1,6726.4,8594.6
Florida,2018-10-01,2018,10,3.5,7730.1,939.8,7927.8,6790.3,8669.9
Florida,2018-11-01,2018,11,3.5,7827.7,943.0,8028.5,6884.7,8770.7
Florida,2018-12-01,2018,12,3.5,7843.3,945.4,8037.3,6897.9,8788.7
Florida,2019-01-01,2019,1,3.5,7742.0,938.2,7932.1,6803.8,8680.2
Florida,2019-02-01,2019,2,3.4,7807.5,946.4,8001.9,6861.1,8753.9
Florida,2019-03-01,2019,3,3.4,7829.6,950.4,8022.7,6879.2,8780.0
Florida,2019-04-01,2019,4,3.3,7835.7,950.0,8028.3,6885.7,8785.7
Florida,2019-05-01,2019,5,3.3,7830.3,954.3,8010.1,6876.0,8784.6
Florida,2019-06-01,2019,6,3.2,7803.7,959.8,7896.3,6843.9,8763.5
Florida,2019-07-01,2019,7,3.2,7795.0,959.6,7874.9,6835.4,8754.6
Florida,2019-08-01,2019,8,3.2,7831.3,963.5,7988.0,6867.8,8794.8
Florida,2019-09-01,2019,9,3.2,7801.7,962.5,7976.4,6839.2,8764.2
Florida,2019-10-01,2019,10,3.1,7898.5,968.6,8079.8,6929.9,8867.1
Florida,2019-11-01,2019,11,3.1,7999.3,973.1,8182.4,7026.2,8972.4
Florida,2019-12-01,2019,12,3.0,8019.3,972.1,8200.2,7047.2,8991.4
Florida,2020-01-01,2020,1,3.0,7909.8,963.8,8092.0,6946.0,8873.6
Florida,2020-02-01,2020,2,3.0,7965.8,972.0,8147.7,6993.8,8937.8
Florida,2020-03-01,2020,3,4.0,7904.7,968.5,8089.2,6936.2,8873.2
Florida,2020-04-01,2020,4,13.3,6734.4,906.3,6938.5,5828.1,7640.7
Florida,2020-05-01,2020,5,14.1,6956.6,935.5,7117.8,6021.1,7892.1
Florida,2020-06-01,2020,6,11.6,7209.4,949.5,7286.8,6259.9,8158.9
Florida,2020-07-01,2020,7,11.6,7232.0,942.2,7317.7,6289.8,8174.2
Florida,2020-08-01,2020,8,8.6,7284.0,944.7,7420.5,6339.3,8228.7
Florida,2020-09-01,2020,9,8.0,7300.2,941.9,7474.6,6358.3,8242.1
Florida,2020-10-01,2020,10,6.9,7472.8,951.6,7639.9,6521.2,8424.4
Florida,2020-11-01,2020,11,6.5,7576.3,952.2,7736.7,6624.1,8528.5
Florida,2020-12-01,2020,12,6.2,7629.6,957.6,7777.3,6672.0,8587.2
Florida,2021-01-01,2021,1,5.8,7553.9,950.9,7704.3,6603.0,8504.8
Florida,2021-02-01,2021,2,5.5,7633.0,960.3,7783.0,6672.7,8593.3
Florida,2021-03-01,2021,3,5.4,7680.5,968.4,7823.7,6712.1,8648.9
Florida,2021-04-01,2021,4,5.2,7701.1,965.9,7845.1,6735.2,8667.0
Florida,2021-05-01,2021,5,5.0,7740.3,966.8,7874.4,6773.5,8707.1
Florida,2021-06-01,2021,6,5.0,7761.3,968.9,7815.2,6792.4,8730.2
Florida,2021-07-01,2021,7,4.7,7840.8,976.4,7880.6,6864.4,8817.2
Florida,2021-08-01,2021,8,4.5,7861.4,974.0,7968.1,6887.4,8835.4
Florida,2021-09-01,2021,9,4.2,7878.7,975.3,8008.9,6903.4,8854.0
Florida,2021-10-01,2021,10,4.0,8059.6,986.3,8180.8,7073.3,9045.9
Florida,2021-11-01,2021,11,3.8,8161.9,990.9,8283.2,7171.0,9152.8
Florida,2021-12-01,2021,12,3.6,8196.0,993.2,8307.3,7202.8,9189.2
Florida,2022-01-01,2022,1,3.5,8095.2,984.0,8209.0,7111.2,9079.2
Florida,2022-02-01,2022,2,3.3,8205.0,999.3,8310.9,7205.7,9204.3
Florida,2022-03-01,2022,3,3.2,8222.4,1002.8,8325.0,7219.6,9225.199999999999
Florida,2022-04-01,2022,4,3.1,8304.8,1009.3,8401.9,7295.5,9314.099999999999
Florida,2022-05-01,2022,5,3.0,8311.9,1013.0,8398.3,7298.9,9324.9
Florida,2022-06-01,2022,6,2.9,8293.3,1018.6,8294.3,7274.7,9311.9
Florida,2022-07-01,2022,7,2.9,8342.2,1023.7,8337.2,7318.5,9365.900000000001
Florida,2022-08-01,2022,8,2.8,8381.1,1025.1,8443.2,7356.0,9406.2
Florida,2022-09-01,2022,9,2.8,8398.3,1027.8,8482.1,7370.5,9426.099999999999
Florida,2022-10-01,2022,10,2.9,8471.5,1033.3,8558.0,7438.2,9504.8
Florida,2022-11-01,2022,11,2.9,8542.7,1035.5,8632.2,7507.2,9578.2
Florida,2022-12-01,2022,12,2.8,8574.4,1041.1,8653.6,7533.3,9615.5
Florida,2023-01-01,2023,1,2.8,8497.8,1033.1,8585.7,7464.7,9530.9
Florida,2023-02-01,2023,2,2.8,8559.4,1041.2,8651.7,7518.2,9600.6
Florida,2023-03-01,2023,3,2.8,8585.9,1046.6,8673.7,7539.3,9632.5
Florida,2023-04-01,2023,4,2.8,8624.1,1051.4,8711.0,7572.7,9675.5
Florida,2023-05-01,2023,5,2.8,8631.0,1055.6,8703.9,7575.4,9686.6
Florida,2023-06-01,2023,6,2.9,8622.5,1061.9,8616.5,7560.6,9684.4
Florida,2023-07-01,2023,7,2.9,8596.1,1061.2,8585.9,7534.9,9657.300000000001
Florida,2023-08-01,2023,8,3.0,8617.1,1063.6,8673.2,7553.5,9680.7
Florida,2023-09-01,2023,9,3.0,8625.1,1066.6,8703.3,7558.5,9691.7
Florida,2023-10-01,2023,10,3.1,8718.1,1075.2,8800.7,7642.9,9793.300000000001
Florida,2023-11-01,2023,11,3.1,8793.9,1075.3,8880.5,7718.6,9869.199999999999
Florida,2023-12-01,2023,12,3.1,8807.1,1077.6,8886.5,7729.5,9884.7
Florida,2024-01-01,2024,1,3.1,8702.1,1065.8,8792.8,7636.3,9767.9
Florida,2024-02-01,2024,2,3.2,8757.7,1074.7,8850.6,7683.0,9832.400000000001
Florida,2024-03-01,2024,3,3.2,8779.5,1079.5,8869.9,7700.0,9859.0
Florida,2024-04-01,2024,4,3.3,8804.2,1082.4,8894.8,7721.8,9886.6
Florida,2024-05-01,2024,5,3.3,8795.8,1086.7,8871.5,7709.1,9882.5
Florida,2024-06-01,2024,6,3.4,8750.7,1089.6,8747.4,7661.1,9840.300000000001
Florida,2024-07-01,2024,7,3.4,8728.0,1090.9,8717.5,7637.1,9818.9
Florida,2024-08-01,2024,8,3.4,8753.2,1092.3,8811.3,7660.9,9845.5
Florida,2024-09-01,2024,9,3.5,8752.6,1091.4,8837.2,7661.2,9844.0
Florida,2024-10-01,2024,10,3.5,8720.2,1077.2,8825.0,7643.0,9797.400000000001
Florida,2024-11-01,2024,11,3.5,8903.1,1094.4,8981.2,7808.7,9997.5
Florida,2024-12-01,2024,12,3.5,8906.5,1093.2,8979.4,7813.3,9999.7
Florida,2025-01-01,2025,1,3.5,8815.5,1083.2,8895.5,7732.3,9898.7
Florida,2025-02-01,2025,2,3.6,8868.7,1091.8,8950.3,7776.9,9960.5
Florida,2025-03-01,2025,3,3.6,8880.0,1094.7,8960.1,7785.3,9974.7
Florida,2025-04-01,2025,4,3.7,8903.1,1093.6,8980.7,7809.5,9996.7
Florida,2025-05-01,2025,5,3.7,8880.3,1094.0,8948.2,7786.3,9974.3
Florida,2025-06-01,2025,6,3.8,8820.4,1093.3,8809.3,7727.1,9913.699999999999
Florida,2025-07-01,2025,7,3.9,8784.3,1087.7,8768.9,7696.6,9872.0
Florida,2025-08-01,2025,8,4.0,8795.6,1087.1,8846.2,7708.5,9882.7
Florida,2025-09-01,2025,9,4.2,8764.1,1083.4,8842.6,7680.7,9847.5
Florida,2025-10-01,2025,10,,8813.3,1083.6,8890.1,7729.7,9896.9
Florida,2025-11-01,2025,11,4.3,8876.8,1083.3,8955.8,7793.5,9960.099999999999
Florida,2025-12-01,2025,12,4.3,8892.8,1082.3,8966.7,7810.5,9975.099999999999
Georgia,2016-01-01,2016,1,5.7,,,,,0.0
Georgia,2016-02-01,2016,2,5.6,,,,,0.0
Georgia,2016-03-01,2016,3,5.5,,,,,0.0
Georgia,2016-04-01,2016,4,5.5,,,,,0.0
Georgia,2016-05-01,2016,5,5.4,,,,,0.0
Georgia,2016-06-01,2016,6,5.4,,,,,0.0
Georgia,2016-07-01,2016,7,5.4,,,,,0.0
Georgia,2016-08-01,2016,8,5.4,,,,,0.0
Georgia,2016-09-01,2016,9,5.4,,,,,0.0
Georgia,2016-10-01,2016,10,5.4,,,,,0.0
Georgia,2016-11-01,2016,11,5.4,,,,,0.0
Georgia,2016-12-01,2016,12,5.3,,,,,0.0
Georgia,2017-01-01,2017,1,5.2,,,,,0.0
Georgia,2017-02-01,2017,2,5.1,,,,,0.0
Georgia,2017-03-01,2017,3,5.0,,,,,0.0
Georgia,2017-04-01,2017,4,4.9,,,,,0.0
Georgia,2017-05-01,2017,5,4.9,,,,,0.0
Georgia,2017-06-01,2017,6,4.8,,,,,0.0
Georgia,2017-07-01,2017,7,4.7,,,,,0.0
Georgia,2017-08-01,2017,8,4.6,,,,,0.0
Georgia,2017-09-01,2017,9,4.6,,,,,0.0
Georgia,2017-10-01,2017,10,4.5,,,,,0.0
Georgia,2017-11-01,2017,11,4.4,,,,,0.0
Georgia,2017-12-01,2017,12,4.4,,,,,0.0
Georgia,2018-01-01,2018,1,4.3,,,,,0.0
Georgia,2018-02-01,2018,2,4.2,,,,,0.0
Georgia,2018-03-01,2018,3,4.2,,,,,0.0
Georgia,2018-04-01,2018,4,4.1,,,,,0.0
Georgia,2018-05-01,2018,5,4.0,,,,,0.0
Georgia,2018-06-01,2018,6,4.0,,,,,0.0
Georgia,2018-07-01,2018,7,3.9,,,,,0.0
Georgia,2018-08-01,2018,8,3.9,,,,,0.0
Georgia,2018-09-01,2018,9,3.9,,,,,0.0
Georgia,2018-10-01,2018,10,3.9,,,,,0.0
Georgia,2018-11-01,2018,11,3.9,,,,,0.0
Georgia,2018-12-01,2018,12,3.9,,,,,0.0
Georgia,2019-01-01,2019,1,3.9,,,,,0.0
Georgia,2019-02-01,2019,2,3.8,,,,,0.0
Georgia,2019-03-01,2019,3,3.7,,,,,0.0
Georgia,2019-04-01,2019,4,3.7,,,,,0.0
Georgia,2019-05-01,2019,5,3.6,,,,,0.0
Georgia,2019-06-01,2019,6,3.6,,,,,0.0
Georgia,2019-07-01,2019,7,3.6,,,,,0.0
Georgia,2019-08-01,2019,8,3.5,,,,,0.0
Georgia,2019-09-01,2019,9,3.5,,,,,0.0
Georgia,2019-10-01,2019,10,3.4,,,,,0.0
Georgia,2019-11-01,2019,11,3.4,,,,,0.0
Georgia,2019-12-01,2019,12,3.5,,,,,0.0
Georgia,2020-01-01,2020,1,3.6,,,,,0.0
Georgia,2020-02-01,2020,2,3.6,,,,,0.0
Georgia,2020-03-01,2020,3,3.7,,,,,0.0
Georgia,2020-04-01,2020,4,12.5,,,,,0.0
Georgia,2020-05-01,2020,5,9.8,,,,,0.0
Georgia,2020-06-01,2020,6,8.4,,,,,0.0
Georgia,2020-07-01,2020,7,7.7,,,,,0.0
Georgia,2020-08-01,2020,8,6.8,,,,,0.0
Georgia,2020-09-01,2020,9,6.5,,,,,0.0
Georgia,2020-10-01,2020,10,5.6,,,,,0.0
Georgia,2020-11-01,2020,11,5.3,,,,,0.0
Georgia,2020-12-01,2020,12,5.1,,,,,0.0
Georgia,2021-01-01,2021,1,4.9,,,,,0.0
Georgia,2021-02-01,2021,2,4.6,,,,,0.0
Georgia,2021-03-01,2021,3,4.5,,,,,0.0
Georgia,2021-04-01,2021,4,4.3,,,,,0.0
Georgia,2021-05-01,2021,5,4.1,,,,,0.0
Georgia,2021-06-01,2021,6,4.0,,,,,0.0
Georgia,2021-07-01,2021,7,3.8,,,,,0.0
Georgia,2021-08-01,2021,8,3.6,,,,,0.0
Georgia,2021-09-01,2021,9,3.5,,,,,0.0
Georgia,2021-10-01,2021,10,3.3,,,,,0.0
Georgia,2021-11-01,2021,11,3.2,,,,,0.0
Georgia,2021-12-01,2021,12,3.2,,,,,0.0
Georgia,2022-01-01,2022,1,3.1,,,,,0.0
Georgia,2022-02-01,2022,2,3.1,,,,,0.0
Georgia,2022-03-01,2022,3,3.0,,,,,0.0
Georgia,2022-04-01,2022,4,3.0,,,,,0.0
Georgia,2022-05-01,2022,5,3.0,,,,,0.0
Georgia,2022-06-01,2022,6,3.1,,,,,0.0
Georgia,2022-07-01,2022,7,3.1,,,,,0.0
Georgia,2022-08-01,2022,8,3.2,,,,,0.0
Georgia,2022-09-01,2022,9,3.2,,,,,0.0
Georgia,2022-10-01,2022,10,3.2,,,,,0.0
Georgia,2022-11-01,2022,11,3.2,,,,,0.0
Georgia,2022-12-01,2022,12,3.2,,,,,0.0
Georgia,2023-01-01,2023,1,3.2,,,,,0.0
Georgia,2023-02-01,2023,2,3.2,,,,,0.0
Georgia,2023-03-01,2023,3,3.2,,,,,0.0
Georgia,2023-04-01,2023,4,3.2,,,,,0.0
Georgia,2023-05-01,2023,5,3.2,,,,,0.0
Georgia,2023-06-01,2023,6,3.2,,,,,0.0
Georgia,2023-07-01,2023,7,3.2,,,,,0.0
Georgia,2023-08-01,2023,8,3.3,,,,,0.0
Georgia,2023-09-01,2023,9,3.3,,,,,0.0
Georgia,2023-10-01,2023,10,3.3,,,,,0.0
Georgia,2023-11-01,2023,11,3.2,,,,,0.0
Georgia,2023-12-01,2023,12,3.2,,,,,0.0
Georgia,2024-01-01,2024,1,3.2,,,,,0.0
Georgia,2024-02-01,2024,2,3.2,,,,,0.0
Georgia,2024-03-01,2024,3,3.3,,,,,0.0
Georgia,2024-04-01,2024,4,3.4,,,,,0.0
Georgia,2024-05-01,2024,5,3.4,,,,,0.0
Georgia,2024-06-01,2024,6,3.5,,,,,0.0
Georgia,2024-07-01,2024,7,3.5,,,,,0.0
Georgia,2024-08-01,2024,8,3.5,,,,,0.0
Georgia,2024-09-01,2024,9,3.5,,,,,0.0
Georgia,2024-10-01,2024,10,3.5,,,,,0.0
Georgia,2024-11-01,2024,11,3.4,,,,,0.0
Georgia,2024-12-01,2024,12,3.4,,,,,0.0
Georgia,2025-01-01,2025,1,3.4,,,,,0.0
Georgia,2025-02-01,2025,2,3.4,,,,,0.0
Georgia,2025-03-01,2025,3,3.4,,,,,0.0
Georgia,2025-04-01,2025,4,3.3,,,,,0.0
Georgia,2025-05-01,2025,5,3.3,,,,,0.0
Georgia,2025-06-01,2025,6,3.3,,,,,0.0
Georgia,2025-07-01,2025,7,3.3,,,,,0.0
Georgia,2025-08-01,2025,8,3.4,,,,,0.0
Georgia,2025-09-01,2025,9,3.4,,,,,0.0
Georgia,2025-10-01,2025,10,,,,,,0.0
Georgia,2025-11-01,2025,11,3.5,,,,,0.0
Georgia,2025-12-01,2025,12,3.5,,,,,0.0
Hawaii,2016-01-01,2016,1,3.1,,,584.3,461.4,0.0
Hawaii,2016-02-01,2016,2,3.1,,,591.2,463.3,0.0
Hawaii,2016-03-01,2016,3,3.0,,,593.7,464.7,0.0
Hawaii,2016-04-01,2016,4,3.0,,,592.3,465.7,0.0
Hawaii,2016-05-01,2016,5,3.0,,,594.7,465.6,0.0
Hawaii,2016-06-01,2016,6,3.0,,,591.3,465.1,0.0
Hawaii,2016-07-01,2016,7,2.9,,,586.5,467.7,0.0
Hawaii,2016-08-01,2016,8,2.9,,,589.7,470.0,0.0
Hawaii,2016-09-01,2016,9,2.8,,,595.7,470.3,0.0
Hawaii,2016-10-01,2016,10,2.8,,,597.2,469.5,0.0
Hawaii,2016-11-01,2016,11,2.7,,,605.7,473.8,0.0
Hawaii,2016-12-01,2016,12,2.6,,,604.6,477.5,0.0
Hawaii,2017-01-01,2017,1,2.6,,,595.5,470.8,0.0
Hawaii,2017-02-01,2017,2,2.5,,,601.7,472.5,0.0
Hawaii,2017-03-01,2017,3,2.5,,,605.1,475.7,0.0
Hawaii,2017-04-01,2017,4,2.4,,,603.6,474.6,0.0
Hawaii,2017-05-01,2017,5,2.3,,,605.4,475.9,0.0
Hawaii,2017-06-01,2017,6,2.2,,,602.8,476.8,0.0
Hawaii,2017-07-01,2017,7,2.2,,,594.7,477.6,0.0
Hawaii,2017-08-01,2017,8,2.1,,,593.6,479.0,0.0
Hawaii,2017-09-01,2017,9,2.0,,,603.1,478.8,0.0
Hawaii,2017-10-01,2017,10,2.0,,,604.8,478.5,0.0
Hawaii,2017-11-01,2017,11,2.0,,,609.4,481.8,0.0
Hawaii,2017-12-01,2017,12,2.0,,,615.0,486.4,0.0
Hawaii,2018-01-01,2018,1,2.1,,,599.6,477.3,0.0
Hawaii,2018-02-01,2018,2,2.1,,,606.6,478.8,0.0
Hawaii,2018-03-01,2018,3,2.2,,,609.7,481.9,0.0
Hawaii,2018-04-01,2018,4,2.2,,,606.0,479.1,0.0
Hawaii,2018-05-01,2018,5,2.3,,,607.9,479.1,0.0
Hawaii,2018-06-01,2018,6,2.4,,,606.2,480.9,0.0
Hawaii,2018-07-01,2018,7,2.4,,,595.6,478.0,0.0
Hawaii,2018-08-01,2018,8,2.5,,,599.7,480.4,0.0
Hawaii,2018-09-01,2018,9,2.6,,,602.9,478.9,0.0
Hawaii,2018-10-01,2018,10,2.6,,,606.4,479.9,0.0
Hawaii,2018-11-01,2018,11,2.7,,,614.8,483.4,0.0
Hawaii,2018-12-01,2018,12,2.7,,,618.0,488.2,0.0
Hawaii,2019-01-01,2019,1,2.8,,,601.1,477.4,0.0
Hawaii,2019-02-01,2019,2,2.7,,,608.4,479.2,0.0
Hawaii,2019-03-01,2019,3,2.7,,,608.8,479.7,0.0
Hawaii,2019-04-01,2019,4,2.6,,,605.8,478.1,0.0
Hawaii,2019-05-01,2019,5,2.6,,,608.8,478.9,0.0
Hawaii,2019-06-01,2019,6,2.5,,,604.4,478.1,0.0
Hawaii,2019-07-01,2019,7,2.5,,,598.2,479.7,0.0
Hawaii,2019-08-01,2019,8,2.4,,,598.7,481.5,0.0
Hawaii,2019-09-01,2019,9,2.4,,,606.7,480.6,0.0
Hawaii,2019-10-01,2019,10,2.4,,,609.1,481.1,0.0
Hawaii,2019-11-01,2019,11,2.3,,,615.1,485.9,0.0
Hawaii,2019-12-01,2019,12,2.2,,,617.6,487.8,0.0
Hawaii,2020-01-01,2020,1,2.2,,,608.8,482.8,0.0
Hawaii,2020-02-01,2020,2,2.2,,,613.0,483.2,0.0
Hawaii,2020-03-01,2020,3,2.1,,,606.9,476.6,0.0
Hawaii,2020-04-01,2020,4,22.5,,,465.3,348.1,0.0
Hawaii,2020-05-01,2020,5,20.7,,,462.3,346.4,0.0
Hawaii,2020-06-01,2020,6,17.3,,,475.7,358.9,0.0
Hawaii,2020-07-01,2020,7,15.6,,,473.9,356.6,0.0
Hawaii,2020-08-01,2020,8,13.0,,,473.9,356.2,0.0
Hawaii,2020-09-01,2020,9,13.3,,,461.1,341.3,0.0
Hawaii,2020-10-01,2020,10,11.3,,,482.5,362.7,0.0
Hawaii,2020-11-01,2020,11,10.5,,,499.4,378.9,0.0
Hawaii,2020-12-01,2020,12,10.2,,,511.9,389.9,0.0
Hawaii,2021-01-01,2021,1,9.5,,,502.5,384.6,0.0
Hawaii,2021-02-01,2021,2,9.1,,,509.8,389.6,0.0
Hawaii,2021-03-01,2021,3,8.4,,,517.2,396.5,0.0
Hawaii,2021-04-01,2021,4,7.8,,,530.2,407.3,0.0
Hawaii,2021-05-01,2021,5,6.9,,,537.3,413.8,0.0
Hawaii,2021-06-01,2021,6,6.3,,,541.0,421.1,0.0
Hawaii,2021-07-01,2021,7,5.4,,,546.4,428.3,0.0
Hawaii,2021-08-01,2021,8,4.7,,,544.7,429.8,0.0
Hawaii,2021-09-01,2021,9,3.9,,,546.1,426.9,0.0
Hawaii,2021-10-01,2021,10,3.3,,,552.4,431.7,0.0
Hawaii,2021-11-01,2021,11,3.2,,,558.9,437.6,0.0
Hawaii,2021-12-01,2021,12,3.1,,,565.3,442.9,0.0
Hawaii,2022-01-01,2022,1,3.1,,,552.1,434.1,0.0
Hawaii,2022-02-01,2022,2,3.2,,,560.7,439.0,0.0
Hawaii,2022-03-01,2022,3,3.2,,,562.6,441.0,0.0
Hawaii,2022-04-01,2022,4,3.3,,,565.8,443.5,0.0
Hawaii,2022-05-01,2022,5,3.3,,,566.0,443.2,0.0
Hawaii,2022-06-01,2022,6,3.3,,,564.3,444.4,0.0
Hawaii,2022-07-01,2022,7,3.3,,,566.8,449.5,0.0
Hawaii,2022-08-01,2022,8,3.3,,,565.8,449.6,0.0
Hawaii,2022-09-01,2022,9,3.3,,,571.0,450.4,0.0
Hawaii,2022-10-01,2022,10,3.3,,,576.3,454.6,0.0
Hawaii,2022-11-01,2022,11,3.2,,,581.7,458.7,0.0
Hawaii,2022-12-01,2022,12,3.1,,,586.0,461.9,0.0
Hawaii,2023-01-01,2023,1,3.1,,,573.4,456.5,0.0
Hawaii,2023-02-01,2023,2,3.0,,,584.1,459.9,0.0
Hawaii,2023-03-01,2023,3,2.9,,,583.3,458.7,0.0
Hawaii,2023-04-01,2023,4,2.8,,,584.2,458.5,0.0
Hawaii,2023-05-01,2023,5,2.8,,,585.1,458.9,0.0
Hawaii,2023-06-01,2023,6,2.8,,,582.2,460.0,0.0
Hawaii,2023-07-01,2023,7,2.8,,,580.0,460.8,0.0
Hawaii,2023-08-01,2023,8,2.8,,,574.2,458.5,0.0
Hawaii,2023-09-01,2023,9,2.8,,,575.4,452.1,0.0
Hawaii,2023-10-01,2023,10,2.8,,,578.8,453.5,0.0
Hawaii,2023-11-01,2023,11,2.9,,,585.4,458.9,0.0
Hawaii,2023-12-01,2023,12,2.9,,,591.6,464.1,0.0
Hawaii,2024-01-01,2024,1,2.8,,,579.2,456.6,0.0
Hawaii,2024-02-01,2024,2,2.8,,,587.8,460.0,0.0
Hawaii,2024-03-01,2024,3,2.8,,,588.1,459.9,0.0
Hawaii,2024-04-01,2024,4,2.8,,,585.0,458.7,0.0
Hawaii,2024-05-01,2024,5,2.8,,,589.3,460.3,0.0
Hawaii,2024-06-01,2024,6,2.8,,,582.6,457.7,0.0
Hawaii,2024-07-01,2024,7,2.8,,,580.6,459.0,0.0
Hawaii,2024-08-01,2024,8,2.8,,,578.6,460.9,0.0
Hawaii,2024-09-01,2024,9,2.8,,,584.8,460.2,0.0
Hawaii,2024-10-01,2024,10,2.7,,,587.6,460.2,0.0
Hawaii,2024-11-01,2024,11,2.7,,,594.6,465.7,0.0
Hawaii,2024-12-01,2024,12,2.6,,,597.3,468.3,0.0
Hawaii,2025-01-01,2025,1,2.6,,,588.0,461.9,0.0
Hawaii,2025-02-01,2025,2,2.6,,,591.6,462.0,0.0
Hawaii,2025-03-01,2025,3,2.5,,,593.4,461.3,0.0
Hawaii,2025-04-01,2025,4,2.5,,,591.1,462.1,0.0
Hawaii,2025-05-01,2025,5,2.4,,,591.6,461.1,0.0
Hawaii,2025-06-01,2025,6,2.3,,,585.2,458.9,0.0
Hawaii,2025-07-01,2025,7,2.2,,,584.7,462.1,0.0
Hawaii,2025-08-01,2025,8,2.1,,,580.7,461.9,0.0
Hawaii,2025-09-01,2025,9,2.1,,,584.5,459.7,0.0
Hawaii,2025-10-01,2025,10,,,,589.6,464.2,0.0
Hawaii,2025-11-01,2025,11,2.2,,,593.1,465.3,0.0
Hawaii,2025-12-01,2025,12,2.2,,,595.9,468.9,0.0
Idaho,2016-01-01,2016,1,3.8,549.3,104.1,562.6,445.2,653.4
Idaho,2016-02-01,2016,2,3.8,553.7,105.0,570.4,448.7,658.7
Idaho,2016-03-01,2016,3,3.8,559.6,106.9,575.5,452.7,666.5
Idaho,2016-04-01,2016,4,3.8,565.5,109.1,578.7,456.4,674.6
Idaho,2016-05-01,2016,5,3.7,570.9,110.7,583.8,460.2,681.6
Idaho,2016-06-01,2016,6,3.7,579.5,113.0,587.8,466.5,692.5
Idaho,2016-07-01,2016,7,3.7,587.4,115.0,587.8,472.4,702.4
Idaho,2016-08-01,2016,8,3.7,586.7,115.2,586.0,471.5,701.9000000000001
Idaho,2016-09-01,2016,9,3.7,583.9,114.3,592.4,469.6,698.1999999999999
Idaho,2016-10-01,2016,10,3.7,581.0,112.8,593.0,468.2,693.8
Idaho,2016-11-01,2016,11,3.6,581.3,112.3,593.1,469.0,693.5999999999999
Idaho,2016-12-01,2016,12,3.5,578.7,110.8,590.7,467.9,689.5
Idaho,2017-01-01,2017,1,3.5,568.6,108.2,580.6,460.4,676.8000000000001
Idaho,2017-02-01,2017,2,3.4,572.2,109.1,586.3,463.1,681.3000000000001
Idaho,2017-03-01,2017,3,3.3,579.4,111.5,592.1,467.9,690.9
Idaho,2017-04-01,2017,4,3.2,582.5,112.9,594.3,469.6,695.4
Idaho,2017-05-01,2017,5,3.1,590.4,115.5,601.3,474.9,705.9
Idaho,2017-06-01,2017,6,3.1,601.1,118.8,606.4,482.3,719.9
Idaho,2017-07-01,2017,7,3.1,604.1,119.7,601.1,484.4,723.8000000000001
Idaho,2017-08-01,2017,8,3.1,604.2,120.2,600.1,484.0,724.4000000000001
Idaho,2017-09-01,2017,9,3.1,600.9,119.5,605.7,481.4,720.4
Idaho,2017-10-01,2017,10,3.1,598.7,119.7,605.9,479.0,718.4000000000001
Idaho,2017-11-01,2017,11,3.1,598.8,119.1,605.9,479.7,717.9
Idaho,2017-12-01,2017,12,3.1,597.5,117.8,605.3,479.7,715.3
Idaho,2018-01-01,2018,1,3.0,588.7,115.0,595.2,473.7,703.7
Idaho,2018-02-01,2018,2,2.9,593.9,116.4,603.3,477.5,710.3
Idaho,2018-03-01,2018,3,2.9,598.1,117.6,607.0,480.5,715.7
Idaho,2018-04-01,2018,4,2.8,604.1,119.0,612.0,485.1,723.1
Idaho,2018-05-01,2018,5,2.8,612.3,122.1,618.0,490.2,734.4
Idaho,2018-06-01,2018,6,2.8,623.3,125.1,623.8,498.2,748.4
Idaho,2018-07-01,2018,7,2.8,628.1,126.3,620.7,501.8,754.4
Idaho,2018-08-01,2018,8,2.8,627.6,126.5,619.8,501.1,754.1
Idaho,2018-09-01,2018,9,2.8,620.6,125.4,621.2,495.2,746.0
Idaho,2018-10-01,2018,10,2.9,622.0,125.4,625.4,496.6,747.4
Idaho,2018-11-01,2018,11,3.0,621.7,125.1,624.5,496.6,746.8000000000001
Idaho,2018-12-01,2018,12,3.0,620.0,123.4,624.0,496.6,743.4
Idaho,2019-01-01,2019,1,3.0,610.9,121.0,612.7,489.9,731.9
Idaho,2019-02-01,2019,2,3.0,613.9,121.2,620.3,492.7,735.1
Idaho,2019-03-01,2019,3,2.9,617.2,122.2,623.2,495.0,739.4000000000001
Idaho,2019-04-01,2019,4,2.9,624.3,123.9,629.0,500.4,748.1999999999999
Idaho,2019-05-01,2019,5,2.8,633.0,126.9,635.8,506.1,759.9
Idaho,2019-06-01,2019,6,2.8,642.5,129.8,639.5,512.7,772.3
Idaho,2019-07-01,2019,7,2.9,647.4,130.6,636.3,516.8,778.0
Idaho,2019-08-01,2019,8,2.9,647.3,130.9,636.1,516.4,778.1999999999999
Idaho,2019-09-01,2019,9,2.9,639.9,129.4,638.1,510.5,769.3
Idaho,2019-10-01,2019,10,2.9,641.7,128.8,643.3,512.9,770.5
Idaho,2019-11-01,2019,11,2.8,642.7,129.0,643.5,513.7,771.7
Idaho,2019-12-01,2019,12,2.8,641.1,127.4,642.6,513.7,768.5
Idaho,2020-01-01,2020,1,2.8,632.2,124.6,632.7,507.6,756.8000000000001
Idaho,2020-02-01,2020,2,2.8,634.9,125.4,638.5,509.5,760.3
Idaho,2020-03-01,2020,3,2.8,636.9,126.7,639.8,510.2,763.6
Idaho,2020-04-01,2020,4,11.8,568.4,122.4,569.9,446.0,690.8
Idaho,2020-05-01,2020,5,9.1,601.6,127.2,595.6,474.4,728.8000000000001
Idaho,2020-06-01,2020,6,7.5,630.6,130.7,619.2,499.9,761.3
Idaho,2020-07-01,2020,7,6.6,639.4,131.5,626.5,507.9,770.9
Idaho,2020-08-01,2020,8,5.4,642.1,132.0,628.7,510.1,774.1
Idaho,2020-09-01,2020,9,5.0,640.5,131.7,632.8,508.8,772.2
Idaho,2020-10-01,2020,10,4.4,647.8,133.0,641.0,514.8,780.8
Idaho,2020-11-01,2020,11,4.2,647.7,133.3,640.0,514.4,781.0
Idaho,2020-12-01,2020,12,4.2,650.3,132.9,641.1,517.4,783.1999999999999
Idaho,2021-01-01,2021,1,4.1,641.4,129.5,633.1,511.9,770.9
Idaho,2021-02-01,2021,2,4.1,648.1,130.9,642.0,517.2,779.0
Idaho,2021-03-01,2021,3,4.0,654.1,132.7,647.0,521.4,786.8
Idaho,2021-04-01,2021,4,3.9,662.4,136.1,652.4,526.3,798.5
Idaho,2021-05-01,2021,5,3.7,669.4,137.6,658.5,531.8,807.0
Idaho,2021-06-01,2021,6,3.6,680.2,140.1,665.6,540.1,820.3000000000001
Idaho,2021-07-01,2021,7,3.5,690.0,141.4,668.0,548.6,831.4
Idaho,2021-08-01,2021,8,3.4,687.4,140.9,665.1,546.5,828.3
Idaho,2021-09-01,2021,9,3.3,679.8,139.3,665.9,540.5,819.0999999999999
Idaho,2021-10-01,2021,10,3.1,683.6,140.5,670.6,543.1,824.1
Idaho,2021-11-01,2021,11,3.0,685.5,141.1,671.7,544.4,826.6
Idaho,2021-12-01,2021,12,2.9,686.2,140.1,671.7,546.1,826.3000000000001
Idaho,2022-01-01,2022,1,2.8,675.7,137.3,662.4,538.4,813.0
Idaho,2022-02-01,2022,2,2.7,684.2,139.4,671.6,544.8,823.6
Idaho,2022-03-01,2022,3,2.7,689.1,140.8,675.1,548.3,829.9000000000001
Idaho,2022-04-01,2022,4,2.7,692.2,141.8,677.9,550.4,834.0
Idaho,2022-05-01,2022,5,2.8,697.4,143.4,682.0,554.0,840.8
Idaho,2022-06-01,2022,6,2.8,707.8,146.8,687.7,561.0,854.5999999999999
Idaho,2022-07-01,2022,7,2.9,717.0,150.0,687.5,567.0,867.0
Idaho,2022-08-01,2022,8,2.9,714.3,149.5,686.0,564.8,863.8
Idaho,2022-09-01,2022,9,3.0,709.4,148.3,688.8,561.1,857.7
Idaho,2022-10-01,2022,10,3.0,709.6,148.3,690.6,561.3,857.9000000000001
Idaho,2022-11-01,2022,11,3.0,710.9,148.3,692.2,562.6,859.2
Idaho,2022-12-01,2022,12,3.0,708.5,145.4,690.1,563.1,853.9
Idaho,2023-01-01,2023,1,3.0,695.8,141.8,680.6,554.0,837.5999999999999
Idaho,2023-02-01,2023,2,3.0,698.8,142.5,686.7,556.3,841.3
Idaho,2023-03-01,2023,3,3.0,698.4,142.9,685.7,555.5,841.3
Idaho,2023-04-01,2023,4,3.0,712.4,144.7,698.6,567.7,857.0999999999999
Idaho,2023-05-01,2023,5,3.1,718.5,147.0,702.4,571.5,865.5
Idaho,2023-06-01,2023,6,3.1,729.7,150.2,709.7,579.5,879.9000000000001
Idaho,2023-07-01,2023,7,3.2,730.2,149.9,701.8,580.3,880.1
Idaho,2023-08-01,2023,8,3.3,728.1,150.0,701.4,578.1,878.1
Idaho,2023-09-01,2023,9,3.3,722.0,149.5,703.7,572.5,871.5
Idaho,2023-10-01,2023,10,3.4,731.2,151.2,713.1,580.0,882.4000000000001
Idaho,2023-11-01,2023,11,3.4,732.5,151.7,714.1,580.8,884.2
Idaho,2023-12-01,2023,12,3.4,733.2,150.9,714.3,582.3,884.1
Idaho,2024-01-01,2024,1,3.4,712.1,143.8,694.6,568.3,855.9000000000001
Idaho,2024-02-01,2024,2,3.5,715.0,144.9,699.2,570.1,859.9
Idaho,2024-03-01,2024,3,3.5,717.3,146.7,700.6,570.6,864.0
Idaho,2024-04-01,2024,4,3.5,730.0,148.6,711.9,581.4,878.6
Idaho,2024-05-01,2024,5,3.6,736.8,150.7,715.2,586.1,887.5
Idaho,2024-06-01,2024,6,3.6,745.5,153.7,720.6,591.8,899.2
Idaho,2024-07-01,2024,7,3.6,753.3,154.8,720.1,598.5,908.0999999999999
Idaho,2024-08-01,2024,8,3.6,749.8,155.3,718.5,594.5,905.0999999999999
Idaho,2024-09-01,2024,9,3.6,741.8,154.1,717.3,587.7,895.9
Idaho,2024-10-01,2024,10,3.6,747.5,155.0,723.7,592.5,902.5
Idaho,2024-11-01,2024,11,3.6,744.4,154.7,720.8,589.7,899.0999999999999
Idaho,2024-12-01,2024,12,3.7,741.4,152.2,718.3,589.2,893.5999999999999
Idaho,2025-01-01,2025,1,3.7,728.2,148.3,709.6,579.9,876.5
Idaho,2025-02-01,2025,2,3.7,728.0,148.3,711.1,579.7,876.3
Idaho,2025-03-01,2025,3,3.6,728.3,149.5,710.4,578.8,877.8
Idaho,2025-04-01,2025,4,3.6,746.4,153.0,725.1,593.4,899.4
Idaho,2025-05-01,2025,5,3.6,751.9,155.2,728.0,596.7,907.0999999999999
Idaho,2025-06-01,2025,6,3.6,758.5,156.9,731.9,601.6,915.4
Idaho,2025-07-01,2025,7,3.6,766.9,157.9,734.0,609.0,924.8
Idaho,2025-08-01,2025,8,3.6,762.3,157.5,730.7,604.8,919.8
Idaho,2025-09-01,2025,9,3.6,751.8,156.4,726.0,595.4,908.1999999999999
Idaho,2025-10-01,2025,10,,751.2,157.5,725.7,593.7,908.7
Idaho,2025-11-01,2025,11,3.6,750.4,158.3,723.8,592.1,908.7
Idaho,2025-12-01,2025,12,3.6,749.1,155.8,723.0,593.3,904.9000000000001
Illinois,2016-01-01,2016,1,6.2,,,,,0.0
Illinois,2016-02-01,2016,2,6.2,,,,,0.0
Illinois,2016-03-01,2016,3,6.2,,,,,0.0
Illinois,2016-04-01,2016,4,6.1,,,,,0.0
Illinois,2016-05-01,2016,5,6.0,,,,,0.0
Illinois,2016-06-01,2016,6,5.9,,,,,0.0
Illinois,2016-07-01,2016,7,5.8,,,,,0.0
Illinois,2016-08-01,2016,8,5.8,,,,,0.0
Illinois,2016-09-01,2016,9,5.7,,,,,0.0
Illinois,2016-10-01,2016,10,5.7,,,,,0.0
Illinois,2016-11-01,2016,11,5.6,,,,,0.0
Illinois,2016-12-01,2016,12,5.4,,,,,0.0
Illinois,2017-01-01,2017,1,5.3,,,,,0.0
Illinois,2017-02-01,2017,2,5.1,,,,,0.0
Illinois,2017-03-01,2017,3,5.0,,,,,0.0
Illinois,2017-04-01,2017,4,5.0,,,,,0.0
Illinois,2017-05-01,2017,5,4.9,,,,,0.0
Illinois,2017-06-01,2017,6,4.9,,,,,0.0
Illinois,2017-07-01,2017,7,5.0,,,,,0.0
Illinois,2017-08-01,2017,8,5.0,,,,,0.0
Illinois,2017-09-01,2017,9,4.9,,,,,0.0
Illinois,2017-10-01,2017,10,4.9,,,,,0.0
Illinois,2017-11-01,2017,11,4.8,,,,,0.0
Illinois,2017-12-01,2017,12,4.7,,,,,0.0
Illinois,2018-01-01,2018,1,4.5,,,,,0.0
Illinois,2018-02-01,2018,2,4.4,,,,,0.0
Illinois,2018-03-01,2018,3,4.4,,,,,0.0
Illinois,2018-04-01,2018,4,4.3,,,,,0.0
Illinois,2018-05-01,2018,5,4.3,,,,,0.0
Illinois,2018-06-01,2018,6,4.3,,,,,0.0
Illinois,2018-07-01,2018,7,4.3,,,,,0.0
Illinois,2018-08-01,2018,8,4.3,,,,,0.0
Illinois,2018-09-01,2018,9,4.4,,,,,0.0
Illinois,2018-10-01,2018,10,4.4,,,,,0.0
Illinois,2018-11-01,2018,11,4.5,,,,,0.0
Illinois,2018-12-01,2018,12,4.6,,,,,0.0
Illinois,2019-01-01,2019,1,4.6,,,,,0.0
Illinois,2019-02-01,2019,2,4.5,,,,,0.0
Illinois,2019-03-01,2019,3,4.4,,,,,0.0
Illinois,2019-04-01,2019,4,4.2,,,,,0.0
Illinois,2019-05-01,2019,5,4.0,,,,,0.0
Illinois,2019-06-01,2019,6,3.9,,,,,0.0
Illinois,2019-07-01,2019,7,3.8,,,,,0.0
Illinois,2019-08-01,2019,8,3.7,,,,,0.0
Illinois,2019-09-01,2019,9,3.7,,,,,0.0
Illinois,2019-10-01,2019,10,3.7,,,,,0.0
Illinois,2019-11-01,2019,11,3.6,,,,,0.0
Illinois,2019-12-01,2019,12,3.6,,,,,0.0
Illinois,2020-01-01,2020,1,3.7,,,,,0.0
Illinois,2020-02-01,2020,2,3.8,,,,,0.0
Illinois,2020-03-01,2020,3,5.1,,,,,0.0
Illinois,2020-04-01,2020,4,18.3,,,,,0.0
Illinois,2020-05-01,2020,5,14.7,,,,,0.0
Illinois,2020-06-01,2020,6,12.6,,,,,0.0
Illinois,2020-07-01,2020,7,11.4,,,,,0.0
Illinois,2020-08-01,2020,8,9.7,,,,,0.0
Illinois,2020-09-01,2020,9,9.1,,,,,0.0
Illinois,2020-10-01,2020,10,8.2,,,,,0.0
Illinois,2020-11-01,2020,11,7.8,,,,,0.0
Illinois,2020-12-01,2020,12,7.6,,,,,0.0
Illinois,2021-01-01,2021,1,7.2,,,,,0.0
Illinois,2021-02-01,2021,2,7.0,,,,,0.0
Illinois,2021-03-01,2021,3,6.8,,,,,0.0
Illinois,2021-04-01,2021,4,6.7,,,,,0.0
Illinois,2021-05-01,2021,5,6.6,,,,,0.0
Illinois,2021-06-01,2021,6,6.4,,,,,0.0
Illinois,2021-07-01,2021,7,6.2,,,,,0.0
Illinois,2021-08-01,2021,8,5.9,,,,,0.0
Illinois,2021-09-01,2021,9,5.5,,,,,0.0
Illinois,2021-10-01,2021,10,5.2,,,,,0.0
Illinois,2021-11-01,2021,11,4.9,,,,,0.0
Illinois,2021-12-01,2021,12,4.8,,,,,0.0
Illinois,2022-01-01,2022,1,4.7,,,,,0.0
Illinois,2022-02-01,2022,2,4.7,,,,,0.0
Illinois,2022-03-01,2022,3,4.6,,,,,0.0
Illinois,2022-04-01,2022,4,4.6,,,,,0.0
Illinois,2022-05-01,2022,5,4.6,,,,,0.0
Illinois,2022-06-01,2022,6,4.5,,,,,0.0
Illinois,2022-07-01,2022,7,4.5,,,,,0.0
Illinois,2022-08-01,2022,8,4.5,,,,,0.0
Illinois,2022-09-01,2022,9,4.5,,,,,0.0
Illinois,2022-10-01,2022,10,4.6,,,,,0.0
Illinois,2022-11-01,2022,11,4.5,,,,,0.0
Illinois,2022-12-01,2022,12,4.5,,,,,0.0
Illinois,2023-01-01,2023,1,4.4,,,,,0.0
Illinois,2023-02-01,2023,2,4.3,,,,,0.0
Illinois,2023-03-01,2023,3,4.2,,,,,0.0
Illinois,2023-04-01,2023,4,4.2,,,,,0.0
Illinois,2023-05-01,2023,5,4.2,,,,,0.0
Illinois,2023-06-01,2023,6,4.3,,,,,0.0
Illinois,2023-07-01,2023,7,4.4,,,,,0.0
Illinois,2023-08-01,2023,8,4.6,,,,,0.0
Illinois,2023-09-01,2023,9,4.7,,,,,0.0
Illinois,2023-10-01,2023,10,4.8,,,,,0.0
Illinois,2023-11-01,2023,11,4.8,,,,,0.0
Illinois,2023-12-01,2023,12,4.8,,,,,0.0
Illinois,2024-01-01,2024,1,4.9,,,,,0.0
Illinois,2024-02-01,2024,2,4.9,,,,,0.0
Illinois,2024-03-01,2024,3,5.0,,,,,0.0
Illinois,2024-04-01,2024,4,5.1,,,,,0.0
Illinois,2024-05-01,2024,5,5.1,,,,,0.0
Illinois,2024-06-01,2024,6,5.1,,,,,0.0
Illinois,2024-07-01,2024,7,5.1,,,,,0.0
Illinois,2024-08-01,2024,8,5.1,,,,,0.0
Illinois,2024-09-01,2024,9,5.0,,,,,0.0
Illinois,2024-10-01,2024,10,4.9,,,,,0.0
Illinois,2024-11-01,2024,11,4.8,,,,,0.0
Illinois,2024-12-01,2024,12,4.8,,,,,0.0
Illinois,2025-01-01,2025,1,4.7,,,,,0.0
Illinois,2025-02-01,2025,2,4.7,,,,,0.0
Illinois,2025-03-01,2025,3,4.6,,,,,0.0
Illinois,2025-04-01,2025,4,4.5,,,,,0.0
Illinois,2025-05-01,2025,5,4.4,,,,,0.0
Illinois,2025-06-01,2025,6,4.3,,,,,0.0
Illinois,2025-07-01,2025,7,4.3,,,,,0.0
Illinois,2025-08-01,2025,8,4.3,,,,,0.0
Illinois,2025-09-01,2025,9,4.5,,,,,0.0
Illinois,2025-10-01,2025,10,,,,,,0.0
Illinois,2025-11-01,2025,11,4.7,,,,,0.0
Illinois,2025-12-01,2025,12,4.7,,,,,0.0
Indiana,2016-01-01,2016,1,4.6,,,,,0.0
Indiana,2016-02-01,2016,2,4.7,,,,,0.0
Indiana,2016-03-01,2016,3,4.6,,,,,0.0
Indiana,2016-04-01,2016,4,4.6,,,,,0.0
Indiana,2016-05-01,2016,5,4.5,,,,,0.0
Indiana,2016-06-01,2016,6,4.5,,,,,0.0
Indiana,2016-07-01,2016,7,4.4,,,,,0.0
Indiana,2016-08-01,2016,8,4.3,,,,,0.0
Indiana,2016-09-01,2016,9,4.2,,,,,0.0
Indiana,2016-10-01,2016,10,4.2,,,,,0.0
Indiana,2016-11-01,2016,11,4.1,,,,,0.0
Indiana,2016-12-01,2016,12,4.0,,,,,0.0
Indiana,2017-01-01,2017,1,3.9,,,,,0.0
Indiana,2017-02-01,2017,2,3.7,,,,,0.0
Indiana,2017-03-01,2017,3,3.6,,,,,0.0
Indiana,2017-04-01,2017,4,3.5,,,,,0.0
Indiana,2017-05-01,2017,5,3.4,,,,,0.0
Indiana,2017-06-01,2017,6,3.5,,,,,0.0
Indiana,2017-07-01,2017,7,3.5,,,,,0.0
Indiana,2017-08-01,2017,8,3.5,,,,,0.0
Indiana,2017-09-01,2017,9,3.5,,,,,0.0
Indiana,2017-10-01,2017,10,3.5,,,,,0.0
Indiana,2017-11-01,2017,11,3.4,,,,,0.0
Indiana,2017-12-01,2017,12,3.3,,,,,0.0
Indiana,2018-01-01,2018,1,3.3,,,,,0.0
Indiana,2018-02-01,2018,2,3.3,,,,,0.0
Indiana,2018-03-01,2018,3,3.3,,,,,0.0
Indiana,2018-04-01,2018,4,3.4,,,,,0.0
Indiana,2018-05-01,2018,5,3.4,,,,,0.0
Indiana,2018-06-01,2018,6,3.4,,,,,0.0
Indiana,2018-07-01,2018,7,3.4,,,,,0.0
Indiana,2018-08-01,2018,8,3.5,,,,,0.0
Indiana,2018-09-01,2018,9,3.5,,,,,0.0
Indiana,2018-10-01,2018,10,3.5,,,,,0.0
Indiana,2018-11-01,2018,11,3.6,,,,,0.0
Indiana,2018-12-01,2018,12,3.6,,,,,0.0
Indiana,2019-01-01,2019,1,3.5,,,,,0.0
Indiana,2019-02-01,2019,2,3.5,,,,,0.0
Indiana,2019-03-01,2019,3,3.4,,,,,0.0
Indiana,2019-04-01,2019,4,3.3,,,,,0.0
Indiana,2019-05-01,2019,5,3.2,,,,,0.0
Indiana,2019-06-01,2019,6,3.2,,,,,0.0
Indiana,2019-07-01,2019,7,3.2,,,,,0.0
Indiana,2019-08-01,2019,8,3.3,,,,,0.0
Indiana,2019-09-01,2019,9,3.3,,,,,0.0
Indiana,2019-10-01,2019,10,3.3,,,,,0.0
Indiana,2019-11-01,2019,11,3.3,,,,,0.0
Indiana,2019-12-01,2019,12,3.3,,,,,0.0
Indiana,2020-01-01,2020,1,3.4,,,,,0.0
Indiana,2020-02-01,2020,2,3.5,,,,,0.0
Indiana,2020-03-01,2020,3,3.6,,,,,0.0
Indiana,2020-04-01,2020,4,16.9,,,,,0.0
Indiana,2020-05-01,2020,5,12.5,,,,,0.0
Indiana,2020-06-01,2020,6,10.3,,,,,0.0
Indiana,2020-07-01,2020,7,8.9,,,,,0.0
Indiana,2020-08-01,2020,8,7.2,,,,,0.0
Indiana,2020-09-01,2020,9,6.5,,,,,0.0
Indiana,2020-10-01,2020,10,5.6,,,,,0.0
Indiana,2020-11-01,2020,11,5.2,,,,,0.0
Indiana,2020-12-01,2020,12,5.0,,,,,0.0
Indiana,2021-01-01,2021,1,4.7,,,,,0.0
Indiana,2021-02-01,2021,2,4.6,,,,,0.0
Indiana,2021-03-01,2021,3,4.5,,,,,0.0
Indiana,2021-04-01,2021,4,4.4,,,,,0.0
Indiana,2021-05-01,2021,5,4.2,,,,,0.0
Indiana,2021-06-01,2021,6,4.1,,,,,0.0
Indiana,2021-07-01,2021,7,3.9,,,,,0.0
Indiana,2021-08-01,2021,8,3.7,,,,,0.0
Indiana,2021-09-01,2021,9,3.5,,,,,0.0
Indiana,2021-10-01,2021,10,3.3,,,,,0.0
Indiana,2021-11-01,2021,11,3.1,,,,,0.0
Indiana,2021-12-01,2021,12,3.0,,,,,0.0
Indiana,2022-01-01,2022,1,3.0,,,,,0.0
Indiana,2022-02-01,2022,2,2.9,,,,,0.0
Indiana,2022-03-01,2022,3,2.9,,,,,0.0
Indiana,2022-04-01,2022,4,3.0,,,,,0.0
Indiana,2022-05-01,2022,5,3.0,,,,,0.0
Indiana,2022-06-01,2022,6,3.0,,,,,0.0
Indiana,2022-07-01,2022,7,3.1,,,,,0.0
Indiana,2022-08-01,2022,8,3.1,,,,,0.0
Indiana,2022-09-01,2022,9,3.1,,,,,0.0
Indiana,2022-10-01,2022,10,3.2,,,,,0.0
Indiana,2022-11-01,2022,11,3.2,,,,,0.0
Indiana,2022-12-01,2022,12,3.3,,,,,0.0
Indiana,2023-01-01,2023,1,3.3,,,,,0.0
Indiana,2023-02-01,2023,2,3.3,,,,,0.0
Indiana,2023-03-01,2023,3,3.3,,,,,0.0
Indiana,2023-04-01,2023,4,3.3,,,,,0.0
Indiana,2023-05-01,2023,5,3.3,,,,,0.0
Indiana,2023-06-01,2023,6,3.4,,,,,0.0
Indiana,2023-07-01,2023,7,3.4,,,,,0.0
Indiana,2023-08-01,2023,8,3.4,,,,,0.0
Indiana,2023-09-01,2023,9,3.5,,,,,0.0
Indiana,2023-10-01,2023,10,3.5,,,,,0.0
Indiana,2023-11-01,2023,11,3.6,,,,,0.0
Indiana,2023-12-01,2023,12,3.7,,,,,0.0
Indiana,2024-01-01,2024,1,3.7,,,,,0.0
Indiana,2024-02-01,2024,2,3.8,,,,,0.0
Indiana,2024-03-01,2024,3,3.9,,,,,0.0
Indiana,2024-04-01,2024,4,4.0,,,,,0.0
Indiana,2024-05-01,2024,5,4.1,,,,,0.0
Indiana,2024-06-01,2024,6,4.1,,,,,0.0
Indiana,2024-07-01,2024,7,4.1,,,,,0.0
Indiana,2024-08-01,2024,8,4.2,,,,,0.0
Indiana,2024-09-01,2024,9,4.2,,,,,0.0
Indiana,2024-10-01,2024,10,4.1,,,,,0.0
Indiana,2024-11-01,2024,11,4.1,,,,,0.0
Indiana,2024-12-01,2024,12,4.0,,,,,0.0
Indiana,2025-01-01,2025,1,3.9,,,,,0.0
Indiana,2025-02-01,2025,2,3.8,,,,,0.0
Indiana,2025-03-01,2025,3,3.7,,,,,0.0
Indiana,2025-04-01,2025,4,3.7,,,,,0.0
Indiana,2025-05-01,2025,5,3.7,,,,,0.0
Indiana,2025-06-01,2025,6,3.7,,,,,0.0
Indiana,2025-07-01,2025,7,3.7,,,,,0.0
Indiana,2025-08-01,2025,8,3.7,,,,,0.0
Indiana,2025-09-01,2025,9,3.7,,,,,0.0
Indiana,2025-10-01,2025,10,,,,,,0.0
Indiana,2025-11-01,2025,11,3.5,,,,,0.0
Indiana,2025-12-01,2025,12,3.5,,,,,0.0
Iowa,2016-01-01,2016,1,3.6,1279.2,284.3,1250.7,994.9,1563.5
Iowa,2016-02-01,2016,2,3.6,1282.8,282.9,1260.8,999.9,1565.6999999999998
Iowa,2016-03-01,2016,3,3.6,1294.0,289.4,1265.5,1004.6,1583.4
Iowa,2016-04-01,2016,4,3.6,1316.9,297.0,1281.9,1019.9,1613.9
Iowa,2016-05-01,2016,5,3.6,1322.0,299.2,1285.8,1022.8,1621.2
Iowa,2016-06-01,2016,6,3.7,1323.4,304.0,1278.3,1019.4,1627.4
Iowa,2016-07-01,2016,7,3.7,1328.5,306.1,1259.8,1022.4,1634.6
Iowa,2016-08-01,2016,8,3.7,1326.8,306.1,1261.7,1020.7,1632.9
Iowa,2016-09-01,2016,9,3.6,1322.9,303.4,1278.3,1019.5,1626.3000000000002
Iowa,2016-10-01,2016,10,3.6,1324.6,301.8,1286.2,1022.8,1626.3999999999999
Iowa,2016-11-01,2016,11,3.5,1323.1,298.5,1289.7,1024.6,1621.6
Iowa,2016-12-01,2016,12,3.4,1314.3,292.8,1285.8,1021.5,1607.1
Iowa,2017-01-01,2017,1,3.3,1276.8,281.0,1255.4,995.8,1557.8
Iowa,2017-02-01,2017,2,3.3,1284.4,280.9,1266.6,1003.5,1565.3000000000002
Iowa,2017-03-01,2017,3,3.2,1291.4,284.6,1270.3,1006.8,1576.0
Iowa,2017-04-01,2017,4,3.1,1313.7,292.4,1285.7,1021.3,1606.1
Iowa,2017-05-01,2017,5,3.1,1321.4,296.3,1289.5,1025.1,1617.7
Iowa,2017-06-01,2017,6,3.1,1328.0,301.0,1288.5,1027.0,1629.0
Iowa,2017-07-01,2017,7,3.1,1323.9,301.4,1264.4,1022.5,1625.3000000000002
Iowa,2017-08-01,2017,8,3.1,1322.1,300.4,1267.6,1021.7,1622.5
Iowa,2017-09-01,2017,9,3.0,1319.1,299.6,1280.4,1019.5,1618.6999999999998
Iowa,2017-10-01,2017,10,3.0,1323.5,300.0,1288.5,1023.5,1623.5
Iowa,2017-11-01,2017,11,2.9,1325.8,299.4,1292.5,1026.4,1625.1999999999998
Iowa,2017-12-01,2017,12,2.9,1321.5,296.3,1290.1,1025.2,1617.8
Iowa,2018-01-01,2018,1,2.8,1287.4,285.2,1262.7,1002.2,1572.6000000000001
Iowa,2018-02-01,2018,2,2.7,1294.2,285.9,1272.2,1008.3,1580.1
Iowa,2018-03-01,2018,3,2.7,1300.1,290.2,1273.6,1009.9,1590.3
Iowa,2018-04-01,2018,4,2.6,1318.2,298.0,1285.1,1020.2,1616.2
Iowa,2018-05-01,2018,5,2.5,1335.1,304.7,1295.8,1030.4,1639.8
Iowa,2018-06-01,2018,6,2.5,1340.0,310.8,1291.7,1029.2,1650.8
Iowa,2018-07-01,2018,7,2.5,1336.9,312.0,1267.2,1024.9,1648.9
Iowa,2018-08-01,2018,8,2.5,1333.1,310.9,1267.8,1022.2,1644.0
Iowa,2018-09-01,2018,9,2.5,1330.0,309.3,1281.1,1020.7,1639.3
Iowa,2018-10-01,2018,10,2.5,1334.2,308.9,1290.6,1025.3,1643.1
Iowa,2018-11-01,2018,11,2.6,1336.9,308.7,1295.6,1028.2,1645.6000000000001
Iowa,2018-12-01,2018,12,2.6,1328.8,304.0,1290.6,1024.8,1632.8
Iowa,2019-01-01,2019,1,2.6,1298.8,294.9,1262.9,1003.9,1593.6999999999998
Iowa,2019-02-01,2019,2,2.6,1298.6,292.0,1269.8,1006.6,1590.6
Iowa,2019-03-01,2019,3,2.6,1302.8,294.5,1272.9,1008.3,1597.3
Iowa,2019-04-01,2019,4,2.6,1325.6,304.5,1286.9,1021.1,1630.1
Iowa,2019-05-01,2019,5,2.6,1336.7,310.2,1293.3,1026.5,1646.9
Iowa,2019-06-01,2019,6,2.7,1341.7,315.2,1285.5,1026.5,1656.9
Iowa,2019-07-01,2019,7,2.7,1339.3,316.3,1264.0,1023.0,1655.6
Iowa,2019-08-01,2019,8,2.7,1337.6,315.2,1266.5,1022.4,1652.8
Iowa,2019-09-01,2019,9,2.7,1330.6,311.2,1281.0,1019.4,1641.8
Iowa,2019-10-01,2019,10,2.7,1338.3,311.4,1293.0,1026.9,1649.6999999999998
Iowa,2019-11-01,2019,11,2.7,1339.0,308.8,1297.7,1030.2,1647.8
Iowa,2019-12-01,2019,12,2.7,1331.3,304.8,1294.4,1026.5,1636.1
Iowa,2020-01-01,2020,1,2.7,1298.4,294.1,1267.8,1004.3,1592.5
Iowa,2020-02-01,2020,2,2.7,1300.5,292.1,1275.1,1008.4,1592.6
Iowa,2020-03-01,2020,3,2.7,1298.8,294.8,1271.5,1004.0,1593.6
Iowa,2020-04-01,2020,4,11.0,1162.8,288.2,1129.2,874.6,1451.0
Iowa,2020-05-01,2020,5,8.5,1194.3,293.3,1143.4,901.0,1487.6
Iowa,2020-06-01,2020,6,6.8,1238.7,297.6,1181.1,941.1,1536.3000000000002
Iowa,2020-07-01,2020,7,6.0,1254.7,299.5,1183.7,955.2,1554.2
Iowa,2020-08-01,2020,8,5.0,1253.0,298.8,1190.3,954.2,1551.8
Iowa,2020-09-01,2020,9,4.6,1255.3,296.0,1213.5,959.3,1551.3
Iowa,2020-10-01,2020,10,4.2,1277.5,298.1,1236.4,979.4,1575.6
Iowa,2020-11-01,2020,11,4.2,1274.0,297.0,1234.4,977.0,1571.0
Iowa,2020-12-01,2020,12,4.2,1272.9,296.2,1231.2,976.7,1569.1000000000001
Iowa,2021-01-01,2021,1,4.1,1246.8,284.9,1210.6,961.9,1531.6999999999998
Iowa,2021-02-01,2021,2,4.2,1247.0,281.0,1219.7,966.0,1528.0
Iowa,2021-03-01,2021,3,4.3,1258.6,286.6,1227.2,972.0,1545.1999999999998
Iowa,2021-04-01,2021,4,4.4,1276.4,296.4,1240.2,980.0,1572.8000000000002
Iowa,2021-05-01,2021,5,4.4,1286.5,300.2,1244.1,986.3,1586.7
Iowa,2021-06-01,2021,6,4.3,1294.0,305.2,1243.6,988.8,1599.2
Iowa,2021-07-01,2021,7,4.1,1304.1,309.3,1231.5,994.8,1613.3999999999999
Iowa,2021-08-01,2021,8,3.9,1299.0,307.5,1232.5,991.5,1606.5
Iowa,2021-09-01,2021,9,3.6,1289.1,304.7,1241.5,984.4,1593.8
Iowa,2021-10-01,2021,10,3.3,1308.3,305.8,1263.1,1002.5,1614.1
Iowa,2021-11-01,2021,11,3.1,1306.8,299.1,1269.5,1007.7,1605.9
Iowa,2021-12-01,2021,12,2.9,1304.0,302.2,1261.4,1001.8,1606.2
Iowa,2022-01-01,2022,1,2.8,1272.5,291.0,1235.0,981.5,1563.5
Iowa,2022-02-01,2022,2,2.7,1288.7,292.3,1254.5,996.4,1581.0
Iowa,2022-03-01,2022,3,2.6,1293.5,295.3,1256.9,998.2,1588.8
Iowa,2022-04-01,2022,4,2.6,1312.3,305.1,1268.7,1007.2,1617.4
Iowa,2022-05-01,2022,5,2.6,1318.1,308.5,1272.0,1009.6,1626.6
Iowa,2022-06-01,2022,6,2.7,1326.2,314.8,1269.3,1011.4,1641.0
Iowa,2022-07-01,2022,7,2.8,1327.1,317.2,1250.1,1009.9,1644.3
Iowa,2022-08-01,2022,8,3.0,1323.3,315.7,1251.2,1007.6,1639.0
Iowa,2022-09-01,2022,9,3.1,1320.1,312.9,1268.5,1007.2,1633.0
Iowa,2022-10-01,2022,10,3.1,1334.6,313.2,1286.3,1021.4,1647.8
Iowa,2022-11-01,2022,11,3.1,1335.5,311.7,1290.2,1023.8,1647.2
Iowa,2022-12-01,2022,12,3.1,1323.1,307.3,1281.0,1015.8,1630.3999999999999
Iowa,2023-01-01,2023,1,3.0,1295.1,299.3,1254.8,995.8,1594.3999999999999
Iowa,2023-02-01,2023,2,3.0,1305.5,299.0,1270.4,1006.5,1604.5
Iowa,2023-03-01,2023,3,2.9,1308.9,302.1,1271.3,1006.8,1611.0
Iowa,2023-04-01,2023,4,2.9,1333.4,311.0,1288.1,1022.4,1644.4
Iowa,2023-05-01,2023,5,2.9,1336.4,313.5,1290.4,1022.9,1649.9
Iowa,2023-06-01,2023,6,3.0,1342.5,320.1,1284.7,1022.4,1662.6
Iowa,2023-07-01,2023,7,3.0,1340.6,321.6,1263.7,1019.0,1662.1999999999998
Iowa,2023-08-01,2023,8,3.0,1338.0,320.1,1266.1,1017.9,1658.1
Iowa,2023-09-01,2023,9,3.0,1331.1,318.3,1279.4,1012.8,1649.3999999999999
Iowa,2023-10-01,2023,10,3.0,1348.5,316.1,1302.2,1032.4,1664.6
Iowa,2023-11-01,2023,11,2.9,1347.0,314.4,1303.2,1032.6,1661.4
Iowa,2023-12-01,2023,12,2.9,1335.9,311.7,1295.0,1024.2,1647.6000000000001
Iowa,2024-01-01,2024,1,2.8,1295.0,299.4,1260.0,995.6,1594.4
Iowa,2024-02-01,2024,2,2.8,1316.8,301.4,1285.1,1015.4,1618.1999999999998
Iowa,2024-03-01,2024,3,2.8,1321.2,306.0,1285.8,1015.2,1627.2
Iowa,2024-04-01,2024,4,2.9,1340.5,311.6,1300.0,1028.9,1652.1
Iowa,2024-05-01,2024,5,3.0,1346.0,314.9,1304.3,1031.1,1660.9
Iowa,2024-06-01,2024,6,3.1,1346.6,319.3,1291.3,1027.3,1665.8999999999999
Iowa,2024-07-01,2024,7,3.2,1343.6,317.6,1271.8,1026.0,1661.1999999999998
Iowa,2024-08-01,2024,8,3.3,1339.9,315.0,1276.0,1024.9,1654.9
Iowa,2024-09-01,2024,9,3.4,1327.6,311.5,1285.1,1016.1,1639.1
Iowa,2024-10-01,2024,10,3.4,1341.3,307.6,1306.5,1033.7,1648.9
Iowa,2024-11-01,2024,11,3.5,1339.5,306.1,1308.4,1033.4,1645.6
Iowa,2024-12-01,2024,12,3.5,1326.4,301.9,1298.5,1024.5,1628.3000000000002
Iowa,2025-01-01,2025,1,3.5,1299.8,293.6,1276.6,1006.2,1593.4
Iowa,2025-02-01,2025,2,3.5,1306.2,291.7,1288.0,1014.5,1597.9
Iowa,2025-03-01,2025,3,3.6,1311.4,296.1,1288.4,1015.3,1607.5
Iowa,2025-04-01,2025,4,3.6,1329.7,303.6,1300.0,1026.1,1633.3000000000002
Iowa,2025-05-01,2025,5,3.6,1334.1,306.6,1304.8,1027.5,1640.6999999999998
Iowa,2025-06-01,2025,6,3.5,1334.5,311.0,1292.6,1023.5,1645.5
Iowa,2025-07-01,2025,7,3.5,1328.5,309.6,1265.5,1018.9,1638.1
Iowa,2025-08-01,2025,8,3.5,1324.1,308.4,1267.1,1015.7,1632.5
Iowa,2025-09-01,2025,9,3.4,1313.4,305.1,1278.5,1008.3,1618.5
Iowa,2025-10-01,2025,10,,1323.8,302.4,1295.1,1021.4,1626.1999999999998
Iowa,2025-11-01,2025,11,3.4,1324.0,303.6,1294.7,1020.4,1627.6
Iowa,2025-12-01,2025,12,3.4,1308.2,296.5,1283.9,1011.7,1604.7
Kansas,2016-01-01,2016,1,3.9,1130.3,226.7,1155.8,903.6,1357.0
Kansas,2016-02-01,2016,2,3.9,1132.6,226.5,1166.4,906.1,1359.1
Kansas,2016-03-01,2016,3,3.9,1136.3,228.5,1169.9,907.8,1364.8
Kansas,2016-04-01,2016,4,4.0,1150.6,229.9,1184.0,920.7,1380.5
Kansas,2016-05-01,2016,5,4.0,1152.2,230.4,1183.5,921.8,1382.6000000000001
Kansas,2016-06-01,2016,6,4.1,1152.8,232.1,1171.9,920.7,1384.8999999999999
Kansas,2016-07-01,2016,7,4.1,1156.1,232.1,1155.6,924.0,1388.1999999999998
Kansas,2016-08-01,2016,8,4.2,1154.7,232.1,1156.9,922.6,1386.8
Kansas,2016-09-01,2016,9,4.2,1152.7,231.6,1179.8,921.1,1384.3
Kansas,2016-10-01,2016,10,4.2,1157.0,231.6,1188.8,925.4,1388.6
Kansas,2016-11-01,2016,11,4.1,1159.1,231.0,1191.3,928.1,1390.1
Kansas,2016-12-01,2016,12,4.0,1155.5,229.1,1189.2,926.4,1384.6
Kansas,2017-01-01,2017,1,3.9,1128.3,225.4,1154.9,902.9,1353.7
Kansas,2017-02-01,2017,2,3.8,1134.6,227.2,1168.6,907.4,1361.8
Kansas,2017-03-01,2017,3,3.7,1139.4,228.7,1172.6,910.7,1368.1000000000001
Kansas,2017-04-01,2017,4,3.7,1141.7,227.6,1176.1,914.1,1369.3
Kansas,2017-05-01,2017,5,3.7,1145.9,228.9,1178.6,917.0,1374.8000000000002
Kansas,2017-06-01,2017,6,3.6,1151.3,232.5,1168.8,918.8,1383.8
Kansas,2017-07-01,2017,7,3.6,1153.9,232.6,1153.3,921.3,1386.5
Kansas,2017-08-01,2017,8,3.6,1154.3,231.2,1158.3,923.1,1385.5
Kansas,2017-09-01,2017,9,3.6,1152.5,231.8,1179.0,920.7,1384.3
Kansas,2017-10-01,2017,10,3.5,1157.4,232.0,1188.8,925.4,1389.4
Kansas,2017-11-01,2017,11,3.5,1163.1,231.5,1195.9,931.6,1394.6
Kansas,2017-12-01,2017,12,3.5,1162.3,231.8,1193.7,930.5,1394.1
Kansas,2018-01-01,2018,1,3.4,1135.6,225.7,1163.0,909.9,1361.3
Kansas,2018-02-01,2018,2,3.4,1141.3,228.7,1174.8,912.6,1370.0
Kansas,2018-03-01,2018,3,3.4,1143.0,230.2,1175.7,912.8,1373.2
Kansas,2018-04-01,2018,4,3.4,1153.1,232.2,1184.4,920.9,1385.3
Kansas,2018-05-01,2018,5,3.3,1158.5,234.1,1187.6,924.4,1392.6
Kansas,2018-06-01,2018,6,3.3,1164.2,237.8,1177.1,926.4,1402.0
Kansas,2018-07-01,2018,7,3.2,1165.5,238.8,1160.3,926.7,1404.3
Kansas,2018-08-01,2018,8,3.2,1165.1,239.0,1170.2,926.1,1404.1
Kansas,2018-09-01,2018,9,3.2,1161.1,238.7,1184.1,922.4,1399.8
Kansas,2018-10-01,2018,10,3.3,1166.9,239.5,1192.8,927.4,1406.4
Kansas,2018-11-01,2018,11,3.3,1171.6,239.3,1198.9,932.3,1410.8999999999999
Kansas,2018-12-01,2018,12,3.3,1169.6,239.1,1195.8,930.5,1408.6999999999998
Kansas,2019-01-01,2019,1,3.3,1145.3,235.1,1164.2,910.2,1380.3999999999999
Kansas,2019-02-01,2019,2,3.3,1146.0,235.5,1174.5,910.5,1381.5
Kansas,2019-03-01,2019,3,3.2,1148.4,237.3,1174.6,911.1,1385.7
Kansas,2019-04-01,2019,4,3.2,1165.7,242.4,1189.1,923.3,1408.1000000000001
Kansas,2019-05-01,2019,5,3.1,1166.7,241.7,1192.2,925.0,1408.4
Kansas,2019-06-01,2019,6,3.1,1171.3,245.1,1179.6,926.2,1416.3999999999999
Kansas,2019-07-01,2019,7,3.1,1169.3,243.2,1159.9,926.1,1412.5
Kansas,2019-08-01,2019,8,3.1,1172.3,243.7,1173.4,928.6,1416.0
Kansas,2019-09-01,2019,9,3.1,1164.4,242.0,1184.8,922.4,1406.4
Kansas,2019-10-01,2019,10,3.1,1171.5,241.6,1197.6,929.9,1413.1
Kansas,2019-11-01,2019,11,3.1,1176.9,242.4,1202.5,934.5,1419.3000000000002
Kansas,2019-12-01,2019,12,3.1,1175.8,241.8,1201.9,934.0,1417.6
Kansas,2020-01-01,2020,1,3.1,1152.5,237.8,1175.5,914.7,1390.3
Kansas,2020-02-01,2020,2,3.1,1153.2,237.5,1181.2,915.7,1390.7
Kansas,2020-03-01,2020,3,3.1,1149.0,238.9,1175.7,910.1,1387.9
Kansas,2020-04-01,2020,4,12.1,1019.1,218.7,1057.4,800.4,1237.8
Kansas,2020-05-01,2020,5,9.2,1057.1,221.3,1087.6,835.8,1278.3999999999999
Kansas,2020-06-01,2020,6,7.5,1088.1,222.8,1102.3,865.3,1310.8999999999999
Kansas,2020-07-01,2020,7,6.7,1101.5,226.1,1100.8,875.4,1327.6
Kansas,2020-08-01,2020,8,5.8,1110.4,228.2,1119.6,882.2,1338.6000000000001
Kansas,2020-09-01,2020,9,5.4,1105.4,226.8,1128.3,878.6,1332.2
Kansas,2020-10-01,2020,10,4.9,1116.6,227.7,1144.3,888.9,1344.3
Kansas,2020-11-01,2020,11,4.6,1118.2,226.3,1147.5,891.9,1344.5
Kansas,2020-12-01,2020,12,4.4,1120.7,227.6,1146.9,893.1,1348.3
Kansas,2021-01-01,2021,1,4.1,1102.8,224.4,1126.0,878.4,1327.2
Kansas,2021-02-01,2021,2,3.9,1095.9,219.8,1128.8,876.1,1315.7
Kansas,2021-03-01,2021,3,3.8,1110.0,228.3,1136.1,881.7,1338.3
Kansas,2021-04-01,2021,4,3.7,1121.5,228.3,1149.4,893.2,1349.8
Kansas,2021-05-01,2021,5,3.7,1129.0,229.4,1156.9,899.6,1358.4
Kansas,2021-06-01,2021,6,3.7,1132.6,233.3,1148.7,899.3,1365.8999999999999
Kansas,2021-07-01,2021,7,3.5,1142.0,235.4,1137.9,906.6,1377.4
Kansas,2021-08-01,2021,8,3.4,1139.6,234.9,1143.1,904.7,1374.5
Kansas,2021-09-01,2021,9,3.1,1124.7,233.2,1145.2,891.5,1357.9
Kansas,2021-10-01,2021,10,2.9,1145.6,234.5,1168.5,911.1,1380.1
Kansas,2021-11-01,2021,11,2.8,1151.5,234.8,1174.4,916.7,1386.3
Kansas,2021-12-01,2021,12,2.6,1152.2,235.4,1170.6,916.8,1387.6000000000001
Kansas,2022-01-01,2022,1,2.6,1132.9,230.9,1152.3,902.0,1363.8000000000002
Kansas,2022-02-01,2022,2,2.6,1142.2,232.8,1163.1,909.4,1375.0
Kansas,2022-03-01,2022,3,2.6,1142.6,234.5,1162.6,908.1,1377.1
Kansas,2022-04-01,2022,4,2.6,1158.0,237.6,1176.6,920.4,1395.6
Kansas,2022-05-01,2022,5,2.7,1161.9,238.9,1179.5,923.0,1400.8000000000002
Kansas,2022-06-01,2022,6,2.7,1161.2,242.8,1164.3,918.4,1404.0
Kansas,2022-07-01,2022,7,2.8,1178.3,244.9,1158.7,933.4,1423.2
Kansas,2022-08-01,2022,8,2.9,1179.6,243.9,1166.6,935.7,1423.5
Kansas,2022-09-01,2022,9,2.9,1173.3,243.0,1185.2,930.3,1416.3
Kansas,2022-10-01,2022,10,3.0,1181.7,243.9,1196.7,937.8,1425.6000000000001
Kansas,2022-11-01,2022,11,3.0,1186.5,244.9,1200.9,941.6,1431.4
Kansas,2022-12-01,2022,12,3.0,1185.8,245.2,1196.1,940.6,1431.0
Kansas,2023-01-01,2023,1,3.0,1169.5,242.7,1181.6,926.8,1412.2
Kansas,2023-02-01,2023,2,3.0,1173.4,244.4,1186.0,929.0,1417.8000000000002
Kansas,2023-03-01,2023,3,2.9,1175.8,245.6,1187.5,930.2,1421.3999999999999
Kansas,2023-04-01,2023,4,2.9,1185.1,246.2,1198.7,938.9,1431.3
Kansas,2023-05-01,2023,5,2.8,1188.5,246.7,1202.9,941.8,1435.2
Kansas,2023-06-01,2023,6,2.8,1197.7,250.7,1197.4,947.0,1448.4
Kansas,2023-07-01,2023,7,2.8,1196.1,250.4,1174.5,945.7,1446.5
Kansas,2023-08-01,2023,8,2.8,1195.4,249.5,1181.5,945.9,1444.9
Kansas,2023-09-01,2023,9,2.9,1190.3,248.6,1200.3,941.7,1438.8999999999999
Kansas,2023-10-01,2023,10,2.9,1195.9,247.9,1211.0,948.0,1443.8000000000002
Kansas,2023-11-01,2023,11,2.9,1201.5,249.5,1215.6,952.0,1451.0
Kansas,2023-12-01,2023,12,3.0,1200.2,250.0,1210.5,950.2,1450.2
Kansas,2024-01-01,2024,1,3.1,1172.7,243.8,1185.4,928.9,1416.5
Kansas,2024-02-01,2024,2,3.1,1184.1,248.0,1197.6,936.1,1432.1
Kansas,2024-03-01,2024,3,3.3,1188.0,249.7,1200.8,938.3,1437.7
Kansas,2024-04-01,2024,4,3.4,1198.4,251.2,1212.4,947.2,1449.6000000000001
Kansas,2024-05-01,2024,5,3.5,1203.8,252.5,1211.8,951.3,1456.3
Kansas,2024-06-01,2024,6,3.6,1208.2,256.4,1205.5,951.8,1464.6
Kansas,2024-07-01,2024,7,3.6,1205.1,255.2,1182.0,949.9,1460.3
Kansas,2024-08-01,2024,8,3.7,1206.6,255.6,1192.4,951.0,1462.1999999999998
Kansas,2024-09-01,2024,9,3.7,1200.2,254.2,1207.2,946.0,1454.4
Kansas,2024-10-01,2024,10,3.7,1206.2,250.6,1223.0,955.6,1456.8
Kansas,2024-11-01,2024,11,3.7,1212.3,254.3,1226.9,958.0,1466.6
Kansas,2024-12-01,2024,12,3.8,1210.4,253.2,1222.9,957.2,1463.6000000000001
Kansas,2025-01-01,2025,1,3.8,1183.1,246.6,1193.2,936.5,1429.6999999999998
Kansas,2025-02-01,2025,2,3.8,1188.1,248.7,1203.5,939.4,1436.8
Kansas,2025-03-01,2025,3,3.8,1194.0,251.6,1207.3,942.4,1445.6
Kansas,2025-04-01,2025,4,3.8,1206.5,253.2,1220.6,953.3,1459.7
Kansas,2025-05-01,2025,5,3.8,1207.3,253.2,1220.6,954.1,1460.5
Kansas,2025-06-01,2025,6,3.7,1205.4,254.9,1208.2,950.5,1460.3000000000002
Kansas,2025-07-01,2025,7,3.7,1210.5,255.4,1191.0,955.1,1465.9
Kansas,2025-08-01,2025,8,3.7,1209.9,254.0,1195.5,955.9,1463.9
Kansas,2025-09-01,2025,9,3.8,1202.1,252.1,1212.9,950.0,1454.1999999999998
Kansas,2025-10-01,2025,10,,1208.9,253.7,1222.1,955.2,1462.6000000000001
Kansas,2025-11-01,2025,11,3.8,1213.8,254.6,1227.1,959.2,1468.3999999999999
Kansas,2025-12-01,2025,12,3.8,1209.1,252.4,1221.0,956.7,1461.5
Kentucky,2016-01-01,2016,1,5.2,,,,,0.0
Kentucky,2016-02-01,2016,2,5.2,,,,,0.0
Kentucky,2016-03-01,2016,3,5.1,,,,,0.0
Kentucky,2016-04-01,2016,4,5.0,,,,,0.0
Kentucky,2016-05-01,2016,5,5.0,,,,,0.0
Kentucky,2016-06-01,2016,6,5.0,,,,,0.0
Kentucky,2016-07-01,2016,7,5.0,,,,,0.0
Kentucky,2016-08-01,2016,8,5.0,,,,,0.0
Kentucky,2016-09-01,2016,9,5.1,,,,,0.0
Kentucky,2016-10-01,2016,10,5.1,,,,,0.0
Kentucky,2016-11-01,2016,11,5.1,,,,,0.0
Kentucky,2016-12-01,2016,12,5.1,,,,,0.0
Kentucky,2017-01-01,2017,1,5.1,,,,,0.0
Kentucky,2017-02-01,2017,2,5.0,,,,,0.0
Kentucky,2017-03-01,2017,3,5.0,,,,,0.0
Kentucky,2017-04-01,2017,4,4.9,,,,,0.0
Kentucky,2017-05-01,2017,5,4.9,,,,,0.0
Kentucky,2017-06-01,2017,6,4.8,,,,,0.0
Kentucky,2017-07-01,2017,7,4.8,,,,,0.0
Kentucky,2017-08-01,2017,8,4.7,,,,,0.0
Kentucky,2017-09-01,2017,9,4.6,,,,,0.0
Kentucky,2017-10-01,2017,10,4.5,,,,,0.0
Kentucky,2017-11-01,2017,11,4.4,,,,,0.0
Kentucky,2017-12-01,2017,12,4.3,,,,,0.0
Kentucky,2018-01-01,2018,1,4.2,,,,,0.0
Kentucky,2018-02-01,2018,2,4.2,,,,,0.0
Kentucky,2018-03-01,2018,3,4.2,,,,,0.0
Kentucky,2018-04-01,2018,4,4.2,,,,,0.0
Kentucky,2018-05-01,2018,5,4.2,,,,,0.0
Kentucky,2018-06-01,2018,6,4.2,,,,,0.0
Kentucky,2018-07-01,2018,7,4.2,,,,,0.0
Kentucky,2018-08-01,2018,8,4.2,,,,,0.0
Kentucky,2018-09-01,2018,9,4.2,,,,,0.0
Kentucky,2018-10-01,2018,10,4.2,,,,,0.0
Kentucky,2018-11-01,2018,11,4.2,,,,,0.0
Kentucky,2018-12-01,2018,12,4.2,,,,,0.0
Kentucky,2019-01-01,2019,1,4.2,,,,,0.0
Kentucky,2019-02-01,2019,2,4.2,,,,,0.0
Kentucky,2019-03-01,2019,3,4.1,,,,,0.0
Kentucky,2019-04-01,2019,4,4.1,,,,,0.0
Kentucky,2019-05-01,2019,5,4.1,,,,,0.0
Kentucky,2019-06-01,2019,6,4.1,,,,,0.0
Kentucky,2019-07-01,2019,7,4.1,,,,,0.0
Kentucky,2019-08-01,2019,8,4.1,,,,,0.0
Kentucky,2019-09-01,2019,9,4.0,,,,,0.0
Kentucky,2019-10-01,2019,10,4.0,,,,,0.0
Kentucky,2019-11-01,2019,11,4.0,,,,,0.0
Kentucky,2019-12-01,2019,12,4.0,,,,,0.0
Kentucky,2020-01-01,2020,1,4.1,,,,,0.0
Kentucky,2020-02-01,2020,2,4.1,,,,,0.0
Kentucky,2020-03-01,2020,3,4.1,,,,,0.0
Kentucky,2020-04-01,2020,4,16.7,,,,,0.0
Kentucky,2020-05-01,2020,5,12.8,,,,,0.0
Kentucky,2020-06-01,2020,6,5.3,,,,,0.0
Kentucky,2020-07-01,2020,7,5.8,,,,,0.0
Kentucky,2020-08-01,2020,8,5.2,,,,,0.0
Kentucky,2020-09-01,2020,9,5.0,,,,,0.0
Kentucky,2020-10-01,2020,10,4.8,,,,,0.0
Kentucky,2020-11-01,2020,11,4.8,,,,,0.0
Kentucky,2020-12-01,2020,12,4.7,,,,,0.0
Kentucky,2021-01-01,2021,1,4.6,,,,,0.0
Kentucky,2021-02-01,2021,2,4.6,,,,,0.0
Kentucky,2021-03-01,2021,3,4.6,,,,,0.0
Kentucky,2021-04-01,2021,4,4.6,,,,,0.0
Kentucky,2021-05-01,2021,5,4.5,,,,,0.0
Kentucky,2021-06-01,2021,6,4.6,,,,,0.0
Kentucky,2021-07-01,2021,7,4.5,,,,,0.0
Kentucky,2021-08-01,2021,8,4.5,,,,,0.0
Kentucky,2021-09-01,2021,9,4.4,,,,,0.0
Kentucky,2021-10-01,2021,10,4.3,,,,,0.0
Kentucky,2021-11-01,2021,11,4.2,,,,,0.0
Kentucky,2021-12-01,2021,12,4.1,,,,,0.0
Kentucky,2022-01-01,2022,1,4.0,,,,,0.0
Kentucky,2022-02-01,2022,2,4.0,,,,,0.0
Kentucky,2022-03-01,2022,3,4.0,,,,,0.0
Kentucky,2022-04-01,2022,4,4.0,,,,,0.0
Kentucky,2022-05-01,2022,5,4.0,,,,,0.0
Kentucky,2022-06-01,2022,6,4.0,,,,,0.0
Kentucky,2022-07-01,2022,7,4.0,,,,,0.0
Kentucky,2022-08-01,2022,8,4.1,,,,,0.0
Kentucky,2022-09-01,2022,9,4.1,,,,,0.0
Kentucky,2022-10-01,2022,10,4.1,,,,,0.0
Kentucky,2022-11-01,2022,11,4.1,,,,,0.0
Kentucky,2022-12-01,2022,12,4.1,,,,,0.0
Kentucky,2023-01-01,2023,1,4.1,,,,,0.0
Kentucky,2023-02-01,2023,2,4.1,,,,,0.0
Kentucky,2023-03-01,2023,3,4.1,,,,,0.0
Kentucky,2023-04-01,2023,4,4.1,,,,,0.0
Kentucky,2023-05-01,2023,5,4.1,,,,,0.0
Kentucky,2023-06-01,2023,6,4.2,,,,,0.0
Kentucky,2023-07-01,2023,7,4.2,,,,,0.0
Kentucky,2023-08-01,2023,8,4.3,,,,,0.0
Kentucky,2023-09-01,2023,9,4.4,,,,,0.0
Kentucky,2023-10-01,2023,10,4.4,,,,,0.0
Kentucky,2023-11-01,2023,11,4.5,,,,,0.0
Kentucky,2023-12-01,2023,12,4.5,,,,,0.0
Kentucky,2024-01-01,2024,1,4.6,,,,,0.0
Kentucky,2024-02-01,2024,2,4.6,,,,,0.0
Kentucky,2024-03-01,2024,3,4.7,,,,,0.0
Kentucky,2024-04-01,2024,4,4.8,,,,,0.0
Kentucky,2024-05-01,2024,5,4.8,,,,,0.0
Kentucky,2024-06-01,2024,6,4.9,,,,,0.0
Kentucky,2024-07-01,2024,7,4.9,,,,,0.0
Kentucky,2024-08-01,2024,8,4.9,,,,,0.0
Kentucky,2024-09-01,2024,9,4.9,,,,,0.0
Kentucky,2024-10-01,2024,10,4.9,,,,,0.0
Kentucky,2024-11-01,2024,11,4.9,,,,,0.0
Kentucky,2024-12-01,2024,12,4.9,,,,,0.0
Kentucky,2025-01-01,2025,1,4.8,,,,,0.0
Kentucky,2025-02-01,2025,2,4.8,,,,,0.0
Kentucky,2025-03-01,2025,3,4.7,,,,,0.0
Kentucky,2025-04-01,2025,4,4.7,,,,,0.0
Kentucky,2025-05-01,2025,5,4.7,,,,,0.0
Kentucky,2025-06-01,2025,6,4.6,,,,,0.0
Kentucky,2025-07-01,2025,7,4.6,,,,,0.0
Kentucky,2025-08-01,2025,8,4.5,,,,,0.0
Kentucky,2025-09-01,2025,9,4.5,,,,,0.0
Kentucky,2025-10-01,2025,10,,,,,,0.0
Kentucky,2025-11-01,2025,11,4.4,,,,,0.0
Kentucky,2025-12-01,2025,12,4.4,,,,,0.0
Louisiana,2016-01-01,2016,1,6.0,,,,1323.7,0.0
Louisiana,2016-02-01,2016,2,6.0,,,,1324.4,0.0
Louisiana,2016-03-01,2016,3,6.0,,,,1329.7,0.0
Louisiana,2016-04-01,2016,4,6.1,,,,1339.4,0.0
Louisiana,2016-05-01,2016,5,6.1,,,,1339.9,0.0
Louisiana,2016-06-01,2016,6,6.1,,,,1331.9,0.0
Louisiana,2016-07-01,2016,7,6.1,,,,1329.6,0.0
Louisiana,2016-08-01,2016,8,6.1,,,,1327.8,0.0
Louisiana,2016-09-01,2016,9,6.1,,,,1329.2,0.0
Louisiana,2016-10-01,2016,10,6.0,,,,1331.8,0.0
Louisiana,2016-11-01,2016,11,6.0,,,,1337.3,0.0
Louisiana,2016-12-01,2016,12,5.9,,,,1334.5,0.0
Louisiana,2017-01-01,2017,1,5.8,,,,1314.8,0.0
Louisiana,2017-02-01,2017,2,5.7,,,,1323.5,0.0
Louisiana,2017-03-01,2017,3,5.5,,,,1325.9,0.0
Louisiana,2017-04-01,2017,4,5.4,,,,1328.0,0.0
Louisiana,2017-05-01,2017,5,5.2,,,,1333.2,0.0
Louisiana,2017-06-01,2017,6,5.1,,,,1329.8,0.0
Louisiana,2017-07-01,2017,7,5.0,,,,1321.1,0.0
Louisiana,2017-08-01,2017,8,4.9,,,,1327.2,0.0
Louisiana,2017-09-01,2017,9,4.8,,,,1325.7,0.0
Louisiana,2017-10-01,2017,10,4.7,,,,1330.9,0.0
Louisiana,2017-11-01,2017,11,4.7,,,,1341.0,0.0
Louisiana,2017-12-01,2017,12,4.7,,,,1338.9,0.0
Louisiana,2018-01-01,2018,1,4.7,,,,1318.7,0.0
Louisiana,2018-02-01,2018,2,4.7,,,,1322.6,0.0
Louisiana,2018-03-01,2018,3,4.8,,,,1332.5,0.0
Louisiana,2018-04-01,2018,4,4.9,,,,1337.3,0.0
Louisiana,2018-05-01,2018,5,4.9,,,,1340.6,0.0
Louisiana,2018-06-01,2018,6,4.9,,,,1336.1,0.0
Louisiana,2018-07-01,2018,7,4.9,,,,1328.6,0.0
Louisiana,2018-08-01,2018,8,4.9,,,,1338.2,0.0
Louisiana,2018-09-01,2018,9,4.8,,,,1333.2,0.0
Louisiana,2018-10-01,2018,10,4.8,,,,1345.3,0.0
Louisiana,2018-11-01,2018,11,4.8,,,,1353.5,0.0
Louisiana,2018-12-01,2018,12,4.8,,,,1349.2,0.0
Louisiana,2019-01-01,2019,1,4.7,,,,1332.3,0.0
Louisiana,2019-02-01,2019,2,4.6,,,,1338.8,0.0
Louisiana,2019-03-01,2019,3,4.5,,,,1338.8,0.0
Louisiana,2019-04-01,2019,4,4.4,,,,1347.8,0.0
Louisiana,2019-05-01,2019,5,4.4,,,,1350.3,0.0
Louisiana,2019-06-01,2019,6,4.5,,,,1347.0,0.0
Louisiana,2019-07-01,2019,7,4.6,,,,1336.3,0.0
Louisiana,2019-08-01,2019,8,4.7,,,,1347.7,0.0
Louisiana,2019-09-01,2019,9,4.8,,,,1341.2,0.0
Louisiana,2019-10-01,2019,10,4.8,,,,1350.7,0.0
Louisiana,2019-11-01,2019,11,4.8,,,,1361.4,0.0
Louisiana,2019-12-01,2019,12,4.8,,,,1355.1,0.0
Louisiana,2020-01-01,2020,1,4.7,,,,1341.8,0.0
Louisiana,2020-02-01,2020,2,4.7,,,,1346.2,0.0
Louisiana,2020-03-01,2020,3,6.7,,,,1328.4,0.0
Louisiana,2020-04-01,2020,4,13.5,,,,1116.6,0.0
Louisiana,2020-05-01,2020,5,12.3,,,,1149.6,0.0
Louisiana,2020-06-01,2020,6,11.0,,,,1192.0,0.0
Louisiana,2020-07-01,2020,7,10.4,,,,1201.1,0.0
Louisiana,2020-08-01,2020,8,9.2,,,,1219.0,0.0
Louisiana,2020-09-01,2020,9,8.7,,,,1212.6,0.0
Louisiana,2020-10-01,2020,10,8.0,,,,1249.8,0.0
Louisiana,2020-11-01,2020,11,7.6,,,,1264.4,0.0
Louisiana,2020-12-01,2020,12,7.4,,,,1264.9,0.0
Louisiana,2021-01-01,2021,1,7.0,,,,1244.4,0.0
Louisiana,2021-02-01,2021,2,6.8,,,,1247.5,0.0
Louisiana,2021-03-01,2021,3,6.6,,,,1257.9,0.0
Louisiana,2021-04-01,2021,4,6.4,,,,1266.7,0.0
Louisiana,2021-05-01,2021,5,6.2,,,,1275.6,0.0
Louisiana,2021-06-01,2021,6,6.0,,,,1277.3,0.0
Louisiana,2021-07-01,2021,7,5.6,,,,1284.8,0.0
Louisiana,2021-08-01,2021,8,5.2,,,,1289.9,0.0
Louisiana,2021-09-01,2021,9,4.8,,,,1249.5,0.0
Louisiana,2021-10-01,2021,10,4.5,,,,1299.7,0.0
Louisiana,2021-11-01,2021,11,4.2,,,,1313.3,0.0
Louisiana,2021-12-01,2021,12,4.0,,,,1316.8,0.0
Louisiana,2022-01-01,2022,1,3.9,,,,1295.1,0.0
Louisiana,2022-02-01,2022,2,3.8,,,,1308.6,0.0
Louisiana,2022-03-01,2022,3,3.7,,,,1307.5,0.0
Louisiana,2022-04-01,2022,4,3.7,,,,1318.6,0.0
Louisiana,2022-05-01,2022,5,3.7,,,,1321.9,0.0
Louisiana,2022-06-01,2022,6,3.6,,,,1320.1,0.0
Louisiana,2022-07-01,2022,7,3.6,,,,1324.4,0.0
Louisiana,2022-08-01,2022,8,3.6,,,,1330.9,0.0
Louisiana,2022-09-01,2022,9,3.5,,,,1329.3,0.0
Louisiana,2022-10-01,2022,10,3.5,,,,1336.1,0.0
Louisiana,2022-11-01,2022,11,3.5,,,,1343.3,0.0
Louisiana,2022-12-01,2022,12,3.5,,,,1341.7,0.0
Louisiana,2023-01-01,2023,1,3.6,,,,1326.8,0.0
Louisiana,2023-02-01,2023,2,3.6,,,,1331.5,0.0
Louisiana,2023-03-01,2023,3,3.6,,,,1334.0,0.0
Louisiana,2023-04-01,2023,4,3.5,,,,1338.3,0.0
Louisiana,2023-05-01,2023,5,3.5,,,,1344.0,0.0
Louisiana,2023-06-01,2023,6,3.5,,,,1341.5,0.0
Louisiana,2023-07-01,2023,7,3.6,,,,1330.6,0.0
Louisiana,2023-08-01,2023,8,3.7,,,,1338.7,0.0
Louisiana,2023-09-01,2023,9,3.8,,,,1337.2,0.0
Louisiana,2023-10-01,2023,10,3.9,,,,1347.5,0.0
Louisiana,2023-11-01,2023,11,4.1,,,,1352.9,0.0
Louisiana,2023-12-01,2023,12,4.2,,,,1353.8,0.0
Louisiana,2024-01-01,2024,1,4.2,,,,1335.7,0.0
Louisiana,2024-02-01,2024,2,4.1,,,,1338.1,0.0
Louisiana,2024-03-01,2024,3,4.1,,,,1342.9,0.0
Louisiana,2024-04-01,2024,4,4.1,,,,1350.9,0.0
Louisiana,2024-05-01,2024,5,4.1,,,,1356.3,0.0
Louisiana,2024-06-01,2024,6,4.2,,,,1346.9,0.0
Louisiana,2024-07-01,2024,7,4.3,,,,1350.4,0.0
Louisiana,2024-08-01,2024,8,4.4,,,,1358.3,0.0
Louisiana,2024-09-01,2024,9,4.5,,,,1347.2,0.0
Louisiana,2024-10-01,2024,10,4.5,,,,1364.9,0.0
Louisiana,2024-11-01,2024,11,4.4,,,,1371.9,0.0
Louisiana,2024-12-01,2024,12,4.4,,,,1367.8,0.0
Louisiana,2025-01-01,2025,1,4.3,,,,1352.8,0.0
Louisiana,2025-02-01,2025,2,4.3,,,,1363.7,0.0
Louisiana,2025-03-01,2025,3,4.3,,,,1356.9,0.0
Louisiana,2025-04-01,2025,4,4.3,,,,1368.2,0.0
Louisiana,2025-05-01,2025,5,4.3,,,,1368.2,0.0
Louisiana,2025-06-01,2025,6,4.3,,,,1355.5,0.0
Louisiana,2025-07-01,2025,7,4.3,,,,1353.5,0.0
Louisiana,2025-08-01,2025,8,4.2,,,,1361.2,0.0
Louisiana,2025-09-01,2025,9,4.2,,,,1351.0,0.0
Louisiana,2025-10-01,2025,10,,,,,1364.0,0.0
Louisiana,2025-11-01,2025,11,4.2,,,,1370.3,0.0
Louisiana,2025-12-01,2025,12,4.2,,,,1370.5,0.0
Maine,2016-01-01,2016,1,4.0,494.9,76.9,516.1,418.0,571.8
Maine,2016-02-01,2016,2,4.0,494.0,76.3,518.3,417.7,570.3
Maine,2016-03-01,2016,3,3.9,495.6,76.5,520.7,419.1,572.1
Maine,2016-04-01,2016,4,3.9,504.5,78.0,528.2,426.5,582.5
Maine,2016-05-01,2016,5,3.8,517.7,80.5,538.7,437.2,598.2
Maine,2016-06-01,2016,6,3.8,533.4,83.0,550.4,450.4,616.4
Maine,2016-07-01,2016,7,3.8,546.5,83.6,553.9,462.9,630.1
Maine,2016-08-01,2016,8,3.7,545.0,83.6,552.5,461.4,628.6
Maine,2016-09-01,2016,9,3.7,530.0,82.3,548.1,447.7,612.3
Maine,2016-10-01,2016,10,3.7,525.0,82.1,545.0,442.9,607.1
Maine,2016-11-01,2016,11,3.6,518.3,82.2,539.3,436.1,600.5
Maine,2016-12-01,2016,12,3.6,516.9,80.9,537.9,436.0,597.8
Maine,2017-01-01,2017,1,3.5,502.5,77.7,523.3,424.8,580.2
Maine,2017-02-01,2017,2,3.5,499.5,76.9,523.2,422.6,576.4
Maine,2017-03-01,2017,3,3.5,502.3,77.5,526.4,424.8,579.8
Maine,2017-04-01,2017,4,3.4,509.1,78.7,531.9,430.4,587.8000000000001
Maine,2017-05-01,2017,5,3.4,522.4,80.8,542.8,441.6,603.1999999999999
Maine,2017-06-01,2017,6,3.4,540.9,83.9,556.6,457.0,624.8
Maine,2017-07-01,2017,7,3.4,550.7,84.3,557.4,466.4,635.0
Maine,2017-08-01,2017,8,3.4,549.5,84.8,555.4,464.7,634.3
Maine,2017-09-01,2017,9,3.4,535.7,84.0,552.3,451.7,619.7
Maine,2017-10-01,2017,10,3.3,529.5,84.1,547.5,445.4,613.6
Maine,2017-11-01,2017,11,3.2,523.2,84.0,541.7,439.2,607.2
Maine,2017-12-01,2017,12,3.1,523.5,82.9,542.8,440.6,606.4
Maine,2018-01-01,2018,1,3.1,507.8,79.3,526.9,428.5,587.1
Maine,2018-02-01,2018,2,3.0,507.5,79.2,529.2,428.3,586.7
Maine,2018-03-01,2018,3,3.0,508.5,79.9,529.7,428.6,588.4
Maine,2018-04-01,2018,4,3.0,516.0,81.2,536.6,434.8,597.2
Maine,2018-05-01,2018,5,3.1,529.6,83.6,547.2,446.0,613.2
Maine,2018-06-01,2018,6,3.2,546.8,85.8,561.9,461.0,632.5999999999999
Maine,2018-07-01,2018,7,3.3,556.9,86.4,559.9,470.5,643.3
Maine,2018-08-01,2018,8,3.3,554.7,86.7,557.2,468.0,641.4000000000001
Maine,2018-09-01,2018,9,3.3,540.4,85.8,555.3,454.6,626.1999999999999
Maine,2018-10-01,2018,10,3.3,537.5,85.9,554.7,451.6,623.4
Maine,2018-11-01,2018,11,3.3,529.6,85.8,546.7,443.8,615.4
Maine,2018-12-01,2018,12,3.2,528.5,84.8,546.6,443.7,613.3
Maine,2019-01-01,2019,1,3.1,514.1,82.0,532.3,432.1,596.1
Maine,2019-02-01,2019,2,3.0,513.7,81.2,534.1,432.5,594.9000000000001
Maine,2019-03-01,2019,3,2.9,514.9,81.6,535.2,433.3,596.5
Maine,2019-04-01,2019,4,2.8,521.5,82.3,541.5,439.2,603.8
Maine,2019-05-01,2019,5,2.7,536.2,85.3,552.8,450.9,621.5
Maine,2019-06-01,2019,6,2.7,551.4,87.5,564.8,463.9,638.9
Maine,2019-07-01,2019,7,2.8,562.0,88.4,564.0,473.6,650.4
Maine,2019-08-01,2019,8,2.8,561.9,88.4,563.9,473.5,650.3
Maine,2019-09-01,2019,9,2.9,546.7,87.5,560.9,459.2,634.2
Maine,2019-10-01,2019,10,3.0,541.6,87.8,557.3,453.8,629.4
Maine,2019-11-01,2019,11,3.0,533.2,87.5,549.5,445.7,620.7
Maine,2019-12-01,2019,12,3.1,533.5,86.3,549.2,447.2,619.8
Maine,2020-01-01,2020,1,3.2,518.4,83.6,536.2,434.8,602.0
Maine,2020-02-01,2020,2,3.2,517.8,83.0,537.6,434.8,600.8
Maine,2020-03-01,2020,3,3.2,514.2,82.8,534.5,431.4,597.0
Maine,2020-04-01,2020,4,9.3,436.5,73.8,460.1,362.7,510.3
Maine,2020-05-01,2020,5,9.5,465.2,80.7,478.0,384.5,545.9
Maine,2020-06-01,2020,6,6.6,488.8,83.3,499.2,405.5,572.1
Maine,2020-07-01,2020,7,6.3,505.6,81.2,512.7,424.4,586.8000000000001
Maine,2020-08-01,2020,8,4.2,512.5,82.3,518.9,430.2,594.8
Maine,2020-09-01,2020,9,4.0,513.2,86.1,525.1,427.1,599.3000000000001
Maine,2020-10-01,2020,10,3.8,516.6,86.3,528.7,430.3,602.9
Maine,2020-11-01,2020,11,3.9,511.9,86.3,524.0,425.6,598.1999999999999
Maine,2020-12-01,2020,12,4.2,510.4,86.3,520.8,424.1,596.6999999999999
Maine,2021-01-01,2021,1,4.5,498.8,83.7,509.9,415.1,582.5
Maine,2021-02-01,2021,2,4.8,501.8,83.7,515.2,418.1,585.5
Maine,2021-03-01,2021,3,4.9,504.8,84.5,518.3,420.3,589.3
Maine,2021-04-01,2021,4,5.1,512.3,86.2,524.3,426.1,598.5
Maine,2021-05-01,2021,5,5.0,524.1,88.1,533.6,436.0,612.2
Maine,2021-06-01,2021,6,5.0,536.9,89.7,544.5,447.2,626.6
Maine,2021-07-01,2021,7,4.8,552.5,90.9,551.3,461.6,643.4
Maine,2021-08-01,2021,8,4.7,551.1,91.3,548.3,459.8,642.4
Maine,2021-09-01,2021,9,4.5,535.6,90.0,543.3,445.6,625.6
Maine,2021-10-01,2021,10,4.3,535.4,90.0,544.3,445.4,625.4
Maine,2021-11-01,2021,11,4.0,528.8,89.8,538.4,439.0,618.5999999999999
Maine,2021-12-01,2021,12,3.8,527.9,88.6,536.6,439.3,616.5
Maine,2022-01-01,2022,1,3.6,513.7,85.6,524.8,428.1,599.3000000000001
Maine,2022-02-01,2022,2,3.3,516.9,85.8,529.9,431.1,602.6999999999999
Maine,2022-03-01,2022,3,3.0,520.0,86.3,532.7,433.7,606.3
Maine,2022-04-01,2022,4,2.9,529.3,87.4,540.7,441.9,616.6999999999999
Maine,2022-05-01,2022,5,2.8,539.4,89.1,549.3,450.3,628.5
Maine,2022-06-01,2022,6,2.7,550.6,90.7,559.1,459.9,641.3000000000001
Maine,2022-07-01,2022,7,2.6,566.9,91.9,567.3,475.0,658.8
Maine,2022-08-01,2022,8,2.5,565.5,91.9,564.4,473.6,657.4
Maine,2022-09-01,2022,9,2.6,551.2,90.7,560.2,460.5,641.9000000000001
Maine,2022-10-01,2022,10,2.7,547.4,90.8,556.4,456.6,638.1999999999999
Maine,2022-11-01,2022,11,2.7,540.7,90.6,551.5,450.1,631.3000000000001
Maine,2022-12-01,2022,12,2.6,538.9,89.5,550.0,449.4,628.4
Maine,2023-01-01,2023,1,2.6,529.4,87.4,541.5,442.0,616.8
Maine,2023-02-01,2023,2,2.5,529.8,87.0,543.0,442.8,616.8
Maine,2023-03-01,2023,3,2.5,529.9,86.7,543.8,443.2,616.6
Maine,2023-04-01,2023,4,2.5,536.0,88.1,548.5,447.9,624.1
Maine,2023-05-01,2023,5,2.5,549.4,89.9,561.1,459.5,639.3
Maine,2023-06-01,2023,6,2.6,566.2,91.8,576.5,474.4,658.0
Maine,2023-07-01,2023,7,2.6,578.1,92.2,581.0,485.9,670.3000000000001
Maine,2023-08-01,2023,8,2.7,576.7,91.7,578.1,485.0,668.4000000000001
Maine,2023-09-01,2023,9,2.7,561.1,90.7,571.8,470.4,651.8000000000001
Maine,2023-10-01,2023,10,2.8,557.1,90.4,569.3,466.7,647.5
Maine,2023-11-01,2023,11,2.8,548.9,90.0,562.2,458.9,638.9
Maine,2023-12-01,2023,12,2.8,547.3,88.9,561.4,458.4,636.1999999999999
Maine,2024-01-01,2024,1,2.8,536.2,86.9,551.3,449.3,623.1
Maine,2024-02-01,2024,2,2.8,536.0,86.2,552.6,449.8,622.2
Maine,2024-03-01,2024,3,2.8,536.9,86.3,554.2,450.6,623.1999999999999
Maine,2024-04-01,2024,4,2.8,542.4,87.1,558.6,455.3,629.5
Maine,2024-05-01,2024,5,2.9,557.5,89.5,571.4,468.0,647.0
Maine,2024-06-01,2024,6,2.9,574.4,91.6,586.7,482.8,666.0
Maine,2024-07-01,2024,7,3.0,585.7,92.1,588.4,493.6,677.8000000000001
Maine,2024-08-01,2024,8,3.1,583.8,92.0,586.9,491.8,675.8
Maine,2024-09-01,2024,9,3.1,568.9,90.9,580.4,478.0,659.8
Maine,2024-10-01,2024,10,3.2,564.2,90.5,578.1,473.7,654.7
Maine,2024-11-01,2024,11,3.2,554.9,90.2,569.7,464.7,645.1
Maine,2024-12-01,2024,12,3.3,552.7,89.0,568.8,463.7,641.7
Maine,2025-01-01,2025,1,3.3,540.9,86.8,557.6,454.1,627.6999999999999
Maine,2025-02-01,2025,2,3.3,538.3,86.5,555.7,451.8,624.8
Maine,2025-03-01,2025,3,3.3,539.7,86.4,557.6,453.3,626.1
Maine,2025-04-01,2025,4,3.3,544.4,86.6,562.6,457.8,631.0
Maine,2025-05-01,2025,5,3.3,559.7,89.0,575.4,470.7,648.7
Maine,2025-06-01,2025,6,3.3,571.3,90.7,586.2,480.6,662.0
Maine,2025-07-01,2025,7,3.3,585.6,91.5,589.9,494.1,677.1
Maine,2025-08-01,2025,8,3.3,582.1,91.2,586.1,490.9,673.3000000000001
Maine,2025-09-01,2025,9,3.3,567.2,89.9,580.3,477.3,657.1
Maine,2025-10-01,2025,10,,560.0,90.2,573.7,469.8,650.2
Maine,2025-11-01,2025,11,3.3,554.2,89.7,569.1,464.5,643.9000000000001
Maine,2025-12-01,2025,12,3.3,550.9,89.1,566.2,461.8,640.0
Maryland,2016-01-01,2016,1,4.5,2149.2,,,,2149.2
Maryland,2016-02-01,2016,2,4.4,2147.1,,,,2147.1
Maryland,2016-03-01,2016,3,4.3,2166.7,,,,2166.7
Maryland,2016-04-01,2016,4,4.2,2200.7,,,,2200.7
Maryland,2016-05-01,2016,5,4.2,2215.3,,,,2215.3
Maryland,2016-06-01,2016,6,4.2,2234.7,,,,2234.7
Maryland,2016-07-01,2016,7,4.2,2243.9,,,,2243.9
Maryland,2016-08-01,2016,8,4.2,2242.0,,,,2242.0
Maryland,2016-09-01,2016,9,4.2,2229.0,,,,2229.0
Maryland,2016-10-01,2016,10,4.2,2229.9,,,,2229.9
Maryland,2016-11-01,2016,11,4.2,2242.1,,,,2242.1
Maryland,2016-12-01,2016,12,4.2,2243.6,,,,2243.6
Maryland,2017-01-01,2017,1,4.2,2183.6,,,,2183.6
Maryland,2017-02-01,2017,2,4.1,2187.4,,,,2187.4
Maryland,2017-03-01,2017,3,4.1,2200.4,,,,2200.4
Maryland,2017-04-01,2017,4,4.0,2222.6,,,,2222.6
Maryland,2017-05-01,2017,5,4.0,2243.8,,,,2243.8
Maryland,2017-06-01,2017,6,4.0,2269.1,,,,2269.1
Maryland,2017-07-01,2017,7,4.0,2274.6,,,,2274.6
Maryland,2017-08-01,2017,8,4.0,2271.2,,,,2271.2
Maryland,2017-09-01,2017,9,4.1,2253.0,,,,2253.0
Maryland,2017-10-01,2017,10,4.1,2254.0,,,,2254.0
Maryland,2017-11-01,2017,11,4.1,2264.4,,,,2264.4
Maryland,2017-12-01,2017,12,4.1,2260.0,,,,2260.0
Maryland,2018-01-01,2018,1,4.1,2205.3,,,,2205.3
Maryland,2018-02-01,2018,2,4.0,2210.4,,,,2210.4
Maryland,2018-03-01,2018,3,4.0,2225.1,,,,2225.1
Maryland,2018-04-01,2018,4,3.9,2245.3,,,,2245.3
Maryland,2018-05-01,2018,5,3.8,2267.2,,,,2267.2
Maryland,2018-06-01,2018,6,3.8,2291.1,,,,2291.1
Maryland,2018-07-01,2018,7,3.7,2299.7,,,,2299.7
Maryland,2018-08-01,2018,8,3.7,2294.8,,,,2294.8
Maryland,2018-09-01,2018,9,3.7,2271.1,,,,2271.1
Maryland,2018-10-01,2018,10,3.7,2276.9,,,,2276.9
Maryland,2018-11-01,2018,11,3.7,2291.3,,,,2291.3
Maryland,2018-12-01,2018,12,3.6,2284.6,,,,2284.6
Maryland,2019-01-01,2019,1,3.6,2232.8,,,,2232.8
Maryland,2019-02-01,2019,2,3.5,2235.1,,,,2235.1
Maryland,2019-03-01,2019,3,3.5,2248.9,,,,2248.9
Maryland,2019-04-01,2019,4,3.4,2265.7,,,,2265.7
Maryland,2019-05-01,2019,5,3.4,2284.9,,,,2284.9
Maryland,2019-06-01,2019,6,3.4,2310.5,,,,2310.5
Maryland,2019-07-01,2019,7,3.4,2314.6,,,,2314.6
Maryland,2019-08-01,2019,8,3.4,2309.0,,,,2309.0
Maryland,2019-09-01,2019,9,3.3,2285.5,,,,2285.5
Maryland,2019-10-01,2019,10,3.3,2290.1,,,,2290.1
Maryland,2019-11-01,2019,11,3.2,2302.4,,,,2302.4
Maryland,2019-12-01,2019,12,3.2,2300.9,,,,2300.9
Maryland,2020-01-01,2020,1,3.3,2244.9,,,,2244.9
Maryland,2020-02-01,2020,2,3.4,2243.4,,,,2243.4
Maryland,2020-03-01,2020,3,3.5,2226.9,,,,2226.9
Maryland,2020-04-01,2020,4,9.0,1894.5,,,,1894.5
Maryland,2020-05-01,2020,5,8.8,1938.8,,,,1938.8
Maryland,2020-06-01,2020,6,8.1,2019.9,,,,2019.9
Maryland,2020-07-01,2020,7,7.9,2082.4,,,,2082.4
Maryland,2020-08-01,2020,8,7.2,2093.1,,,,2093.1
Maryland,2020-09-01,2020,9,7.1,2096.6,,,,2096.6
Maryland,2020-10-01,2020,10,6.7,2120.5,,,,2120.5
Maryland,2020-11-01,2020,11,6.6,2130.8,,,,2130.8
Maryland,2020-12-01,2020,12,6.6,2135.9,,,,2135.9
Maryland,2021-01-01,2021,1,6.4,2086.9,,,,2086.9
Maryland,2021-02-01,2021,2,6.2,2088.0,,,,2088.0
Maryland,2021-03-01,2021,3,6.1,2110.1,,,,2110.1
Maryland,2021-04-01,2021,4,5.9,2134.0,,,,2134.0
Maryland,2021-05-01,2021,5,5.7,2154.7,,,,2154.7
Maryland,2021-06-01,2021,6,5.6,2174.4,,,,2174.4
Maryland,2021-07-01,2021,7,5.3,2201.9,,,,2201.9
Maryland,2021-08-01,2021,8,5.0,2198.9,,,,2198.9
Maryland,2021-09-01,2021,9,4.6,2175.6,,,,2175.6
Maryland,2021-10-01,2021,10,4.2,2201.4,,,,2201.4
Maryland,2021-11-01,2021,11,3.9,2214.9,,,,2214.9
Maryland,2021-12-01,2021,12,3.5,2227.8,,,,2227.8
Maryland,2022-01-01,2022,1,3.5,2162.0,,,,2162.0
Maryland,2022-02-01,2022,2,3.3,2179.7,,,,2179.7
Maryland,2022-03-01,2022,3,3.2,2176.2,,,,2176.2
Maryland,2022-04-01,2022,4,3.1,2205.0,,,,2205.0
Maryland,2022-05-01,2022,5,3.1,2221.8,,,,2221.8
Maryland,2022-06-01,2022,6,3.1,2229.0,,,,2229.0
Maryland,2022-07-01,2022,7,3.0,2260.8,,,,2260.8
Maryland,2022-08-01,2022,8,3.0,2254.8,,,,2254.8
Maryland,2022-09-01,2022,9,2.8,2233.6,,,,2233.6
Maryland,2022-10-01,2022,10,2.8,2234.2,,,,2234.2
Maryland,2022-11-01,2022,11,2.6,2239.3,,,,2239.3
Maryland,2022-12-01,2022,12,2.5,2232.3,,,,2232.3
Maryland,2023-01-01,2023,1,2.3,2196.7,,,,2196.7
Maryland,2023-02-01,2023,2,2.2,2198.3,,,,2198.3
Maryland,2023-03-01,2023,3,2.1,2207.6,,,,2207.6
Maryland,2023-04-01,2023,4,1.9,2237.0,,,,2237.0
Maryland,2023-05-01,2023,5,1.9,2255.3,,,,2255.3
Maryland,2023-06-01,2023,6,1.9,2283.1,,,,2283.1
Maryland,2023-07-01,2023,7,2.0,2290.0,,,,2290.0
Maryland,2023-08-01,2023,8,2.2,2278.6,,,,2278.6
Maryland,2023-09-01,2023,9,2.3,2256.6,,,,2256.6
Maryland,2023-10-01,2023,10,2.5,2261.5,,,,2261.5
Maryland,2023-11-01,2023,11,2.6,2268.4,,,,2268.4
Maryland,2023-12-01,2023,12,2.7,2270.1,,,,2270.1
Maryland,2024-01-01,2024,1,2.8,2257.9,,,,2257.9
Maryland,2024-02-01,2024,2,2.9,2257.7,,,,2257.7
Maryland,2024-03-01,2024,3,3.0,2265.7,,,,2265.7
Maryland,2024-04-01,2024,4,3.0,2283.1,,,,2283.1
Maryland,2024-05-01,2024,5,3.1,2300.9,,,,2300.9
Maryland,2024-06-01,2024,6,3.2,2324.1,,,,2324.1
Maryland,2024-07-01,2024,7,3.3,2330.1,,,,2330.1
Maryland,2024-08-01,2024,8,3.3,2318.5,,,,2318.5
Maryland,2024-09-01,2024,9,3.3,2300.4,,,,2300.4
Maryland,2024-10-01,2024,10,3.3,2307.0,,,,2307.0
Maryland,2024-11-01,2024,11,3.4,2311.9,,,,2311.9
Maryland,2024-12-01,2024,12,3.4,2312.0,,,,2312.0
Maryland,2025-01-01,2025,1,3.5,2258.8,,,,2258.8
Maryland,2025-02-01,2025,2,3.6,2260.0,,,,2260.0
Maryland,2025-03-01,2025,3,3.7,2271.0,,,,2271.0
Maryland,2025-04-01,2025,4,3.8,2278.7,,,,2278.7
Maryland,2025-05-01,2025,5,4.0,2298.9,,,,2298.9
Maryland,2025-06-01,2025,6,4.1,2309.7,,,,2309.7
Maryland,2025-07-01,2025,7,4.2,2309.0,,,,2309.0
Maryland,2025-08-01,2025,8,4.3,2298.4,,,,2298.4
Maryland,2025-09-01,2025,9,4.3,2271.3,,,,2271.3
Maryland,2025-10-01,2025,10,,2267.2,,,,2267.2
Maryland,2025-11-01,2025,11,4.3,2271.9,,,,2271.9
Maryland,2025-12-01,2025,12,4.2,2269.5,,,,2269.5
Massachusetts,2016-01-01,2016,1,4.4,,,,,0.0
Massachusetts,2016-02-01,2016,2,4.3,,,,,0.0
Massachusetts,2016-03-01,2016,3,4.2,,,,,0.0
Massachusetts,2016-04-01,2016,4,4.1,,,,,0.0
Massachusetts,2016-05-01,2016,5,4.1,,,,,0.0
Massachusetts,2016-06-01,2016,6,4.0,,,,,0.0
Massachusetts,2016-07-01,2016,7,3.9,,,,,0.0
Massachusetts,2016-08-01,2016,8,3.9,,,,,0.0
Massachusetts,2016-09-01,2016,9,3.8,,,,,0.0
Massachusetts,2016-10-01,2016,10,3.8,,,,,0.0
Massachusetts,2016-11-01,2016,11,3.8,,,,,0.0
Massachusetts,2016-12-01,2016,12,3.9,,,,,0.0
Massachusetts,2017-01-01,2017,1,3.9,,,,,0.0
Massachusetts,2017-02-01,2017,2,3.9,,,,,0.0
Massachusetts,2017-03-01,2017,3,3.9,,,,,0.0
Massachusetts,2017-04-01,2017,4,3.9,,,,,0.0
Massachusetts,2017-05-01,2017,5,3.9,,,,,0.0
Massachusetts,2017-06-01,2017,6,3.8,,,,,0.0
Massachusetts,2017-07-01,2017,7,3.8,,,,,0.0
Massachusetts,2017-08-01,2017,8,3.8,,,,,0.0
Massachusetts,2017-09-01,2017,9,3.8,,,,,0.0
Massachusetts,2017-10-01,2017,10,3.8,,,,,0.0
Massachusetts,2017-11-01,2017,11,3.8,,,,,0.0
Massachusetts,2017-12-01,2017,12,3.7,,,,,0.0
Massachusetts,2018-01-01,2018,1,3.7,,,,,0.0
Massachusetts,2018-02-01,2018,2,3.6,,,,,0.0
Massachusetts,2018-03-01,2018,3,3.6,,,,,0.0
Massachusetts,2018-04-01,2018,4,3.6,,,,,0.0
Massachusetts,2018-05-01,2018,5,3.5,,,,,0.0
Massachusetts,2018-06-01,2018,6,3.5,,,,,0.0
Massachusetts,2018-07-01,2018,7,3.4,,,,,0.0
Massachusetts,2018-08-01,2018,8,3.4,,,,,0.0
Massachusetts,2018-09-01,2018,9,3.3,,,,,0.0
Massachusetts,2018-10-01,2018,10,3.3,,,,,0.0
Massachusetts,2018-11-01,2018,11,3.3,,,,,0.0
Massachusetts,2018-12-01,2018,12,3.3,,,,,0.0
Massachusetts,2019-01-01,2019,1,3.2,,,,,0.0
Massachusetts,2019-02-01,2019,2,3.2,,,,,0.0
Massachusetts,2019-03-01,2019,3,3.1,,,,,0.0
Massachusetts,2019-04-01,2019,4,3.1,,,,,0.0
Massachusetts,2019-05-01,2019,5,3.0,,,,,0.0
Massachusetts,2019-06-01,2019,6,3.0,,,,,0.0
Massachusetts,2019-07-01,2019,7,3.0,,,,,0.0
Massachusetts,2019-08-01,2019,8,3.0,,,,,0.0
Massachusetts,2019-09-01,2019,9,3.0,,,,,0.0
Massachusetts,2019-10-01,2019,10,3.0,,,,,0.0
Massachusetts,2019-11-01,2019,11,3.0,,,,,0.0
Massachusetts,2019-12-01,2019,12,3.0,,,,,0.0
Massachusetts,2020-01-01,2020,1,3.0,,,,,0.0
Massachusetts,2020-02-01,2020,2,3.1,,,,,0.0
Massachusetts,2020-03-01,2020,3,3.1,,,,,0.0
Massachusetts,2020-04-01,2020,4,17.8,,,,,0.0
Massachusetts,2020-05-01,2020,5,14.3,,,,,0.0
Massachusetts,2020-06-01,2020,6,14.7,,,,,0.0
Massachusetts,2020-07-01,2020,7,12.5,,,,,0.0
Massachusetts,2020-08-01,2020,8,10.4,,,,,0.0
Massachusetts,2020-09-01,2020,9,9.6,,,,,0.0
Massachusetts,2020-10-01,2020,10,8.4,,,,,0.0
Massachusetts,2020-11-01,2020,11,7.8,,,,,0.0
Massachusetts,2020-12-01,2020,12,7.4,,,,,0.0
Massachusetts,2021-01-01,2021,1,6.8,,,,,0.0
Massachusetts,2021-02-01,2021,2,6.4,,,,,0.0
Massachusetts,2021-03-01,2021,3,6.1,,,,,0.0
Massachusetts,2021-04-01,2021,4,5.9,,,,,0.0
Massachusetts,2021-05-01,2021,5,5.6,,,,,0.0
Massachusetts,2021-06-01,2021,6,5.5,,,,,0.0
Massachusetts,2021-07-01,2021,7,5.3,,,,,0.0
Massachusetts,2021-08-01,2021,8,5.0,,,,,0.0
Massachusetts,2021-09-01,2021,9,4.7,,,,,0.0
Massachusetts,2021-10-01,2021,10,4.4,,,,,0.0
Massachusetts,2021-11-01,2021,11,4.2,,,,,0.0
Massachusetts,2021-12-01,2021,12,3.9,,,,,0.0
Massachusetts,2022-01-01,2022,1,3.8,,,,,0.0
Massachusetts,2022-02-01,2022,2,3.7,,,,,0.0
Massachusetts,2022-03-01,2022,3,3.6,,,,,0.0
Massachusetts,2022-04-01,2022,4,3.6,,,,,0.0
Massachusetts,2022-05-01,2022,5,3.6,,,,,0.0
Massachusetts,2022-06-01,2022,6,3.6,,,,,0.0
Massachusetts,2022-07-01,2022,7,3.6,,,,,0.0
Massachusetts,2022-08-01,2022,8,3.7,,,,,0.0
Massachusetts,2022-09-01,2022,9,3.6,,,,,0.0
Massachusetts,2022-10-01,2022,10,3.7,,,,,0.0
Massachusetts,2022-11-01,2022,11,3.6,,,,,0.0
Massachusetts,2022-12-01,2022,12,3.6,,,,,0.0
Massachusetts,2023-01-01,2023,1,3.5,,,,,0.0
Massachusetts,2023-02-01,2023,2,3.5,,,,,0.0
Massachusetts,2023-03-01,2023,3,3.4,,,,,0.0
Massachusetts,2023-04-01,2023,4,3.3,,,,,0.0
Massachusetts,2023-05-01,2023,5,3.4,,,,,0.0
Massachusetts,2023-06-01,2023,6,3.3,,,,,0.0
Massachusetts,2023-07-01,2023,7,3.4,,,,,0.0
Massachusetts,2023-08-01,2023,8,3.4,,,,,0.0
Massachusetts,2023-09-01,2023,9,3.5,,,,,0.0
Massachusetts,2023-10-01,2023,10,3.6,,,,,0.0
Massachusetts,2023-11-01,2023,11,3.6,,,,,0.0
Massachusetts,2023-12-01,2023,12,3.7,,,,,0.0
Massachusetts,2024-01-01,2024,1,3.7,,,,,0.0
Massachusetts,2024-02-01,2024,2,3.8,,,,,0.0
Massachusetts,2024-03-01,2024,3,3.8,,,,,0.0
Massachusetts,2024-04-01,2024,4,3.9,,,,,0.0
Massachusetts,2024-05-01,2024,5,4.0,,,,,0.0
Massachusetts,2024-06-01,2024,6,4.0,,,,,0.0
Massachusetts,2024-07-01,2024,7,4.1,,,,,0.0
Massachusetts,2024-08-01,2024,8,4.1,,,,,0.0
Massachusetts,2024-09-01,2024,9,4.1,,,,,0.0
Massachusetts,2024-10-01,2024,10,4.1,,,,,0.0
Massachusetts,2024-11-01,2024,11,4.1,,,,,0.0
Massachusetts,2024-12-01,2024,12,4.1,,,,,0.0
Massachusetts,2025-01-01,2025,1,4.2,,,,,0.0
Massachusetts,2025-02-01,2025,2,4.3,,,,,0.0
Massachusetts,2025-03-01,2025,3,4.3,,,,,0.0
Massachusetts,2025-04-01,2025,4,4.4,,,,,0.0
Massachusetts,2025-05-01,2025,5,4.4,,,,,0.0
Massachusetts,2025-06-01,2025,6,4.4,,,,,0.0
Massachusetts,2025-07-01,2025,7,4.5,,,,,0.0
Massachusetts,2025-08-01,2025,8,4.5,,,,,0.0
Massachusetts,2025-09-01,2025,9,4.6,,,,,0.0
Massachusetts,2025-10-01,2025,10,,,,,,0.0
Massachusetts,2025-11-01,2025,11,4.7,,,,,0.0
Massachusetts,2025-12-01,2025,12,4.7,,,,,0.0
Michigan,2016-01-01,2016,1,4.9,3625.6,742.6,3478.4,2883.0,4368.2
Michigan,2016-02-01,2016,2,4.9,3629.3,739.5,3500.0,2889.8,4368.8
Michigan,2016-03-01,2016,3,4.9,3642.8,741.9,3514.9,2900.9,4384.7
Michigan,2016-04-01,2016,4,5.0,3693.3,759.5,3547.7,2933.8,4452.8
Michigan,2016-05-01,2016,5,5.0,3750.2,770.2,3578.3,2980.0,4520.4
Michigan,2016-06-01,2016,6,5.0,3784.5,784.0,3587.3,3000.5,4568.5
Michigan,2016-07-01,2016,7,5.0,3764.4,779.7,3536.8,2984.7,4544.1
Michigan,2016-08-01,2016,8,5.0,3770.8,781.3,3541.7,2989.5,4552.1
Michigan,2016-09-01,2016,9,5.0,3763.0,781.2,3591.0,2981.8,4544.2
Michigan,2016-10-01,2016,10,5.1,3767.9,780.4,3606.6,2987.5,4548.3
Michigan,2016-11-01,2016,11,5.1,3777.6,783.6,3618.5,2994.0,4561.2
Michigan,2016-12-01,2016,12,5.0,3760.4,771.7,3605.9,2988.7,4532.1
Michigan,2017-01-01,2017,1,4.9,3688.5,761.6,3527.9,2926.9,4450.1
Michigan,2017-02-01,2017,2,4.7,3691.1,760.8,3544.0,2930.3,4451.9
Michigan,2017-03-01,2017,3,4.5,3708.9,763.5,3561.5,2945.4,4472.4
Michigan,2017-04-01,2017,4,4.4,3738.5,774.6,3579.8,2963.9,4513.1
Michigan,2017-05-01,2017,5,4.3,3803.8,790.8,3618.2,3013.0,4594.6
Michigan,2017-06-01,2017,6,4.4,3842.7,803.7,3632.4,3039.0,4646.4
Michigan,2017-07-01,2017,7,4.5,3793.7,790.0,3560.5,3003.7,4583.7
Michigan,2017-08-01,2017,8,4.6,3817.2,804.0,3568.7,3013.2,4621.2
Michigan,2017-09-01,2017,9,4.7,3794.4,796.4,3613.2,2998.0,4590.8
Michigan,2017-10-01,2017,10,4.7,3802.5,797.1,3629.8,3005.4,4599.6
Michigan,2017-11-01,2017,11,4.7,3809.5,796.2,3639.7,3013.3,4605.7
Michigan,2017-12-01,2017,12,4.6,3795.9,788.5,3628.3,3007.4,4584.4
Michigan,2018-01-01,2018,1,4.5,3725.5,773.1,3554.9,2952.4,4498.6
Michigan,2018-02-01,2018,2,4.4,3737.5,779.1,3578.4,2958.4,4516.6
Michigan,2018-03-01,2018,3,4.3,3761.7,785.5,3598.5,2976.2,4547.2
Michigan,2018-04-01,2018,4,4.2,3775.0,793.4,3602.8,2981.6,4568.4
Michigan,2018-05-01,2018,5,4.1,3843.5,809.7,3641.9,3033.8,4653.2
Michigan,2018-06-01,2018,6,4.0,3891.2,822.6,3664.9,3068.6,4713.8
Michigan,2018-07-01,2018,7,4.0,3846.4,817.0,3589.9,3029.4,4663.4
Michigan,2018-08-01,2018,8,4.0,3862.9,822.9,3604.3,3040.0,4685.8
Michigan,2018-09-01,2018,9,4.0,3830.6,817.0,3630.8,3013.6,4647.6
Michigan,2018-10-01,2018,10,4.1,3853.6,820.2,3662.7,3033.4,4673.8
Michigan,2018-11-01,2018,11,4.2,3851.8,815.9,3670.3,3035.9,4667.7
Michigan,2018-12-01,2018,12,4.2,3836.7,810.0,3652.9,3026.7,4646.7
Michigan,2019-01-01,2019,1,4.2,3758.5,788.0,3576.8,2970.5,4546.5
Michigan,2019-02-01,2019,2,4.2,3762.2,793.5,3589.9,2968.7,4555.7
Michigan,2019-03-01,2019,3,4.2,3777.7,795.5,3607.5,2982.2,4573.2
Michigan,2019-04-01,2019,4,4.2,3796.1,800.3,3621.8,2995.8,4596.4
Michigan,2019-05-01,2019,5,4.2,3856.0,812.5,3660.8,3043.5,4668.5
Michigan,2019-06-01,2019,6,4.2,3893.8,827.0,3667.3,3066.8,4720.8
Michigan,2019-07-01,2019,7,4.1,3856.7,818.8,3604.9,3037.9,4675.5
Michigan,2019-08-01,2019,8,4.1,3874.6,826.7,3623.4,3047.9,4701.3
Michigan,2019-09-01,2019,9,4.0,3841.5,820.2,3646.5,3021.3,4661.7
Michigan,2019-10-01,2019,10,3.9,3828.2,797.4,3667.6,3030.8,4625.599999999999
Michigan,2019-11-01,2019,11,3.8,3855.0,811.5,3681.2,3043.5,4666.5
Michigan,2019-12-01,2019,12,3.8,3849.9,805.0,3678.2,3044.9,4654.9
Michigan,2020-01-01,2020,1,3.8,3758.8,784.2,3590.1,2974.6,4543.0
Michigan,2020-02-01,2020,2,3.8,3770.0,785.3,3612.6,2984.7,4555.3
Michigan,2020-03-01,2020,3,3.7,3744.5,785.7,3588.5,2958.8,4530.2
Michigan,2020-04-01,2020,4,22.7,2791.9,506.6,2871.8,2285.3,3298.5
Michigan,2020-05-01,2020,5,19.3,2987.7,586.4,2962.9,2401.3,3574.1
Michigan,2020-06-01,2020,6,14.5,3359.0,737.5,3173.9,2621.5,4096.5
Michigan,2020-07-01,2020,7,12.5,3444.8,752.0,3214.6,2692.8,4196.8
Michigan,2020-08-01,2020,8,10.0,3500.7,762.3,3281.6,2738.4,4263.0
Michigan,2020-09-01,2020,9,8.9,3517.9,759.7,3338.4,2758.2,4277.6
Michigan,2020-10-01,2020,10,7.7,3571.1,765.6,3393.8,2805.5,4336.7
Michigan,2020-11-01,2020,11,7.1,3568.1,763.2,3394.3,2804.9,4331.3
Michigan,2020-12-01,2020,12,6.9,3495.4,761.0,3309.7,2734.4,4256.4
Michigan,2021-01-01,2021,1,6.5,3444.5,745.4,3263.2,2699.1,4189.9
Michigan,2021-02-01,2021,2,6.3,3506.6,743.0,3341.0,2763.6,4249.6
Michigan,2021-03-01,2021,3,6.1,3531.1,753.3,3358.2,2777.8,4284.4
Michigan,2021-04-01,2021,4,6.1,3545.8,745.9,3380.0,2799.9,4291.7
Michigan,2021-05-01,2021,5,6.1,3608.1,762.3,3416.0,2845.8,4370.4
Michigan,2021-06-01,2021,6,6.1,3665.0,775.9,3450.0,2889.1,4440.9
Michigan,2021-07-01,2021,7,5.9,3668.1,773.4,3429.0,2894.7,4441.5
Michigan,2021-08-01,2021,8,5.7,3679.8,779.6,3444.1,2900.2,4459.400000000001
Michigan,2021-09-01,2021,9,5.3,3658.0,778.4,3465.8,2879.6,4436.4
Michigan,2021-10-01,2021,10,5.0,3722.7,790.5,3525.3,2932.2,4513.2
Michigan,2021-11-01,2021,11,4.7,3740.0,791.6,3545.1,2948.4,4531.6
Michigan,2021-12-01,2021,12,4.5,3734.6,785.6,3540.6,2949.0,4520.2
Michigan,2022-01-01,2022,1,4.4,3653.6,765.1,3464.0,2888.5,4418.7
Michigan,2022-02-01,2022,2,4.4,3682.8,764.3,3507.7,2918.5,4447.1
Michigan,2022-03-01,2022,3,4.3,3705.2,779.3,3517.8,2925.9,4484.5
Michigan,2022-04-01,2022,4,4.2,3758.2,791.6,3562.8,2966.6,4549.8
Michigan,2022-05-01,2022,5,4.1,3804.1,801.4,3588.5,3002.7,4605.5
Michigan,2022-06-01,2022,6,4.1,3844.7,816.1,3603.5,3028.6,4660.8
Michigan,2022-07-01,2022,7,4.0,3833.6,815.4,3564.3,3018.2,4649.0
Michigan,2022-08-01,2022,8,4.0,3835.8,817.6,3576.8,3018.2,4653.400000000001
Michigan,2022-09-01,2022,9,4.0,3810.6,811.8,3596.0,2998.8,4622.4
Michigan,2022-10-01,2022,10,4.1,3824.2,812.6,3614.6,3011.6,4636.8
Michigan,2022-11-01,2022,11,4.1,3831.1,811.4,3632.2,3019.7,4642.5
Michigan,2022-12-01,2022,12,4.1,3827.6,807.2,3620.5,3020.4,4634.8
Michigan,2023-01-01,2023,1,4.0,3763.0,791.2,3559.5,2971.8,4554.2
Michigan,2023-02-01,2023,2,3.9,3769.7,792.6,3582.1,2977.1,4562.3
Michigan,2023-03-01,2023,3,3.8,3784.5,797.9,3592.7,2986.6,4582.4
Michigan,2023-04-01,2023,4,3.7,3832.5,809.9,3631.7,3022.6,4642.4
Michigan,2023-05-01,2023,5,3.7,3892.0,821.9,3680.2,3070.1,4713.9
Michigan,2023-06-01,2023,6,3.8,3940.0,835.4,3698.7,3104.6,4775.4
Michigan,2023-07-01,2023,7,3.9,3905.3,832.2,3640.9,3073.1,4737.5
Michigan,2023-08-01,2023,8,4.0,3905.3,832.0,3646.0,3073.3,4737.3
Michigan,2023-09-01,2023,9,4.0,3885.6,827.9,3673.3,3057.7,4713.5
Michigan,2023-10-01,2023,10,4.0,3864.7,809.8,3676.7,3054.9,4674.5
Michigan,2023-11-01,2023,11,4.0,3873.5,817.5,3681.3,3056.0,4691.0
Michigan,2023-12-01,2023,12,4.0,3874.5,813.8,3680.8,3060.7,4688.3
Michigan,2024-01-01,2024,1,3.9,3790.6,794.6,3600.0,2996.0,4585.2
Michigan,2024-02-01,2024,2,4.0,3797.6,793.6,3628.1,3004.0,4591.2
Michigan,2024-03-01,2024,3,4.2,3811.2,799.5,3642.3,3011.7,4610.7
Michigan,2024-04-01,2024,4,4.4,3848.5,807.0,3668.9,3041.5,4655.5
Michigan,2024-05-01,2024,5,4.5,3910.7,818.4,3713.0,3092.3,4729.099999999999
Michigan,2024-06-01,2024,6,4.7,3940.4,827.5,3724.3,3112.9,4767.9
Michigan,2024-07-01,2024,7,4.8,3889.8,813.4,3657.3,3076.4,4703.2
Michigan,2024-08-01,2024,8,5.0,3911.9,823.8,3679.2,3088.1,4735.7
Michigan,2024-09-01,2024,9,5.1,3890.8,818.7,3698.6,3072.1,4709.5
Michigan,2024-10-01,2024,10,5.1,3875.8,803.1,3708.5,3072.7,4678.900000000001
Michigan,2024-11-01,2024,11,5.2,3876.3,804.2,3716.8,3072.1,4680.5
Michigan,2024-12-01,2024,12,5.3,3867.2,799.4,3700.9,3067.8,4666.599999999999
Michigan,2025-01-01,2025,1,5.3,3779.7,764.3,3634.0,3015.4,4544.0
Michigan,2025-02-01,2025,2,5.3,3791.0,775.6,3648.5,3015.4,4566.6
Michigan,2025-03-01,2025,3,5.3,3801.0,780.4,3656.0,3020.6,4581.4
Michigan,2025-04-01,2025,4,5.2,3842.5,790.0,3687.0,3052.5,4632.5
Michigan,2025-05-01,2025,5,5.1,3908.0,805.2,3731.8,3102.8,4713.2
Michigan,2025-06-01,2025,6,5.0,3933.2,813.1,3736.7,3120.1,4746.3
Michigan,2025-07-01,2025,7,4.9,3891.2,804.5,3675.9,3086.7,4695.7
Michigan,2025-08-01,2025,8,4.9,3899.8,809.0,3685.0,3090.8,4708.8
Michigan,2025-09-01,2025,9,4.9,3867.7,803.2,3701.2,3064.5,4670.9
Michigan,2025-10-01,2025,10,,3872.0,802.9,3713.6,3069.1,4674.9
Michigan,2025-11-01,2025,11,5.0,3853.2,793.1,3709.0,3060.1,4646.3
Michigan,2025-12-01,2025,12,5.0,3841.3,783.8,3699.4,3057.5,4625.1
Minnesota,2016-01-01,2016,1,3.7,2401.9,417.1,2405.8,1984.8,2819.0
Minnesota,2016-02-01,2016,2,3.7,2405.7,415.8,2417.0,1989.9,2821.5
Minnesota,2016-03-01,2016,3,3.8,2409.0,418.8,2417.8,1990.2,2827.8
Minnesota,2016-04-01,2016,4,3.8,2461.1,433.4,2452.1,2027.7,2894.5
Minnesota,2016-05-01,2016,5,3.8,2488.3,444.0,2469.6,2044.3,2932.3
Minnesota,2016-06-01,2016,6,3.9,2505.1,453.9,2470.9,2051.2,2959.0
Minnesota,2016-07-01,2016,7,3.9,2524.1,458.7,2459.9,2065.4,2982.7999999999997
Minnesota,2016-08-01,2016,8,3.9,2532.9,459.5,2468.1,2073.4,2992.4
Minnesota,2016-09-01,2016,9,4.0,2513.5,453.4,2475.3,2060.1,2966.9
Minnesota,2016-10-01,2016,10,4.0,2512.5,451.3,2488.4,2061.2,2963.8
Minnesota,2016-11-01,2016,11,4.0,2504.9,444.3,2489.9,2060.6,2949.2000000000003
Minnesota,2016-12-01,2016,12,3.9,2493.1,432.5,2485.7,2060.6,2925.6
Minnesota,2017-01-01,2017,1,3.8,2448.9,420.8,2452.7,2028.1,2869.7000000000003
Minnesota,2017-02-01,2017,2,3.7,2451.9,421.0,2459.9,2030.9,2872.9
Minnesota,2017-03-01,2017,3,3.6,2460.6,425.1,2463.5,2035.5,2885.7
Minnesota,2017-04-01,2017,4,3.5,2493.8,435.0,2485.8,2058.8,2928.8
Minnesota,2017-05-01,2017,5,3.5,2525.0,447.7,2502.7,2077.3,2972.7
Minnesota,2017-06-01,2017,6,3.4,2554.4,460.1,2520.7,2094.3,3014.5
Minnesota,2017-07-01,2017,7,3.4,2555.8,463.0,2493.0,2092.8,3018.8
Minnesota,2017-08-01,2017,8,3.4,2559.3,463.1,2494.5,2096.2,3022.4
Minnesota,2017-09-01,2017,9,3.3,2537.3,456.3,2502.8,2081.0,2993.6000000000004
Minnesota,2017-10-01,2017,10,3.3,2537.5,456.7,2514.7,2080.8,2994.2
Minnesota,2017-11-01,2017,11,3.2,2531.1,448.2,2519.2,2082.9,2979.2999999999997
Minnesota,2017-12-01,2017,12,3.2,2522.2,439.5,2514.0,2082.7,2961.7
Minnesota,2018-01-01,2018,1,3.1,2477.5,425.5,2479.8,2052.0,2903.0
Minnesota,2018-02-01,2018,2,3.1,2479.3,424.4,2487.9,2054.9,2903.7000000000003
Minnesota,2018-03-01,2018,3,3.0,2476.4,426.7,2481.0,2049.7,2903.1
Minnesota,2018-04-01,2018,4,3.0,2500.9,433.4,2498.1,2067.5,2934.3
Minnesota,2018-05-01,2018,5,2.9,2548.7,451.6,2529.0,2097.1,3000.2999999999997
Minnesota,2018-06-01,2018,6,2.9,2573.4,466.8,2538.5,2106.6,3040.2000000000003
Minnesota,2018-07-01,2018,7,2.9,2581.9,470.5,2514.9,2111.4,3052.4
Minnesota,2018-08-01,2018,8,2.9,2585.2,471.4,2514.5,2113.8,3056.6
Minnesota,2018-09-01,2018,9,3.0,2561.0,465.7,2515.7,2095.3,3026.7
Minnesota,2018-10-01,2018,10,3.1,2563.0,463.7,2531.7,2099.3,3026.7
Minnesota,2018-11-01,2018,11,3.2,2559.9,457.5,2536.3,2102.4,3017.4
Minnesota,2018-12-01,2018,12,3.2,2546.3,448.3,2529.0,2098.0,2994.6000000000004
Minnesota,2019-01-01,2019,1,3.3,2499.0,434.4,2491.9,2064.6,2933.4
Minnesota,2019-02-01,2019,2,3.3,2495.6,432.8,2492.8,2062.8,2928.4
Minnesota,2019-03-01,2019,3,3.3,2494.0,435.7,2488.0,2058.3,2929.7
Minnesota,2019-04-01,2019,4,3.2,2529.3,445.4,2514.6,2083.9,2974.7000000000003
Minnesota,2019-05-01,2019,5,3.2,2572.4,462.8,2543.6,2109.6,3035.2000000000003
Minnesota,2019-06-01,2019,6,3.2,2593.0,474.5,2552.6,2118.5,3067.5
Minnesota,2019-07-01,2019,7,3.2,2601.3,478.2,2528.0,2123.1,3079.5
Minnesota,2019-08-01,2019,8,3.3,2607.1,479.3,2529.7,2127.8,3086.4
Minnesota,2019-09-01,2019,9,3.3,2574.6,473.1,2523.4,2101.5,3047.7
Minnesota,2019-10-01,2019,10,3.3,2585.4,471.1,2546.2,2114.3,3056.5
Minnesota,2019-11-01,2019,11,3.3,2574.1,458.4,2550.2,2115.7,3032.5
Minnesota,2019-12-01,2019,12,3.4,2563.2,449.4,2544.0,2113.8,3012.6
Minnesota,2020-01-01,2020,1,3.4,2516.8,437.1,2509.3,2079.7,2953.9
Minnesota,2020-02-01,2020,2,3.5,2515.8,435.3,2513.5,2080.5,2951.1000000000004
Minnesota,2020-03-01,2020,3,3.6,2493.5,436.6,2488.8,2056.9,2930.1
Minnesota,2020-04-01,2020,4,8.9,2161.7,414.5,2149.5,1747.2,2576.2
Minnesota,2020-05-01,2020,5,11.1,2226.0,434.3,2186.8,1791.7,2660.3
Minnesota,2020-06-01,2020,6,8.9,2316.3,446.8,2266.5,1869.5,2763.1000000000004
Minnesota,2020-07-01,2020,7,7.8,2364.9,448.0,2290.3,1916.9,2812.9
Minnesota,2020-08-01,2020,8,6.7,2394.2,452.5,2320.1,1941.7,2846.7
Minnesota,2020-09-01,2020,9,6.2,2381.0,447.2,2334.9,1933.8,2828.2
Minnesota,2020-10-01,2020,10,5.5,2422.5,448.4,2385.1,1974.1,2870.9
Minnesota,2020-11-01,2020,11,5.1,2409.6,438.1,2382.5,1971.5,2847.7
Minnesota,2020-12-01,2020,12,4.8,2353.6,434.4,2325.6,1919.2,2788.0
Minnesota,2021-01-01,2021,1,4.6,2354.0,423.9,2329.4,1930.1,2777.9
Minnesota,2021-02-01,2021,2,4.4,2363.5,419.0,2349.8,1944.5,2782.5
Minnesota,2021-03-01,2021,3,4.2,2375.9,425.4,2356.8,1950.5,2801.3
Minnesota,2021-04-01,2021,4,4.1,2417.5,438.1,2388.5,1979.4,2855.6
Minnesota,2021-05-01,2021,5,3.9,2455.5,451.1,2414.6,2004.4,2906.6
Minnesota,2021-06-01,2021,6,3.8,2474.7,464.1,2422.5,2010.6,2938.7999999999997
Minnesota,2021-07-01,2021,7,3.6,2505.5,472.9,2419.6,2032.6,2978.4
Minnesota,2021-08-01,2021,8,3.5,2507.6,471.8,2417.5,2035.8,2979.4
Minnesota,2021-09-01,2021,9,3.3,2461.8,463.1,2399.2,1998.7,2924.9
Minnesota,2021-10-01,2021,10,3.1,2502.9,464.7,2449.3,2038.2,2967.6
Minnesota,2021-11-01,2021,11,2.9,2500.2,458.7,2454.6,2041.5,2958.8999999999996
Minnesota,2021-12-01,2021,12,2.8,2489.7,448.7,2453.5,2041.0,2938.3999999999996
Minnesota,2022-01-01,2022,1,2.6,2440.8,434.5,2413.4,2006.3,2875.3
Minnesota,2022-02-01,2022,2,2.4,2455.2,436.5,2430.2,2018.7,2891.7
Minnesota,2022-03-01,2022,3,2.3,2449.4,439.1,2420.8,2010.3,2888.5
Minnesota,2022-04-01,2022,4,2.2,2497.5,452.0,2458.8,2045.5,2949.5
Minnesota,2022-05-01,2022,5,2.2,2536.9,467.7,2482.4,2069.2,3004.6
Minnesota,2022-06-01,2022,6,2.2,2546.1,477.4,2482.8,2068.7,3023.5
Minnesota,2022-07-01,2022,7,2.3,2575.8,484.9,2479.8,2090.9,3060.7000000000003
Minnesota,2022-08-01,2022,8,2.4,2579.1,484.9,2479.0,2094.2,3064.0
Minnesota,2022-09-01,2022,9,2.5,2552.5,477.6,2480.4,2074.9,3030.1
Minnesota,2022-10-01,2022,10,2.6,2559.6,476.3,2499.9,2083.3,3035.9
Minnesota,2022-11-01,2022,11,2.6,2550.6,468.2,2503.6,2082.4,3018.7999999999997
Minnesota,2022-12-01,2022,12,2.7,2534.3,456.2,2495.7,2078.1,2990.5
Minnesota,2023-01-01,2023,1,2.7,2505.4,447.4,2471.6,2058.0,2952.8
Minnesota,2023-02-01,2023,2,2.8,2508.3,445.8,2481.7,2062.5,2954.1000000000004
Minnesota,2023-03-01,2023,3,2.8,2508.1,446.8,2480.2,2061.3,2954.9
Minnesota,2023-04-01,2023,4,2.8,2535.9,456.5,2501.0,2079.4,2992.4
Minnesota,2023-05-01,2023,5,2.8,2584.1,472.7,2534.2,2111.4,3056.7999999999997
Minnesota,2023-06-01,2023,6,2.8,2611.3,486.4,2549.5,2124.9,3097.7000000000003
Minnesota,2023-07-01,2023,7,2.8,2614.2,488.4,2520.6,2125.8,3102.6
Minnesota,2023-08-01,2023,8,2.8,2615.2,487.6,2518.2,2127.6,3102.7999999999997
Minnesota,2023-09-01,2023,9,2.8,2590.1,480.2,2524.6,2109.9,3070.2999999999997
Minnesota,2023-10-01,2023,10,2.8,2591.1,477.5,2541.6,2113.6,3068.6
Minnesota,2023-11-01,2023,11,2.8,2579.8,468.3,2542.6,2111.5,3048.1000000000004
Minnesota,2023-12-01,2023,12,2.8,2562.7,459.0,2533.2,2103.7,3021.7
Minnesota,2024-01-01,2024,1,2.8,2520.2,443.8,2503.4,2076.4,2964.0
Minnesota,2024-02-01,2024,2,2.9,2522.1,442.7,2510.5,2079.4,2964.7999999999997
Minnesota,2024-03-01,2024,3,3.0,2530.7,446.3,2518.9,2084.4,2977.0
Minnesota,2024-04-01,2024,4,3.0,2563.5,456.8,2540.6,2106.7,3020.3
Minnesota,2024-05-01,2024,5,3.1,2606.0,470.9,2571.7,2135.1,3076.9
Minnesota,2024-06-01,2024,6,3.2,2630.9,482.2,2582.6,2148.7,3113.1
Minnesota,2024-07-01,2024,7,3.2,2624.8,483.9,2547.9,2140.9,3108.7000000000003
Minnesota,2024-08-01,2024,8,3.3,2624.9,482.3,2547.7,2142.6,3107.2000000000003
Minnesota,2024-09-01,2024,9,3.3,2601.8,475.8,2556.7,2126.0,3077.6000000000004
Minnesota,2024-10-01,2024,10,3.2,2607.3,472.9,2575.5,2134.4,3080.2000000000003
Minnesota,2024-11-01,2024,11,3.3,2600.2,464.5,2579.5,2135.7,3064.7
Minnesota,2024-12-01,2024,12,3.3,2591.4,456.1,2573.6,2135.3,3047.5
Minnesota,2025-01-01,2025,1,3.4,2535.1,439.6,2531.4,2095.5,2974.7
Minnesota,2025-02-01,2025,2,3.5,2533.4,437.4,2537.3,2096.0,2970.8
Minnesota,2025-03-01,2025,3,3.6,2533.2,441.5,2532.1,2091.7,2974.7
Minnesota,2025-04-01,2025,4,3.6,2577.2,454.5,2567.8,2122.7,3031.7
Minnesota,2025-05-01,2025,5,3.7,2615.8,470.2,2589.4,2145.6,3086.0
Minnesota,2025-06-01,2025,6,3.8,2624.0,478.8,2586.5,2145.2,3102.8
Minnesota,2025-07-01,2025,7,3.8,2629.9,481.1,2558.1,2148.8,3111.0
Minnesota,2025-08-01,2025,8,3.9,2635.0,481.0,2558.2,2154.0,3116.0
Minnesota,2025-09-01,2025,9,4.1,2607.6,474.5,2565.8,2133.1,3082.1
Minnesota,2025-10-01,2025,10,,2617.3,476.5,2584.1,2140.8,3093.8
Minnesota,2025-11-01,2025,11,4.2,2608.5,471.4,2580.8,2137.1,3079.9
Minnesota,2025-12-01,2025,12,4.2,2591.1,456.6,2573.9,2134.5,3047.7
Mississippi,2016-01-01,2016,1,6.3,,,,,0.0
Mississippi,2016-02-01,2016,2,6.2,,,,,0.0
Mississippi,2016-03-01,2016,3,6.1,,,,,0.0
Mississippi,2016-04-01,2016,4,6.0,,,,,0.0
Mississippi,2016-05-01,2016,5,6.0,,,,,0.0
Mississippi,2016-06-01,2016,6,6.0,,,,,0.0
Mississippi,2016-07-01,2016,7,6.0,,,,,0.0
Mississippi,2016-08-01,2016,8,6.0,,,,,0.0
Mississippi,2016-09-01,2016,9,5.9,,,,,0.0
Mississippi,2016-10-01,2016,10,5.9,,,,,0.0
Mississippi,2016-11-01,2016,11,5.8,,,,,0.0
Mississippi,2016-12-01,2016,12,5.7,,,,,0.0
Mississippi,2017-01-01,2017,1,5.6,,,,,0.0
Mississippi,2017-02-01,2017,2,5.5,,,,,0.0
Mississippi,2017-03-01,2017,3,5.4,,,,,0.0
Mississippi,2017-04-01,2017,4,5.4,,,,,0.0
Mississippi,2017-05-01,2017,5,5.3,,,,,0.0
Mississippi,2017-06-01,2017,6,5.2,,,,,0.0
Mississippi,2017-07-01,2017,7,5.2,,,,,0.0
Mississippi,2017-08-01,2017,8,5.1,,,,,0.0
Mississippi,2017-09-01,2017,9,5.0,,,,,0.0
Mississippi,2017-10-01,2017,10,5.0,,,,,0.0
Mississippi,2017-11-01,2017,11,4.9,,,,,0.0
Mississippi,2017-12-01,2017,12,4.9,,,,,0.0
Mississippi,2018-01-01,2018,1,4.9,,,,,0.0
Mississippi,2018-02-01,2018,2,4.9,,,,,0.0
Mississippi,2018-03-01,2018,3,4.9,,,,,0.0
Mississippi,2018-04-01,2018,4,4.9,,,,,0.0
Mississippi,2018-05-01,2018,5,4.9,,,,,0.0
Mississippi,2018-06-01,2018,6,4.8,,,,,0.0
Mississippi,2018-07-01,2018,7,4.8,,,,,0.0
Mississippi,2018-08-01,2018,8,4.8,,,,,0.0
Mississippi,2018-09-01,2018,9,4.9,,,,,0.0
Mississippi,2018-10-01,2018,10,5.0,,,,,0.0
Mississippi,2018-11-01,2018,11,5.2,,,,,0.0
Mississippi,2018-12-01,2018,12,5.3,,,,,0.0
Mississippi,2019-01-01,2019,1,5.4,,,,,0.0
Mississippi,2019-02-01,2019,2,5.4,,,,,0.0
Mississippi,2019-03-01,2019,3,5.4,,,,,0.0
Mississippi,2019-04-01,2019,4,5.4,,,,,0.0
Mississippi,2019-05-01,2019,5,5.4,,,,,0.0
Mississippi,2019-06-01,2019,6,5.5,,,,,0.0
Mississippi,2019-07-01,2019,7,5.6,,,,,0.0
Mississippi,2019-08-01,2019,8,5.6,,,,,0.0
Mississippi,2019-09-01,2019,9,5.6,,,,,0.0
Mississippi,2019-10-01,2019,10,5.6,,,,,0.0
Mississippi,2019-11-01,2019,11,5.5,,,,,0.0
Mississippi,2019-12-01,2019,12,5.5,,,,,0.0
Mississippi,2020-01-01,2020,1,5.6,,,,,0.0
Mississippi,2020-02-01,2020,2,5.7,,,,,0.0
Mississippi,2020-03-01,2020,3,5.9,,,,,0.0
Mississippi,2020-04-01,2020,4,15.6,,,,,0.0
Mississippi,2020-05-01,2020,5,11.2,,,,,0.0
Mississippi,2020-06-01,2020,6,9.4,,,,,0.0
Mississippi,2020-07-01,2020,7,8.3,,,,,0.0
Mississippi,2020-08-01,2020,8,7.4,,,,,0.0
Mississippi,2020-09-01,2020,9,7.1,,,,,0.0
Mississippi,2020-10-01,2020,10,6.7,,,,,0.0
Mississippi,2020-11-01,2020,11,6.6,,,,,0.0
Mississippi,2020-12-01,2020,12,6.5,,,,,0.0
Mississippi,2021-01-01,2021,1,6.4,,,,,0.0
Mississippi,2021-02-01,2021,2,6.3,,,,,0.0
Mississippi,2021-03-01,2021,3,6.2,,,,,0.0
Mississippi,2021-04-01,2021,4,6.1,,,,,0.0
Mississippi,2021-05-01,2021,5,5.9,,,,,0.0
Mississippi,2021-06-01,2021,6,5.7,,,,,0.0
Mississippi,2021-07-01,2021,7,5.5,,,,,0.0
Mississippi,2021-08-01,2021,8,5.1,,,,,0.0
Mississippi,2021-09-01,2021,9,4.8,,,,,0.0
Mississippi,2021-10-01,2021,10,4.5,,,,,0.0
Mississippi,2021-11-01,2021,11,4.3,,,,,0.0
Mississippi,2021-12-01,2021,12,4.1,,,,,0.0
Mississippi,2022-01-01,2022,1,4.0,,,,,0.0
Mississippi,2022-02-01,2022,2,3.9,,,,,0.0
Mississippi,2022-03-01,2022,3,3.8,,,,,0.0
Mississippi,2022-04-01,2022,4,3.8,,,,,0.0
Mississippi,2022-05-01,2022,5,3.7,,,,,0.0
Mississippi,2022-06-01,2022,6,3.7,,,,,0.0
Mississippi,2022-07-01,2022,7,3.7,,,,,0.0
Mississippi,2022-08-01,2022,8,3.7,,,,,0.0
Mississippi,2022-09-01,2022,9,3.7,,,,,0.0
Mississippi,2022-10-01,2022,10,3.7,,,,,0.0
Mississippi,2022-11-01,2022,11,3.6,,,,,0.0
Mississippi,2022-12-01,2022,12,3.5,,,,,0.0
Mississippi,2023-01-01,2023,1,3.4,,,,,0.0
Mississippi,2023-02-01,2023,2,3.3,,,,,0.0
Mississippi,2023-03-01,2023,3,3.2,,,,,0.0
Mississippi,2023-04-01,2023,4,3.1,,,,,0.0
Mississippi,2023-05-01,2023,5,3.1,,,,,0.0
Mississippi,2023-06-01,2023,6,3.1,,,,,0.0
Mississippi,2023-07-01,2023,7,3.1,,,,,0.0
Mississippi,2023-08-01,2023,8,3.1,,,,,0.0
Mississippi,2023-09-01,2023,9,3.1,,,,,0.0
Mississippi,2023-10-01,2023,10,3.0,,,,,0.0
Mississippi,2023-11-01,2023,11,3.0,,,,,0.0
Mississippi,2023-12-01,2023,12,2.9,,,,,0.0
Mississippi,2024-01-01,2024,1,2.8,,,,,0.0
Mississippi,2024-02-01,2024,2,2.8,,,,,0.0
Mississippi,2024-03-01,2024,3,2.8,,,,,0.0
Mississippi,2024-04-01,2024,4,2.8,,,,,0.0
Mississippi,2024-05-01,2024,5,2.9,,,,,0.0
Mississippi,2024-06-01,2024,6,3.0,,,,,0.0
Mississippi,2024-07-01,2024,7,3.2,,,,,0.0
Mississippi,2024-08-01,2024,8,3.3,,,,,0.0
Mississippi,2024-09-01,2024,9,3.4,,,,,0.0
Mississippi,2024-10-01,2024,10,3.6,,,,,0.0
Mississippi,2024-11-01,2024,11,3.7,,,,,0.0
Mississippi,2024-12-01,2024,12,3.8,,,,,0.0
Mississippi,2025-01-01,2025,1,3.9,,,,,0.0
Mississippi,2025-02-01,2025,2,3.9,,,,,0.0
Mississippi,2025-03-01,2025,3,3.9,,,,,0.0
Mississippi,2025-04-01,2025,4,3.9,,,,,0.0
Mississippi,2025-05-01,2025,5,3.9,,,,,0.0
Mississippi,2025-06-01,2025,6,3.8,,,,,0.0
Mississippi,2025-07-01,2025,7,3.8,,,,,0.0
Mississippi,2025-08-01,2025,8,3.7,,,,,0.0
Mississippi,2025-09-01,2025,9,3.7,,,,,0.0
Mississippi,2025-10-01,2025,10,,,,,,0.0
Mississippi,2025-11-01,2025,11,3.7,,,,,0.0
Mississippi,2025-12-01,2025,12,3.7,,,,,0.0
Missouri,2016-01-01,2016,1,4.5,,,,,0.0
Missouri,2016-02-01,2016,2,4.5,,,,,0.0
Missouri,2016-03-01,2016,3,4.5,,,,,0.0
Missouri,2016-04-01,2016,4,4.5,,,,,0.0
Missouri,2016-05-01,2016,5,4.6,,,,,0.0
Missouri,2016-06-01,2016,6,4.7,,,,,0.0
Missouri,2016-07-01,2016,7,4.7,,,,,0.0
Missouri,2016-08-01,2016,8,4.7,,,,,0.0
Missouri,2016-09-01,2016,9,4.7,,,,,0.0
Missouri,2016-10-01,2016,10,4.6,,,,,0.0
Missouri,2016-11-01,2016,11,4.5,,,,,0.0
Missouri,2016-12-01,2016,12,4.4,,,,,0.0
Missouri,2017-01-01,2017,1,4.2,,,,,0.0
Missouri,2017-02-01,2017,2,4.1,,,,,0.0
Missouri,2017-03-01,2017,3,4.0,,,,,0.0
Missouri,2017-04-01,2017,4,3.9,,,,,0.0
Missouri,2017-05-01,2017,5,3.8,,,,,0.0
Missouri,2017-06-01,2017,6,3.7,,,,,0.0
Missouri,2017-07-01,2017,7,3.7,,,,,0.0
Missouri,2017-08-01,2017,8,3.7,,,,,0.0
Missouri,2017-09-01,2017,9,3.6,,,,,0.0
Missouri,2017-10-01,2017,10,3.6,,,,,0.0
Missouri,2017-11-01,2017,11,3.6,,,,,0.0
Missouri,2017-12-01,2017,12,3.6,,,,,0.0
Missouri,2018-01-01,2018,1,3.5,,,,,0.0
Missouri,2018-02-01,2018,2,3.5,,,,,0.0
Missouri,2018-03-01,2018,3,3.4,,,,,0.0
Missouri,2018-04-01,2018,4,3.3,,,,,0.0
Missouri,2018-05-01,2018,5,3.2,,,,,0.0
Missouri,2018-06-01,2018,6,3.1,,,,,0.0
Missouri,2018-07-01,2018,7,3.1,,,,,0.0
Missouri,2018-08-01,2018,8,3.1,,,,,0.0
Missouri,2018-09-01,2018,9,3.1,,,,,0.0
Missouri,2018-10-01,2018,10,3.1,,,,,0.0
Missouri,2018-11-01,2018,11,3.2,,,,,0.0
Missouri,2018-12-01,2018,12,3.2,,,,,0.0
Missouri,2019-01-01,2019,1,3.3,,,,,0.0
Missouri,2019-02-01,2019,2,3.3,,,,,0.0
Missouri,2019-03-01,2019,3,3.2,,,,,0.0
Missouri,2019-04-01,2019,4,3.1,,,,,0.0
Missouri,2019-05-01,2019,5,3.1,,,,,0.0
Missouri,2019-06-01,2019,6,3.1,,,,,0.0
Missouri,2019-07-01,2019,7,3.1,,,,,0.0
Missouri,2019-08-01,2019,8,3.2,,,,,0.0
Missouri,2019-09-01,2019,9,3.3,,,,,0.0
Missouri,2019-10-01,2019,10,3.3,,,,,0.0
Missouri,2019-11-01,2019,11,3.4,,,,,0.0
Missouri,2019-12-01,2019,12,3.4,,,,,0.0
Missouri,2020-01-01,2020,1,3.4,,,,,0.0
Missouri,2020-02-01,2020,2,3.4,,,,,0.0
Missouri,2020-03-01,2020,3,3.6,,,,,0.0
Missouri,2020-04-01,2020,4,11.6,,,,,0.0
Missouri,2020-05-01,2020,5,9.6,,,,,0.0
Missouri,2020-06-01,2020,6,8.0,,,,,0.0
Missouri,2020-07-01,2020,7,7.2,,,,,0.0
Missouri,2020-08-01,2020,8,6.4,,,,,0.0
Missouri,2020-09-01,2020,9,5.9,,,,,0.0
Missouri,2020-10-01,2020,10,5.4,,,,,0.0
Missouri,2020-11-01,2020,11,5.1,,,,,0.0
Missouri,2020-12-01,2020,12,5.0,,,,,0.0
Missouri,2021-01-01,2021,1,4.8,,,,,0.0
Missouri,2021-02-01,2021,2,4.8,,,,,0.0
Missouri,2021-03-01,2021,3,4.7,,,,,0.0
Missouri,2021-04-01,2021,4,4.6,,,,,0.0
Missouri,2021-05-01,2021,5,4.4,,,,,0.0
Missouri,2021-06-01,2021,6,4.3,,,,,0.0
Missouri,2021-07-01,2021,7,4.1,,,,,0.0
Missouri,2021-08-01,2021,8,3.9,,,,,0.0
Missouri,2021-09-01,2021,9,3.7,,,,,0.0
Missouri,2021-10-01,2021,10,3.5,,,,,0.0
Missouri,2021-11-01,2021,11,3.4,,,,,0.0
Missouri,2021-12-01,2021,12,3.2,,,,,0.0
Missouri,2022-01-01,2022,1,3.0,,,,,0.0
Missouri,2022-02-01,2022,2,2.8,,,,,0.0
Missouri,2022-03-01,2022,3,2.6,,,,,0.0
Missouri,2022-04-01,2022,4,2.4,,,,,0.0
Missouri,2022-05-01,2022,5,2.4,,,,,0.0
Missouri,2022-06-01,2022,6,2.4,,,,,0.0
Missouri,2022-07-01,2022,7,2.4,,,,,0.0
Missouri,2022-08-01,2022,8,2.5,,,,,0.0
Missouri,2022-09-01,2022,9,2.7,,,,,0.0
Missouri,2022-10-01,2022,10,2.8,,,,,0.0
Missouri,2022-11-01,2022,11,2.8,,,,,0.0
Missouri,2022-12-01,2022,12,2.8,,,,,0.0
Missouri,2023-01-01,2023,1,2.8,,,,,0.0
Missouri,2023-02-01,2023,2,2.8,,,,,0.0
Missouri,2023-03-01,2023,3,2.9,,,,,0.0
Missouri,2023-04-01,2023,4,2.9,,,,,0.0
Missouri,2023-05-01,2023,5,3.0,,,,,0.0
Missouri,2023-06-01,2023,6,3.1,,,,,0.0
Missouri,2023-07-01,2023,7,3.2,,,,,0.0
Missouri,2023-08-01,2023,8,3.2,,,,,0.0
Missouri,2023-09-01,2023,9,3.3,,,,,0.0
Missouri,2023-10-01,2023,10,3.4,,,,,0.0
Missouri,2023-11-01,2023,11,3.4,,,,,0.0
Missouri,2023-12-01,2023,12,3.4,,,,,0.0
Missouri,2024-01-01,2024,1,3.5,,,,,0.0
Missouri,2024-02-01,2024,2,3.5,,,,,0.0
Missouri,2024-03-01,2024,3,3.6,,,,,0.0
Missouri,2024-04-01,2024,4,3.7,,,,,0.0
Missouri,2024-05-01,2024,5,3.7,,,,,0.0
Missouri,2024-06-01,2024,6,3.8,,,,,0.0
Missouri,2024-07-01,2024,7,3.8,,,,,0.0
Missouri,2024-08-01,2024,8,3.8,,,,,0.0
Missouri,2024-09-01,2024,9,3.7,,,,,0.0
Missouri,2024-10-01,2024,10,3.7,,,,,0.0
Missouri,2024-11-01,2024,11,3.8,,,,,0.0
Missouri,2024-12-01,2024,12,3.8,,,,,0.0
Missouri,2025-01-01,2025,1,3.9,,,,,0.0
Missouri,2025-02-01,2025,2,4.0,,,,,0.0
Missouri,2025-03-01,2025,3,4.0,,,,,0.0
Missouri,2025-04-01,2025,4,4.0,,,,,0.0
Missouri,2025-05-01,2025,5,4.0,,,,,0.0
Missouri,2025-06-01,2025,6,4.0,,,,,0.0
Missouri,2025-07-01,2025,7,4.0,,,,,0.0
Missouri,2025-08-01,2025,8,4.0,,,,,0.0
Missouri,2025-09-01,2025,9,3.9,,,,,0.0
Missouri,2025-10-01,2025,10,,,,,,0.0
Missouri,2025-11-01,2025,11,3.9,,,,,0.0
Missouri,2025-12-01,2025,12,3.9,,,,,0.0
Puerto Rico,2016-01-01,2016,1,11.7,660.9,96.1,791.8,564.8,757.0
Puerto Rico,2016-02-01,2016,2,11.6,660.3,95.9,793.0,564.4,756.1999999999999
Puerto Rico,2016-03-01,2016,3,11.5,665.9,96.9,797.5,569.0,762.8
Puerto Rico,2016-04-01,2016,4,11.5,664.8,96.3,796.8,568.5,761.0999999999999
Puerto Rico,2016-05-01,2016,5,11.6,664.9,96.6,797.4,568.3,761.5
Puerto Rico,2016-06-01,2016,6,11.6,662.6,97.1,792.7,565.5,759.7
Puerto Rico,2016-07-01,2016,7,11.7,652.2,96.2,780.1,556.0,748.4000000000001
Puerto Rico,2016-08-01,2016,8,11.8,655.0,96.0,784.0,559.0,751.0
Puerto Rico,2016-09-01,2016,9,12.0,664.1,96.6,795.5,567.5,760.7
Puerto Rico,2016-10-01,2016,10,12.1,670.5,97.0,802.4,573.5,767.5
Puerto Rico,2016-11-01,2016,11,12.0,677.5,97.3,807.6,580.2,774.8
Puerto Rico,2016-12-01,2016,12,11.9,699.1,100.2,827.0,598.9,799.3000000000001
Puerto Rico,2017-01-01,2017,1,11.8,660.3,93.5,787.7,566.8,753.8
Puerto Rico,2017-02-01,2017,2,11.5,660.2,93.4,787.9,566.8,753.6
Puerto Rico,2017-03-01,2017,3,11.2,666.0,93.8,793.2,572.2,759.8
Puerto Rico,2017-04-01,2017,4,10.9,660.7,92.3,791.0,568.4,753.0
Puerto Rico,2017-05-01,2017,5,10.6,662.4,92.3,792.2,570.1,754.6999999999999
Puerto Rico,2017-06-01,2017,6,10.4,663.0,93.5,786.7,569.5,756.5
Puerto Rico,2017-07-01,2017,7,10.4,648.3,92.1,765.7,556.2,740.4
Puerto Rico,2017-08-01,2017,8,10.5,650.3,92.0,770.1,558.3,742.3
Puerto Rico,2017-09-01,2017,9,10.7,650.0,92.5,770.8,557.5,742.5
Puerto Rico,2017-10-01,2017,10,11.3,615.3,89.4,739.3,525.9,704.6999999999999
Puerto Rico,2017-11-01,2017,11,10.9,634.3,92.9,758.0,541.4,727.1999999999999
Puerto Rico,2017-12-01,2017,12,10.7,672.3,98.2,791.8,574.1,770.5
Puerto Rico,2018-01-01,2018,1,10.4,631.4,93.1,749.0,538.3,724.5
Puerto Rico,2018-02-01,2018,2,10.2,638.5,93.7,754.6,544.8,732.2
Puerto Rico,2018-03-01,2018,3,9.9,646.0,95.9,759.9,550.1,741.9
Puerto Rico,2018-04-01,2018,4,9.7,648.1,96.8,762.6,551.3,744.9
Puerto Rico,2018-05-01,2018,5,9.5,652.4,97.7,765.6,554.7,750.1
Puerto Rico,2018-06-01,2018,6,9.2,655.0,99.5,764.9,555.5,754.5
Puerto Rico,2018-07-01,2018,7,9.0,648.8,98.6,753.4,550.2,747.4
Puerto Rico,2018-08-01,2018,8,8.7,654.3,99.6,758.0,554.7,753.9
Puerto Rico,2018-09-01,2018,9,8.5,661.3,100.2,765.4,561.1,761.5
Puerto Rico,2018-10-01,2018,10,8.3,664.7,100.5,769.1,564.2,765.2
Puerto Rico,2018-11-01,2018,11,8.3,677.5,101.3,782.5,576.2,778.8
Puerto Rico,2018-12-01,2018,12,8.4,693.9,103.8,796.6,590.1,797.6999999999999
Puerto Rico,2019-01-01,2019,1,8.6,665.5,99.9,768.0,565.6,765.4
Puerto Rico,2019-02-01,2019,2,8.7,669.0,100.4,771.1,568.6,769.4
Puerto Rico,2019-03-01,2019,3,8.6,677.3,101.9,778.5,575.4,779.1999999999999
Puerto Rico,2019-04-01,2019,4,8.4,673.6,101.2,776.0,572.4,774.8000000000001
Puerto Rico,2019-05-01,2019,5,8.1,675.5,101.3,777.2,574.2,776.8
Puerto Rico,2019-06-01,2019,6,7.7,676.0,102.9,777.6,573.1,778.9
Puerto Rico,2019-07-01,2019,7,7.6,664.6,101.6,763.2,563.0,766.2
Puerto Rico,2019-08-01,2019,8,7.7,669.6,102.0,766.1,567.6,771.6
Puerto Rico,2019-09-01,2019,9,8.0,677.9,102.8,778.2,575.1,780.6999999999999
Puerto Rico,2019-10-01,2019,10,8.4,685.6,103.3,782.6,582.3,788.9
Puerto Rico,2019-11-01,2019,11,8.7,694.1,104.0,792.1,590.1,798.1
Puerto Rico,2019-12-01,2019,12,9.0,712.4,107.1,806.5,605.3,819.5
Puerto Rico,2020-01-01,2020,1,9.1,675.3,101.9,771.2,573.4,777.1999999999999
Puerto Rico,2020-02-01,2020,2,9.1,679.0,102.8,775.2,576.2,781.8
Puerto Rico,2020-03-01,2020,3,,682.7,104.0,783.1,578.7,786.7
Puerto Rico,2020-04-01,2020,4,,562.1,87.3,678.3,474.8,649.4
Puerto Rico,2020-05-01,2020,5,8.9,576.3,93.0,678.8,483.3,669.3
Puerto Rico,2020-06-01,2020,6,8.3,604.8,98.8,700.3,506.0,703.5999999999999
Puerto Rico,2020-07-01,2020,7,8.2,620.0,99.9,708.6,520.1,719.9
Puerto Rico,2020-08-01,2020,8,8.3,622.2,100.1,719.7,522.1,722.3000000000001
Puerto Rico,2020-09-01,2020,9,8.6,636.1,103.1,733.1,533.0,739.2
Puerto Rico,2020-10-01,2020,10,9.0,650.3,102.9,743.9,547.4,753.1999999999999
Puerto Rico,2020-11-01,2020,11,9.3,658.7,104.2,754.3,554.5,762.9000000000001
Puerto Rico,2020-12-01,2020,12,9.3,680.1,108.5,769.7,571.6,788.6
Puerto Rico,2021-01-01,2021,1,9.0,648.6,102.7,742.2,545.9,751.3000000000001
Puerto Rico,2021-02-01,2021,2,8.5,652.1,102.8,745.8,549.3,754.9
Puerto Rico,2021-03-01,2021,3,8.2,663.5,105.8,755.1,557.7,769.3
Puerto Rico,2021-04-01,2021,4,8.1,667.7,105.0,759.3,562.7,772.7
Puerto Rico,2021-05-01,2021,5,8.1,668.5,104.7,757.7,563.8,773.2
Puerto Rico,2021-06-01,2021,6,8.3,678.1,107.5,763.0,570.6,785.6
Puerto Rico,2021-07-01,2021,7,8.4,681.1,106.1,766.6,575.0,787.2
Puerto Rico,2021-08-01,2021,8,8.3,682.6,105.8,769.7,576.8,788.4
Puerto Rico,2021-09-01,2021,9,7.9,698.3,109.5,783.2,588.8,807.8
Puerto Rico,2021-10-01,2021,10,7.5,710.2,111.0,795.7,599.2,821.2
Puerto Rico,2021-11-01,2021,11,7.0,720.0,112.2,805.7,607.8,832.2
Puerto Rico,2021-12-01,2021,12,6.7,740.7,116.2,823.7,624.5,856.9000000000001
Puerto Rico,2022-01-01,2022,1,6.5,712.8,111.9,794.4,600.9,824.6999999999999
Puerto Rico,2022-02-01,2022,2,6.3,716.2,112.6,797.9,603.6,828.8000000000001
Puerto Rico,2022-03-01,2022,3,6.1,726.3,115.4,806.7,610.9,841.6999999999999
Puerto Rico,2022-04-01,2022,4,6.0,718.8,112.9,800.3,605.9,831.6999999999999
Puerto Rico,2022-05-01,2022,5,5.9,718.9,112.9,799.4,606.0,831.8
Puerto Rico,2022-06-01,2022,6,5.8,728.1,116.0,802.0,612.1,844.1
Puerto Rico,2022-07-01,2022,7,5.8,719.9,114.3,793.7,605.6,834.1999999999999
Puerto Rico,2022-08-01,2022,8,5.8,720.8,114.3,801.0,606.5,835.0999999999999
Puerto Rico,2022-09-01,2022,9,5.9,732.5,116.6,812.5,615.9,849.1
Puerto Rico,2022-10-01,2022,10,6.0,741.7,116.6,823.1,625.1,858.3000000000001
Puerto Rico,2022-11-01,2022,11,6.0,751.2,118.0,833.8,633.2,869.2
Puerto Rico,2022-12-01,2022,12,6.0,777.9,123.0,856.6,654.9,900.9
Puerto Rico,2023-01-01,2023,1,6.0,728.1,115.0,811.7,613.1,843.1
Puerto Rico,2023-02-01,2023,2,6.0,731.4,116.1,814.6,615.3,847.5
Puerto Rico,2023-03-01,2023,3,6.0,742.0,118.9,822.9,623.1,860.9
Puerto Rico,2023-04-01,2023,4,6.1,738.0,117.7,819.6,620.3,855.7
Puerto Rico,2023-05-01,2023,5,6.2,739.5,117.5,819.9,622.0,857.0
Puerto Rico,2023-06-01,2023,6,6.1,745.6,120.0,816.8,625.6,865.6
Puerto Rico,2023-07-01,2023,7,6.0,732.7,118.3,805.4,614.4,851.0
Puerto Rico,2023-08-01,2023,8,5.8,738.1,118.7,816.3,619.4,856.8000000000001
Puerto Rico,2023-09-01,2023,9,5.7,748.8,121.0,829.0,627.8,869.8
Puerto Rico,2023-10-01,2023,10,5.6,753.3,120.5,833.6,632.8,873.8
Puerto Rico,2023-11-01,2023,11,5.6,763.2,121.6,844.9,641.6,884.8000000000001
Puerto Rico,2023-12-01,2023,12,5.7,779.8,125.6,858.3,654.2,905.4
Puerto Rico,2024-01-01,2024,1,5.8,744.4,119.4,825.5,625.0,863.8
Puerto Rico,2024-02-01,2024,2,5.9,746.5,120.1,827.6,626.4,866.6
Puerto Rico,2024-03-01,2024,3,5.9,756.6,123.2,835.1,633.4,879.8000000000001
Puerto Rico,2024-04-01,2024,4,5.9,749.0,120.3,830.4,628.7,869.3
Puerto Rico,2024-05-01,2024,5,5.8,750.6,120.3,830.3,630.3,870.9
Puerto Rico,2024-06-01,2024,6,5.7,754.9,122.4,825.8,632.5,877.3
Puerto Rico,2024-07-01,2024,7,5.6,741.6,120.4,812.3,621.2,862.0
Puerto Rico,2024-08-01,2024,8,5.5,744.9,120.5,821.8,624.4,865.4
Puerto Rico,2024-09-01,2024,9,5.4,756.4,122.3,833.7,634.1,878.6999999999999
Puerto Rico,2024-10-01,2024,10,5.4,758.1,122.3,835.4,635.8,880.4
Puerto Rico,2024-11-01,2024,11,5.4,765.1,122.7,843.5,642.4,887.8000000000001
Puerto Rico,2024-12-01,2024,12,5.4,780.3,125.0,856.5,655.3,905.3
Puerto Rico,2025-01-01,2025,1,5.4,749.4,119.0,827.0,630.4,868.4
Puerto Rico,2025-02-01,2025,2,5.5,748.6,118.9,826.9,629.7,867.5
Puerto Rico,2025-03-01,2025,3,5.4,759.3,120.4,837.1,638.9,879.6999999999999
Puerto Rico,2025-04-01,2025,4,5.5,754.1,119.6,833.1,634.5,873.7
Puerto Rico,2025-05-01,2025,5,5.5,755.0,119.6,832.3,635.4,874.6
Puerto Rico,2025-06-01,2025,6,5.6,757.6,121.0,829.8,636.6,878.6
Puerto Rico,2025-07-01,2025,7,5.6,741.9,118.8,810.7,623.1,860.6999999999999
Puerto Rico,2025-08-01,2025,8,5.7,745.9,118.7,820.1,627.2,864.6
Puerto Rico,2025-09-01,2025,9,5.7,752.5,119.8,827.2,632.7,872.3
Puerto Rico,2025-10-01,2025,10,5.7,757.5,121.2,830.4,636.3,878.7
Puerto Rico,2025-11-01,2025,11,5.7,762.9,121.7,836.7,641.2,884.6
Puerto Rico,2025-12-01,2025,12,5.7,766.8,120.9,842.9,645.9,887.6999999999999
